"names","vals"
"Intercept",-4.27254506324418
"y",0.74796493537724
"V1",0.61921321740374
"V2",0.654285391792655
"V3",2.70623003691435
"V4",4.68135133571923
