"names","vals"
"Intercept",-1.52648070662748
"y",0.44110451429151
"V1",0.65007382328622
"V2",0.292604704154655
"V3",1.27397591806948
"V4",2.63841807190329
