"names","vals"
"Intercept",-3.63245580572635
"y",0.559016686864197
"V1",0.669450932182372
"V2",0.580455400981009
"V3",1.6694761114195
"V4",1.92130311951041
