"names","vals"
"Intercept",-6.12324023386464
"y",0.378294817171991
"V1",0.832083442248404
"V2",0.46543024876155
"V3",4.16066247411072
"V4",4.19699714519083
