"names","vals"
"Intercept",-6.08635728355497
"y",0.865269495174289
"V1",0.721129751298577
"V2",0.0919918087311089
"V3",4.01197831425816
"V4",4.61263333633542
