"names","vals"
"Intercept",-3.69942084290087
"y",0.229486350901425
"V1",0.244891027454287
"V2",0.541362925432622
"V3",2.79211197607219
"V4",4.12708023469895
