"names","vals"
"Intercept",-1.30137177967932
"y",0.989730963716283
"V1",0.171850650105625
"V2",0.0186311700381339
"V3",1.90084001235664
"V4",1.60612365882844
