data, n, p, method, acc, sens, spec, non-zeros, time 
sim_100_5_5_10_7_data.csv,75,4,v2,0.6397058823529411,0.6,0.75,1,25969.329357
sim_100_5_5_10_6_data.csv,75,4,v2,0.532051282051282,0.52,0.8333333333333334,1,95.452686
sim_100_5_5_10_3_data.csv,75,4,v2,0.5384615384615384,0.52,0.8461538461538461,1,7238.309461
sim_100_5_5_10_8_data.csv,75,4,v2,0.45129870129870125,0.44,1.0,1,5811.474408
sim_100_5_5_10_4_data.csv,75,4,v2,0.467948717948718,0.44,0.4166666666666667,1,8934.130179
sim_100_5_5_10_5_data.csv,75,4,v2,0.3409090909090909,0.32,0.2727272727272727,1,11479.241291
