data, n, p, method, acc, sens, spec, non-zeros, time 
sim_100_5_5_10_7_data.csv,37,4,v2,0.5,0.3076923076923077,1.0,1,2732.872275
sim_100_5_5_10_6_data.csv,37,4,v2,0.5625,0.6153846153846154,0.0,1,133.581482
sim_100_5_5_10_3_data.csv,37,4,v2,0.3611111111111111,0.3076923076923077,0.5,1,1067.903211
sim_100_5_5_10_8_data.csv,37,4,v2,0.25000000000000006,0.3076923076923077,0.16666666666666666,1,2315.568324
sim_100_5_5_10_4_data.csv,37,4,v2,0.6125,0.38461538461538464,1.0,1,1772.397664
sim_100_5_5_10_5_data.csv,37,4,v2,0.4444444444444445,0.5384615384615384,0.5,1,2974.520923
