"names","vals"
"Intercept",-3.01703064325033
"y",0.202022709650919
"V1",0.113395674154162
"V2",0.213051770813763
"V3",0.940769354114309
"V4",0.545968618011102
"V5",2.00113505497575
