"names","vals"
"Intercept",-2.05607440707274
"y",0.98325306782499
"V1",0.0760358569677919
"V2",0.203637120779604
"V3",0.623477179091424
"V4",0.92172575253062
"V5",3.80385634396225
