"names","vals"
"Intercept",-2.86683221604908
"y",0.605610153870657
"V1",0.423935842933133
"V2",0.848097390029579
"V3",0.258808575337753
"V4",0.296873731538653
"V5",4.59636261407286
