"names","vals"
"Intercept",-12.2148571319438
"y",0.920047435676679
"V1",0.0241128995548934
"V2",0.278145343763754
"V3",0.609816259006038
"V4",0.746487062191591
"V5",0.512688774382696
"V6",0.467827640939504
"V7",0.10869045346044
"V8",0.563384557142854
"V9",2.93247367441654
"V10",1.71045256312937
"V11",1.52329065836966
"V12",2.47572974767536
"V13",4.22203359380364
