"names","vals"
"Intercept",-7.41568998895539
"y",0.167472961125895
"V1",0.478582370560616
"V2",0.0450957531575114
"V3",0.80411642161198
"V4",0.600546712521464
"V5",0.761411359766498
"V6",0.643811273854226
"V7",0.203361931489781
"V8",2.9064097031951
"V9",4.84896110277623
"V10",3.12413662858307
"V11",1.37679493334144
