"names","vals"
"Intercept",-9.18424415359227
"y",0.307184289908037
"V1",0.906945665366948
"V2",0.766983192646876
"V3",0.425721294013783
"V4",0.0982161879073828
"V5",0.053704037098214
"V6",0.378034391440451
"V7",0.884459660854191
"V8",0.844725260511041
"V9",3.82944231107831
"V10",3.85747308470309
"V11",2.27888845931739
"V12",3.07769034430385
"V13",1.52455883752555
