"names","vals"
"Intercept",-4.49329996088613
"y",0.235409520566463
"V1",0.898832417093217
"V2",0.889763264451176
"V3",0.965110007906333
"V4",0.636600270634517
"V5",0.760775338625535
"V6",0.0281567883212119
"V7",2.85351242963225
"V8",2.70739416964352
"V9",2.841787237674
