"names","vals"
"Intercept",-10.2000005259314
"y",0.0829470076132566
"V1",0.303014049772173
"V2",0.139793883543462
"V3",0.83794307988137
"V4",0.00383128854446113
"V5",0.518139536725357
"V6",0.456103856908157
"V7",0.337546504335478
"V8",0.0652370459865779
"V9",2.50359346624464
"V10",1.00174289755523
"V11",3.19286474399269
"V12",4.54393087793142
"V13",4.32990181166679
