"names","vals"
"Intercept",-3.9715934137865
"y",0.0915240447502583
"V1",0.143714691046625
"V2",0.410896054003388
"V3",0.954281995305791
"V4",0.468480837065727
"V5",0.0840209100861102
"V6",1.93964048754424
"V7",2.69681022968143
