"names","vals"
"Intercept",-9.00050642775022
"y",0.497847635531798
"V1",0.795389786362648
"V2",0.371071421308443
"V3",0.291078916750848
"V4",0.227626055013388
"V5",0.609667694196105
"V6",0.656734929885715
"V7",0.912561867618933
"V8",1.05647424794734
"V9",4.55889865383506
"V10",2.62893952429295
"V11",4.84185499604791
