"names","vals"
"Intercept",-5.62958841812052
"y",0.730240271892399
"V1",0.686607848620042
"V2",0.359461195999756
"V3",0.510021115886047
"V4",0.635212329681963
"V5",0.620839809533209
"V6",0.439257784048095
"V7",4.44503827113658
"V8",3.88498666603118
"V9",2.4484392600134
