"names","vals"
"Intercept",-2.9130549319312
"y",0.373600055463612
"V1",0.0729205994866788
"V2",0.499958054628223
"V3",0.0414372573141009
"V4",0.96302623488009
"V5",0.469814792275429
"V6",0.208736876957119
"V7",1.23870879318565
"V8",3.68866049591452
"V9",3.75936226546764
