"names","vals"
"Intercept",-5.72186076719081
"y",0.973891640314832
"V1",0.848158719250932
"V2",0.0416299114003778
"V3",0.12377764005214
"V4",0.669896673411131
"V5",0.942645675735548
"V6",3.69538713339716
"V7",2.58151304908097
