"names","vals"
"Intercept",-2.45283037322317
"y",0.466976199299097
"V1",0.44526194408536
"V2",0.75427314452827
"V3",0.585607046959922
"V4",0.670276845106855
"V5",2.99607830028981
