"names","vals"
"Intercept",-3.11430558773386
"y",0.600409130798653
"V1",0.5765921829734
"V2",0.478690737858415
"V3",0.121207132935524
"V4",0.0769077022559941
"V5",0.196173236938193
"V6",1.5067365411669
"V7",3.10444892477244
