"names","vals"
"Intercept",-3.36384154550126
"y",0.0488866639789194
"V1",0.926733026280999
"V2",0.612157563213259
"V3",0.755303149111569
"V4",0.394640645710751
"V5",0.110449861502275
"V6",1.90834198892117
"V7",3.11295141652226
