"names","vals"
"Intercept",-6.5271122712132
"y",0.520661597605795
"V1",0.748490513069555
"V2",0.597172424895689
"V3",0.843652129173279
"V4",0.788332747295499
"V5",0.402718836208805
"V6",0.418309864588082
"V7",3.35719516314566
"V8",4.06790535710752
"V9",3.36462910007685
