"names","vals"
"Intercept",-8.76119011765951
"y",0.888180588372052
"V1",0.312721583759412
"V2",0.954513907665387
"V3",0.758165220264345
"V4",0.452274190494791
"V5",0.0371900480240583
"V6",0.0480079154949635
"V7",0.993649244308472
"V8",0.978026844328269
"V9",4.66713495366275
"V10",4.47068566549569
"V11",2.72366670705378
"V12",2.90327720530331
"V13",4.13753140624613
