"names","vals"
"Intercept",-10.1036779464465
"y",0.370199090335518
"V1",0.0601600382942706
"V2",0.919533029431477
"V3",0.745238828239962
"V4",0.246873188763857
"V5",0.271661826875061
"V6",0.418818613281474
"V7",0.509488516487181
"V8",4.01391582377255
"V9",3.82249270193279
"V10",3.24108115304261
"V11",2.99458496551961
