"names","vals"
"Intercept",-12.9169302155892
"y",0.578022330766544
"V1",0.724766627186909
"V2",0.00718556134961545
"V3",0.688839567126706
"V4",0.230176729382947
"V5",0.676436175359413
"V6",0.01383539987728
"V7",0.117707430617884
"V8",0.858776943525299
"V9",1.92149631679058
"V10",2.48752935323864
"V11",4.06436172593385
"V12",4.5844461042434
"V13",2.54309648741037
