"names","vals"
"Intercept",-4.34440157778771
"y",0.854325716150925
"V1",0.222508750855923
"V2",0.232435580808669
"V3",0.918957295129076
"V4",0.266710864845663
"V5",0.266550962813199
"V6",0.134176481748
"V7",0.656711781164631
"V8",2.33272033091635
"V9",2.83162372373044
"V10",1.06176290754229
"V11",4.35192033927888
