"names","vals"
"Intercept",-5.65867188157374
"y",0.283426963724196
"V1",0.197490694699809
"V2",0.282814453123137
"V3",0.504078469937667
"V4",0.938567615579814
"V5",0.400297581916675
"V6",0.518797710072249
"V7",0.106890316354111
"V8",0.799569787690416
"V9",2.4628950310871
"V10",1.59933266416192
"V11",2.53072011563927
"V12",1.47784101963043
"V13",1.91214476525784
