"names","vals"
"Intercept",-8.19782145944913
"y",0.368953175609931
"V1",0.995942898327485
"V2",0.833996998146176
"V3",0.125847215997055
"V4",0.192486392334104
"V5",0.354427447542548
"V6",0.948554209899157
"V7",0.839359595440328
"V8",2.80356985796243
"V9",3.56762891728431
"V10",3.15958415064961
"V11",4.51098589971662
