"names","vals"
"Intercept",-10.0807110540306
"y",0.141377014108002
"V1",0.218431878369302
"V2",0.384607680607587
"V3",0.121954226400703
"V4",0.693921071011573
"V5",0.519935120362788
"V6",0.409089907770976
"V7",0.761245510308072
"V8",0.16755539807491
"V9",4.80972951743752
"V10",2.15285113546997
"V11",1.56434953212738
"V12",3.53259085118771
"V13",3.64856604859233
