"names","vals"
"Intercept",-7.80439149487368
"y",0.24805467762053
"V1",0.93159117968753
"V2",0.995961302658543
"V3",0.60061774472706
"V4",0.415438575437292
"V5",0.257190894102678
"V6",2.33556075021625
"V7",4.77579811867326
