"names","vals"
"Intercept",-8.14698817213462
"y",0.0721868446562439
"V1",0.208398450631648
"V2",0.342728755902499
"V3",0.192728471010923
"V4",0.046266722958535
"V5",0.799760037567466
"V6",0.929062365787104
"V7",0.638594528194517
"V8",0.221242464380339
"V9",2.01638889499009
"V10",4.36909859720618
"V11",2.48154611047357
"V12",1.46689853351563
"V13",3.66066440660506
