"names","vals"
"Intercept",-2.47796777806198
"y",0.34298272524029
"V1",0.443152473075315
"V2",0.22928156866692
"V3",0.277738149045035
"V4",0.70258854306303
"V5",1.68054682854563
