"names","vals"
"Intercept",-6.8436829417944
"y",0.959759936202317
"V1",0.455954037839547
"V2",0.771932153962553
"V3",0.521782035240903
"V4",0.145933744963259
"V5",0.516218921169639
"V6",0.81292328494601
"V7",0.290163941448554
"V8",2.69442412443459
"V9",3.85048329085112
"V10",3.23185344040394
"V11",3.04261803161353
