"names","vals"
"Intercept",-5.64138362182956
"y",0.2019035408739
"V1",0.951677066739649
"V2",0.327052802080289
"V3",0.0477739998605102
"V4",0.288523705443367
"V5",0.487372776027769
"V6",0.808549773879349
"V7",0.775839521316811
"V8",4.64079259056598
"V9",2.3181180357933
"V10",3.58321573771536
"V11",1.41707290615886
