"names","vals"
"Intercept",-17.3615830871216
"y",0.696415537502617
"V1",0.896982674719766
"V2",0.846602922305465
"V3",0.070316303987056
"V4",0.345901901600882
"V5",0.531994249438867
"V6",0.330870086094365
"V7",0.523161618970335
"V8",0.0713927566539496
"V9",3.52373949438334
"V10",3.47457982320338
"V11",2.40543164499104
"V12",3.95377825200558
"V13",4.7064729584381
