"names","vals"
"Intercept",-4.41454293077858
"y",0.727461432805285
"V1",0.682900523999706
"V2",0.66909899446182
"V3",0.839136728551239
"V4",0.753847650252283
"V5",0.853905172552913
"V6",2.63811385445297
"V7",3.7265408327803
