"names","vals"
"Intercept",-1.46693448663503
"y",0.564714515348896
"V1",0.100741646252573
"V2",0.490281877107918
"V3",0.333937235875055
"V4",0.0661337291821837
"V5",1.19805923383683
