"names","vals"
"Intercept",-17.9380986783842
"y",0.416512883035466
"V1",0.172459172550589
"V2",0.616215644869953
"V3",0.561542904935777
"V4",0.70918852975592
"V5",0.792585948947817
"V6",0.702691751299426
"V7",0.438454962102696
"V8",0.641735711367801
"V9",3.78628651984036
"V10",4.15484276786447
"V11",4.63481819722801
"V12",2.6209982316941
"V13",4.41972120199353
