"names","vals"
"Intercept",-4.86209724842315
"y",0.760993102332577
"V1",0.469479642575607
"V2",0.549266578862444
"V3",0.137441673316061
"V4",0.127209370257333
"V5",0.011168580269441
"V6",2.79768450465053
"V7",2.87241848744452
