"names","vals"
"Intercept",-4.35198395476816
"y",0.401050393702462
"V1",0.906780743738636
"V2",0.546407355926931
"V3",0.229024679400027
"V4",0.862366792745888
"V5",0.690427264897153
"V6",2.83681297022849
"V7",4.58641550131142
