"names","vals"
"Intercept",-5.1294823629586
"y",0.341225717915222
"V1",0.641143115935847
"V2",0.493666627444327
"V3",0.685411076294258
"V4",0.440464178100228
"V5",0.228115079924464
"V6",0.0804956241045147
"V7",1.75398262310773
"V8",2.59697088319808
"V9",4.22132506407797
