"names","vals"
"Intercept",-11.6382253802111
"y",0.217178352177143
"V1",0.552019944880158
"V2",0.246002722764388
"V3",0.603575274115428
"V4",0.134361794684082
"V5",0.810856359545141
"V6",0.179975051432848
"V7",0.928822365123779
"V8",0.77297326666303
"V9",4.00821017846465
"V10",1.08743157610297
"V11",1.16431965865195
"V12",4.72175487782806
"V13",4.9505123430863
