"names","vals"
"Intercept",-3.19594715072634
"y",0.343968148576096
"V1",0.341498631983995
"V2",0.460863958345726
"V3",0.955110083799809
"V4",0.96918353298679
"V5",0.132590261753649
"V6",0.234215038595721
"V7",0.47101789037697
"V8",2.3151406403631
"V9",4.42842054646462
"V10",2.46505410876125
"V11",1.35303287114948
