"names","vals"
"Intercept",-2.99369849203247
"y",0.893977907951921
"V1",0.0147954227868468
"V2",0.775055504404008
"V3",0.496874338481575
"V4",0.607140364591032
"V5",4.48801640607417
