"names","vals"
"Intercept",-5.52887935821619
"y",0.104415406705812
"V1",0.115348949097097
"V2",0.383355102967471
"V3",0.674401346594095
"V4",0.934253697749227
"V5",0.339515185216442
"V6",0.757484650239348
"V7",0.528090686071664
"V8",1.17145496141165
"V9",1.41474506724626
"V10",4.87512626405805
"V11",3.61038559488952
