"names","vals"
"Intercept",-8.49684067438915
"y",0.839805286377668
"V1",0.82481235684827
"V2",0.15150712383911
"V3",0.0396754997782409
"V4",0.628350396407768
"V5",0.811130931600928
"V6",0.517179917544127
"V7",0.631111871916801
"V8",3.13979589194059
"V9",2.95843528211117
"V10",1.27466036938131
"V11",1.90834914613515
