"names","vals"
"Intercept",-3.37070119659509
"y",0.577190386829898
"V1",0.0269409555476159
"V2",0.993195035494864
"V3",0.391780580626801
"V4",0.999612941406667
"V5",2.94792495109141
