"names","vals"
"Intercept",-10.5783734995085
"y",0.767982808174565
"V1",0.231744755292311
"V2",0.366030046250671
"V3",0.00240122037939727
"V4",0.532296084798872
"V5",0.0612958089914173
"V6",0.538512505823746
"V7",0.169849974568933
"V8",0.801520686130971
"V9",4.78356924187392
"V10",3.69041793048382
"V11",3.77877352945507
"V12",3.9820775045082
"V13",2.09723805636168
