"names","vals"
"Intercept",-7.25428520084079
"y",0.580895120278001
"V1",0.415356720332056
"V2",0.000878272345289588
"V3",0.776011324487627
"V4",0.186858256114647
"V5",0.199317006859928
"V6",0.221573089249432
"V7",1.49291750229895
"V8",4.76347742415965
"V9",2.15473123732954
