"names","vals"
"Intercept",-9.7537213887698
"y",0.576258815126494
"V1",0.492681296775118
"V2",0.3975974698551
"V3",0.16832060366869
"V4",0.438802243443206
"V5",0.471645063487813
"V6",0.0788798562716693
"V7",4.84550550952554
"V8",3.96542859729379
"V9",2.36698991246521
