"names","vals"
"Intercept",-8.95033823674824
"y",0.882441320223734
"V1",0.643208833411336
"V2",0.0223092311061919
"V3",0.989159237826243
"V4",0.243794120615348
"V5",0.795864487532526
"V6",0.866780045907944
"V7",0.343787349993363
"V8",0.62203506543301
"V9",3.49767076224089
"V10",2.92853416129947
"V11",3.87357691582292
"V12",1.01508661918342
"V13",2.84977063350379
