"names","vals"
"Intercept",-15.1342939011529
"y",0.234308026498184
"V1",0.872056390391663
"V2",0.951079163700342
"V3",0.088621219387278
"V4",0.767596581950784
"V5",0.471711316844448
"V6",0.279359582811594
"V7",0.327559114433825
"V8",0.338851351756603
"V9",4.53226136881858
"V10",4.30279353167862
"V11",1.56057619396597
"V12",4.25680469162762
"V13",2.79208313953131
