"names","vals"
"Intercept",-7.57178625104274
"y",0.475908759050071
"V1",0.796899803681299
"V2",0.319781040307134
"V3",0.685836353804916
"V4",0.230093507794663
"V5",0.721742696594447
"V6",0.809447269653901
"V7",0.639288873178884
"V8",2.2620661566034
"V9",1.86301601864398
"V10",1.68703028559685
"V11",4.60818315111101
