"names","vals"
"Intercept",-4.95008948600991
"y",0.219688757089898
"V1",0.884363804245368
"V2",0.0796842579729855
"V3",0.136039491742849
"V4",0.264507919317111
"V5",0.095235732384026
"V6",1.47462889179587
"V7",3.68986966088414
