"names","vals"
"Intercept",-8.28839261566289
"y",0.674446044955403
"V1",0.782603514846414
"V2",0.585716212866828
"V3",0.665774550754577
"V4",0.0930624972097576
"V5",0.322996941860765
"V6",0.34190910635516
"V7",0.332682940643281
"V8",1.7547814277932
"V9",3.95257503073663
"V10",2.09792852960527
"V11",2.06607570219785
