"names","vals"
"Intercept",-4.83859045788716
"y",0.498225683346391
"V1",0.0419077631086111
"V2",0.493179787881672
"V3",0.228467667475343
"V4",0.998870223527774
"V5",0.552733359858394
"V6",0.242734909290448
"V7",0.0269556422717869
"V8",4.89940183516592
"V9",1.12098461110145
"V10",2.16312870755792
"V11",4.34785880614072
