"names","vals"
"Intercept",-3.26554030475346
"y",0.847000125562772
"V1",0.311029945733026
"V2",0.617009826004505
"V3",0.0223548719659448
"V4",0.517057228367776
"V5",4.8516655145213
