"names","vals"
"Intercept",-5.86291762878443
"y",0.140902009094134
"V1",0.404813332250342
"V2",0.834769583540037
"V3",0.546688743634149
"V4",0.419497242895886
"V5",0.914129276061431
"V6",0.326756389345974
"V7",0.605486003449187
"V8",0.380201188847423
"V9",4.97157416958362
"V10",1.00556858070195
"V11",3.73058640491217
"V12",1.00139485858381
"V13",1.5650834813714
