"names","vals"
"Intercept",-8.61719358573668
"y",0.113002373371273
"V1",0.727176144486293
"V2",0.964510405436158
"V3",0.392404011683539
"V4",0.628802465973422
"V5",0.636871896451339
"V6",0.915336372796446
"V7",0.165632292395458
"V8",3.78338652849197
"V9",1.42057585436851
"V10",3.6963407555595
"V11",3.5403708955273
