"names","vals"
"Intercept",-3.27525590513833
"y",0.911300485953689
"V1",0.241734647424892
"V2",0.839718989096582
"V3",0.646952465409413
"V4",0.91310893627815
"V5",1.90856507699937
