"names","vals"
"Intercept",-4.835418339391
"y",0.196073038037866
"V1",0.387024874798954
"V2",0.0168866636231542
"V3",0.152472028043121
"V4",0.611666351789609
"V5",0.248491840902716
"V6",0.0647525761742145
"V7",1.89766162261367
"V8",4.69559993594885
"V9",1.14325470756739
