"names","vals"
"Intercept",-9.16987292035669
"y",0.869695326313376
"V1",0.218370317714289
"V2",0.884295525727794
"V3",0.998009047936648
"V4",0.98179380199872
"V5",0.960120854200795
"V6",0.418157966807485
"V7",0.0149857045616955
"V8",2.35138356313109
"V9",3.76598335616291
"V10",3.43568891193718
"V11",4.03465277608484
