"names","vals"
"Intercept",-2.3836322579002
"y",0.116750616114587
"V1",0.435210689902306
"V2",0.25752886920236
"V3",0.846876995405182
"V4",0.230257628718391
"V5",0.99317033845
"V6",2.33547062706202
"V7",1.67180073820055
