"names","vals"
"Intercept",-7.2197542624555
"y",0.953880816930905
"V1",0.660689595621079
"V2",0.567427438683808
"V3",0.355814496055245
"V4",0.0730775627307594
"V5",0.481900107115507
"V6",0.410822103498504
"V7",0.291738126659766
"V8",2.54996191896498
"V9",1.41412292141467
"V10",4.4301879061386
"V11",2.15496795158833
