"names","vals"
"Intercept",-8.10957569390745
"y",0.0805763930547982
"V1",0.584241979522631
"V2",0.37991524185054
"V3",0.655105355894193
"V4",0.111305995145813
"V5",0.603331384714693
"V6",4.07005891855806
"V7",4.52285497728735
