"names","vals"
"Intercept",-7.23232727852464
"y",0.48199926642701
"V1",0.375691375229508
"V2",0.0315208132378757
"V3",0.488186614820734
"V4",0.764022837392986
"V5",0.0170673481188715
"V6",0.217127323383465
"V7",0.647559978300706
"V8",3.90812200307846
"V9",4.65475311409682
"V10",1.7826331499964
"V11",1.03836331795901
