"names","vals"
"Intercept",-3.02331407296751
"y",0.519449951592833
"V1",0.11836240068078
"V2",0.986824889667332
"V3",0.138707937207073
"V4",0.397116725565866
"V5",0.86755499150604
"V6",1.33219289500266
"V7",3.94314708374441
