"names","vals"
"Intercept",-3.71327942984877
"y",0.832069280324504
"V1",0.957125507295132
"V2",0.899578974349424
"V3",0.199919001199305
"V4",0.158422612352297
"V5",0.749702492030337
"V6",3.56842344719917
"V7",3.57076366525143
