"names","vals"
"Intercept",-2.61789891020767
"y",0.36151852319017
"V1",0.130237606586888
"V2",0.873476825887337
"V3",0.677684073802084
"V4",0.335386641090736
"V5",1.82022405415773
