"names","vals"
"Intercept",-3.04816847404605
"y",0.300250013824552
"V1",0.945081441197544
"V2",0.28572618518956
"V3",0.087658204138279
"V4",0.167466775747016
"V5",0.38835980813019
"V6",3.1936493832618
"V7",2.07542218919843
