"names","vals"
"Intercept",-4.19325870724302
"y",0.872440795879811
"V1",0.906552576692775
"V2",0.79889343958348
"V3",0.180551285389811
"V4",0.572172408457845
"V5",3.2444913526997
