"names","vals"
"Intercept",-6.47704902842361
"y",0.214637259021401
"V1",0.750449356622994
"V2",0.850391127634794
"V3",0.054747928166762
"V4",0.817174420459196
"V5",0.94596780766733
"V6",0.656660257605836
"V7",1.895985388197
"V8",2.02101764176041
"V9",4.21621169243008
