"names","vals"
"Intercept",-10.5768030795916
"y",0.916714770020917
"V1",0.56429640087299
"V2",0.575822195038199
"V3",0.457990724593401
"V4",0.654372015269473
"V5",0.416916015325114
"V6",0.816931820241734
"V7",0.288773547392339
"V8",4.4089783700183
"V9",1.43224869202822
"V10",3.42818650789559
"V11",4.80779991298914
