"names","vals"
"Intercept",-6.79062179903523
"y",0.588336484739557
"V1",0.792456541443244
"V2",0.100628120591864
"V3",0.696968392003328
"V4",0.635693981545046
"V5",0.682593881851062
"V6",0.774703672155738
"V7",4.48154119681567
"V8",1.72122209891677
"V9",1.08481477759778
