"names","vals"
"Intercept",-3.8935967775574
"y",0.67677402193658
"V1",0.781162207014859
"V2",0.431720735738054
"V3",0.884843778098002
"V4",0.0970589362550527
"V5",2.60453719552606
