"names","vals"
"Intercept",-10.1057986965613
"y",0.364029837073758
"V1",0.905940926400945
"V2",0.840834099333733
"V3",0.196994016179815
"V4",0.980395856546238
"V5",0.0182568086311221
"V6",0.903909991728142
"V7",0.88204595213756
"V8",3.39733287319541
"V9",1.89168721530586
"V10",1.75826203636825
"V11",4.98805896006525
