"names","vals"
"Intercept",-9.02208519219235
"y",0.0908446356188506
"V1",0.561404445208609
"V2",0.517421696567908
"V3",0.67025605821982
"V4",0.090402721427381
"V5",0.77873021713458
"V6",0.46902579232119
"V7",0.784906456014141
"V8",4.09221747238189
"V9",2.41011522337794
"V10",2.20924437511712
"V11",2.50632715318352
