"names","vals"
"Intercept",-5.69768476751493
"y",0.505057855509222
"V1",0.894486945355311
"V2",0.853138965321705
"V3",0.458023741375655
"V4",0.875776800792664
"V5",0.461638923268765
"V6",0.86675733095035
"V7",3.47297760564834
"V8",2.38249290175736
"V9",4.5169195337221
