"names","vals"
"Intercept",-13.1146073574098
"y",0.637303027324378
"V1",0.589127236278728
"V2",0.699688114458695
"V3",0.576469123130664
"V4",0.866260417737067
"V5",0.876271544024348
"V6",0.243630608310923
"V7",0.731882377993315
"V8",3.37933233007789
"V9",4.4244051547721
"V10",2.97907146532089
"V11",4.39579439163208
