"names","vals"
"Intercept",-6.42604832729511
"y",0.521299530519173
"V1",0.983952118083835
"V2",0.573474258882925
"V3",0.197344744578004
"V4",0.977139927214012
"V5",0.924994623987004
"V6",0.205421542283148
"V7",3.66556219942868
"V8",1.29822744335979
"V9",4.89365255460143
