"names","vals"
"Intercept",-1.95223455669265
"y",0.168971362523735
"V1",0.349417997058481
"V2",0.926216413266957
"V3",0.958956745453179
"V4",0.500683825928718
"V5",0.0942033806350082
"V6",1.32311328221112
"V7",1.04451369307935
