"names","vals"
"Intercept",-12.5609033514163
"y",0.603511540219188
"V1",0.439367812359706
"V2",0.403565076179802
"V3",0.351692216936499
"V4",0.832795658847317
"V5",0.435692640254274
"V6",0.801703258417547
"V7",0.380175460129976
"V8",0.555329375434667
"V9",1.79929242655635
"V10",4.91326221637428
"V11",3.42558252625167
"V12",4.9505153791979
"V13",4.69593213032931
