"names","vals"
"Intercept",-6.41955164691061
"y",0.300115494290367
"V1",0.761828616727144
"V2",0.119072412606329
"V3",0.983245200943202
"V4",0.0638740069698542
"V5",0.448031296255067
"V6",0.124923835974187
"V7",0.751466363435611
"V8",4.40470385178924
"V9",3.5503858551383
"V10",1.44768177252263
"V11",3.75827011745423
