"names","vals"
"Intercept",-10.4323734656377
"y",0.146549053722993
"V1",0.676599888363853
"V2",0.943481902591884
"V3",0.88860492571257
"V4",0.284681669203565
"V5",0.701670537237078
"V6",0.313680221093819
"V7",2.8830116186291
"V8",2.19333617016673
"V9",4.69578996952623
