"names","vals"
"Intercept",-1.56359805486654
"y",0.373217010404915
"V1",0.29877270013094
"V2",0.847008466022089
"V3",0.921827077399939
"V4",0.951865423703566
"V5",1.34610152151436
