"names","vals"
"Intercept",-5.38148595552868
"y",0.00667938543483615
"V1",0.536749470978975
"V2",0.156793556176126
"V3",0.159708795137703
"V4",0.441307726083323
"V5",0.647959375521168
"V6",0.840217098593712
"V7",0.48942269012332
"V8",2.06967004574835
"V9",1.9821705929935
"V10",1.78139846771955
"V11",4.11974780727178
