"names","vals"
"Intercept",-1.5972609612227
"y",0.0328516194131225
"V1",0.158798085292801
"V2",0.507265729364008
"V3",0.393064128467813
"V4",0.627054152777418
"V5",2.92398658953607
