"names","vals"
"Intercept",-8.63687679354753
"y",0.236216241726652
"V1",0.264810045948252
"V2",0.695864231092855
"V3",0.702056506415829
"V4",0.161453149747103
"V5",0.833930487046018
"V6",0.832879389170557
"V7",0.625261331442744
"V8",0.268416123231873
"V9",4.58200756739825
"V10",3.23760152421892
"V11",2.90465505979955
"V12",1.34353023115546
"V13",1.86240366939455
