"names","vals"
"Intercept",-2.37842014368298
"y",0.0156786504667252
"V1",0.127823293441907
"V2",0.575609727064148
"V3",0.230408470146358
"V4",0.851002514595166
"V5",0.507402046816424
"V6",1.92866421211511
"V7",2.39356864802539
