"names","vals"
"Intercept",-4.02014128630469
"y",0.0236427495256066
"V1",0.94838006934151
"V2",0.307269346434623
"V3",0.236713131889701
"V4",0.716891897143796
"V5",2.93643089383841
