"names","vals"
"Intercept",-3.40209689496132
"y",0.12041843845509
"V1",0.81204490782693
"V2",0.651501557091251
"V3",0.0868681066203862
"V4",0.129158827010542
"V5",3.02968537155539
