"names","vals"
"Intercept",-12.5255991486199
"y",0.369157815817744
"V1",0.969071514671668
"V2",0.879645773442462
"V3",0.707369100302458
"V4",0.57953067892231
"V5",0.469708625227213
"V6",0.928797974716872
"V7",0.33718724315986
"V8",0.625432837288827
"V9",3.38921112380922
"V10",3.54826787766069
"V11",3.84966650325805
"V12",3.5212879916653
"V13",4.08000638429075
