"names","vals"
"Intercept",-5.41429301305581
"y",0.041832011891529
"V1",0.632689327932894
"V2",0.109969917917624
"V3",0.753125908318907
"V4",0.562896279850975
"V5",0.941748873563483
"V6",0.750858636107296
"V7",1.10335786640644
"V8",3.2353592151776
"V9",3.27666355017573
