"names","vals"
"Intercept",-9.27347037647432
"y",0.436282994458452
"V1",0.871973893838003
"V2",0.100825855974108
"V3",0.107836088864133
"V4",0.666444692295045
"V5",0.848497933708131
"V6",0.586054401937872
"V7",0.535718003055081
"V8",0.42661172663793
"V9",3.30338896252215
"V10",3.91166433040053
"V11",4.15080692898482
"V12",4.30180252064019
"V13",1.62619746569544
