"names","vals"
"Intercept",-2.62756748864148
"y",0.589557355968282
"V1",0.325922536896542
"V2",0.145784283056855
"V3",0.486541644437239
"V4",0.342396814143285
"V5",0.363102965988219
"V6",1.65116535499692
"V7",1.83608600590378
