"names","vals"
"Intercept",-7.43412952933251
"y",0.54555883910507
"V1",0.32952939462848
"V2",0.860840701498091
"V3",0.267866388661787
"V4",0.0268443000968546
"V5",0.493124849162996
"V6",0.963019044371322
"V7",3.62693558074534
"V8",1.41658584307879
"V9",3.32775065582246
