"names","vals"
"Intercept",-5.43969158215867
"y",0.200596082955599
"V1",0.314991316525266
"V2",0.548060334520414
"V3",0.972397531848401
"V4",0.834636330371723
"V5",0.615241154562682
"V6",0.582918312167749
"V7",0.291969486745074
"V8",2.67411248479038
"V9",3.36398135405034
"V10",1.6477793417871
"V11",2.89088652096689
