"names","vals"
"Intercept",-1.22725897352188
"y",0.18202389171347
"V1",0.0716059028636664
"V2",0.857512843096629
"V3",0.13087988877669
"V4",0.288809867575765
"V5",1.91808733716607
