"names","vals"
"Intercept",-4.45797597163753
"y",0.893523521721363
"V1",0.86892054672353
"V2",0.481367863947526
"V3",0.124384991824627
"V4",0.622656407998875
"V5",0.898526105796918
"V6",0.653703700983897
"V7",1.80376348365098
"V8",2.87986283190548
"V9",4.00619166810066
