"names","vals"
"Intercept",-9.98862900440418
"y",0.448341618059203
"V1",0.956567905377597
"V2",0.257820891216397
"V3",0.450650305021554
"V4",0.485386312706396
"V5",0.811805276200175
"V6",0.857205622596666
"V7",0.971814528573304
"V8",0.364465276710689
"V9",2.27781601157039
"V10",3.54983207490295
"V11",4.60338457860053
"V12",2.31208044663072
"V13",1.97279405035079
