"names","vals"
"Intercept",-9.22702053219732
"y",0.558208672562614
"V1",0.965208925073966
"V2",0.339523918693885
"V3",0.11809045728296
"V4",0.893577384063974
"V5",0.0334992094431072
"V6",0.551877532852814
"V7",0.530379313742742
"V8",0.64268118608743
"V9",3.66393701825291
"V10",3.46607342734933
"V11",1.0901973452419
"V12",4.67939483281225
"V13",2.46689517050982
