"names","vals"
"Intercept",-6.59235030740267
"y",0.670389988925308
"V1",0.446149294963107
"V2",0.175921396818012
"V3",0.487700532190502
"V4",0.924612259725109
"V5",0.826986077008769
"V6",4.50335279200226
"V7",2.59006702899933
