"names","vals"
"Intercept",-6.90184546464891
"y",0.404923189431429
"V1",0.175132857402787
"V2",0.561576216015965
"V3",0.144663257524371
"V4",0.829451652476564
"V5",0.261679252609611
"V6",2.93811894953251
"V7",4.52543554455042
