"names","vals"
"Intercept",-6.46174210180016
"y",0.119970219442621
"V1",0.795537052443251
"V2",0.384167816955596
"V3",0.264901272719726
"V4",0.227260636165738
"V5",0.343471891945228
"V6",0.392151640495285
"V7",1.50730576179922
"V8",2.38819097168744
"V9",4.96269375365227
