"names","vals"
"Intercept",-4.20564476394886
"y",0.237540605477989
"V1",0.551183152711019
"V2",0.0996520207263529
"V3",0.313335388666019
"V4",0.431216180091724
"V5",0.0644339059945196
"V6",2.39112335722893
"V7",3.6999393645674
