"names","vals"
"Intercept",-8.06207613409264
"y",0.300406768219545
"V1",0.486831988673657
"V2",0.452977352775633
"V3",0.703870651777834
"V4",0.498668828047812
"V5",0.91613847296685
"V6",0.735779019538313
"V7",1.59207550343126
"V8",2.37505045160651
"V9",3.7134393369779
