"names","vals"
"Intercept",-3.70304312500753
"y",0.222785437013954
"V1",0.853426484623924
"V2",0.887819492956623
"V3",0.344015089329332
"V4",0.604515283834189
"V5",0.585854290286079
"V6",1.00783259980381
"V7",2.49154034815729
