"names","vals"
"Intercept",-9.42432222552504
"y",0.183743922272697
"V1",0.34651349321939
"V2",0.28577275807038
"V3",0.886979028582573
"V4",0.651669590501115
"V5",0.800636655185372
"V6",0.980817435774952
"V7",0.342038966482505
"V8",0.0660769948735833
"V9",3.58980244025588
"V10",4.34852690156549
"V11",4.37654501479119
"V12",2.28313650935888
"V13",1.54353795573115
