"names","vals"
"Intercept",-8.818554891604
"y",0.116876801708713
"V1",0.490845723543316
"V2",0.16218291176483
"V3",0.232726138317958
"V4",0.331029771128669
"V5",0.699735239380971
"V6",0.292735307943076
"V7",0.583457215456292
"V8",0.185777710052207
"V9",3.25381758622825
"V10",2.94824843015522
"V11",2.80016566067934
"V12",1.22064664680511
"V13",3.71672247443348
