"names","vals"
"Intercept",-11.5045529879215
"y",0.846396973356605
"V1",0.245125534012914
"V2",0.970650589326397
"V3",0.252224388998002
"V4",0.768966736737639
"V5",0.30279088113457
"V6",0.398458836367354
"V7",2.52606029715389
"V8",3.83756051398814
"V9",4.94260196201503
