"names","vals"
"Intercept",-5.61320193188661
"y",0.370093516772613
"V1",0.997338166227564
"V2",0.252124487189576
"V3",0.567033607047051
"V4",0.661171027459204
"V5",0.41362507850863
"V6",3.4499048134312
"V7",2.18150393571705
