"names","vals"
"Intercept",-4.92225200772751
"y",0.444098592037335
"V1",0.950286698993295
"V2",0.109071704093367
"V3",0.283466816181317
"V4",0.759374809917063
"V5",4.05568060930818
