"names","vals"
"Intercept",-2.8403789041033
"y",0.0874785794876516
"V1",0.396264060866088
"V2",0.895726411603391
"V3",0.462357118260115
"V4",0.810962439514697
"V5",3.78113596979529
