"names","vals"
"Intercept",-6.01095092936093
"y",0.68048057705164
"V1",0.0562652957160026
"V2",0.00599991087801754
"V3",0.247821887023747
"V4",0.790906072827056
"V5",0.516086229356006
"V6",0.748907513450831
"V7",0.838287199148908
"V8",0.671676921658218
"V9",1.34708796069026
"V10",1.54114219918847
"V11",1.72151711955667
"V12",2.22333622723818
"V13",4.07589499466121
