"names","vals"
"Intercept",-7.50691502003232
"y",0.73087182501331
"V1",0.659237604821101
"V2",0.384623890044168
"V3",0.696925840340555
"V4",0.557957887416705
"V5",0.477129843784496
"V6",0.301257190993056
"V7",0.0458342379424721
"V8",0.581451555714011
"V9",2.44281801674515
"V10",2.5700578186661
"V11",1.3306537149474
"V12",1.43465079925954
"V13",1.23379576951265
