"names","vals"
"Intercept",-5.31693507563602
"y",0.895905368961394
"V1",0.36667315964587
"V2",0.255131314508617
"V3",0.40809216001071
"V4",0.0859980937093496
"V5",0.153127573197708
"V6",0.11164522357285
"V7",0.2940152969677
"V8",0.413672258844599
"V9",4.73642629291862
"V10",3.04270616080612
"V11",4.97627731133252
"V12",1.33888240810484
"V13",1.37476570159197
