"names","vals"
"Intercept",-9.28361143247457
"y",0.339587172493339
"V1",0.01111591886729
"V2",0.990460641914979
"V3",0.507363611133769
"V4",0.487599765649065
"V5",0.817668769042939
"V6",0.468766527948901
"V7",4.55613644048572
"V8",1.80677224043757
"V9",2.66656821407378
