"names","vals"
"Intercept",-2.54404175743461
"y",0.591806001029909
"V1",0.898902151035145
"V2",0.640263630775735
"V3",0.116140740225092
"V4",0.471702170558274
"V5",2.04228134732693
