"names","vals"
"Intercept",-7.8508815320544
"y",0.200861327815801
"V1",0.0547723372001201
"V2",0.0498977680690587
"V3",0.554561915574595
"V4",0.729500883258879
"V5",0.232883219141513
"V6",0.394003820372745
"V7",0.622040605405346
"V8",0.3411671416834
"V9",3.25589259434491
"V10",1.22725825477391
"V11",3.634381653741
"V12",2.18456893321127
"V13",2.48841625731438
