"names","vals"
"Intercept",-6.46684487518528
"y",0.88316053035669
"V1",0.768535789335147
"V2",0.401579355588183
"V3",0.774987187469378
"V4",0.286569182761014
"V5",0.664842883590609
"V6",0.537295569200069
"V7",0.784541310742497
"V8",2.76168705988675
"V9",3.45391012914479
"V10",3.82418217416853
"V11",2.44047889858484
