"names","vals"
"Intercept",-4.39520385188097
"y",0.967595904367045
"V1",0.0290505338925868
"V2",0.41136750811711
"V3",0.00934451352804899
"V4",0.65296682738699
"V5",4.83782462310046
