"names","vals"
"Intercept",-4.57300665480504
"y",0.799198194406927
"V1",0.0837574650067836
"V2",0.0384156061336398
"V3",0.378421156900004
"V4",0.80615047714673
"V5",0.0776168371085078
"V6",0.302697925362736
"V7",0.42383289639838
"V8",1.35965619236231
"V9",2.59389767237008
"V10",3.14139353483915
"V11",1.49792186543345
