"names","vals"
"Intercept",-12.0160581783473
"y",0.157785503659397
"V1",0.469673035433516
"V2",0.498917944729328
"V3",0.193424735683948
"V4",0.413957717595622
"V5",0.997033877996728
"V6",0.456856783013791
"V7",0.91213050018996
"V8",0.51302505005151
"V9",4.96687379293144
"V10",2.24584123957902
"V11",1.06557311397046
"V12",1.64495518710464
"V13",3.15187298133969
