"names","vals"
"Intercept",-6.03001688079839
"y",0.417287827702239
"V1",0.488699828507379
"V2",0.867995101027191
"V3",0.0390049056150019
"V4",0.133940602187067
"V5",0.211385940201581
"V6",0.901283668121323
"V7",0.503627244615927
"V8",0.291483487933874
"V9",1.15576970670372
"V10",4.96429224964231
"V11",3.23732709791511
"V12",2.04319387767464
"V13",3.01212861016393
