"names","vals"
"Intercept",-2.27355831845058
"y",0.705638394225389
"V1",0.349872943945229
"V2",0.714648731518537
"V3",0.301804930670187
"V4",0.165492623578757
"V5",1.98875139933079
