"names","vals"
"Intercept",-10.8138652954246
"y",0.694844051497057
"V1",0.458785814465955
"V2",0.814875177107751
"V3",0.990663278149441
"V4",0.426291999174282
"V5",0.614206734113395
"V6",0.512344914721325
"V7",0.274315515300259
"V8",0.896502456162125
"V9",1.79736884217709
"V10",1.46465407777578
"V11",1.85136117227376
"V12",2.23067386075854
"V13",4.88301620259881
