"names","vals"
"Intercept",-2.17800630694418
"y",0.108099075965583
"V1",0.434014721075073
"V2",0.212923521175981
"V3",0.225702490424737
"V4",0.236107042757794
"V5",0.547002530656755
"V6",0.0440004079136997
"V7",2.59333347156644
"V8",2.0318413330242
"V9",3.03509024064988
