"names","vals"
"Intercept",-0.928290024840273
"y",0.371351498644799
"V1",0.816400725627318
"V2",0.411132982000709
"V3",0.162235195515677
"V4",0.522614914923906
"V5",1.6129127657041
