"names","vals"
"Intercept",-5.22931440363498
"y",0.489174807909876
"V1",0.167417847318575
"V2",0.217569072730839
"V3",0.00178696145303547
"V4",0.814435026608407
"V5",0.984703360358253
"V6",2.9980890955776
"V7",3.0712683564052
