"names","vals"
"Intercept",-6.87335374961654
"y",0.822524556191638
"V1",0.0498179658316076
"V2",0.112032063305378
"V3",0.591697786934674
"V4",0.823625492863357
"V5",0.606974799185991
"V6",0.753731776028872
"V7",3.22528119850904
"V8",4.90080723538995
"V9",3.66893807332963
