"names","vals"
"Intercept",-13.3044941743095
"y",0.840167841641232
"V1",0.674217677209526
"V2",0.319065833464265
"V3",0.983138432260603
"V4",0.739078573184088
"V5",0.959389406256378
"V6",0.514701523352414
"V7",0.635293188504875
"V8",3.4312148950994
"V9",4.24593121185899
"V10",3.60306988377124
"V11",2.81572437658906
