"names","vals"
"Intercept",-3.17582523049926
"y",0.89396594488062
"V1",0.253096433589235
"V2",0.856138795847073
"V3",0.107201588340104
"V4",0.191311615286395
"V5",0.411497918423265
"V6",1.3933143094182
"V7",2.08080878388137
