"names","vals"
"Intercept",-2.69160530932993
"y",0.659505245741457
"V1",0.577318239025772
"V2",0.178022231440991
"V3",0.125496160704643
"V4",0.85375182540156
"V5",0.9097316772677
"V6",1.63269247021526
"V7",2.38155965413898
