"names","vals"
"Intercept",-11.9896162562126
"y",0.658575761597604
"V1",0.633209750987589
"V2",0.126336205750704
"V3",0.158328695921227
"V4",0.00786322634667158
"V5",0.310206179739907
"V6",0.721269534667954
"V7",0.945370031753555
"V8",0.559722126694396
"V9",3.72563745547086
"V10",4.48175278957933
"V11",4.68753534927964
"V12",4.10992261767387
"V13",1.31091189756989
