"names","vals"
"Intercept",-7.40661966294772
"y",0.976800509495661
"V1",0.955646210815758
"V2",0.991874215193093
"V3",0.14283148990944
"V4",0.829546431777999
"V5",0.675187368411571
"V6",0.896919679129496
"V7",2.89953919965774
"V8",2.16056825593114
"V9",4.01350933965296
