"names","vals"
"Intercept",-4.53650278167054
"y",0.779805728700012
"V1",0.750153757398948
"V2",0.105315040564165
"V3",0.606961002573371
"V4",0.210039169760421
"V5",0.961112946039066
"V6",0.625211152015254
"V7",4.8082841001451
"V8",1.36151063814759
"V9",1.40992494300008
