"names","vals"
"Intercept",-8.30902833385277
"y",0.199719720054418
"V1",0.73182868398726
"V2",0.287917127134278
"V3",0.809558267006651
"V4",0.977859430015087
"V5",0.856702199438587
"V6",0.742988647194579
"V7",3.95587823633105
"V8",1.63858816120774
"V9",4.77889571152627
