"names","vals"
"Intercept",-11.0337432187267
"y",0.420232150238007
"V1",0.0582506754435599
"V2",0.113655545050278
"V3",0.626612388994545
"V4",0.527838609414175
"V5",0.0160865166690201
"V6",0.700884929392487
"V7",0.96964413067326
"V8",0.96155099873431
"V9",1.72179803624749
"V10",2.32769271265715
"V11",4.24128564447165
"V12",3.35007305815816
"V13",3.85877615306526
