"names","vals"
"Intercept",-10.1517696611667
"y",0.459551608655602
"V1",0.623428080230951
"V2",0.817982911132276
"V3",0.716660597827286
"V4",0.15254010935314
"V5",0.73339007049799
"V6",0.695571845164523
"V7",0.182541333138943
"V8",4.97931300289929
"V9",4.86307411082089
"V10",3.29754382558167
"V11",1.55602622963488
