"names","vals"
"Intercept",-3.36656144959014
"y",0.792135096620768
"V1",0.137721280800179
"V2",0.850298978853971
"V3",0.443485436495394
"V4",0.939396827248856
"V5",1.71089485753328
