"names","vals"
"Intercept",-2.25971428056061
"y",0.329877752345055
"V1",0.80722024361603
"V2",0.746242088265717
"V3",0.147786327404901
"V4",0.676489551085979
"V5",0.657881637336686
"V6",1.05813182052225
"V7",1.60550943017006
