"names","vals"
"Intercept",-6.97881399031403
"y",0.182637448422611
"V1",0.172702037729323
"V2",0.758164767408744
"V3",0.427153403637931
"V4",0.486016339855269
"V5",0.497225274797529
"V6",0.724209744483232
"V7",0.087262786924839
"V8",3.30695406906307
"V9",4.41461669560522
"V10",2.50936623290181
"V11",3.32062489166856
