"names","vals"
"Intercept",-4.72815252928901
"y",0.989865676732734
"V1",0.0023948319721967
"V2",0.162446961505339
"V3",0.693617117824033
"V4",0.496462864102796
"V5",0.977674082387239
"V6",3.17795391287655
"V7",2.27768812980503
