"names","vals"
"Intercept",-6.36549480169895
"y",0.174249198986217
"V1",0.671626063529402
"V2",0.299334612907842
"V3",0.838631424354389
"V4",0.456488312222064
"V5",0.314627846935764
"V6",0.937202839646488
"V7",0.602500466862693
"V8",1.51931976061314
"V9",3.65914315637201
"V10",2.94272894971073
"V11",4.48461800068617
