"names","vals"
"Intercept",-4.04881418797467
"y",0.28727286728099
"V1",0.564261195715517
"V2",0.8347443647217
"V3",0.136163630057126
"V4",0.0326323520857841
"V5",3.55307666864246
