"names","vals"
"Intercept",-13.3023891478637
"y",0.632420863723382
"V1",0.36943251080811
"V2",0.936893434729427
"V3",0.324272364843637
"V4",0.0185263277962804
"V5",0.57875266764313
"V6",0.994096333859488
"V7",0.591474358923733
"V8",4.12628224305809
"V9",1.61500848364085
"V10",4.34051094390452
"V11",4.8636852921918
