"names","vals"
"Intercept",-4.9701276310808
"y",0.932650569826365
"V1",0.951241270173341
"V2",0.356297124177217
"V3",0.460274197626859
"V4",0.987485138466582
"V5",0.694025604054332
"V6",0.0976844236720353
"V7",1.08002883661538
"V8",2.55897509306669
"V9",3.97201310191303
