"names","vals"
"Intercept",-9.82256587730208
"y",0.103186666732654
"V1",0.777879408793524
"V2",0.792080167913809
"V3",0.643370097037405
"V4",0.247118899598718
"V5",0.643366324249655
"V6",0.0529800523072481
"V7",0.492554355412722
"V8",2.70832771807909
"V9",4.71105418354273
"V10",4.09196869283915
"V11",1.82124132104218
