"names","vals"
"Intercept",-10.2124751478645
"y",0.967055115383118
"V1",0.0521394051611423
"V2",0.431855006143451
"V3",0.661340411519632
"V4",0.022265509236604
"V5",0.395879810443148
"V6",0.308839631732553
"V7",0.760998710757121
"V8",0.171684955712408
"V9",1.32046245597303
"V10",3.55982500594109
"V11",2.13479735422879
"V12",2.63364950474352
"V13",3.91395972110331
