"names","vals"
"Intercept",-7.04254115076503
"y",0.528557325014845
"V1",0.292256684741005
"V2",0.0665542739443481
"V3",0.284167198231444
"V4",0.707825384335592
"V5",0.949013483477756
"V6",0.672454786719754
"V7",0.983511660248041
"V8",4.94467148557305
"V9",1.17963752616197
"V10",2.03115042392164
"V11",4.09092606790364
