"names","vals"
"Intercept",-7.80668753032386
"y",0.459100201493129
"V1",0.804771942319348
"V2",0.870858531678095
"V3",0.0972914083395153
"V4",0.111740935826674
"V5",0.458655891008675
"V6",0.0804394211154431
"V7",0.457870888756588
"V8",1.9346612142399
"V9",4.9637067457661
"V10",4.99731537140906
"V11",1.09672064799815
