"names","vals"
"Intercept",-5.07346418746933
"y",0.662529160967097
"V1",0.812569799134508
"V2",0.265317383920774
"V3",0.247427788795903
"V4",0.240207733586431
"V5",0.347207717830315
"V6",1.77186074201018
"V7",4.69006731361151
