"names","vals"
"Intercept",-9.88066125690914
"y",0.126793384086341
"V1",0.656406571855769
"V2",0.0363299183081836
"V3",0.561219244264066
"V4",0.822115996619686
"V5",0.931452966295183
"V6",0.26971836714074
"V7",0.689061094308272
"V8",0.356087968684733
"V9",4.25089725013822
"V10",1.53490169160068
"V11",2.91880493424833
"V12",2.13263976573944
"V13",3.75205994118005
