"names","vals"
"Intercept",-5.79679620222142
"y",0.0205555378925055
"V1",0.177945408504456
"V2",0.690187789034098
"V3",0.359676475636661
"V4",0.641191467409953
"V5",0.162331012776121
"V6",0.6117600412108
"V7",1.48605349101126
"V8",4.53295745979995
"V9",2.92415236588567
