"names","vals"
"Intercept",-7.73110661840928
"y",0.628339413786307
"V1",0.934013188816607
"V2",0.510281597496942
"V3",0.895528779365122
"V4",0.370888580335304
"V5",0.733206743607298
"V6",0.22241269191727
"V7",0.785152783617377
"V8",1.92922492325306
"V9",2.59269694704562
"V10",2.19498196057975
"V11",1.89795699436218
