"names","vals"
"Intercept",-5.43675568030705
"y",0.769598312675953
"V1",0.739675258519128
"V2",0.287733670091256
"V3",0.238778200699016
"V4",0.0464125296566635
"V5",0.448852956993505
"V6",4.67756711319089
"V7",1.45678621996194
