"names","vals"
"Intercept",-5.99253661598847
"y",0.481606889748946
"V1",0.0680488962680101
"V2",0.675439382670447
"V3",0.563677877187729
"V4",0.501081941649318
"V5",0.564007071545348
"V6",0.514758570352569
"V7",3.0233116094023
"V8",3.94948207307607
"V9",4.64558975305408
