"names","vals"
"Intercept",-6.26570517214015
"y",0.919996206648648
"V1",0.0788085607346147
"V2",0.0987260837573558
"V3",0.992785587674007
"V4",0.943473765393719
"V5",0.94767177128233
"V6",0.366002924507484
"V7",2.21692903991789
"V8",1.56927897036076
"V9",4.69635217543691
