"names","vals"
"Intercept",-12.2233209341515
"y",0.303096590330824
"V1",0.864257307723165
"V2",0.979852411197498
"V3",0.0934260583017021
"V4",0.846725769108161
"V5",0.152315390994772
"V6",0.935154472477734
"V7",0.0610537976026535
"V8",0.773591079749167
"V9",3.54298723023385
"V10",2.07210605032742
"V11",3.30375058855861
"V12",3.51538759097457
"V13",4.97591926902533
