"names","vals"
"Intercept",-3.37509123575036
"y",0.944894509157166
"V1",0.988271432230249
"V2",0.0496278749778867
"V3",0.246544757857919
"V4",0.21518117794767
"V5",0.562955060508102
"V6",3.51641633640975
"V7",1.59515033662319
