"names","vals"
"Intercept",-12.5292818180234
"y",0.93921458767727
"V1",0.709974186029285
"V2",0.261197450570762
"V3",0.69406242435798
"V4",0.942678755847737
"V5",0.502349043032154
"V6",0.874969346215948
"V7",0.399981130845845
"V8",4.61519075650722
"V9",2.97563960682601
"V10",4.33893991261721
"V11",4.89570510108024
