"names","vals"
"Intercept",-4.35499528371682
"y",0.641013369197026
"V1",0.231777478242293
"V2",0.255545623134822
"V3",0.580406075809151
"V4",0.105968029005453
"V5",0.139204364735633
"V6",0.616154697258025
"V7",3.66455019172281
"V8",2.58405115455389
"V9",4.8107510311529
