"names","vals"
"Intercept",-1.17847806135798
"y",0.943989769089967
"V1",0.535280398558825
"V2",0.693887902190909
"V3",0.110426400788128
"V4",0.354610988171771
"V5",3.1371951457113
