"names","vals"
"Intercept",-9.45876154732611
"y",0.264076243154705
"V1",0.355471004964784
"V2",0.313719329889864
"V3",0.703333692392334
"V4",0.541700694011524
"V5",0.403689684346318
"V6",0.202501171501353
"V7",0.0457117394544184
"V8",2.47602393291891
"V9",1.92205063439906
"V10",3.73849988821894
"V11",3.71220370195806
