"names","vals"
"Intercept",-1.23190875355271
"y",0.315081481123343
"V1",0.507891612825915
"V2",0.633542486699298
"V3",0.725543602602556
"V4",0.476225284393877
"V5",1.50305157806724
