"names","vals"
"Intercept",-10.7248376986613
"y",0.463243444217369
"V1",0.628013847162947
"V2",0.177139492239803
"V3",0.851376084145159
"V4",0.41867004847154
"V5",0.434174025198445
"V6",0.91176002798602
"V7",0.779374688398093
"V8",4.84046133048832
"V9",3.28677257709205
"V10",4.36012570839375
"V11",3.35776494536549
