"names","vals"
"Intercept",-1.89592806031439
"y",0.916530282003805
"V1",0.375903440173715
"V2",0.0355426950845867
"V3",0.56619710335508
"V4",0.377577642211691
"V5",1.28689816407859
