"names","vals"
"Intercept",-2.24358304243954
"y",0.686671743635088
"V1",0.371527228504419
"V2",0.142615166958421
"V3",0.239837180590257
"V4",0.785992454504594
"V5",0.332774260314181
"V6",0.403102121548727
"V7",3.35828950069845
"V8",2.39775915443897
"V9",4.44558921642601
