"names","vals"
"Intercept",-6.38416903796396
"y",0.167354019358754
"V1",0.252635145559907
"V2",0.991528378566727
"V3",0.258167971856892
"V4",0.189228082308546
"V5",0.0964948264881968
"V6",0.980579003458843
"V7",0.332646140595898
"V8",1.0528377732262
"V9",4.8749219076708
"V10",1.44744153879583
"V11",4.64269074890763
