"names","vals"
"Intercept",-1.72020871446421
"y",0.245015027932823
"V1",0.105914545943961
"V2",0.824279850116
"V3",0.802023172145709
"V4",0.146499418886378
"V5",4.62105356901884
