"names","vals"
"Intercept",-6.03305357927876
"y",0.545819462742656
"V1",0.72412465303205
"V2",0.526078847935423
"V3",0.952752659795806
"V4",0.161549888085574
"V5",0.591761517105624
"V6",0.719159234780818
"V7",0.772745801601559
"V8",3.58395590912551
"V9",1.78542299941182
"V10",3.23942497745156
"V11",1.36420823354274
