"names","vals"
"Intercept",-8.0514751489861
"y",0.636152210645378
"V1",0.747635471867397
"V2",0.284805657574907
"V3",0.99090435821563
"V4",0.81342312716879
"V5",0.0224566652905196
"V6",0.00378376897424459
"V7",4.72375835850835
"V8",2.90262405667454
"V9",4.32303372398019
