"names","vals"
"Intercept",-10.0836904337727
"y",0.756236261222512
"V1",0.961869861232117
"V2",0.0705301959533244
"V3",0.353103782283142
"V4",0.0709035000763834
"V5",0.387395923258737
"V6",0.126122635090724
"V7",0.25241950340569
"V8",0.314389347564429
"V9",4.9189909491688
"V10",1.9854629021138
"V11",2.49123336467892
"V12",3.47956899832934
"V13",4.63857312034816
