"names","vals"
"Intercept",-3.32898896550434
"y",0.815219512442127
"V1",0.737416083924472
"V2",0.287419677013531
"V3",0.628985989373177
"V4",0.186552895000204
"V5",2.89358056802303
