"names","vals"
"Intercept",-2.92626086468366
"y",0.748938083415851
"V1",0.385756162693724
"V2",0.0715826186351478
"V3",0.894840474706143
"V4",0.613484957953915
"V5",2.80290697701275
