"names","vals"
"Intercept",-1.97652642394183
"y",0.179023762233555
"V1",0.604663435136899
"V2",0.792057331185788
"V3",0.0922793291974813
"V4",0.77258141245693
"V5",4.09053147677332
