"names","vals"
"Intercept",-2.49296328736376
"y",0.919901811750606
"V1",0.995509479660541
"V2",0.120176272001117
"V3",0.99126139539294
"V4",0.783862880663946
"V5",2.84702380932868
