"names","vals"
"Intercept",-2.74260796810337
"y",0.881460820091888
"V1",0.65375241660513
"V2",0.466063894797117
"V3",0.610629231901839
"V4",0.709308718563989
"V5",2.79088444169611
