"names","vals"
"Intercept",-4.62722044421965
"y",0.503994726575911
"V1",0.359442997490987
"V2",0.770264002261683
"V3",0.182611048687249
"V4",0.0866436008363962
"V5",0.412057090550661
"V6",0.872535754693672
"V7",2.92370953317732
"V8",2.25551057606936
"V9",4.21046305634081
