"names","vals"
"Intercept",-4.31256941401074
"y",0.658745334018022
"V1",0.216340526705608
"V2",0.787581825396046
"V3",0.954664212651551
"V4",0.0167021495290101
"V5",0.445835487218574
"V6",0.423942641122267
"V7",4.06163368374109
"V8",3.28542739152908
"V9",2.56328155007213
