"names","vals"
"Intercept",-4.49037209014292
"y",0.0134286934044212
"V1",0.293574617011473
"V2",0.854027586523443
"V3",0.528807336231694
"V4",0.295742823509499
"V5",0.556427241535857
"V6",3.24204407818615
"V7",3.54550638142973
