"names","vals"
"Intercept",-9.500631437734
"y",0.748998042661697
"V1",0.0270846078637987
"V2",0.495103570632637
"V3",0.79079525382258
"V4",0.695352973649278
"V5",0.771717893658206
"V6",0.455628077499568
"V7",0.812063961056992
"V8",0.468963929219171
"V9",2.25811230484396
"V10",3.60026185587049
"V11",2.91568365879357
"V12",1.09589426405728
"V13",2.87708277069032
