"names","vals"
"Intercept",-5.69787295598816
"y",0.992956629721448
"V1",0.540222932817414
"V2",0.499002330005169
"V3",0.946324785007164
"V4",0.975151465274394
"V5",0.141752983210608
"V6",0.286542273592204
"V7",2.35859527997673
"V8",2.77167947683483
"V9",1.16337433084846
