"names","vals"
"Intercept",-8.32168335053464
"y",0.46843887749128
"V1",0.750675031216815
"V2",0.090303448960185
"V3",0.449461499229074
"V4",0.445669691776857
"V5",0.76843442581594
"V6",0.118207804625854
"V7",0.712704390287399
"V8",3.71319758892059
"V9",1.85244380589575
"V10",4.39596457686275
"V11",3.51775939948857
