"names","vals"
"Intercept",-6.41539132896392
"y",0.991259898990393
"V1",0.215626089833677
"V2",0.463994525605813
"V3",0.0770868915133178
"V4",0.348913284717128
"V5",0.125984303187579
"V6",0.356090578949079
"V7",2.48144586384296
"V8",2.34834051504731
"V9",2.35358392354101
