"names","vals"
"Intercept",-10.5698603929169
"y",0.840620309347287
"V1",0.260762083344162
"V2",0.899435008643195
"V3",0.61466088774614
"V4",0.346504772780463
"V5",0.488027848303318
"V6",0.436482498422265
"V7",3.02619485836476
"V8",3.68382949195802
"V9",4.73208621703088
