"names","vals"
"Intercept",-5.24292842609622
"y",0.0949321484658867
"V1",0.111668578581885
"V2",0.495286205550656
"V3",0.650558545487002
"V4",0.757482020417228
"V5",0.762854008935392
"V6",0.739753902191296
"V7",4.4185557467863
"V8",1.65585694368929
"V9",1.94500522688031
