"names","vals"
"Intercept",-11.0929645788376
"y",0.610012844437733
"V1",0.17128850100562
"V2",0.333212748169899
"V3",0.289123107912019
"V4",0.125311909476295
"V5",0.909437086666003
"V6",0.109393097693101
"V7",0.227694353321567
"V8",0.950169648276642
"V9",3.26815740112215
"V10",3.68582526408136
"V11",2.472272971645
"V12",4.28383179474622
"V13",4.77921589650214
