"names","vals"
"Intercept",-2.11171805348573
"y",0.334360822569579
"V1",0.982890403131023
"V2",0.29718803986907
"V3",0.573439920786768
"V4",0.0013350157532841
"V5",2.6656077876687
