"names","vals"
"Intercept",-9.11943583276006
"y",0.58345674793236
"V1",0.162669176002964
"V2",0.722815479850397
"V3",0.301429089624435
"V4",0.146351770032197
"V5",0.652919160900638
"V6",0.790002463851124
"V7",0.336192448856309
"V8",0.235444567864761
"V9",3.73645021021366
"V10",2.1147636314854
"V11",4.6678352355957
"V12",2.08819687739015
"V13",3.3873495021835
