"names","vals"
"Intercept",-6.76139190583676
"y",0.518269115593284
"V1",0.167279380839318
"V2",0.789993204176426
"V3",0.927517304196954
"V4",0.92755185929127
"V5",0.98898779717274
"V6",0.155010158894584
"V7",2.32078657578677
"V8",2.74706090148538
"V9",3.24426427576691
