"names","vals"
"Intercept",-10.5235879041096
"y",0.94027510844171
"V1",0.114098487887532
"V2",0.665769683429971
"V3",0.801049255998805
"V4",0.515379619086161
"V5",0.583308096742257
"V6",0.930164233082905
"V7",0.79584836657159
"V8",0.255181056447327
"V9",4.68894012738019
"V10",1.09104252886027
"V11",1.7335945693776
"V12",4.33076244499534
"V13",2.11240813601762
