"names","vals"
"Intercept",-7.55918235871662
"y",0.526171431178227
"V1",0.534955581650138
"V2",0.440750063629821
"V3",0.793738838285208
"V4",0.905293530551717
"V5",0.0248319264501333
"V6",0.971462058601901
"V7",0.201184167293832
"V8",1.12189957592636
"V9",4.43901813402772
"V10",3.77321737725288
"V11",2.80866053886712
