"names","vals"
"Intercept",-1.40918027443578
"y",0.995481760706753
"V1",0.607966697309166
"V2",0.461760235950351
"V3",0.454508435213938
"V4",0.394877128768712
"V5",1.0635762475431
