"names","vals"
"Intercept",-6.8437297899127
"y",0.359069498255849
"V1",0.99101673765108
"V2",0.0187184792011976
"V3",0.130351239815354
"V4",0.974387317663059
"V5",0.127912091556937
"V6",0.360122992191464
"V7",3.18033430818468
"V8",3.56064426898956
"V9",3.19537623412907
