"names","vals"
"Intercept",-8.38776105505228
"y",0.741452995687723
"V1",0.990477533778176
"V2",0.932366620516405
"V3",0.922199639491737
"V4",0.575075789587572
"V5",0.542031651595607
"V6",0.878623770084232
"V7",0.291245529195294
"V8",1.17309401556849
"V9",3.59271278884262
"V10",4.55650996789336
"V11",3.36649566423148
