"names","vals"
"Intercept",-1.83325665161782
"y",0.374944309704006
"V1",0.123249456519261
"V2",0.973457678453997
"V3",0.155524965375662
"V4",0.812331829918548
"V5",1.10074775759131
