"names","vals"
"Intercept",-2.02394543170044
"y",0.775089452508837
"V1",0.298049094621092
"V2",0.331725483993068
"V3",0.329483215464279
"V4",0.066930066794157
"V5",1.64072703476995
