"names","vals"
"Intercept",-3.05635617214022
"y",0.728647893993184
"V1",0.268675524508581
"V2",0.0749906066339463
"V3",0.317935797153041
"V4",0.964612027164549
"V5",0.0304160336963832
"V6",1.41900057904422
"V7",2.90309648308903
