"names","vals"
"Intercept",-7.69902603063919
"y",0.700034683803096
"V1",0.411411902168766
"V2",0.395715668331832
"V3",0.885262402007356
"V4",0.306067189434543
"V5",0.714136893860996
"V6",0.504117627395317
"V7",0.624917046865448
"V8",3.05643975269049
"V9",1.34624379780143
"V10",3.57769188378006
"V11",4.66460261121392
