"names","vals"
"Intercept",-4.88590848665312
"y",0.371693788329139
"V1",0.421281604794785
"V2",0.364067158196121
"V3",0.608586608432233
"V4",0.685455715050921
"V5",4.90802602190524
