"names","vals"
"Intercept",-7.35188960145856
"y",0.501021184492856
"V1",0.654648398049176
"V2",0.231863879365847
"V3",0.290560023626313
"V4",0.597701944643632
"V5",0.126009375788271
"V6",0.742024357430637
"V7",0.299744830699638
"V8",4.8030504276976
"V9",4.43647750839591
"V10",3.13138304371387
"V11",1.44675125740469
