"names","vals"
"Intercept",-7.64135809101211
"y",0.514971029246226
"V1",0.292185379192233
"V2",0.931982261128724
"V3",0.65420912578702
"V4",0.60643586749211
"V5",0.837799987755716
"V6",0.771148567320779
"V7",0.55115374783054
"V8",2.71167893055826
"V9",1.0632160725072
"V10",4.69384971633554
"V11",3.3337651155889
