"names","vals"
"Intercept",-4.37369836319285
"y",0.113633606350049
"V1",0.515933827729896
"V2",0.7107461723499
"V3",0.964017340680584
"V4",0.730353337479755
"V5",0.555384994018823
"V6",2.10481595341116
"V7",2.87980066705495
