"names","vals"
"Intercept",-5.5040449562599
"y",0.84475007141009
"V1",0.342756789177656
"V2",0.669370989548042
"V3",0.646408405853435
"V4",0.967404993018135
"V5",3.43929112050682
