"names","vals"
"Intercept",-5.75819663054589
"y",0.0471819171216339
"V1",0.332594719948247
"V2",0.226768460823223
"V3",0.439439019886777
"V4",0.163783261552453
"V5",0.613905373960733
"V6",0.514871435472742
"V7",0.567461676429957
"V8",3.5221461225301
"V9",3.00578335300088
"V10",3.73402185179293
"V11",3.39523884654045
