"names","vals"
"Intercept",-8.03625153982569
"y",0.0734089356847107
"V1",0.947524656075984
"V2",0.119483036221936
"V3",0.191104593686759
"V4",0.800725738052279
"V5",0.318148355931044
"V6",0.224662829888985
"V7",0.388095896691084
"V8",1.41459142230451
"V9",2.33542336616665
"V10",4.48816586006433
"V11",2.95699972007424
