"names","vals"
"Intercept",-11.4690752783797
"y",0.243767149979249
"V1",0.492587644606829
"V2",0.0398249668069184
"V3",0.996910003712401
"V4",0.85730875772424
"V5",0.690999810118228
"V6",0.463933426421136
"V7",0.0238926548045129
"V8",0.889929460594431
"V9",4.66873855888844
"V10",1.41817560885102
"V11",2.36299910582602
"V12",1.18812110740691
"V13",3.67236576974392
