"names","vals"
"Intercept",-8.19231815830339
"y",0.421409085392952
"V1",0.809228889411315
"V2",0.0337214947212487
"V3",0.232838803203776
"V4",0.262651926605031
"V5",0.77340180403553
"V6",0.316659990232438
"V7",0.446005863603204
"V8",1.63342699501663
"V9",4.83394556120038
"V10",3.15943549014628
"V11",3.39063464384526
