"names","vals"
"Intercept",-8.04092952311807
"y",0.23542361962609
"V1",0.140780199551955
"V2",0.955152599606663
"V3",0.123787905089557
"V4",0.989818378118798
"V5",0.485922524239868
"V6",0.296630203723907
"V7",0.248540323227644
"V8",0.265770740807056
"V9",2.17271724436432
"V10",2.13352292217314
"V11",1.01076085027307
"V12",2.62731848843396
"V13",3.49557296000421
