"names","vals"
"Intercept",-4.17653496280033
"y",0.0628203549422324
"V1",0.437768635340035
"V2",0.396029629278928
"V3",0.456836099270731
"V4",0.948515602620319
"V5",3.72867677174509
