"names","vals"
"Intercept",-8.01359309270536
"y",0.82937905471772
"V1",0.98431386728771
"V2",0.964312796946615
"V3",0.629976796451956
"V4",0.591934598516673
"V5",0.92987964162603
"V6",0.0675338753499091
"V7",0.649168646428734
"V8",0.484473096439615
"V9",4.9479173887521
"V10",1.15861165430397
"V11",1.8135217661038
"V12",1.76109396014363
"V13",4.14420683216304
