"names","vals"
"Intercept",-4.51459747058013
"y",0.251784846186638
"V1",0.40016037854366
"V2",0.517726730322465
"V3",0.0657765157520771
"V4",0.972857940709218
"V5",4.92740369029343
