"names","vals"
"Intercept",-6.68930852950201
"y",0.401782974833623
"V1",0.869112065527588
"V2",0.695361184189096
"V3",0.729323082836345
"V4",0.469741454580799
"V5",0.638964601326734
"V6",0.554276406066492
"V7",1.19168792758137
"V8",3.49143933877349
"V9",1.22898751404136
