"names","vals"
"Intercept",-1.56100332098035
"y",0.0663284221664071
"V1",0.374273210996762
"V2",0.238384704804048
"V3",0.425666653318331
"V4",0.335458701476455
"V5",1.09796055406332
