"names","vals"
"Intercept",-1.66324477576581
"y",0.72029635310173
"V1",0.614094248274341
"V2",0.20441511226818
"V3",0.234640430659056
"V4",0.667897856794298
"V5",4.87190385535359
