"names","vals"
"Intercept",-3.22978152329568
"y",0.91940257884562
"V1",0.977259943494573
"V2",0.752556239487603
"V3",0.100482168607414
"V4",0.927665280178189
"V5",3.15083239786327
