"names","vals"
"Intercept",-6.55116369782481
"y",0.137613247148693
"V1",0.188879005378112
"V2",0.083979454357177
"V3",0.685615989612415
"V4",0.31798926810734
"V5",0.82118539698422
"V6",0.19933352037333
"V7",1.75646081566811
"V8",4.7410528184846
"V9",3.39566829334944
