"names","vals"
"Intercept",-5.52407834819425
"y",0.619299691636115
"V1",0.584313259227201
"V2",0.896941351471469
"V3",0.250557828228921
"V4",0.340150967007503
"V5",0.747206358937547
"V6",3.05431731510907
"V7",2.81788690853864
