"names","vals"
"Intercept",-3.75153071965277
"y",0.832642373163253
"V1",0.489484838675708
"V2",0.897944517899305
"V3",0.721466979244724
"V4",0.767386971274391
"V5",0.0338735706172884
"V6",0.327682397328317
"V7",3.17234790790826
"V8",1.54600772913545
"V9",1.4217726169154
