"names","vals"
"Intercept",-5.95154890754842
"y",0.692890810081735
"V1",0.461883094161749
"V2",0.300956140970811
"V3",0.190607203403488
"V4",0.131618228275329
"V5",0.869591643335298
"V6",2.46321931388229
"V7",3.93382411450148
