"names","vals"
"Intercept",-8.62046001826064
"y",0.0347785628400743
"V1",0.39270262978971
"V2",0.157991625135764
"V3",0.930735130095854
"V4",0.914908873150125
"V5",0.438316877000034
"V6",0.315989408409223
"V7",0.137858922593296
"V8",0.344223091145977
"V9",2.89944516867399
"V10",1.68625347409397
"V11",2.84305382147431
"V12",4.1244893707335
"V13",1.10525772720575
