"names","vals"
"Intercept",-7.77710176663846
"y",0.199391366681084
"V1",0.318169389618561
"V2",0.201218658126891
"V3",0.27466898644343
"V4",0.553536334075034
"V5",0.901284393155947
"V6",0.975129565456882
"V7",0.0178255252540112
"V8",0.746381937293336
"V9",4.19245708547533
"V10",1.84514240827411
"V11",4.68239604588598
"V12",2.00711774080992
"V13",2.90338626783341
