"names","vals"
"Intercept",-6.63528881293605
"y",0.338298927759752
"V1",0.390412291046232
"V2",0.25457112537697
"V3",0.209296695189551
"V4",0.274930355604738
"V5",0.543888792395592
"V6",0.90107983071357
"V7",3.83834647852927
"V8",2.22013271041214
"V9",3.17901399545372
