"names","vals"
"Intercept",-6.34755968954554
"y",0.0327294170856476
"V1",0.0196623541414738
"V2",0.850945650599897
"V3",0.632035858696327
"V4",0.908477721503004
"V5",0.586641111178324
"V6",0.881345964968204
"V7",1.21990555990487
"V8",2.6650646449998
"V9",1.42667827103287
