"names","vals"
"Intercept",-6.86820676471526
"y",0.53151225252077
"V1",0.354903236497194
"V2",0.288245321251452
"V3",0.710300979204476
"V4",0.681464838096872
"V5",0.157470799284056
"V6",0.145626730052754
"V7",0.0770503263920546
"V8",0.452203222783282
"V9",2.27308582980186
"V10",2.36466583516449
"V11",1.64215386193246
"V12",4.47745424136519
"V13",4.30166335403919
