"names","vals"
"Intercept",-8.84851540335407
"y",0.86146173090674
"V1",0.472802149131894
"V2",0.124563469318673
"V3",0.484239850193262
"V4",0.923308518948033
"V5",0.647321449127048
"V6",0.615983678027987
"V7",0.0345405444968492
"V8",0.287638284265995
"V9",3.31484610587358
"V10",1.26199744641781
"V11",1.79387136455625
"V12",1.62052206043154
"V13",4.31595088355243
