"names","vals"
"Intercept",-6.99661383032845
"y",0.3536112671718
"V1",0.82417229632847
"V2",0.888308052672073
"V3",0.0336842013057321
"V4",0.670522273518145
"V5",0.0613959126640111
"V6",0.0601422905456275
"V7",0.774625423597172
"V8",3.23443598952144
"V9",4.92230215948075
"V10",1.88674556091428
"V11",1.64709126763046
