"names","vals"
"Intercept",-3.32003514484363
"y",0.1096059482079
"V1",0.270413201767951
"V2",0.519870418356732
"V3",0.328294824110344
"V4",0.118527953047305
"V5",0.975726779550314
"V6",2.8940893355757
"V7",1.71231741365045
