"names","vals"
"Intercept",-8.55768561793677
"y",0.16228808532469
"V1",0.792129588546231
"V2",0.265080523910001
"V3",0.175390107091516
"V4",0.121280160266906
"V5",0.103518792893738
"V6",0.411085319938138
"V7",0.88125566043891
"V8",4.75481930933893
"V9",2.91850602161139
"V10",4.36819500941783
"V11",2.91346095129848
