"names","vals"
"Intercept",-2.10084545771941
"y",0.826750037027523
"V1",0.541843367973343
"V2",0.960369480773807
"V3",0.721105351578444
"V4",0.28140234737657
"V5",1.66757639776915
