"names","vals"
"Intercept",-8.77281051548105
"y",0.0210324488580227
"V1",0.139479748904705
"V2",0.269915300887078
"V3",0.745983872562647
"V4",0.813668449176475
"V5",0.452978560235351
"V6",0.750683968421072
"V7",2.34498454537243
"V8",3.07418535090983
"V9",2.88314322847873
