"names","vals"
"Intercept",-9.4756517236582
"y",0.952888925094157
"V1",0.364094591001049
"V2",0.8844936164096
"V3",0.868706564651802
"V4",0.124951034551486
"V5",0.278331477660686
"V6",0.143284184858203
"V7",0.265576323261485
"V8",0.621824816800654
"V9",1.81689087301493
"V10",4.94518023077399
"V11",2.02848354820162
"V12",4.24886247329414
"V13",4.84578065667301
