"names","vals"
"Intercept",-9.8430475766575
"y",0.19007821008563
"V1",0.654068722389638
"V2",0.492812958313152
"V3",0.977764922659844
"V4",0.952767535112798
"V5",0.6970446750056
"V6",4.0957137979567
"V7",4.98523445613682
