"names","vals"
"Intercept",-0.962494631982874
"y",0.652473548194394
"V1",0.538770571583882
"V2",0.0150247879792005
"V3",0.659503099508584
"V4",0.0660244671162218
"V5",3.38196150120348
