"names","vals"
"Intercept",-4.75933982976107
"y",0.132283842656761
"V1",0.144873230019584
"V2",0.56189705687575
"V3",0.720108540263027
"V4",0.554939253022894
"V5",0.0151804729830474
"V6",0.631189691834152
"V7",3.48487004451454
"V8",2.8343169754371
"V9",2.13966649770737
