"names","vals"
"Intercept",-5.455915145576
"y",0.0227787857875228
"V1",0.606006036512554
"V2",0.749626029049978
"V3",0.263259103754535
"V4",0.973634220659733
"V5",0.213862160453573
"V6",0.83462262689136
"V7",3.36994231678545
"V8",2.65476765949279
"V9",2.89450814947486
