"names","vals"
"Intercept",-5.34453308432386
"y",0.584802015218884
"V1",0.932842772919685
"V2",0.0171619500033557
"V3",0.640736291883513
"V4",0.729823359753937
"V5",0.143225990701467
"V6",0.924863822292536
"V7",3.53346051741391
"V8",1.1610346743837
"V9",3.52403033524752
