"names","vals"
"Intercept",-11.5585458933413
"y",0.03697061073035
"V1",0.630350441904739
"V2",0.884670122526586
"V3",0.994071162072942
"V4",0.861768850591034
"V5",0.369948885869235
"V6",0.45910090347752
"V7",0.54299536254257
"V8",0.904016797663644
"V9",2.25354839768261
"V10",4.88578688632697
"V11",4.2162719303742
"V12",2.77779160905629
"V13",4.53879543300718
