"names","vals"
"Intercept",-5.06695848939731
"y",0.525662052677944
"V1",0.613659983035177
"V2",0.195853719953448
"V3",0.745860051829368
"V4",0.139516684459522
"V5",0.391701894113794
"V6",0.952534054173157
"V7",3.47976097185165
"V8",3.33437952492386
"V9",2.43816126696765
