"names","vals"
"Intercept",-3.83974259280809
"y",0.510601106798276
"V1",0.925201870966703
"V2",0.031982452608645
"V3",0.619290211703628
"V4",0.86472528311424
"V5",0.0547832297161222
"V6",4.11892020795494
"V7",3.89016560651362
