"names","vals"
"Intercept",-5.98297303559771
"y",0.833095322595909
"V1",0.239624920068309
"V2",0.451410134788603
"V3",0.401020772289485
"V4",0.51794626028277
"V5",0.739533739164472
"V6",0.168353527551517
"V7",0.846178482752293
"V8",0.320254457183182
"V9",1.19062083680183
"V10",2.93367767427117
"V11",2.09714450035244
"V12",3.55821110401303
"V13",2.49181580916047
