"names","vals"
"Intercept",-8.94192099953536
"y",0.732097369153053
"V1",0.317364003276452
"V2",0.772380048409104
"V3",0.92768680350855
"V4",0.0143181446474046
"V5",0.470468911807984
"V6",0.713587869424373
"V7",0.338453314267099
"V8",3.93662027269602
"V9",2.6120932130143
"V10",1.93933510780334
"V11",1.47753897123039
