"names","vals"
"Intercept",-2.78476010439871
"y",0.211641129339114
"V1",0.624231322901323
"V2",0.87969855661504
"V3",0.612412851070985
"V4",0.186125486623496
"V5",0.416456375503913
"V6",2.9107743371278
"V7",1.08836525399238
