"names","vals"
"Intercept",-8.9427947254728
"y",0.771806683158502
"V1",0.776918800082058
"V2",0.833406230667606
"V3",0.618611087091267
"V4",0.29870882211253
"V5",0.893235688330606
"V6",0.0250219071749598
"V7",4.04732482135296
"V8",1.94997754320502
"V9",4.4222956020385
