"names","vals"
"Intercept",-11.8329216990122
"y",0.634946709033102
"V1",0.36323723453097
"V2",0.735958224860951
"V3",0.372940756613389
"V4",0.14989932323806
"V5",0.742862194776535
"V6",0.09758260124363
"V7",0.369455850683153
"V8",0.624323788331822
"V9",4.00388979539275
"V10",1.84820340108126
"V11",3.73937215097249
"V12",1.22488646674901
"V13",1.64464878104627
