"names","vals"
"Intercept",-13.2303857732899
"y",0.321495479438454
"V1",0.637848862214014
"V2",0.618505764985457
"V3",0.969964180607349
"V4",0.98258840967901
"V5",0.0781384364236146
"V6",0.496405944693834
"V7",0.679878138704225
"V8",0.941096142865717
"V9",2.53162693232298
"V10",4.23454426508397
"V11",3.63212420232594
"V12",4.53660428058356
"V13",4.85787849500775
