"names","vals"
"Intercept",-6.39881841794727
"y",0.922390533844009
"V1",0.37139144144021
"V2",0.0458249766379595
"V3",0.523923798231408
"V4",0.643087883712724
"V5",0.89525470440276
"V6",0.918951851548627
"V7",1.2285590749234
"V8",4.48795233573765
"V9",3.01676610019058
