"names","vals"
"Intercept",-6.54541928130435
"y",0.1179608120583
"V1",0.327246361179277
"V2",0.115953647531569
"V3",0.143102531554177
"V4",0.951571912737563
"V5",0.0839740480296314
"V6",0.202514478005469
"V7",0.915181384887546
"V8",0.912280450575054
"V9",2.32327119447291
"V10",2.07089497614652
"V11",3.16724496148527
"V12",4.81607683841139
"V13",2.2161553259939
