"names","vals"
"Intercept",-6.80710043957783
"y",0.209906404372305
"V1",0.279406455345452
"V2",0.105828831205145
"V3",0.23275342467241
"V4",0.338346676202491
"V5",0.0651660347357392
"V6",0.689456846797839
"V7",0.864262186922133
"V8",0.213599271839485
"V9",3.61409693397582
"V10",2.01957027427852
"V11",4.16635788511485
"V12",3.452348372899
"V13",1.84395860787481
