"names","vals"
"Intercept",-8.31642278088466
"y",0.222530022496358
"V1",0.821270778076723
"V2",0.278736791107804
"V3",0.669271820224822
"V4",0.267779550980777
"V5",0.868119223974645
"V6",0.475794942816719
"V7",0.343964976025745
"V8",0.357131437165663
"V9",2.97826380468905
"V10",2.80669377930462
"V11",4.6315400628373
"V12",3.32405902445316
"V13",4.96893201395869
