"names","vals"
"Intercept",-6.83324356869515
"y",0.313359166728333
"V1",0.476345544448122
"V2",0.709579187678173
"V3",0.402549027465284
"V4",0.967893861699849
"V5",0.932487345533445
"V6",0.736488185357302
"V7",0.0205248987767845
"V8",3.6070773685351
"V9",2.88635598029941
"V10",2.78582201711833
"V11",3.57000110764056
