"names","vals"
"Intercept",-3.10782680518227
"y",0.6939751887694
"V1",0.553897785721347
"V2",0.138252020813525
"V3",0.259865158703178
"V4",0.500022279797122
"V5",0.281795747112483
"V6",0.242666374891996
"V7",1.42090378329158
"V8",4.58581890445203
"V9",3.47023507487029
