"names","vals"
"Intercept",-13.5032298956036
"y",0.617757676867768
"V1",0.44544143951498
"V2",0.734155548270792
"V3",0.419785500504076
"V4",0.549663994461298
"V5",0.743778274394572
"V6",0.88979758368805
"V7",0.719181467778981
"V8",0.200480354717001
"V9",3.95338369812816
"V10",3.70086464844644
"V11",1.55181752704084
"V12",3.2245158907026
"V13",3.16387322824448
