"names","vals"
"Intercept",-11.190349058121
"y",0.810617363778874
"V1",0.668578827055171
"V2",0.960880696307868
"V3",0.900242724688724
"V4",0.101969881448895
"V5",0.344695207197219
"V6",0.609852456720546
"V7",0.351006644312292
"V8",0.726706134155393
"V9",1.07428084220737
"V10",3.38648334424943
"V11",3.10499276593328
"V12",1.58505233284086
"V13",2.62203167099506
