"names","vals"
"Intercept",-2.84770764562627
"y",0.849596930667758
"V1",0.457182635786012
"V2",0.823035218287259
"V3",0.265577212674543
"V4",0.850017781835049
"V5",1.59425767697394
