"names","vals"
"Intercept",-8.40721035648789
"y",0.782825949136168
"V1",0.428664736449718
"V2",0.159084463957697
"V3",0.0839762359391898
"V4",0.0262230769731104
"V5",0.497628745157272
"V6",0.330771230859682
"V7",0.5158780682832
"V8",0.738509570946917
"V9",2.44596906378865
"V10",4.59196544252336
"V11",3.29826495237648
"V12",1.31798972189426
"V13",3.68060536682606
