"names","vals"
"Intercept",-1.59485507845879
"y",0.391644813586026
"V1",0.885947457049042
"V2",0.209315109066665
"V3",0.464680893346667
"V4",0.930711976718158
"V5",1.17981658596545
