"names","vals"
"Intercept",-7.72785421427293
"y",0.754593431483954
"V1",0.0923336944542825
"V2",0.223167923977599
"V3",0.453091038390994
"V4",0.778581099119037
"V5",0.240549186011776
"V6",0.747605485375971
"V7",4.76747093442827
"V8",4.38514519669116
"V9",3.69734993949533
