"names","vals"
"Intercept",-8.44818489736412
"y",0.0928445500321686
"V1",0.906224445905536
"V2",0.288809857564047
"V3",0.876598454546183
"V4",0.816306775435805
"V5",0.664005488157272
"V6",0.147005828795955
"V7",0.296907019102946
"V8",1.23755282256752
"V9",4.86231296416372
"V10",1.18544597364962
"V11",4.99944842513651
