"names","vals"
"Intercept",-6.1453976965649
"y",0.687583148246631
"V1",0.256501170573756
"V2",0.0120135736651719
"V3",0.543024985818192
"V4",0.808461180422455
"V5",0.54747149720788
"V6",4.25625152979046
"V7",4.30651098955423
