"names","vals"
"Intercept",-5.06990257206047
"y",0.278190751094371
"V1",0.972726552048698
"V2",0.133177814539522
"V3",0.134292434435338
"V4",0.102673979941756
"V5",0.90240838797763
"V6",0.928499168949202
"V7",3.98373394180089
"V8",1.72286275494844
"V9",4.18054024595767
