"names","vals"
"Intercept",-8.83152574622864
"y",0.484672631835565
"V1",0.133303197333589
"V2",0.97315636719577
"V3",0.0900254680309445
"V4",0.715766398003325
"V5",0.145885960897431
"V6",0.00750613887794316
"V7",0.385352627374232
"V8",0.492839557817206
"V9",3.0855241175741
"V10",3.7280961945653
"V11",3.13271024823189
"V12",1.88165237568319
"V13",2.92449317965657
