"names","vals"
"Intercept",-3.57988163705613
"y",0.118344543501735
"V1",0.149472288088873
"V2",0.475533151300624
"V3",0.012466799467802
"V4",0.346027943771333
"V5",0.814107938902453
"V6",0.463956672465429
"V7",0.500188241014257
"V8",1.20601689908653
"V9",4.72735454700887
"V10",1.18200190644711
"V11",2.81385285593569
