"names","vals"
"Intercept",-5.3142434665109
"y",0.973327839979902
"V1",0.396419890690595
"V2",0.67649284331128
"V3",0.905048777349293
"V4",0.542339864885435
"V5",0.779391240794212
"V6",1.53309026733041
"V7",3.5759847490117
