"names","vals"
"Intercept",-2.91841587002994
"y",0.65921536879614
"V1",0.649765039095655
"V2",0.846627586754039
"V3",0.805576497223228
"V4",0.104477183893323
"V5",0.014898921828717
"V6",1.0569414421916
"V7",3.63085088226944
