"names","vals"
"Intercept",-5.3068782693604
"y",0.446639302419499
"V1",0.556504612090066
"V2",0.929008729523048
"V3",0.369377964176238
"V4",0.272172023309395
"V5",0.00499670999124646
"V6",0.13861938379705
"V7",0.378671288024634
"V8",0.998371133115143
"V9",4.94237534049898
"V10",1.0999338272959
"V11",2.66992749180645
"V12",2.15854258835316
"V13",2.78810242284089
