"names","vals"
"Intercept",-6.51617085371213
"y",0.66503671836108
"V1",0.733244529692456
"V2",0.966905460460111
"V3",0.527086460730061
"V4",0.82333062379621
"V5",0.137125135166571
"V6",0.0148736545816064
"V7",3.64767451491207
"V8",1.26583497039974
"V9",1.46504554245621
