"names","vals"
"Intercept",-4.65183397380635
"y",0.852693470427766
"V1",0.393323918106034
"V2",0.0759046953171492
"V3",0.0869136056862772
"V4",0.939298486569896
"V5",0.647413078928366
"V6",0.338939447887242
"V7",1.87656588386744
"V8",2.46884355414659
"V9",4.68532686680555
