"names","vals"
"Intercept",-4.25463345013769
"y",0.0837041719350964
"V1",0.993911473779008
"V2",0.81562353647314
"V3",0.502275345381349
"V4",0.677370046963915
"V5",0.305475961882621
"V6",0.989610087824985
"V7",4.8510041963309
"V8",3.74528671242297
"V9",1.16950772609562
