"names","vals"
"Intercept",-3.72971906776167
"y",0.0440870674792677
"V1",0.468113630311564
"V2",0.181430793600157
"V3",0.00132400263100863
"V4",0.714428412495181
"V5",0.462762507144362
"V6",0.0512897137086838
"V7",0.0132277435623109
"V8",2.72239088173956
"V9",3.4168201694265
"V10",1.13995859585702
"V11",1.93280504737049
