"names","vals"
"Intercept",-3.54452950080205
"y",0.755617730086669
"V1",0.495357025647536
"V2",0.0404285718686879
"V3",0.542985941516235
"V4",0.94521210482344
"V5",0.190821586875245
"V6",2.63586678542197
"V7",1.5531687065959
