"names","vals"
"Intercept",-6.37511592833791
"y",0.799518140731379
"V1",0.908260527532548
"V2",0.0125453949440271
"V3",0.294227525126189
"V4",0.320354091469198
"V5",0.424073789734393
"V6",0.762416965560988
"V7",1.51710257027298
"V8",3.54762343689799
"V9",2.78993133455515
