"names","vals"
"Intercept",-9.18883696432784
"y",0.758803417906165
"V1",0.233383767539635
"V2",0.881204886361957
"V3",0.032008339650929
"V4",0.998246874427423
"V5",0.596816192381084
"V6",0.388690063264221
"V7",0.0637502926401794
"V8",0.668759037973359
"V9",2.14184999000281
"V10",2.62566044274718
"V11",3.36201886925846
"V12",1.95072869304568
"V13",3.06570694688708
