"names","vals"
"Intercept",-6.60833297030721
"y",0.816528784343973
"V1",0.616212646011263
"V2",0.952284781495109
"V3",0.56464767549187
"V4",0.542044022586197
"V5",0.39103180821985
"V6",0.889202451566234
"V7",0.179506831569597
"V8",2.64762714598328
"V9",4.33391963504255
"V10",3.90727374982089
"V11",1.15877490676939
