"names","vals"
"Intercept",-4.1830097925826
"y",0.700313058681786
"V1",0.0633784916717559
"V2",0.427882706047967
"V3",0.549857530742884
"V4",0.3260473520495
"V5",0.211131907999516
"V6",3.33978011179715
"V7",1.32496577501297
