"names","vals"
"Intercept",-10.1485314820658
"y",0.789306363789365
"V1",0.832391630159691
"V2",0.371200490510091
"V3",0.581349621992558
"V4",0.797077157301828
"V5",0.111056214664131
"V6",0.64907287247479
"V7",0.478244406403974
"V8",0.436438241973519
"V9",3.08385199401528
"V10",1.24423649720848
"V11",2.69942190404981
"V12",3.93367360439152
"V13",2.6844904627651
