"names","vals"
"Intercept",-5.37072025413951
"y",0.22318919072859
"V1",0.930808861972764
"V2",0.0432950928807259
"V3",0.869193478720263
"V4",0.313244012417272
"V5",0.910930224461481
"V6",2.4235425433144
"V7",3.17347966134548
