"names","vals"
"Intercept",-7.98163073164481
"y",0.850042664911598
"V1",0.596555253025144
"V2",0.979240422369912
"V3",0.41747722052969
"V4",0.160778646357358
"V5",0.364729227963835
"V6",0.922619056422263
"V7",4.28205553255975
"V8",3.33853787276894
"V9",2.14537335466594
