"names","vals"
"Intercept",-8.77816207446623
"y",0.557787504279986
"V1",0.0407243135850877
"V2",0.508356625912711
"V3",0.265377765288576
"V4",0.344551926944405
"V5",0.0985055004712194
"V6",4.3997638579458
"V7",4.92650021705776
