"names","vals"
"Intercept",-2.45889380971715
"y",0.516090198187158
"V1",0.0550987522583455
"V2",0.0529526798054576
"V3",0.620325363939628
"V4",0.924593643983826
"V5",1.82479082234204
