"names","vals"
"Intercept",-7.42880414343066
"y",0.129535327665508
"V1",0.633463338250294
"V2",0.446013041073456
"V3",0.957224522950128
"V4",0.210180658381432
"V5",0.725000204984099
"V6",0.343195046996698
"V7",0.236624313518405
"V8",0.478399438317865
"V9",1.74980494193733
"V10",4.54075651429594
"V11",4.82053967751563
"V12",4.51646889839321
"V13",1.3796106018126
