"names","vals"
"Intercept",-4.33104326449404
"y",0.339661919744685
"V1",0.741036495193839
"V2",0.0208418527618051
"V3",0.493773513007909
"V4",0.941512861987576
"V5",0.235647168941796
"V6",0.932340237312019
"V7",1.40913042239845
"V8",4.65137618407607
"V9",1.673095039092
