"names","vals"
"Intercept",-2.71436983005167
"y",0.913191520608962
"V1",0.0388519170228392
"V2",0.724892107304186
"V3",0.466457091970369
"V4",0.190100148087367
"V5",1.37311443500221
