"names","vals"
"Intercept",-3.039759391614
"y",0.875052398303524
"V1",0.610748381819576
"V2",0.485720586962998
"V3",0.29334461921826
"V4",0.429332935716957
"V5",0.166846311185509
"V6",2.05368096102029
"V7",3.52498410828412
