"names","vals"
"Intercept",-4.65659312034375
"y",0.778425042750314
"V1",0.627190728671849
"V2",0.105118416482583
"V3",0.498116341885179
"V4",0.312866397202015
"V5",0.00748592289164662
"V6",0.014246168313548
"V7",0.0300016612745821
"V8",0.729400096228346
"V9",4.4660327527672
"V10",2.0640772767365
"V11",1.49514238163829
"V12",2.26512834150344
"V13",1.48978065606207
