"names","vals"
"Intercept",-6.17622740612668
"y",0.33370785205625
"V1",0.85367157869041
"V2",0.992161927977577
"V3",0.604116646107286
"V4",0.544007967226207
"V5",0.116295435698703
"V6",0.757248888257891
"V7",0.961962954606861
"V8",3.96193554997444
"V9",1.18232749309391
"V10",4.80748459976166
"V11",1.47082952875644
