"names","vals"
"Intercept",-12.0906429753453
"y",0.247858762275428
"V1",0.773052417673171
"V2",0.739598465384915
"V3",0.137412451440468
"V4",0.319087283918634
"V5",0.69069973169826
"V6",0.715853904141113
"V7",0.751155351055786
"V8",0.660017776070163
"V9",1.51952208578587
"V10",4.93376796226948
"V11",1.14798758830875
"V12",1.02913688775152
"V13",4.41214148048311
