"names","vals"
"Intercept",-2.64021076117153
"y",0.429843256250024
"V1",0.14665912790224
"V2",0.142049371032044
"V3",0.493317621061578
"V4",0.855563439661637
"V5",3.99910956062376
