"names","vals"
"Intercept",-7.20349808080215
"y",0.882843634113669
"V1",0.316672157729045
"V2",0.893188526388258
"V3",0.886599627323449
"V4",0.313249927246943
"V5",0.650989351794124
"V6",0.0711833739187568
"V7",0.736852004891261
"V8",2.10509396437556
"V9",2.51635448727757
"V10",3.05729222390801
"V11",3.30035598948598
