"names","vals"
"Intercept",-7.17900863035768
"y",0.389181569451466
"V1",0.41499317320995
"V2",0.103784074308351
"V3",0.435366555349901
"V4",0.0989343931432813
"V5",0.228723496664315
"V6",0.316028401488438
"V7",2.23835771530867
"V8",4.46024988684803
"V9",1.65867556352168
