"names","vals"
"Intercept",-2.8699822524169
"y",0.286970374174416
"V1",0.420918235322461
"V2",0.220985842403024
"V3",0.801544486777857
"V4",0.717382676433772
"V5",0.890064467675984
"V6",2.01411552354693
"V7",2.30603652913123
