"names","vals"
"Intercept",-1.69057464825758
"y",0.569970216834918
"V1",0.494012797018513
"V2",0.180651111062616
"V3",0.283028917387128
"V4",0.658887288765982
"V5",1.5228919070214
