"names","vals"
"Intercept",-8.61765167945158
"y",0.141613280866295
"V1",0.484248313121498
"V2",0.264940720051527
"V3",0.841965781524777
"V4",0.2511101141572
"V5",0.589918123092502
"V6",0.0836442213039845
"V7",0.694546844577417
"V8",0.473693526117131
"V9",1.64355932641774
"V10",4.75689098332077
"V11",2.34774066321552
"V12",4.0379735995084
"V13",3.9773327158764
