"names","vals"
"Intercept",-9.19418602859718
"y",0.838929761899635
"V1",0.498208666918799
"V2",0.486118782544509
"V3",0.298383695306256
"V4",0.304231501417235
"V5",0.948448062175885
"V6",0.428003251552582
"V7",0.0102410800755024
"V8",0.155241963453591
"V9",1.3939839862287
"V10",2.9172149496153
"V11",1.65525969397277
"V12",1.7320362161845
"V13",4.51665575709194
