"names","vals"
"Intercept",-8.75035656840983
"y",0.942361841211095
"V1",0.381800018949434
"V2",0.477977319387719
"V3",0.0137062568683177
"V4",0.392544512171298
"V5",0.466895425692201
"V6",0.541860291501507
"V7",0.601295220898464
"V8",0.0254643084481359
"V9",3.41560909990221
"V10",1.54149482958019
"V11",2.19751902297139
"V12",2.09885709639639
"V13",1.9834021255374
