"names","vals"
"Intercept",-9.04582257841946
"y",0.0886267372407019
"V1",0.0249410520773381
"V2",0.231807225616649
"V3",0.535626286175102
"V4",0.378607457736507
"V5",0.941666204016656
"V6",0.757892491295934
"V7",0.233207983197644
"V8",3.79357211757451
"V9",4.62161541823298
"V10",1.17937276884913
"V11",1.88708517793566
