"names","vals"
"Intercept",-5.92837851628615
"y",0.303638778161258
"V1",0.903679068665951
"V2",0.896067393710837
"V3",0.365369071951136
"V4",0.00662583066150546
"V5",0.397455403814092
"V6",0.974397162673995
"V7",4.84790867939591
"V8",3.38920646905899
"V9",1.34643159434199
