"names","vals"
"Intercept",-8.28162170841545
"y",0.579637872520834
"V1",0.554970754077658
"V2",0.507016229210421
"V3",0.0902049848809838
"V4",0.938019543187693
"V5",0.335446639219299
"V6",0.164582088356838
"V7",3.42770748212934
"V8",3.60427165776491
"V9",3.06882350798696
