"names","vals"
"Intercept",-3.03925045033055
"y",0.629256803542376
"V1",0.442893724655733
"V2",0.137835975270718
"V3",0.850071054184809
"V4",0.33406995749101
"V5",0.00504167494364083
"V6",1.81574825756252
"V7",3.25351084396243
