"names","vals"
"Intercept",-5.36964973990945
"y",0.30338100111112
"V1",0.490456265863031
"V2",0.690355983097106
"V3",0.765925529412925
"V4",0.200111693469808
"V5",3.77583130728453
