"names","vals"
"Intercept",-3.62287581443321
"y",0.333149074576795
"V1",0.429427308961749
"V2",0.571165271569043
"V3",0.319721196778119
"V4",0.574478750117123
"V5",0.346862470498309
"V6",1.3967920159921
"V7",1.3752944432199
