"names","vals"
"Intercept",-4.81229179414059
"y",0.26368414144963
"V1",0.402638654690236
"V2",0.841060171602294
"V3",0.096407258650288
"V4",0.882928105071187
"V5",4.49284176155925
