"names","vals"
"Intercept",-1.51884686398879
"y",0.763111373176798
"V1",0.916689641773701
"V2",0.263999644899741
"V3",0.542486554244533
"V4",0.711448437534273
"V5",1.18505868967623
