"names","vals"
"Intercept",-4.11418592601456
"y",0.438217194518074
"V1",0.470313591882586
"V2",0.10507323523052
"V3",0.0336642863694578
"V4",0.819381024688482
"V5",0.872010946273804
"V6",0.622435775352642
"V7",0.182787814876065
"V8",1.88344085309654
"V9",3.20295919571072
"V10",3.83819246664643
"V11",1.18889036308974
