"names","vals"
"Intercept",-4.95338716032845
"y",0.0944327206816524
"V1",0.437087984988466
"V2",0.225284549873322
"V3",0.0853643419686705
"V4",0.165991581743583
"V5",0.857153245713562
"V6",0.466057604411617
"V7",3.43051096796989
"V8",2.57633709814399
"V9",3.49549394566566
