"names","vals"
"Intercept",-3.41932649759809
"y",0.590203928528354
"V1",0.206204930786043
"V2",0.913575496524572
"V3",0.262736400589347
"V4",0.80624279519543
"V5",0.940526029327884
"V6",1.57166752498597
"V7",1.09494168777019
