"names","vals"
"Intercept",-6.99545752654062
"y",0.540351468138397
"V1",0.213935651350766
"V2",0.33474223408848
"V3",0.413980626966804
"V4",0.698306692065671
"V5",0.722260737325996
"V6",4.0439533367753
"V7",2.34512978047132
