"names","vals"
"Intercept",-11.7986441453719
"y",0.179070315556601
"V1",0.474277002504095
"V2",0.868678947212175
"V3",0.945698751136661
"V4",0.318149520317093
"V5",0.748301632003859
"V6",0.776791830547154
"V7",0.452520763501525
"V8",0.371255884179845
"V9",3.83767617214471
"V10",2.23505931720138
"V11",2.42704239021987
"V12",2.2682925965637
"V13",1.94047096464783
