"names","vals"
"Intercept",-11.0601488136188
"y",0.247133094584569
"V1",0.736101216403767
"V2",0.915493584936485
"V3",0.63787628361024
"V4",0.12417041673325
"V5",0.0940380089450628
"V6",0.678817404434085
"V7",0.622964894166216
"V8",0.0779692037031054
"V9",1.67577461898327
"V10",1.35531807690859
"V11",1.71863534674048
"V12",3.89920670073479
"V13",3.75023397989571
