"names","vals"
"Intercept",-5.98597434082068
"y",0.0095316672232002
"V1",0.270309496438131
"V2",0.443308000219986
"V3",0.904813565546647
"V4",0.668153593083844
"V5",0.0942199570126832
"V6",4.61933140829206
"V7",4.18100836966187
