"names","vals"
"Intercept",-8.06593087780336
"y",0.957207854371518
"V1",0.913005380658433
"V2",0.698144228197634
"V3",0.523423818172887
"V4",0.344581829151139
"V5",0.123793078353629
"V6",0.825267278822139
"V7",0.790622988017276
"V8",1.25505754072219
"V9",2.00507691968232
"V10",3.05708197969943
"V11",4.70317310653627
