"names","vals"
"Intercept",-8.51443391478574
"y",0.873841267079115
"V1",0.409574717981741
"V2",0.760484392521903
"V3",0.543869318673387
"V4",0.376437397208065
"V5",0.661067080916837
"V6",0.504571349360049
"V7",0.695617302786559
"V8",2.77733025513589
"V9",3.63359637837857
"V10",1.56020087283105
"V11",2.92177010886371
