"names","vals"
"Intercept",-8.15565601724014
"y",0.306549716275185
"V1",0.313568898942322
"V2",0.205673455260694
"V3",0.722460170974955
"V4",0.265846549533308
"V5",0.449210796738043
"V6",0.778077023336664
"V7",0.369838379323483
"V8",2.55329120159149
"V9",1.6550948061049
"V10",2.17148475535214
"V11",4.7532584508881
