"names","vals"
"Intercept",-3.40940938305855
"y",0.162198508623987
"V1",0.361664655385539
"V2",0.712218551896513
"V3",0.343113613082096
"V4",0.467997319065034
"V5",0.280858291545883
"V6",1.80850603803992
"V7",2.92641547974199
