"names","vals"
"Intercept",-5.67895329173282
"y",0.826861229492351
"V1",0.334533726098016
"V2",0.647438511019573
"V3",0.471640432951972
"V4",0.956144309835508
"V5",0.59622528986074
"V6",0.888077802257612
"V7",4.11852587200701
"V8",2.64228276815265
"V9",2.65395224560052
