"names","vals"
"Intercept",-4.3116336035768
"y",0.49026510049589
"V1",0.833558946615085
"V2",0.911846463801339
"V3",0.227116677444428
"V4",0.349487157538533
"V5",0.345023645786569
"V6",0.799764574505389
"V7",1.58331616036594
"V8",1.30008982960135
"V9",1.13983453158289
