"names","vals"
"Intercept",-4.57727098669508
"y",0.0846996894106269
"V1",0.495954368263483
"V2",0.284937305143103
"V3",0.591781348688528
"V4",0.157794345868751
"V5",0.648426649626344
"V6",3.69437215849757
"V7",2.95535777229816
