"names","vals"
"Intercept",-5.85068521770043
"y",0.728301307884976
"V1",0.415661146631464
"V2",0.431931157363579
"V3",0.53052705177106
"V4",0.929978519445285
"V5",0.827065427787602
"V6",3.59098963905126
"V7",4.04346354678273
