"names","vals"
"Intercept",-5.39445626046695
"y",0.798903473652899
"V1",0.269641250604764
"V2",0.853338511195034
"V3",0.989106604829431
"V4",0.430320870364085
"V5",0.0413458656985313
"V6",0.223940799711272
"V7",3.81064145639539
"V8",3.95098763611168
"V9",3.91660124622285
