"names","vals"
"Intercept",-11.3398864352384
"y",0.331451467704028
"V1",0.630125655792654
"V2",0.141494591254741
"V3",0.861972479149699
"V4",0.798786362167448
"V5",0.84120938484557
"V6",0.935216748854145
"V7",4.26024589128792
"V8",4.78770061675459
"V9",3.37492553237826
