"names","vals"
"Intercept",-2.8646520933276
"y",0.507329582003877
"V1",0.606220826273784
"V2",0.398865384515375
"V3",0.226658697007224
"V4",0.669706858228892
"V5",0.617248962633312
"V6",2.70736498944461
"V7",2.40215896070004
