"names","vals"
"Intercept",-9.19385760628199
"y",0.247306521516293
"V1",0.253687346121296
"V2",0.305885409237817
"V3",0.0888245385140181
"V4",0.518651554593816
"V5",0.249819653108716
"V6",0.94762897444889
"V7",3.37404047418386
"V8",4.3330541504547
"V9",4.55892851576209
