"names","vals"
"Intercept",-5.27490999742015
"y",0.698841276811436
"V1",0.100953797344118
"V2",0.537190507166088
"V3",0.641072755912319
"V4",0.512348003685474
"V5",4.07663729973137
