"names","vals"
"Intercept",-7.95188453218155
"y",0.123735286761075
"V1",0.821113006910309
"V2",0.171788160922006
"V3",0.88419197127223
"V4",0.81252180179581
"V5",0.665391297778115
"V6",0.593906451249495
"V7",0.83735156012699
"V8",3.14477940928191
"V9",2.18445066083223
"V10",3.87922740262002
"V11",3.50107204634696
