"names","vals"
"Intercept",-1.99939150748984
"y",0.284588068025187
"V1",0.407005221117288
"V2",0.90050492878072
"V3",0.900326081784442
"V4",0.639726628083736
"V5",2.3311376478523
