"names","vals"
"Intercept",-7.87308908069599
"y",0.0476444433443248
"V1",0.74043941590935
"V2",0.288318384904414
"V3",0.631592204561457
"V4",0.0200482190120965
"V5",0.690950374351814
"V6",0.78720966912806
"V7",0.878020177362487
"V8",0.028433030936867
"V9",2.75310440268368
"V10",1.62081850506365
"V11",2.83144842740148
"V12",4.82412524428219
"V13",4.58332530595362
