"names","vals"
"Intercept",-9.07863310390292
"y",0.549806026276201
"V1",0.00290331593714654
"V2",0.293583738384768
"V3",0.810137307504192
"V4",0.0617403923533857
"V5",0.274122143862769
"V6",0.299758531153202
"V7",0.568456577369943
"V8",4.7035328457132
"V9",3.08765589445829
"V10",2.41216595750302
"V11",2.08974808268249
