"names","vals"
"Intercept",-9.7724728295668
"y",0.265121672069654
"V1",0.915853314567357
"V2",0.154821937670931
"V3",0.648196667432785
"V4",0.967628427781165
"V5",0.176461662398651
"V6",0.228399430168793
"V7",0.0866673022974283
"V8",0.102788528427482
"V9",3.34467370528728
"V10",3.44004202727228
"V11",3.36708441749215
"V12",2.29137224983424
"V13",4.16697929427028
