"names","vals"
"Intercept",-6.85247906367504
"y",0.64934132900089
"V1",0.500292943557724
"V2",0.381221143295988
"V3",0.327752527780831
"V4",0.587937497766688
"V5",0.881318114465103
"V6",0.674153705360368
"V7",0.338695011800155
"V8",1.63928069639951
"V9",1.94708143174648
"V10",2.21691355109215
"V11",4.87865732423961
