"names","vals"
"Intercept",-7.30392996243364
"y",0.32153192628175
"V1",0.617804372450337
"V2",0.809492191066965
"V3",0.24047787184827
"V4",0.364892810583115
"V5",0.452657168963924
"V6",0.117070320062339
"V7",0.808611435350031
"V8",2.01625261548907
"V9",2.77876208908856
"V10",2.26923350803554
"V11",3.23379918094724
