"names","vals"
"Intercept",-2.80623041478265
"y",0.945893915602937
"V1",0.490452962229028
"V2",0.75200933450833
"V3",0.848539641359821
"V4",0.312271739123389
"V5",2.25807648338377
