"names","vals"
"Intercept",-7.13217782557802
"y",0.929468591930345
"V1",0.561973095173016
"V2",0.827007024781778
"V3",0.0873976938892156
"V4",0.102313802577555
"V5",0.166910029947758
"V6",0.684086302760988
"V7",0.600224360590801
"V8",4.84916729200631
"V9",3.74292689468712
"V10",1.67670307122171
"V11",3.73374688439071
