"names","vals"
"Intercept",-7.69495047178725
"y",0.188458028249443
"V1",0.724593229591846
"V2",0.462387310806662
"V3",0.5559452699963
"V4",0.358338282443583
"V5",0.710406865691766
"V6",0.78219240065664
"V7",0.948743872344494
"V8",3.84428585041314
"V9",3.95679641794413
"V10",4.84938604384661
"V11",2.38822524994612
