"names","vals"
"Intercept",-4.6543705724508
"y",0.0268248298671097
"V1",0.676189813297242
"V2",0.720729873050004
"V3",0.326861121226102
"V4",0.848648153943941
"V5",0.577888055006042
"V6",0.971853067632765
"V7",3.90851688198745
"V8",1.36660551372916
"V9",4.96586431004107
