"names","vals"
"Intercept",-8.78055191816832
"y",0.569493532646447
"V1",0.217925818404183
"V2",0.762034563813359
"V3",0.924370448803529
"V4",0.352872117888182
"V5",0.09761160495691
"V6",0.04925860860385
"V7",0.838774529285729
"V8",1.2371020456776
"V9",2.92823917418718
"V10",3.21052247285843
"V11",3.10590379498899
