"names","vals"
"Intercept",-5.00411836328777
"y",0.728590384591371
"V1",0.36678280076012
"V2",0.288258021930233
"V3",0.320428231963888
"V4",0.451133537106216
"V5",0.907649861881509
"V6",0.192052321275696
"V7",0.998784474330023
"V8",4.98907565046102
"V9",4.97720352746546
"V10",2.92735642660409
"V11",2.60807659756392
