"names","vals"
"Intercept",-14.7765933344557
"y",0.754025781992823
"V1",0.294031550874934
"V2",0.972056061960757
"V3",0.72945033130236
"V4",0.751659979810938
"V5",0.40281288092956
"V6",0.709876730572432
"V7",0.250183570198715
"V8",2.9732862515375
"V9",1.1586497342214
"V10",4.79595943540335
"V11",4.75039962399751
