"names","vals"
"Intercept",-5.18750599325216
"y",0.267565693240613
"V1",0.573357526911423
"V2",0.515147544676438
"V3",0.948053680593148
"V4",0.820962053257972
"V5",0.132233729586005
"V6",0.192529671126977
"V7",1.72203886881471
"V8",1.03527385275811
"V9",2.79388910531998
