"names","vals"
"Intercept",-8.16117814160022
"y",0.186586922034621
"V1",0.906655119266361
"V2",0.330479378113523
"V3",0.719606686150655
"V4",0.177592954831198
"V5",0.569795863004401
"V6",0.996559826890007
"V7",0.616226799786091
"V8",0.106215396197513
"V9",2.35471846256405
"V10",3.39139803964645
"V11",4.80280039738864
"V12",4.22418382391334
"V13",1.9798156907782
