"names","vals"
"Intercept",-7.3882695035846
"y",0.208053207490593
"V1",0.556225420441478
"V2",0.836216018768027
"V3",0.223125833086669
"V4",0.216191971907392
"V5",0.665722737787291
"V6",0.654388567898422
"V7",3.63615419343114
"V8",2.74084933567792
"V9",3.3997421823442
