"names","vals"
"Intercept",-2.61945580750657
"y",0.975434195483103
"V1",0.519116899464279
"V2",0.0109241942409426
"V3",0.7578466727864
"V4",0.522448413772509
"V5",0.883795588510111
"V6",2.23690871801227
"V7",1.76397758722305
