"names","vals"
"Intercept",-11.6880180322872
"y",0.586865885881707
"V1",0.372233410831541
"V2",0.722318258602172
"V3",0.465880425646901
"V4",0.90283064218238
"V5",0.123392210807651
"V6",0.204991819802672
"V7",0.769863130059093
"V8",0.401830948889256
"V9",2.74863542430103
"V10",4.14214618224651
"V11",1.4706116989255
"V12",4.85952917858958
"V13",4.09224386140704
