"names","vals"
"Intercept",-3.34810794984223
"y",0.654918339801952
"V1",0.155417140573263
"V2",0.854346316307783
"V3",0.656450524460524
"V4",0.7379133568611
"V5",2.87016138993204
