"names","vals"
"Intercept",-6.32094708453119
"y",0.432332531549037
"V1",0.856193663086742
"V2",0.730336225824431
"V3",0.546420904807746
"V4",0.254117339849472
"V5",0.0508102744352072
"V6",0.7576762677636
"V7",0.882151280529797
"V8",1.31230301782489
"V9",4.50123914238065
"V10",3.22943973448128
"V11",3.17773499526083
