"names","vals"
"Intercept",-11.7971491682143
"y",0.841010638745502
"V1",0.153963877353817
"V2",0.235787457320839
"V3",0.716938651166856
"V4",0.054236943135038
"V5",0.687538161873817
"V6",0.655050639994442
"V7",0.618150053313002
"V8",0.260108424350619
"V9",3.72512007411569
"V10",2.22781286016107
"V11",3.545993485488
"V12",3.01593797188252
"V13",1.57833273895085
