"names","vals"
"Intercept",-9.59825594678987
"y",0.418268329231068
"V1",0.564484265865758
"V2",0.213302476331592
"V3",0.455447248881683
"V4",0.178587053669617
"V5",0.768433454446495
"V6",0.759761984460056
"V7",0.177237472264096
"V8",3.66353129409254
"V9",1.44186954572797
"V10",4.31726661138237
"V11",3.23525682557374
