"names","vals"
"Intercept",-11.8883738436422
"y",0.234763459069654
"V1",0.367940976982936
"V2",0.198629945516586
"V3",0.98671652469784
"V4",0.95519370236434
"V5",0.374959490494803
"V6",0.731172062922269
"V7",0.610216018510982
"V8",0.17346171522513
"V9",4.04390609636903
"V10",1.21242303866893
"V11",1.71274665370584
"V12",1.06646989565343
"V13",3.58113804459572
