"names","vals"
"Intercept",-6.61747087101033
"y",0.0204119742847979
"V1",0.714580128435045
"V2",0.230050573358312
"V3",0.214269667165354
"V4",0.0567015276756138
"V5",0.579395616659895
"V6",0.590768910944462
"V7",0.976359161082655
"V8",4.51156945712864
"V9",1.21482112351805
"V10",4.66042289696634
"V11",3.02969278488308
