"names","vals"
"Intercept",-4.18629058016837
"y",0.689678666647524
"V1",0.662964019691572
"V2",0.560376514447853
"V3",0.848338432377204
"V4",0.687737617408857
"V5",0.105924293398857
"V6",0.571412045974284
"V7",3.32027851324528
"V8",1.19723995868117
"V9",4.80361765064299
