"names","vals"
"Intercept",-10.8130305921766
"y",0.973236499354243
"V1",0.998587569454685
"V2",0.0883441218174994
"V3",0.585795206483454
"V4",0.542523535899818
"V5",0.40963125298731
"V6",0.935975055908784
"V7",0.125858840532601
"V8",0.831412897212431
"V9",1.94524815119803
"V10",2.22021683398634
"V11",2.45575867127627
"V12",4.30278879869729
"V13",3.11987296119332
