"names","vals"
"Intercept",-4.04122402760899
"y",0.357114430284128
"V1",0.686040210537612
"V2",0.313821910414845
"V3",0.0461834773886949
"V4",0.296983609441668
"V5",0.713105853879824
"V6",0.788716003997251
"V7",3.06871592067182
"V8",1.44576579332352
"V9",2.29800264630467
