"names","vals"
"Intercept",-9.31828349570185
"y",0.508582800393924
"V1",0.420236532809213
"V2",0.334516170667484
"V3",0.861265586456284
"V4",0.73540938203223
"V5",0.415452567627653
"V6",0.98595109093003
"V7",0.796814215369523
"V8",0.487532406579703
"V9",4.07769382745028
"V10",1.85193196963519
"V11",1.49690611008555
"V12",3.9568872814998
"V13",4.3866362767294
