"names","vals"
"Intercept",-5.29673839640291
"y",0.0760436397977173
"V1",0.444210614543408
"V2",0.854932304471731
"V3",0.138469701167196
"V4",0.345137187745422
"V5",0.92269366257824
"V6",2.81769190169871
"V7",3.99816094525158
