"names","vals"
"Intercept",-7.25354407254211
"y",0.828491368098184
"V1",0.0301916559692472
"V2",0.092226292937994
"V3",0.342930695973337
"V4",0.922766001429409
"V5",0.184048405382782
"V6",0.890991056337953
"V7",0.35225533763878
"V8",0.980741482228041
"V9",1.21365911792964
"V10",1.44402811676264
"V11",4.64062756113708
"V12",3.65471384115517
"V13",3.71220041811466
