"names","vals"
"Intercept",-2.35078696202277
"y",0.638718073721975
"V1",0.512030219426379
"V2",0.128347981255502
"V3",0.935772578464821
"V4",0.966220143949613
"V5",4.27009531669319
