"names","vals"
"Intercept",-2.17542556651193
"y",0.722540595103055
"V1",0.652739264070988
"V2",0.65764796291478
"V3",0.454776768805459
"V4",0.887499294010922
"V5",4.09244644455612
