"names","vals"
"Intercept",-7.92882516429247
"y",0.0562576856464148
"V1",0.03855278971605
"V2",0.322249562013894
"V3",0.91945271845907
"V4",0.782147507648915
"V5",0.769210098078474
"V6",0.978504614671692
"V7",3.76966767106205
"V8",4.25616918876767
"V9",2.73341486416757
