"names","vals"
"Intercept",-5.22080067396187
"y",0.795686685014516
"V1",0.842360296752304
"V2",0.854303974658251
"V3",0.95160204404965
"V4",0.233550448203459
"V5",4.60426268726587
