"names","vals"
"Intercept",-3.46835343019315
"y",0.0890305927023292
"V1",0.141278855502605
"V2",0.896490968530998
"V3",0.138860675273463
"V4",0.25584817212075
"V5",0.314515911974013
"V6",4.44751989096403
"V7",3.44604692887515
