"names","vals"
"Intercept",-6.44316498438711
"y",0.247127783251926
"V1",0.905756525928155
"V2",0.366971026873216
"V3",0.82483194489032
"V4",0.0917015227023512
"V5",0.402698656311259
"V6",4.54359300434589
"V7",2.25223733764142
