"names","vals"
"Intercept",-4.17293999853777
"y",0.594585679005831
"V1",0.0462913147639483
"V2",0.415803941665217
"V3",0.780335292220116
"V4",0.256358938990161
"V5",0.0481840933207422
"V6",0.977977191563696
"V7",4.56165260728449
"V8",2.83079532254487
"V9",2.98868621513247
