"names","vals"
"Intercept",-5.12528454793827
"y",0.916737459832802
"V1",0.32819588505663
"V2",0.807259486755356
"V3",0.110310618765652
"V4",0.391066887415946
"V5",0.909283110871911
"V6",0.606062247650698
"V7",3.25683549139649
"V8",1.44675889890641
"V9",3.2055292930454
