"names","vals"
"Intercept",-5.35292527674697
"y",0.238549422007054
"V1",0.375192725565284
"V2",0.588439340470359
"V3",0.268115098588169
"V4",0.243023879826069
"V5",0.521684283856302
"V6",1.85276363231242
"V7",2.75747791398317
