"names","vals"
"Intercept",-8.54209552799957
"y",0.745023315539584
"V1",0.872495390707627
"V2",0.242187320021912
"V3",0.273821364622563
"V4",0.677082390291616
"V5",0.722622785018757
"V6",0.282869610236958
"V7",4.16404916718602
"V8",4.2443458372727
"V9",4.25264745857567
