"names","vals"
"Intercept",-4.97987413714873
"y",0.823134484700859
"V1",0.375412959372625
"V2",0.336694482946768
"V3",0.824134447146207
"V4",0.303850551135838
"V5",4.37155348807573
