"names","vals"
"Intercept",-7.6557576210571
"y",0.790960774989799
"V1",0.601530968910083
"V2",0.522970953490585
"V3",0.389533437555656
"V4",0.45612718956545
"V5",0.6080002784729
"V6",0.179353011772037
"V7",4.88418295606971
"V8",2.78135088365525
"V9",2.40027903858572
