"names","vals"
"Intercept",-2.35527273515239
"y",0.3631614765618
"V1",0.495109277544543
"V2",0.663548327516764
"V3",0.104164594551548
"V4",0.409772821934894
"V5",0.358686558669433
"V6",2.14894033782184
"V7",1.9504232108593
