"names","vals"
"Intercept",-4.30366250546277
"y",0.681951913749799
"V1",0.503506619948894
"V2",0.885203865822405
"V3",0.757216595578939
"V4",0.160445044282824
"V5",0.653498955536634
"V6",0.130985874682665
"V7",0.365862692473456
"V8",1.05600993148983
"V9",2.024209106341
"V10",2.68643200118095
"V11",2.1252799006179
