"names","vals"
"Intercept",-4.19066122152214
"y",0.963003660552204
"V1",0.151488235685974
"V2",0.239358180435374
"V3",0.822402151767164
"V4",0.350281489314511
"V5",0.888237229781225
"V6",4.96223480254412
"V7",1.76436761580408
