"names","vals"
"Intercept",-6.26642651698599
"y",0.518775332486257
"V1",0.82206086977385
"V2",0.702926137717441
"V3",0.508515177993104
"V4",0.181288691237569
"V5",0.178357298951596
"V6",2.40354247670621
"V7",4.22134896367788
