"names","vals"
"Intercept",-8.39256336696027
"y",0.143480838742107
"V1",0.829224132234231
"V2",0.232567450962961
"V3",0.677316601155326
"V4",0.742576856398955
"V5",0.96738839824684
"V6",0.343411271460354
"V7",1.95811541005969
"V8",2.93002347741276
"V9",4.04643079731613
