"names","vals"
"Intercept",-8.8715478373745
"y",0.77355373208411
"V1",0.385484591359273
"V2",0.330836195731536
"V3",0.0854028523899615
"V4",0.88100096071139
"V5",0.377190907485783
"V6",0.865305152023211
"V7",0.653752960264683
"V8",1.58959282003343
"V9",4.179956744425
"V10",1.84721732791513
"V11",1.95250822138041
