"names","vals"
"Intercept",-10.3149735627954
"y",0.270769241964445
"V1",0.514875919325277
"V2",0.935412756167352
"V3",0.475982941919938
"V4",0.0206026434898376
"V5",0.26687220740132
"V6",0.529938656836748
"V7",0.513000680599362
"V8",4.56167663820088
"V9",2.44060237985104
"V10",2.12818922847509
"V11",4.37557890824974
