"names","vals"
"Intercept",-2.65534710297082
"y",0.98261723970063
"V1",0.592508651083335
"V2",0.436543335206807
"V3",0.947997077833861
"V4",0.575901623815298
"V5",2.97798012383282
