"names","vals"
"Intercept",-7.62814279557206
"y",0.907164796255529
"V1",0.728297295980155
"V2",0.519870727555826
"V3",0.0209932383149862
"V4",0.155252905795351
"V5",0.18033003131859
"V6",4.80535463802516
"V7",3.68093633279204
