"names","vals"
"Intercept",-6.84228936542384
"y",0.477110967738554
"V1",0.885769705520943
"V2",0.032116113929078
"V3",0.166462508030236
"V4",0.115779172396287
"V5",0.599873742321506
"V6",0.884117199340835
"V7",0.506079148501158
"V8",4.17112696170807
"V9",3.53389283269644
"V10",3.9567602891475
"V11",1.01683304458857
