"names","vals"
"Intercept",-3.03997229284793
"y",0.360848399344832
"V1",0.0250567013863474
"V2",0.220304051181301
"V3",0.807817987399176
"V4",0.531835721572861
"V5",2.54061745479703
