"names","vals"
"Intercept",-7.16357259701425
"y",0.631887648487464
"V1",0.289949013385922
"V2",0.446744095999748
"V3",0.379642685409635
"V4",0.0289746378548443
"V5",0.701006966643035
"V6",0.865965032950044
"V7",4.93139448482543
"V8",2.7357485005632
"V9",1.89473895262927
