"names","vals"
"Intercept",-8.3265366891278
"y",0.903717360692099
"V1",0.443499469663948
"V2",0.397591496352106
"V3",0.128048000158742
"V4",0.998155179200694
"V5",0.194110424723476
"V6",0.406023598276079
"V7",0.266245496459305
"V8",1.94686433393508
"V9",2.13525151833892
"V10",2.60035951435566
"V11",2.3321137195453
