"names","vals"
"Intercept",-4.98616593987355
"y",0.769899804377928
"V1",0.296335828257725
"V2",0.319232145790011
"V3",0.598344626137987
"V4",0.666087950579822
"V5",0.639922795118764
"V6",2.31798814143986
"V7",1.21770341414958
