"names","vals"
"Intercept",-9.98038098834409
"y",0.354395173955709
"V1",0.250844541238621
"V2",0.810875697527081
"V3",0.420491659315303
"V4",0.751039752271026
"V5",0.819419542327523
"V6",0.16829126374796
"V7",0.600538788828999
"V8",4.71374708693475
"V9",4.55863699689507
"V10",4.5584427183494
"V11",2.76224063616246
