"names","vals"
"Intercept",-1.80373606749228
"y",0.427131523145363
"V1",0.64140367647633
"V2",0.105305406963453
"V3",0.907658217707649
"V4",0.377051318064332
"V5",1.05625770799816
