"names","vals"
"Intercept",-8.31671138804872
"y",0.619583343388513
"V1",0.435360638191923
"V2",0.0550480401143432
"V3",0.521865667076781
"V4",0.565338168758899
"V5",0.0865902251098305
"V6",0.32471484481357
"V7",0.634394546737894
"V8",0.699151190230623
"V9",1.19877977855504
"V10",4.71025651879609
"V11",2.69483188074082
"V12",3.52178163547069
"V13",1.48539864830673
