"names","vals"
"Intercept",-8.2305014239992
"y",0.131180827738717
"V1",0.579814513912424
"V2",0.269748523831367
"V3",0.235317163402215
"V4",0.436855967156589
"V5",0.281042107148096
"V6",0.548343140864745
"V7",0.374056476633996
"V8",0.0140749567653984
"V9",3.26257032807916
"V10",4.43131305556744
"V11",4.29343126993626
"V12",2.07427305914462
"V13",3.27319250255823
