"names","vals"
"Intercept",-13.4486132260321
"y",0.095554533880204
"V1",0.33096850453876
"V2",0.0437326102983207
"V3",0.591414676280692
"V4",0.913111165631562
"V5",0.78952066344209
"V6",0.774124341085553
"V7",0.758444851031527
"V8",0.459048043237999
"V9",4.32871001400054
"V10",3.27616931963712
"V11",3.4785441076383
"V12",4.57784624677151
"V13",3.42237450834364
