"names","vals"
"Intercept",-9.72478976908093
"y",0.82608876680024
"V1",0.947162174619734
"V2",0.708673156332225
"V3",0.276481192326173
"V4",0.539380684262142
"V5",0.192175528500229
"V6",0.92053456697613
"V7",3.13363509066403
"V8",4.88170016463846
"V9",1.77992870472372
