"names","vals"
"Intercept",-6.99235485081631
"y",0.673355328384787
"V1",0.113206157460809
"V2",0.865824618842453
"V3",0.26963066146709
"V4",0.073753593955189
"V5",0.96929317037575
"V6",0.751383740454912
"V7",0.074662669794634
"V8",0.565332435071468
"V9",3.3178099533543
"V10",3.0911819441244
"V11",2.41821737680584
"V12",1.96833412442356
"V13",2.37569017801434
