"names","vals"
"Intercept",-7.3928084291094
"y",0.380714791128412
"V1",0.217529467539862
"V2",0.677779981167987
"V3",0.524988415418193
"V4",0.8617048044689
"V5",0.704686009790748
"V6",0.612482819939032
"V7",0.92398654227145
"V8",2.94881543517113
"V9",4.83452946506441
"V10",4.23086908180267
"V11",2.76058943197131
