"names","vals"
"Intercept",-8.23843189321319
"y",0.837968113832176
"V1",0.778207777068019
"V2",0.713598632253706
"V3",0.0936552993953228
"V4",0.216091135982424
"V5",0.468030310701579
"V6",0.91074048099108
"V7",0.487881055567414
"V8",1.85242761857808
"V9",1.1814504172653
"V10",3.49805325828493
"V11",4.67899918649346
