"names","vals"
"Intercept",-7.29636052832473
"y",0.729199229972437
"V1",0.286903872154653
"V2",0.648045500041917
"V3",0.518836628878489
"V4",0.320774401538074
"V5",0.212794750696048
"V6",0.827206266345456
"V7",0.875940118683502
"V8",3.89247501641512
"V9",3.57820611912757
"V10",2.0714538320899
"V11",4.15959402639419
