"names","vals"
"Intercept",-5.13749331946624
"y",0.912733947392553
"V1",0.185648925136775
"V2",0.584107475122437
"V3",0.619862879160792
"V4",0.848863535327837
"V5",0.452467197319493
"V6",0.821945212781429
"V7",1.9207584457472
"V8",4.76434925105423
"V9",2.10403359681368
