"names","vals"
"Intercept",-3.12063783973735
"y",0.177492077928036
"V1",0.449038916267455
"V2",0.879534132312983
"V3",0.33570464560762
"V4",0.505898419301957
"V5",2.70765019115061
