"names","vals"
"Intercept",-13.8743656028924
"y",0.0149866905994713
"V1",0.998266206821427
"V2",0.339072138769552
"V3",0.350954611087218
"V4",0.667925145942718
"V5",0.0433196066878736
"V6",0.592359020607546
"V7",0.920829215785488
"V8",0.895146873779595
"V9",3.91440417617559
"V10",4.86131217330694
"V11",3.03471437934786
"V12",2.37780933547765
"V13",2.77626687381417
