"names","vals"
"Intercept",-5.7973278297279
"y",0.670570214511827
"V1",0.604309332091361
"V2",0.442234118236229
"V3",0.275585958966985
"V4",0.167763317702338
"V5",0.141537002753466
"V6",0.456887815147638
"V7",0.237307974603027
"V8",2.5706047071144
"V9",2.30594621691853
"V10",3.44390985742211
"V11",1.6232864446938
