"names","vals"
"Intercept",-3.75104217239004
"y",0.622303693322465
"V1",0.308880583383143
"V2",0.431985367788002
"V3",0.340154157020152
"V4",0.879790579667315
"V5",0.831322990823537
"V6",0.189129133708775
"V7",4.65511484630406
"V8",4.07733227778226
"V9",1.12876946758479
