"names","vals"
"Intercept",-4.65190403058939
"y",0.168637480121106
"V1",0.0600347993895411
"V2",0.470469142775983
"V3",0.0557708409614861
"V4",0.287433572346345
"V5",0.891889409162104
"V6",1.74010805040598
"V7",3.8347183233127
