"names","vals"
"Intercept",-5.04126284812065
"y",0.143731008050963
"V1",0.360692810034379
"V2",0.235436409479007
"V3",0.776313567301258
"V4",0.227795560378581
"V5",0.614054239587858
"V6",0.360827144701034
"V7",4.47482467070222
"V8",1.61538044549525
"V9",4.86660657450557
