"names","vals"
"Intercept",-4.54943399119005
"y",0.913716241251677
"V1",0.384282291168347
"V2",0.0795085188001394
"V3",0.427554627414793
"V4",0.519507275428623
"V5",0.160280133830383
"V6",3.78160487953573
"V7",3.99086214229465
