"names","vals"
"Intercept",-14.1596134204608
"y",0.828631761251017
"V1",0.0649018490221351
"V2",0.464675017166883
"V3",0.3905001769308
"V4",0.405669766943902
"V5",0.596659873845056
"V6",0.563508044462651
"V7",0.462856266414747
"V8",0.824265411123633
"V9",4.86109432578087
"V10",1.54277455154806
"V11",2.24242835585028
"V12",4.78523558191955
"V13",3.32558605447412
