"names","vals"
"Intercept",-6.1571860605937
"y",0.69088069931604
"V1",0.45830787345767
"V2",0.636693493463099
"V3",0.291794489370659
"V4",0.710948662366718
"V5",0.140564470086247
"V6",0.668728310847655
"V7",3.52433615364134
"V8",2.01639425009489
"V9",1.29908985178918
