"names","vals"
"Intercept",-5.61345124395727
"y",0.535705879563466
"V1",0.757942348252982
"V2",0.194904034025967
"V3",0.105710317380726
"V4",0.54687200835906
"V5",0.25433067441918
"V6",0.721364048775285
"V7",0.443424411583692
"V8",0.474069579038769
"V9",1.39935625810176
"V10",2.18019584566355
"V11",1.49287789128721
"V12",1.39975744113326
"V13",1.09561796300113
