"names","vals"
"Intercept",-8.18879232807457
"y",0.531735060038045
"V1",0.427385391667485
"V2",0.974387689726427
"V3",0.737561063608155
"V4",0.929919498739764
"V5",0.288247425574809
"V6",0.599678618833423
"V7",0.0354647806379944
"V8",2.8940141806379
"V9",4.62412485573441
"V10",4.86649813409895
"V11",1.16194655187428
