"names","vals"
"Intercept",-7.5819921725688
"y",0.670461632078514
"V1",0.265708098420873
"V2",0.697413148358464
"V3",0.8982740403153
"V4",0.441158056259155
"V5",0.163010573014617
"V6",0.576128834858537
"V7",0.144573006080464
"V8",2.88136670738459
"V9",4.65192601270974
"V10",3.38035463169217
"V11",2.58520237728953
