"names","vals"
"Intercept",-6.34338771944726
"y",0.24894736520946
"V1",0.833083583507687
"V2",0.679623316274956
"V3",0.117609358858317
"V4",0.835550670512021
"V5",0.360537910601124
"V6",1.81041729915887
"V7",2.79017400555313
