"names","vals"
"Intercept",-8.64137457956653
"y",0.612217151094228
"V1",0.123501350637525
"V2",0.428732297150418
"V3",0.132721396628767
"V4",0.284887947607785
"V5",0.801733205793425
"V6",0.724464513594285
"V7",3.94387661479414
"V8",3.93331915419549
"V9",3.35817971453071
