"names","vals"
"Intercept",-6.65179639715655
"y",0.744445079006255
"V1",0.822842510649934
"V2",0.560374872526154
"V3",0.236085318261757
"V4",0.00617076829075813
"V5",0.704187022289261
"V6",0.709348211064935
"V7",2.36450613103807
"V8",2.37172084767371
"V9",2.74206717032939
