"names","vals"
"Intercept",-8.3823037453054
"y",0.822783392155543
"V1",0.370590155245736
"V2",0.642134098336101
"V3",0.526313609676436
"V4",0.809161535697058
"V5",0.108841815264896
"V6",0.112589923432097
"V7",4.6899129441008
"V8",2.93199973832816
"V9",2.72989304177463
