"names","vals"
"Intercept",-7.7817131486265
"y",0.757002903614193
"V1",0.308865441009402
"V2",0.471078763715923
"V3",0.656879586400464
"V4",0.753271601395682
"V5",0.546430068556219
"V6",0.190329788019881
"V7",1.6355071971193
"V8",4.57284281682223
"V9",4.81202640105039
