"names","vals"
"Intercept",-11.1314644417588
"y",0.943580592283979
"V1",0.851640310371295
"V2",0.0630587940104306
"V3",0.570393824018538
"V4",0.539713986217976
"V5",0.9182677003555
"V6",0.0207750562112778
"V7",0.707019722787663
"V8",0.258459179662168
"V9",4.71467119362205
"V10",3.89954951126128
"V11",3.19490123074502
"V12",1.67361844796687
"V13",2.02154620550573
