"names","vals"
"Intercept",-13.4850090691126
"y",0.945999328512698
"V1",0.386811077361926
"V2",0.209421900101006
"V3",0.450124496826902
"V4",0.726768095511943
"V5",0.965387661708519
"V6",0.99860668880865
"V7",0.171532839769498
"V8",0.622440653853118
"V9",2.38461719453335
"V10",4.67747453134507
"V11",4.11946840770543
"V12",3.8382106712088
"V13",1.22511709760875
