"names","vals"
"Intercept",-5.40451742059737
"y",0.17226514662616
"V1",0.846736881649122
"V2",0.960932918358594
"V3",0.117132300045341
"V4",0.464319833321497
"V5",0.527376679470763
"V6",0.30319658620283
"V7",0.362365245819092
"V8",4.0826841359958
"V9",3.38596134260297
"V10",3.64391286950558
"V11",3.58738886378706
