"names","vals"
"Intercept",-9.15257177147828
"y",0.991223121527582
"V1",0.560576820746064
"V2",0.166159661952406
"V3",0.26452189963311
"V4",0.441763384733349
"V5",0.487446341197938
"V6",0.81830304581672
"V7",4.52161368727684
"V8",2.61218806169927
"V9",2.05314820073545
