"names","vals"
"Intercept",-3.91936947851628
"y",0.841157186077908
"V1",0.0805994034744799
"V2",0.544431860325858
"V3",0.00133635266683996
"V4",0.917886391980574
"V5",0.654348173644394
"V6",2.83593223243952
"V7",2.71819060761482
