"names","vals"
"Intercept",-4.45354222161765
"y",0.955105348490179
"V1",0.628182935761288
"V2",0.653632676228881
"V3",0.530171555932611
"V4",0.341056928271428
"V5",0.767937839496881
"V6",0.295441736932844
"V7",1.18991924729198
"V8",4.45464411471039
"V9",4.3235535081476
