"names","vals"
"Intercept",-3.34224847708177
"y",0.975971865002066
"V1",0.808863975806162
"V2",0.124266706872731
"V3",0.85553982318379
"V4",0.469719599466771
"V5",0.762108298717067
"V6",3.46924176439643
"V7",2.78871087171137
