"names","vals"
"Intercept",-6.30982681472949
"y",0.955889353295788
"V1",0.0126714503858238
"V2",0.826579907909036
"V3",0.79177528177388
"V4",0.13296539708972
"V5",0.513776210369542
"V6",3.35045146849006
"V7",4.0843100277707
