"names","vals"
"Intercept",-6.72302301085275
"y",0.743334436090663
"V1",0.00134843913838267
"V2",0.464839978609234
"V3",0.646219360642135
"V4",0.297498418949544
"V5",0.177700957050547
"V6",0.761413390282542
"V7",2.06624574959278
"V8",3.23844001162797
"V9",2.16021276358515
