"names","vals"
"Intercept",-8.68161198053835
"y",0.410463090287521
"V1",0.331301379948854
"V2",0.0160788290668279
"V3",0.128065361641347
"V4",0.761356686474755
"V5",0.0718179533723742
"V6",0.932295626262203
"V7",0.887273516738787
"V8",2.23176195193082
"V9",2.5594351189211
"V10",3.89033595379442
"V11",4.41625160351396
