"names","vals"
"Intercept",-6.73953761725547
"y",0.241274248575792
"V1",0.612622741609812
"V2",0.228740571532398
"V3",0.0365952006541193
"V4",0.437282907776535
"V5",0.936323786852881
"V6",0.400423210347071
"V7",0.55605192692019
"V8",4.84513184707612
"V9",2.89926412981004
"V10",4.00839879829437
"V11",1.32794654648751
