"names","vals"
"Intercept",-9.77817026541801
"y",0.38665742543526
"V1",0.368980327388272
"V2",0.114096463657916
"V3",0.387853018939495
"V4",0.472861749818549
"V5",0.162684499984607
"V6",0.571805831510574
"V7",0.222960602492094
"V8",0.132034767884761
"V9",3.42082827631384
"V10",3.09387078043073
"V11",4.255998397246
"V12",1.11817240528762
"V13",1.69638049043715
