"names","vals"
"Intercept",-3.94003380175214
"y",0.41745448927395
"V1",0.301732751075178
"V2",0.498677920782939
"V3",0.398702040314674
"V4",0.93880327581428
"V5",0.87791088456288
"V6",4.1193809946999
"V7",4.91879953723401
