"names","vals"
"Intercept",-5.41507389243762
"y",0.526553022675216
"V1",0.67558419960551
"V2",0.859210677910596
"V3",0.112877949606627
"V4",0.592987187206745
"V5",0.638985955854878
"V6",0.626336679095402
"V7",0.0349109470844269
"V8",0.250389849068597
"V9",4.60789181757718
"V10",2.1439715353772
"V11",4.51828295737505
"V12",3.69617110863328
"V13",1.60788029339164
