"names","vals"
"Intercept",-3.49941704437276
"y",0.02436149911955
"V1",0.635555509012192
"V2",0.0091603584587574
"V3",0.334472958231345
"V4",0.626364192925394
"V5",0.881908553419635
"V6",0.418710153317079
"V7",1.72905230615288
"V8",4.35898548830301
"V9",1.08030079118907
