"names","vals"
"Intercept",-5.73332870719116
"y",0.284429314779118
"V1",0.82909972127527
"V2",0.402377319522202
"V3",0.910103228408843
"V4",0.852990831714123
"V5",0.663643437903374
"V6",0.362900571199134
"V7",1.0726679796353
"V8",2.92598040029407
"V9",2.92342804465443
