"names","vals"
"Intercept",-5.11730992898508
"y",0.531161179533228
"V1",0.777773580746725
"V2",0.894076138501987
"V3",0.32658095122315
"V4",0.306789878290147
"V5",0.930527207208797
"V6",0.25393589050509
"V7",2.88777530379593
"V8",4.52348970528692
"V9",3.04320821817964
