"names","vals"
"Intercept",-2.3558831514623
"y",0.713540718657896
"V1",0.354646545834839
"V2",0.353706836001948
"V3",0.494765978772193
"V4",0.995718055870384
"V5",0.589870347175747
"V6",1.74042744748294
"V7",1.71308181528002
