"names","vals"
"Intercept",-3.88466512516024
"y",0.673519558040425
"V1",0.4293715772219
"V2",0.0420144237577915
"V3",0.532279283972457
"V4",0.874918140703812
"V5",0.688350931042805
"V6",3.38621680531651
"V7",4.16852052416652
