"names","vals"
"Intercept",-6.76253769716201
"y",0.589388678083196
"V1",0.568195882020518
"V2",0.500804930925369
"V3",0.88951703067869
"V4",0.907510889694095
"V5",0.400287384632975
"V6",4.80749039445072
"V7",1.88636955432594
