"names","vals"
"Intercept",-1.76176457805419
"y",0.103316411143169
"V1",0.498730479972437
"V2",0.933276591822505
"V3",0.806360558839515
"V4",0.0443249649833888
"V5",1.3661397555843
