"names","vals"
"Intercept",-9.83124724882375
"y",0.488233746960759
"V1",0.832085221074522
"V2",0.441972098546103
"V3",0.945560164982453
"V4",0.201388493180275
"V5",0.484764620894566
"V6",0.00668694591149688
"V7",0.46437809872441
"V8",2.84042713139206
"V9",3.23356692306697
"V10",2.67170611117035
"V11",2.67403121292591
