"names","vals"
"Intercept",-13.9190032537514
"y",0.949434657115489
"V1",0.491576666478068
"V2",0.528080168412998
"V3",0.810121171874925
"V4",0.528627035906538
"V5",0.571810011053458
"V6",0.552144427085295
"V7",0.52275004866533
"V8",3.73541650082916
"V9",4.96041351836175
"V10",3.04404007736593
"V11",2.31631946843117
