"names","vals"
"Intercept",-4.71300432252069
"y",0.582435638876632
"V1",0.657109281979501
"V2",0.378277454525232
"V3",0.740254372358322
"V4",0.66401245794259
"V5",0.968499619979411
"V6",0.0980759758967906
"V7",3.59650662820786
"V8",1.71531517710537
"V9",1.1453740876168
