"names","vals"
"Intercept",-15.2213198203812
"y",0.0362003156915307
"V1",0.461083352798596
"V2",0.412007637321949
"V3",0.429185202578083
"V4",0.875021410407498
"V5",0.258640037616715
"V6",0.977180754067376
"V7",0.0947014035191387
"V8",0.146180269075558
"V9",4.78044917155057
"V10",2.44560995604843
"V11",1.51684774737805
"V12",3.80533210467547
"V13",4.44654159341007
