"names","vals"
"Intercept",-1.9014996564975
"y",0.515487345634028
"V1",0.449295624159276
"V2",0.201602379791439
"V3",0.073490303941071
"V4",0.688956334721297
"V5",2.49979116953909
