"names","vals"
"Intercept",-10.076606711017
"y",0.358513660496101
"V1",0.668576583033428
"V2",0.11658469773829
"V3",0.732839924516156
"V4",0.199033655226231
"V5",0.53008865728043
"V6",0.053585117449984
"V7",0.699101473903283
"V8",0.830577366054058
"V9",2.89391182549298
"V10",4.3965860158205
"V11",1.51025221589953
"V12",2.50843258574605
"V13",4.9773755967617
