"names","vals"
"Intercept",-3.08748346202821
"y",0.940770463552326
"V1",0.358160988660529
"V2",0.167954313568771
"V3",0.547816468169913
"V4",0.504044450586662
"V5",0.388623280217871
"V6",3.39991449378431
"V7",2.04191381856799
