"names","vals"
"Intercept",-8.4071162627507
"y",0.523094543488696
"V1",0.48036262113601
"V2",0.35661012143828
"V3",0.0331784172449261
"V4",0.125511941965669
"V5",0.873702568002045
"V6",0.455045589944348
"V7",0.298914720769972
"V8",1.30749075766653
"V9",2.5059787845239
"V10",2.29051426332444
"V11",2.5437178760767
