"names","vals"
"Intercept",-4.83117776193982
"y",0.377791390754282
"V1",0.959982110653073
"V2",0.00876306276768446
"V3",0.88938737148419
"V4",0.670204653637484
"V5",4.04441216960549
