"names","vals"
"Intercept",-4.24098611354735
"y",0.0783032146282494
"V1",0.41589170624502
"V2",0.502934327349067
"V3",0.707689881790429
"V4",0.621216832427308
"V5",3.39092349633574
