"names","vals"
"Intercept",-10.7609495886751
"y",0.478067095391452
"V1",0.938005197327584
"V2",0.912766012130305
"V3",0.0673674608115107
"V4",0.085346532985568
"V5",0.569609708618373
"V6",0.267933976603672
"V7",0.64707161183469
"V8",0.806052121100947
"V9",1.75078881345689
"V10",3.48673358093947
"V11",2.97932783979923
"V12",4.41356340609491
"V13",2.73038719035685
