"names","vals"
"Intercept",-1.78802441654727
"y",0.834908894263208
"V1",0.250991059700027
"V2",0.117492925608531
"V3",0.169031899422407
"V4",0.0975055063609034
"V5",3.90717633534223
