"names","vals"
"Intercept",-9.64345483513432
"y",0.606117149582133
"V1",0.263655434828252
"V2",0.533816752256826
"V3",0.924186829011887
"V4",0.473967137746513
"V5",0.257615837268531
"V6",0.418416640721262
"V7",0.274853998562321
"V8",0.584467409877107
"V9",2.24842642992735
"V10",3.89767744671553
"V11",2.41623527090997
"V12",2.80577404145151
"V13",4.68919403478503
