"names","vals"
"Intercept",-8.9871075787479
"y",0.188625936862081
"V1",0.950113547733054
"V2",0.69192306487821
"V3",0.287768387701362
"V4",0.621655466035008
"V5",0.40787725104019
"V6",0.280313837807626
"V7",0.312333317939192
"V8",0.765315335942432
"V9",1.08412547409534
"V10",1.53278094902635
"V11",1.03215782064945
"V12",2.96834266744554
"V13",3.62220393307507
