"names","vals"
"Intercept",-9.76398482500156
"y",0.941476432606578
"V1",0.0946678014006466
"V2",0.334246889688075
"V3",0.673657910432667
"V4",0.716539326356724
"V5",0.966922997264192
"V6",0.624623204115778
"V7",0.478407646529377
"V8",0.198548990301788
"V9",4.96565327607095
"V10",4.8186211977154
"V11",2.96496182866395
"V12",1.95438324287534
"V13",3.40482409391552
