"names","vals"
"Intercept",-3.93400739181531
"y",0.00285041285678744
"V1",0.816496814833954
"V2",0.905205240705982
"V3",0.952669556019828
"V4",0.0636905799619853
"V5",0.980589683866128
"V6",2.61306127160788
"V7",3.25504046212882
