"names","vals"
"Intercept",-6.06622414483828
"y",0.496738681802526
"V1",0.165268045850098
"V2",0.713030434213579
"V3",0.110679125413299
"V4",0.343886480201036
"V5",0.912869783584028
"V6",0.559773772023618
"V7",4.64644928183407
"V8",3.37768289353698
"V9",3.04670550953597
