"names","vals"
"Intercept",-2.39152914238721
"y",0.361588071566075
"V1",0.897912038955837
"V2",0.347773231333122
"V3",0.45099906437099
"V4",0.383380688261241
"V5",3.50489268358797
