"names","vals"
"Intercept",-10.8363903447548
"y",0.85050110775046
"V1",0.926817634608597
"V2",0.480360849993303
"V3",0.831870456459001
"V4",0.744578145677224
"V5",0.134807680500671
"V6",0.817727455869317
"V7",0.967302649281919
"V8",1.66388580296189
"V9",2.47140293568373
"V10",2.24438180960715
"V11",4.34240222722292
