"names","vals"
"Intercept",-3.80610429025209
"y",0.909567933995277
"V1",0.583722037496045
"V2",0.91627106256783
"V3",0.0375417564064264
"V4",0.116188960615546
"V5",0.94162963074632
"V6",0.182181740645319
"V7",0.690225084777921
"V8",2.47158282529563
"V9",3.29952245205641
"V10",4.1649869363755
"V11",1.986546671018
