"names","vals"
"Intercept",-4.22679943886166
"y",0.355436094105244
"V1",0.936934967990965
"V2",0.984171140007675
"V3",0.333908324828371
"V4",0.889910515863448
"V5",0.0140641748439521
"V6",2.08078392129391
"V7",1.99802312813699
