"names","vals"
"Intercept",-2.62919439972146
"y",0.468645473476499
"V1",0.697637546341866
"V2",0.910155029734597
"V3",0.530003073625267
"V4",0.892173030413687
"V5",3.9397290777415
