"names","vals"
"Intercept",-4.60850057266001
"y",0.958461890695617
"V1",0.907069356879219
"V2",0.27383761596866
"V3",0.608881492866203
"V4",0.614390847738832
"V5",0.52279463247396
"V6",0.436413885327056
"V7",2.1842716736719
"V8",4.73270956147462
"V9",3.71538219507784
