"names","vals"
"Intercept",-12.3111021760968
"y",0.783475249772891
"V1",0.323290403932333
"V2",0.321405322058126
"V3",0.746962183620781
"V4",0.030249904608354
"V5",0.243210915243253
"V6",0.413544269278646
"V7",0.532148583093658
"V8",0.441531382268295
"V9",3.96393210906535
"V10",4.10483786929399
"V11",3.00446873344481
"V12",3.90222427994013
"V13",4.8816589275375
