"names","vals"
"Intercept",-0.605609335776884
"y",0.308061816496775
"V1",0.857968545984477
"V2",0.169743064558133
"V3",0.0497325838077813
"V4",0.230885861208662
"V5",0.273221902549267
"V6",3.92919150926173
"V7",1.9057743139565
