"names","vals"
"Intercept",-6.87727822360164
"y",0.752812616992742
"V1",0.672172501683235
"V2",0.96315459231846
"V3",0.0066779104527086
"V4",0.767922714818269
"V5",0.0795460434164852
"V6",0.230335691478103
"V7",4.02898733038455
"V8",4.8290496179834
"V9",4.88305210042745
