"names","vals"
"Intercept",-2.4108759048176
"y",0.123331995215267
"V1",0.341842797817662
"V2",0.736604198580608
"V3",0.960356685565785
"V4",0.533818947616965
"V5",2.01481707394123
