"names","vals"
"Intercept",-4.12311096352572
"y",0.91967787919566
"V1",0.834296954562888
"V2",0.720562196802348
"V3",0.0996224763803184
"V4",0.866215963615105
"V5",0.963596658082679
"V6",0.338701924309134
"V7",4.49674189276993
"V8",2.54188328143209
"V9",4.08567219227552
