"names","vals"
"Intercept",-4.27485098699853
"y",0.619566200533882
"V1",0.197599723935127
"V2",0.424593903589994
"V3",0.519893917953596
"V4",0.939598119119182
"V5",0.419941597385332
"V6",3.27735455613583
"V7",1.40863999258727
