"names","vals"
"Intercept",-3.65898550923355
"y",0.425010540056974
"V1",0.194996766746044
"V2",0.0911011134739965
"V3",0.476289668586105
"V4",0.0903315264731646
"V5",0.103313930565491
"V6",0.133280446520075
"V7",4.03893436305225
"V8",2.09161017742008
"V9",1.017951419577
