"names","vals"
"Intercept",-7.45622732070135
"y",0.968785430537537
"V1",0.463484279811382
"V2",0.117462728405371
"V3",0.947893972974271
"V4",0.904836873756722
"V5",0.460719723952934
"V6",0.063931125216186
"V7",4.75128348916769
"V8",1.71232776157558
"V9",4.10498382989317
