"names","vals"
"Intercept",-3.97988197461516
"y",0.0482385677751154
"V1",0.127429357497022
"V2",0.377170531544834
"V3",0.0685371353756636
"V4",0.716795409098268
"V5",3.75692259334028
