"names","vals"
"Intercept",-7.26161794895865
"y",0.355010309489444
"V1",0.48208807897754
"V2",0.890870409552008
"V3",0.790898831561208
"V4",0.0912341407965869
"V5",0.218110035173595
"V6",0.72053637332283
"V7",2.49292095191777
"V8",1.42096042167395
"V9",4.572081358172
