"names","vals"
"Intercept",-2.11363021592819
"y",0.994593077804893
"V1",0.73975299904123
"V2",0.586460651829839
"V3",0.267920066136867
"V4",0.343688176712021
"V5",4.16997471265495
