"names","vals"
"Intercept",-9.71206406263309
"y",0.819444637047127
"V1",0.825678806286305
"V2",0.278062357800081
"V3",0.749489766079932
"V4",0.3790816469118
"V5",0.529923476744443
"V6",0.543340794742107
"V7",1.91867186874151
"V8",2.02999740280211
"V9",4.87897787522525
