"names","vals"
"Intercept",-4.25968395061512
"y",0.339798316825181
"V1",0.448368714889511
"V2",0.0916247433051467
"V3",0.192233320325613
"V4",0.465029237559065
"V5",0.413675415329635
"V6",3.23838964942843
"V7",2.0497108893469
