"names","vals"
"Intercept",-7.07528661533631
"y",0.215364990057424
"V1",0.628375767031685
"V2",0.906376740662381
"V3",0.153831207659096
"V4",0.359332998050377
"V5",0.236992578255013
"V6",0.605657413834706
"V7",0.217938269022852
"V8",0.159782493021339
"V9",4.73182063177228
"V10",2.97715262044221
"V11",4.65690315142274
"V12",1.9502568161115
"V13",2.33541821502149
