"names","vals"
"Intercept",-5.27728857371467
"y",0.846212182659656
"V1",0.116106367437169
"V2",0.0581599134020507
"V3",0.0108941122889519
"V4",0.253519288962707
"V5",0.154106808127835
"V6",0.68235499621369
"V7",2.2868505641818
"V8",3.13230104278773
"V9",3.74455869477242
