"names","vals"
"Intercept",-12.1693949032302
"y",0.469185428693891
"V1",0.441998829133809
"V2",0.808038293616846
"V3",0.697084479033947
"V4",0.25586358574219
"V5",0.940134857548401
"V6",0.569913916522637
"V7",0.774308799300343
"V8",1.32582269888371
"V9",4.96097624767572
"V10",2.97253918461502
"V11",4.5073697110638
