"names","vals"
"Intercept",-2.55005387174222
"y",0.95982764987275
"V1",0.691721105016768
"V2",0.300732596078888
"V3",0.942890410777181
"V4",0.491494297748432
"V5",1.59509344957769
