"names","vals"
"Intercept",-8.85171306740446
"y",0.495090465294197
"V1",0.215541158104315
"V2",0.400385892018676
"V3",0.0762849033344537
"V4",0.474093340802938
"V5",0.347944711335003
"V6",0.96135651320219
"V7",0.120561927556992
"V8",1.0039484994486
"V9",4.10045845899731
"V10",3.80779969133437
"V11",3.22560321167111
