"names","vals"
"Intercept",-3.69145082545071
"y",0.056893777102232
"V1",0.189089361811057
"V2",0.0794920576736331
"V3",0.830571664962918
"V4",0.655426311539486
"V5",0.703529042657465
"V6",3.28894108813256
"V7",1.91186094842851
