"names","vals"
"Intercept",-4.33419089214411
"y",0.979444533586502
"V1",0.127801789902151
"V2",0.015696399146691
"V3",0.0804176758974791
"V4",0.627027713926509
"V5",0.448715927777812
"V6",0.885326073970646
"V7",1.04287866596133
"V8",1.35293661151081
"V9",3.12898525223136
