"names","vals"
"Intercept",-11.4408306064499
"y",0.645869451807812
"V1",0.300006620120257
"V2",0.870931654470041
"V3",0.906338791362941
"V4",0.781066305702552
"V5",0.275758371688426
"V6",0.0830021481961012
"V7",0.276493489742279
"V8",0.46178310434334
"V9",1.92572858091444
"V10",4.92328000999987
"V11",3.76785400044173
"V12",4.79087232705206
"V13",3.69143382459879
