"names","vals"
"Intercept",-8.0823165261345
"y",0.882865441730246
"V1",0.953405852196738
"V2",0.333400631090626
"V3",0.205413456074893
"V4",0.111091270577163
"V5",0.874328646343201
"V6",0.788606683956459
"V7",0.0559192742221057
"V8",0.79542215494439
"V9",2.2471709176898
"V10",2.07390524633229
"V11",3.07208778616041
"V12",2.9664478590712
"V13",2.36238999292254
