"names","vals"
"Intercept",-2.83540368740773
"y",0.452880923869088
"V1",0.377303681103513
"V2",0.836607380770147
"V3",0.210156104294583
"V4",0.736625623423606
"V5",0.275879628257826
"V6",4.95546546205878
"V7",1.84164363425225
