"names","vals"
"Intercept",-4.4032536891452
"y",0.387040597386658
"V1",0.532282195519656
"V2",0.725612331880257
"V3",0.716293988283724
"V4",0.221677885390818
"V5",0.386393414111808
"V6",1.3380029629916
"V7",2.47838445473462
