"names","vals"
"Intercept",-2.78209226674191
"y",0.872614423045889
"V1",0.0457103252410889
"V2",0.760460121789947
"V3",0.2875960865058
"V4",0.261000036261976
"V5",2.34927523974329
