"names","vals"
"Intercept",-10.6921347472658
"y",0.557723231380805
"V1",0.793111024657264
"V2",0.284055864671245
"V3",0.981163895688951
"V4",0.87937371735461
"V5",0.847898952430114
"V6",0.132205108879134
"V7",0.631665869383141
"V8",0.767931834096089
"V9",4.85838640574366
"V10",2.40762950200588
"V11",1.63244164828211
"V12",3.22971296589822
"V13",4.9562213467434
