"names","vals"
"Intercept",-3.81785481431522
"y",0.653556895675138
"V1",0.32938105519861
"V2",0.0362431721296161
"V3",0.86475656600669
"V4",0.795156604843214
"V5",4.67262126039714
