"names","vals"
"Intercept",-4.89137791000493
"y",0.126092575024813
"V1",0.108245773706585
"V2",0.722387865418568
"V3",0.165940241422504
"V4",0.6501792029012
"V5",0.354751764098182
"V6",0.442002356983721
"V7",0.89058232284151
"V8",0.226785655366257
"V9",2.8858747202903
"V10",1.23077420052141
"V11",1.72817713674158
"V12",2.72003493178636
"V13",4.32424712087959
