"names","vals"
"Intercept",-6.88088701743959
"y",0.981700190808624
"V1",0.289936517365277
"V2",0.624825038714334
"V3",0.542533324798569
"V4",0.645417777821422
"V5",0.958411989500746
"V6",4.00596204772592
"V7",2.61934932600707
