"names","vals"
"Intercept",-0.914971408923622
"y",0.209115024423227
"V1",0.751308541046456
"V2",0.764986894791946
"V3",0.685372770996764
"V4",0.312069879379123
"V5",1.61585022974759
