"names","vals"
"Intercept",-8.44041430512723
"y",0.787048404570669
"V1",0.0659481012262404
"V2",0.642558123683557
"V3",0.327145636780187
"V4",0.533629689365625
"V5",0.593095562420785
"V6",0.674771673511714
"V7",1.36677367053926
"V8",3.81642109993845
"V9",3.32955307606608
