"names","vals"
"Intercept",-3.03919449360529
"y",0.843068245798349
"V1",0.704716415842995
"V2",0.717791443224996
"V3",0.953221224015579
"V4",0.445284457877278
"V5",2.28513848502189
