"names","vals"
"Intercept",-3.4485145528859
"y",0.799731533275917
"V1",0.127395869465545
"V2",0.766083615133539
"V3",0.495664454996586
"V4",0.646367507753894
"V5",3.74960288126022
