"names","vals"
"Intercept",-10.8709408688406
"y",0.370353006990626
"V1",0.612135179340839
"V2",0.408810591557994
"V3",0.38061069115065
"V4",0.321252568159252
"V5",0.721124179661274
"V6",0.120725573739037
"V7",0.15738794230856
"V8",0.245557397138327
"V9",4.5298471506685
"V10",4.34755486063659
"V11",3.29931865166873
"V12",4.62346193566918
"V13",2.17064350936562
