"names","vals"
"Intercept",-2.42354919145675
"y",0.00205781613476574
"V1",0.276735625462607
"V2",0.0771582412999123
"V3",0.506517980480567
"V4",0.220721591962501
"V5",4.41920453310013
