"names","vals"
"Intercept",-5.80085886785528
"y",0.016513524344191
"V1",0.362637106794864
"V2",0.224454744253308
"V3",0.640191060956568
"V4",0.0794537081383169
"V5",0.173127471236512
"V6",0.412737417034805
"V7",0.121527711395174
"V8",0.90753190824762
"V9",1.55503103788942
"V10",3.11326492205262
"V11",1.55944504775107
"V12",1.85586704127491
"V13",1.02509719040245
