"names","vals"
"Intercept",-9.27385762649821
"y",0.250158512732014
"V1",0.992556294659153
"V2",0.250361576443538
"V3",0.815534659428522
"V4",0.381990755675361
"V5",0.324731987668201
"V6",0.341866194037721
"V7",0.0519691337831318
"V8",0.655981943244115
"V9",4.31886476278305
"V10",4.34935188200325
"V11",2.06306053511798
"V12",2.1148432623595
"V13",2.48203155957162
