"names","vals"
"Intercept",-4.21069602233544
"y",0.242535428609699
"V1",0.772116423817351
"V2",0.302226110128686
"V3",0.886377096874639
"V4",0.223405385389924
"V5",0.789662939263508
"V6",1.39059707336128
"V7",1.36674768850207
