"names","vals"
"Intercept",-8.2251321468472
"y",0.285283654462546
"V1",0.601669148309156
"V2",0.943499757209793
"V3",0.891367387259379
"V4",0.129245574586093
"V5",0.430987020023167
"V6",0.864191865548491
"V7",0.406176967779174
"V8",1.4049804341048
"V9",2.62107805814594
"V10",3.18493882473558
"V11",2.52477705013007
