"names","vals"
"Intercept",-11.8064131406234
"y",0.84395263530314
"V1",0.628393279854208
"V2",0.477407158585265
"V3",0.394669729517773
"V4",0.315547903068364
"V5",0.33490136009641
"V6",0.148898642975837
"V7",0.863719729706645
"V8",3.54010639898479
"V9",2.15926317218691
"V10",4.37130277045071
"V11",4.80777986906469
