"names","vals"
"Intercept",-3.00575746783475
"y",0.537389824632555
"V1",0.183663080679253
"V2",0.00380529975518584
"V3",0.378573131980374
"V4",0.114956606645137
"V5",0.244813044322655
"V6",0.308225048473105
"V7",2.19339461717755
"V8",3.19258534908295
"V9",1.02258238103241
