"names","vals"
"Intercept",-13.1755674489653
"y",0.602531508775428
"V1",0.949683858314529
"V2",0.858336964854971
"V3",0.53471033112146
"V4",0.540718250907958
"V5",0.610642502084374
"V6",0.744488191092387
"V7",0.971944013843313
"V8",0.0763562123756856
"V9",3.19696842785925
"V10",1.58870940748602
"V11",1.15034159086645
"V12",4.82659806776792
"V13",4.72187279351056
