"names","vals"
"Intercept",-3.72975241142372
"y",0.274159908294678
"V1",0.0588256733026356
"V2",0.132146098650992
"V3",0.530911173904315
"V4",0.787780150072649
"V5",0.505851563066244
"V6",3.19298508670181
"V7",3.70412260759622
