"names","vals"
"Intercept",-5.54330406069756
"y",0.554409185657278
"V1",0.0595115039031953
"V2",0.270722112152725
"V3",0.711187331005931
"V4",0.544927876442671
"V5",0.759128023870289
"V6",0.999415749916807
"V7",0.475356783717871
"V8",1.96732619311661
"V9",2.27720764372498
"V10",4.59094159211963
"V11",4.22353487741202
