"names","vals"
"Intercept",-9.7221333923717
"y",0.724494707072154
"V1",0.855892989085987
"V2",0.0984901043120772
"V3",0.935109835816547
"V4",0.836081629619002
"V5",0.60396193806082
"V6",0.38126795575954
"V7",0.734681379515678
"V8",0.210913890972733
"V9",4.10786804556847
"V10",1.12160171288997
"V11",3.66898023337126
"V12",1.08486423175782
"V13",2.19584717974067
