"names","vals"
"Intercept",-4.6332889830952
"y",0.334561123047024
"V1",0.767014496726915
"V2",0.206494117388502
"V3",0.195468548685312
"V4",0.873061061603948
"V5",4.03508595190942
