"names","vals"
"Intercept",-4.56567161308415
"y",0.180309829302132
"V1",0.0481339890975505
"V2",0.489852038444951
"V3",0.998791594291106
"V4",0.342179182218388
"V5",4.51416737958789
