"names","vals"
"Intercept",-3.20756297002547
"y",0.819669019896537
"V1",0.383779014926404
"V2",0.227779755601659
"V3",0.261611126596108
"V4",0.350835545687005
"V5",3.85935172718018
