"names","vals"
"Intercept",-3.60309644413041
"y",0.372998074861243
"V1",0.0388087567407638
"V2",0.466193541418761
"V3",0.140572826145217
"V4",0.482478801859543
"V5",0.172439923742786
"V6",0.32562807854265
"V7",1.11254623904824
"V8",2.95758590102196
"V9",3.25189179461449
