"names","vals"
"Intercept",-9.43101612497493
"y",0.947831416502595
"V1",0.725046311039478
"V2",0.17494798428379
"V3",0.676005641696975
"V4",0.297161677852273
"V5",0.70304609881714
"V6",0.451334168901667
"V7",0.424005700973794
"V8",0.645300631644204
"V9",1.63551279623061
"V10",3.30497517529875
"V11",2.36427594348788
"V12",3.80204708408564
"V13",1.98609220888466
