"names","vals"
"Intercept",-1.90191926335357
"y",0.872317592380568
"V1",0.882434682454914
"V2",0.859979948028922
"V3",0.0103990007191896
"V4",0.862497890368104
"V5",3.23882743343711
