"names","vals"
"Intercept",-10.9228283558211
"y",0.873745535966009
"V1",0.30406427080743
"V2",0.835285284090787
"V3",0.59212266956456
"V4",0.00452271709218621
"V5",0.686879066051915
"V6",0.978395963087678
"V7",0.591965879080817
"V8",0.247680300846696
"V9",2.86176371295005
"V10",2.98115213867277
"V11",2.87635954190046
"V12",2.65842578466982
"V13",4.9257825249806
