"names","vals"
"Intercept",-1.34757679284969
"y",0.764215594623238
"V1",0.688269382342696
"V2",0.714745442382991
"V3",0.564059460069984
"V4",0.267250494332984
"V5",1.47829739376903
