"names","vals"
"Intercept",-2.20966897459957
"y",0.0364807979203761
"V1",0.0281927222386003
"V2",0.315103076631203
"V3",0.314463242422789
"V4",0.0884373597800732
"V5",2.76398587878793
