"names","vals"
"Intercept",-4.19538639662834
"y",0.0425203810445964
"V1",0.672196621308103
"V2",0.941045626299456
"V3",0.95572205632925
"V4",0.011494749924168
"V5",0.652729484718293
"V6",0.172892407746986
"V7",1.00190424360335
"V8",4.69455422367901
"V9",2.73208978585899
