"names","vals"
"Intercept",-5.14473592188838
"y",0.753410405945033
"V1",0.388978304341435
"V2",0.51573292654939
"V3",0.957107928581536
"V4",0.431958665605634
"V5",0.599651254713535
"V6",0.056881261523813
"V7",4.71265608072281
"V8",1.80352504737675
"V9",1.06907692737877
