"names","vals"
"Intercept",-7.34855721754651
"y",0.225834242533892
"V1",0.593985040904954
"V2",0.1777909391094
"V3",0.878935024607927
"V4",0.629648693371564
"V5",0.766045999946073
"V6",0.228451549541205
"V7",3.29954496212304
"V8",3.40646497998387
"V9",2.11084658559412
