"names","vals"
"Intercept",-7.4084595537798
"y",0.288069928763434
"V1",0.785619712434709
"V2",0.0595269522164017
"V3",0.48226418835111
"V4",0.589804467279464
"V5",0.736098812893033
"V6",0.129638427868485
"V7",0.142433428904042
"V8",0.808465133188292
"V9",2.72615393530577
"V10",3.21606738772243
"V11",1.8044051323086
"V12",2.28401563223451
"V13",3.2656530784443
