"names","vals"
"Intercept",-5.43130223571626
"y",0.423544055782259
"V1",0.942589772399515
"V2",0.608360114274547
"V3",0.535664603579789
"V4",0.863955251406878
"V5",0.487294644350186
"V6",4.9735674476251
"V7",4.09763870667666
