"names","vals"
"Intercept",-4.23026879918156
"y",0.879122636048123
"V1",0.120032302802429
"V2",0.782871413277462
"V3",0.624796816147864
"V4",0.141598059562966
"V5",2.48435544036329
