"names","vals"
"Intercept",-7.01773511742801
"y",0.116860382724553
"V1",0.325514145428315
"V2",0.844749151030555
"V3",0.240830151829869
"V4",0.673491518711671
"V5",0.276619737036526
"V6",0.856717480579391
"V7",4.64971299376339
"V8",3.07598379533738
"V9",2.1130942357704
