"names","vals"
"Intercept",-3.08243238879694
"y",0.0350749066565186
"V1",0.325165399117395
"V2",0.730156269390136
"V3",0.0887122391723096
"V4",0.508995515061542
"V5",0.154076160863042
"V6",0.0930126155726612
"V7",3.6444730097428
"V8",4.33166120667011
"V9",4.71810503210872
