"names","vals"
"Intercept",-4.65791831550514
"y",0.0679099673870951
"V1",0.899153672158718
"V2",0.0752013446763158
"V3",0.543804048327729
"V4",0.00697083049453795
"V5",0.194395495345816
"V6",0.228253883542493
"V7",0.0310831523966044
"V8",0.471031370339915
"V9",1.46660728752613
"V10",3.21709314454347
"V11",1.5004969611764
"V12",1.35770972538739
"V13",4.44961544126272
