"names","vals"
"Intercept",-5.69662581988587
"y",0.308762761531398
"V1",0.307815582724288
"V2",0.538589480798692
"V3",0.95611796551384
"V4",0.517035868717358
"V5",0.0670095297973603
"V6",0.542599925771356
"V7",4.06194239575416
"V8",1.56285721436143
"V9",3.17430575191975
