"names","vals"
"Intercept",-14.0026897757847
"y",0.535931381396949
"V1",0.127978598466143
"V2",0.60005608946085
"V3",0.471945232478902
"V4",0.833408440230414
"V5",0.520108703756705
"V6",0.419330463046208
"V7",0.873544675996527
"V8",0.648070580558851
"V9",1.34808119013906
"V10",3.78671911545098
"V11",4.55215639621019
"V12",4.66403605230153
"V13",2.78855748195201
