"names","vals"
"Intercept",-5.64586105614156
"y",0.607055472675711
"V1",0.441559363622218
"V2",0.533811344532296
"V3",0.135046469280496
"V4",0.610819981899112
"V5",0.227911464637145
"V6",0.0857637543231249
"V7",0.632538119098172
"V8",2.92860823776573
"V9",2.86718041170388
"V10",1.6771172164008
"V11",3.55182239226997
