"names","vals"
"Intercept",-9.47652445970941
"y",0.893546089995652
"V1",0.393678825581446
"V2",0.430067806039006
"V3",0.622818653471768
"V4",0.0229559114668518
"V5",0.0304301329888403
"V6",0.44490303681232
"V7",0.855954121332616
"V8",4.63948807492852
"V9",4.60137614235282
"V10",3.62096684612334
"V11",2.82722636312246
