"names","vals"
"Intercept",-8.30447821602924
"y",0.659269597381353
"V1",0.60189246898517
"V2",0.81355070695281
"V3",0.707482342142612
"V4",0.179966564523056
"V5",0.164941212395206
"V6",0.116408112226054
"V7",0.267581835621968
"V8",0.619353382615373
"V9",4.85824380349368
"V10",3.68505371175706
"V11",3.44179864693433
"V12",3.07492980733514
"V13",2.30820800643414
