"names","vals"
"Intercept",-3.60154887329461
"y",0.0931580781470984
"V1",0.307211807230487
"V2",0.0919204684905708
"V3",0.483900317689404
"V4",0.174406215082854
"V5",0.277538058813661
"V6",0.145079012494534
"V7",1.53635591734201
"V8",3.96113082859665
"V9",4.91384794935584
