"names","vals"
"Intercept",-7.33348896781867
"y",0.4830810171552
"V1",0.423807295970619
"V2",0.56343009439297
"V3",0.431995559949428
"V4",0.829149540048093
"V5",0.104385788086802
"V6",0.468935426790267
"V7",0.544934501172975
"V8",2.456229461357
"V9",1.08337566908449
"V10",4.63826770242304
"V11",4.58043817803264
