"names","vals"
"Intercept",-1.29307880399888
"y",0.969219773076475
"V1",0.336475569056347
"V2",0.463403354398906
"V3",0.521384748164564
"V4",0.930523544317111
"V5",1.25882956385612
