"names","vals"
"Intercept",-5.89357343806
"y",0.491890159668401
"V1",0.304578070295975
"V2",0.879993917886168
"V3",0.286119232652709
"V4",0.970518150134012
"V5",0.472852302948013
"V6",1.7618464352563
"V7",2.18362012598664
