"names","vals"
"Intercept",-5.62128970287298
"y",0.780548667535186
"V1",0.858723518671468
"V2",0.490311322500929
"V3",0.16056146309711
"V4",0.606340356869623
"V5",0.671804594574496
"V6",4.46160926576704
"V7",1.54302186239511
