"names","vals"
"Intercept",-10.7192089107842
"y",0.16014243173413
"V1",0.682307477574795
"V2",0.988982485374436
"V3",0.812829479807988
"V4",0.316104519180954
"V5",0.209291161270812
"V6",0.591361083323136
"V7",0.122165350010619
"V8",3.03777458332479
"V9",3.92679927498102
"V10",4.1425511315465
"V11",1.95277216564864
