"names","vals"
"Intercept",-4.33256020804541
"y",0.311941206455231
"V1",0.94473037077114
"V2",0.951699212891981
"V3",0.888730478473008
"V4",0.0999085404910147
"V5",0.716908678179607
"V6",1.35256961919367
"V7",2.18055398762226
