"names","vals"
"Intercept",-4.58501019757078
"y",0.75521903578192
"V1",0.454215670237318
"V2",0.596257656114176
"V3",0.435258564306423
"V4",0.593010427430272
"V5",0.287177445134148
"V6",0.406421114224941
"V7",4.09923280589283
"V8",2.50971511378884
"V9",2.27372385375202
