"names","vals"
"Intercept",-1.55591301237047
"y",0.0875973412767053
"V1",0.978047646814957
"V2",0.376271434593946
"V3",0.768202778650448
"V4",0.632574423449114
"V5",1.4061968959868
