"names","vals"
"Intercept",-8.26761138835503
"y",0.242616472765803
"V1",0.247296981979162
"V2",0.541076478781179
"V3",0.938573346473277
"V4",0.736650005215779
"V5",0.755595862632617
"V6",0.174312967108563
"V7",2.21148882247508
"V8",3.43496402725577
"V9",4.3394753979519
