"names","vals"
"Intercept",-8.61316538993409
"y",0.18951836694032
"V1",0.952255850657821
"V2",0.619783462025225
"V3",0.532443939708173
"V4",0.245360272703692
"V5",0.190562330186367
"V6",0.482908925507218
"V7",0.589866946451366
"V8",2.26128230057657
"V9",4.86475131008774
"V10",2.14890612103045
"V11",2.70699749421328
