"names","vals"
"Intercept",-5.7082909654635
"y",0.121979941148311
"V1",0.979471543803811
"V2",0.12032775208354
"V3",0.0798988074529916
"V4",0.374659192049876
"V5",0.760245799552649
"V6",0.605833050096408
"V7",4.75154320150614
"V8",1.33756888937205
"V9",1.5598632087931
