"names","vals"
"Intercept",-15.1175888316694
"y",0.988355874782428
"V1",0.172596885124221
"V2",0.490738786989823
"V3",0.725916806841269
"V4",0.90245986962691
"V5",0.351459975587204
"V6",0.110143829602748
"V7",0.60131020611152
"V8",0.705578027525917
"V9",4.44676657952368
"V10",3.54031051322818
"V11",2.82655454985797
"V12",2.96121761202812
"V13",4.71490184497088
