"names","vals"
"Intercept",-10.5765960568814
"y",0.549848093185574
"V1",0.92691325279884
"V2",0.770097505534068
"V3",0.920642612036318
"V4",0.382964930962771
"V5",0.704508138122037
"V6",0.395398281281814
"V7",0.641469458118081
"V8",2.38150133751333
"V9",1.06937767006457
"V10",2.9411612637341
"V11",3.6185083091259
