"names","vals"
"Intercept",-4.05661267528357
"y",0.251880962634459
"V1",0.694603512994945
"V2",0.666139591485262
"V3",0.490708141354844
"V4",0.114572466118261
"V5",0.230736774625257
"V6",0.582535301102325
"V7",1.87663098145276
"V8",1.00106698088348
"V9",3.19893900305033
