"names","vals"
"Intercept",-1.90379576541926
"y",0.139434755081311
"V1",0.214372647693381
"V2",0.328173686750233
"V3",0.905635127797723
"V4",0.275164600228891
"V5",2.93317973986268
