"names","vals"
"Intercept",-3.43698295173654
"y",0.639099966967478
"V1",0.50460598943755
"V2",0.808228046866134
"V3",0.258355065016076
"V4",0.463245484512299
"V5",0.68421285552904
"V6",1.72809671424329
"V7",1.46742946282029
