"names","vals"
"Intercept",-7.12983220455842
"y",0.461044710827991
"V1",0.0497037440072745
"V2",0.990567445755005
"V3",0.711100011132658
"V4",0.185480847721919
"V5",0.970536584965885
"V6",0.673602847149596
"V7",0.398457195842639
"V8",0.0323802770581096
"V9",1.71301784180105
"V10",2.52925976738334
"V11",3.39783409144729
"V12",2.87348545715213
"V13",2.41748462896794
