"names","vals"
"Intercept",-12.9588547034494
"y",0.317769292974845
"V1",0.635380006860942
"V2",0.395199016667902
"V3",0.343536073574796
"V4",0.890766530064866
"V5",0.0137747940607369
"V6",0.876050159800798
"V7",0.975015540141612
"V8",0.0982256163842976
"V9",4.64954634662718
"V10",3.83640920370817
"V11",2.3702802117914
"V12",1.3438475606963
"V13",4.83530767913908
