"names","vals"
"Intercept",-8.9174735997396
"y",0.864220976829529
"V1",0.849550843471661
"V2",0.445829493226483
"V3",0.217157880309969
"V4",0.529783421428874
"V5",0.0227662189863622
"V6",0.695060609839857
"V7",0.113659374415874
"V8",1.146209734492
"V9",3.93676055502146
"V10",2.48865366913378
"V11",2.96439780760556
