"names","vals"
"Intercept",-12.3917714218232
"y",0.361741004511714
"V1",0.921993526164442
"V2",0.233304819092155
"V3",0.673751037102193
"V4",0.811842983355746
"V5",0.876339335227385
"V6",0.976253835717216
"V7",0.736943050287664
"V8",0.285503270803019
"V9",4.99401296395808
"V10",4.83423765469342
"V11",2.84629013296217
"V12",2.07438554801047
"V13",1.94063782691956
