"names","vals"
"Intercept",-12.2789311273303
"y",0.33085055439733
"V1",0.0295927037950605
"V2",0.772152373567224
"V3",0.495655148522928
"V4",0.696025355253369
"V5",0.0341370415408164
"V6",0.425343127455562
"V7",0.965917816152796
"V8",0.210659415693954
"V9",3.08504088316113
"V10",3.199472845532
"V11",3.91385477222502
"V12",3.2155579989776
"V13",3.16840886045247
