"names","vals"
"Intercept",-8.68081461592019
"y",0.391373812919483
"V1",0.735261196736246
"V2",0.552273749373853
"V3",0.634688887512311
"V4",0.0233822823502123
"V5",0.215194658841938
"V6",0.595153582515195
"V7",0.787875444628298
"V8",0.997465460095555
"V9",1.78896119166166
"V10",2.08900127932429
"V11",2.60785070806742
"V12",2.99801999423653
"V13",3.28691101819277
