"names","vals"
"Intercept",-5.74614753530268
"y",0.84616482956335
"V1",0.225966399069875
"V2",0.477478498360142
"V3",0.681229315698147
"V4",0.837282728636637
"V5",0.403315002564341
"V6",4.20495463348925
"V7",4.21270668040961
