"names","vals"
"Intercept",-6.51971294897795
"y",0.647303679957986
"V1",0.700357353081927
"V2",0.0683301337994635
"V3",0.0370493943337351
"V4",0.656659943750128
"V5",0.914016232360154
"V6",0.931354665663093
"V7",0.800340646412224
"V8",1.37384217511863
"V9",1.95266211405396
"V10",2.41919284779578
"V11",2.40991507656872
