"names","vals"
"Intercept",-7.13420849442948
"y",0.634465358918533
"V1",0.401318855118006
"V2",0.0805966802872717
"V3",0.193186841905117
"V4",0.158812751993537
"V5",0.934292294317856
"V6",2.7006411915645
"V7",4.9315866753459
