"names","vals"
"Intercept",-9.11700271544373
"y",0.900539432186633
"V1",0.0146522677969187
"V2",0.0717706235591322
"V3",0.0052887958008796
"V4",0.680493862600997
"V5",0.660674549406394
"V6",0.976540547329932
"V7",0.591121230972931
"V8",3.17133952025324
"V9",1.1767701273784
"V10",2.5152017492801
"V11",4.88663112744689
