"names","vals"
"Intercept",-10.0319628217309
"y",0.970202481839806
"V1",0.557680424302816
"V2",0.978671172400936
"V3",0.967914246721193
"V4",0.938649416901171
"V5",0.500010312767699
"V6",0.139323544688523
"V7",0.557629218325019
"V8",1.58581203315407
"V9",1.55346943624318
"V10",4.41120530106127
"V11",2.62623858544976
