"names","vals"
"Intercept",-6.72408069975302
"y",0.738429362652823
"V1",0.144392769085243
"V2",0.634925323771313
"V3",0.268483123509213
"V4",0.18459170171991
"V5",0.150978073244914
"V6",0.290592228760943
"V7",2.38437140733004
"V8",2.84388052858412
"V9",1.8600862370804
