"names","vals"
"Intercept",-2.97488969097962
"y",0.623179751681164
"V1",0.881829985417426
"V2",0.86655723885633
"V3",0.510214193258435
"V4",0.0431394258048385
"V5",0.800683831563219
"V6",1.47469643224031
"V7",4.0419884044677
