"names","vals"
"Intercept",-5.20729949231702
"y",0.0807697386480868
"V1",0.939630071166903
"V2",0.635075654601678
"V3",0.523821128765121
"V4",0.898076917277649
"V5",0.354950787965208
"V6",0.751118490938097
"V7",2.55169753078371
"V8",1.65616464056075
"V9",4.19526251684874
