"names","vals"
"Intercept",-1.44781815009657
"y",0.837566795060411
"V1",0.210582032799721
"V2",0.943598105339333
"V3",0.400899752043188
"V4",0.718139121076092
"V5",0.315002758521587
"V6",1.12787194270641
"V7",1.56150065921247
