"names","vals"
"Intercept",-3.33184699480492
"y",0.0993387473281473
"V1",0.8029706007801
"V2",0.158970045857131
"V3",0.0841820582281798
"V4",0.563575536711141
"V5",0.249916474800557
"V6",3.96246810164303
"V7",4.53450653608888
