"names","vals"
"Intercept",-5.14107205108274
"y",0.334030451951548
"V1",0.591554486192763
"V2",0.425327331526205
"V3",0.418084703851491
"V4",0.429054951528087
"V5",0.0970097074750811
"V6",0.95182466157712
"V7",0.167346271453425
"V8",4.32788082491606
"V9",2.28705562464893
"V10",2.58159749954939
"V11",1.56110054440796
