"names","vals"
"Intercept",-3.11241578886611
"y",0.928595314733684
"V1",0.720764043740928
"V2",0.545711536426097
"V3",0.620872247964144
"V4",0.305739731760696
"V5",2.3805950479582
