"names","vals"
"Intercept",-4.27595314964466
"y",0.0768718065228313
"V1",0.222952868090943
"V2",0.665402325103059
"V3",0.93541307025589
"V4",0.936325452756137
"V5",0.36652249074541
"V6",3.38275881391019
"V7",3.51029655709863
