"names","vals"
"Intercept",-4.63128769427817
"y",0.0712667419575155
"V1",0.0813296129927039
"V2",0.859816720243543
"V3",0.779327807947993
"V4",0.576294118538499
"V5",0.377659635618329
"V6",3.96452241204679
"V7",2.49774696864188
