"names","vals"
"Intercept",-8.22512264325703
"y",0.434666688321158
"V1",0.607585305115208
"V2",0.789051258936524
"V3",0.323280403623357
"V4",0.35333861480467
"V5",0.47805927763693
"V6",0.784563747234643
"V7",0.199225952848792
"V8",0.964169631246477
"V9",2.11214202921838
"V10",3.37416093051434
"V11",1.36351112090051
"V12",3.72920156829059
"V13",2.02331919129938
