"names","vals"
"Intercept",-8.8121225226894
"y",0.688340537482873
"V1",0.120814567431808
"V2",0.492481920635328
"V3",0.714325107401237
"V4",0.692835374269634
"V5",0.465803769417107
"V6",0.635501232696697
"V7",0.518121356144547
"V8",4.37863088957965
"V9",3.00525087863207
"V10",2.08821443933994
"V11",3.57306348346174
