"names","vals"
"Intercept",-5.83495663673617
"y",0.905332609079778
"V1",0.538732771296054
"V2",0.276170324534178
"V3",0.368702131789178
"V4",0.871765104820952
"V5",0.817816298920661
"V6",0.0562762885820121
"V7",0.0871564159169793
"V8",1.51612029317766
"V9",4.1278751604259
"V10",2.08741689939052
"V11",3.49368968512863
