"names","vals"
"Intercept",-9.76701561188185
"y",0.112665775697678
"V1",0.280220090644434
"V2",0.699857597704977
"V3",0.962715058820322
"V4",0.762982245068997
"V5",0.73715186258778
"V6",0.602526278467849
"V7",0.579496152466163
"V8",0.764483250910416
"V9",1.88864657469094
"V10",3.61006221547723
"V11",3.83686033729464
"V12",1.93061752431095
"V13",2.07301508076489
