"names","vals"
"Intercept",-5.15448272418231
"y",0.174625735729933
"V1",0.460247427457944
"V2",0.270492965122685
"V3",0.303498170804232
"V4",0.639410655247048
"V5",0.126927816774696
"V6",0.294206897495314
"V7",1.44638761132956
"V8",3.63454836513847
"V9",3.61322909407318
