"names","vals"
"Intercept",-2.54787887469633
"y",0.180100552504882
"V1",0.311841208254918
"V2",0.17079006601125
"V3",0.0895864393096417
"V4",0.183476799400523
"V5",2.81578798219562
