"names","vals"
"Intercept",-8.64520622777333
"y",0.48018864216283
"V1",0.583984853234142
"V2",0.880999889457598
"V3",0.575046610319987
"V4",0.81200385815464
"V5",0.779185067629442
"V6",0.702618027804419
"V7",4.04163203015924
"V8",2.31134903803468
"V9",4.42202977929264
