"names","vals"
"Intercept",-2.11510142169148
"y",0.00674333935603499
"V1",0.102301774779335
"V2",0.163444976555184
"V3",0.462253915844485
"V4",0.238966735312715
"V5",4.35623375419527
