"names","vals"
"Intercept",-10.750808952071
"y",0.831774206832051
"V1",0.693599163321778
"V2",0.414092144230381
"V3",0.388752135913819
"V4",0.722688792273402
"V5",0.622209645109251
"V6",0.456625292077661
"V7",0.987722070887685
"V8",0.679392650723457
"V9",3.55062384065241
"V10",3.18598215095699
"V11",4.69809758197516
"V12",2.69656288065016
"V13",4.44388573430479
