"names","vals"
"Intercept",-3.35999333727313
"y",0.335465325508267
"V1",0.0173963156994432
"V2",0.125190698541701
"V3",0.879314712714404
"V4",0.847873602062464
"V5",0.219426140422001
"V6",3.66042083222419
"V7",2.54226650483906
