"names","vals"
"Intercept",-3.36048109057033
"y",0.721956982975826
"V1",0.212860942352563
"V2",0.366634918143973
"V3",0.562572079943493
"V4",0.870294624939561
"V5",3.69250198826194
