"names","vals"
"Intercept",-3.30293491962552
"y",0.951035794336349
"V1",0.418605346465483
"V2",0.629595326958224
"V3",0.258571107173339
"V4",0.239659300073981
"V5",0.222678647143766
"V6",1.76175999362022
"V7",4.7623185524717
