"names","vals"
"Intercept",-2.40455611236906
"y",0.444693328812718
"V1",0.255210261559114
"V2",0.082135155564174
"V3",0.490140884881839
"V4",0.194206984480843
"V5",0.189029972767457
"V6",3.24723309185356
"V7",3.66550574172288
