"names","vals"
"Intercept",-12.0361265084376
"y",0.170459654647857
"V1",0.391818143194541
"V2",0.745866808341816
"V3",0.12281875917688
"V4",0.281925180694088
"V5",0.610540379071608
"V6",0.22773257503286
"V7",0.822864646092057
"V8",0.597395819146186
"V9",4.8666284410283
"V10",4.98405516333878
"V11",1.72338079754263
"V12",4.29897627141327
"V13",2.96905910782516
