"names","vals"
"Intercept",-7.39957509228866
"y",0.674860363593325
"V1",0.821842232020572
"V2",0.568337523611262
"V3",0.427018371410668
"V4",0.820890541188419
"V5",0.421925317496061
"V6",0.646638760576025
"V7",0.473881129641086
"V8",0.725610703695565
"V9",3.82313345745206
"V10",2.32984546385705
"V11",4.4117341004312
"V12",1.40547899715602
"V13",2.84889736399055
