"names","vals"
"Intercept",-10.2113079936686
"y",0.345403734361753
"V1",0.757095611654222
"V2",0.248719320865348
"V3",0.221309699118137
"V4",0.0108957812190056
"V5",0.933369441423565
"V6",0.232633453328162
"V7",4.64981037378311
"V8",4.92310142423958
"V9",4.5313787041232
