"names","vals"
"Intercept",-3.97916504184832
"y",0.464491556398571
"V1",0.824124890379608
"V2",0.814952092478052
"V3",0.0341791601385921
"V4",0.657927895430475
"V5",4.78916409425437
