"names","vals"
"Intercept",-10.4363406209119
"y",0.449656149372458
"V1",0.72278649918735
"V2",0.546912339515984
"V3",0.563667448470369
"V4",0.866156382253394
"V5",0.211134874960408
"V6",0.445391123881564
"V7",0.82898067496717
"V8",0.840582596603781
"V9",1.45549758058041
"V10",4.86320250295103
"V11",4.69679352454841
"V12",4.17982216086239
"V13",2.59398960880935
