"names","vals"
"Intercept",-1.53904659279576
"y",0.435821347171441
"V1",0.0841722206678241
"V2",0.725173110608011
"V3",0.620542164426297
"V4",0.415912529220805
"V5",3.78300593979657
