"names","vals"
"Intercept",-3.66142468697438
"y",0.45375479478389
"V1",0.727519053732976
"V2",0.539687169482931
"V3",0.31794282537885
"V4",0.567846472375095
"V5",4.87016370054334
