"names","vals"
"Intercept",-9.01089768028865
"y",0.995675024809316
"V1",0.995423562591895
"V2",0.295907543739304
"V3",0.153317918535322
"V4",0.111181621672586
"V5",0.790851193247363
"V6",0.135374300181866
"V7",0.4631811180152
"V8",2.74453515186906
"V9",4.89532476942986
"V10",3.74138753861189
"V11",1.11806758027524
