"names","vals"
"Intercept",-2.19563488279982
"y",0.579538794467226
"V1",0.414882040116936
"V2",0.364942654501647
"V3",0.126439955784008
"V4",0.117497445316985
"V5",0.778129767626524
"V6",2.16540264710784
"V7",1.6699024438858
