"names","vals"
"Intercept",-5.78248525541532
"y",0.31885006884113
"V1",0.169526758603752
"V2",0.741244600620121
"V3",0.046764506958425
"V4",0.702072909101844
"V5",0.812735927989706
"V6",0.566823633154854
"V7",0.788740813499317
"V8",3.48299963586032
"V9",1.93044343683869
"V10",3.53184651583433
"V11",2.00607390981168
