"names","vals"
"Intercept",-6.8274860363761
"y",0.655741026857868
"V1",0.118921361397952
"V2",0.08177883294411
"V3",0.656044301576912
"V4",0.727483185939491
"V5",0.233245107345283
"V6",2.31423240713775
"V7",4.59470189642161
