"names","vals"
"Intercept",-3.86377030926663
"y",0.17114235390909
"V1",0.723526658024639
"V2",0.370306783588603
"V3",0.627009213902056
"V4",0.0291071648243815
"V5",0.392920470796525
"V6",0.190461765509099
"V7",3.14702350553125
"V8",2.11383938696235
"V9",2.41765721980482
