"names","vals"
"Intercept",-1.68485347246053
"y",0.342566861771047
"V1",0.0358590504620224
"V2",0.583274256903678
"V3",0.288333382690325
"V4",0.778489800635725
"V5",3.65833866223693
