"names","vals"
"Intercept",-6.65543602371705
"y",0.141443563858047
"V1",0.902132251532748
"V2",0.520824654493481
"V3",0.0397277718875557
"V4",0.746717536589131
"V5",0.0731295847799629
"V6",0.0616852410603315
"V7",0.344552055699751
"V8",4.79720588959754
"V9",3.61686049774289
"V10",2.3827815130353
"V11",2.72672659065574
