"names","vals"
"Intercept",-11.5637872840734
"y",0.670297284144908
"V1",0.682251090183854
"V2",0.878635072382167
"V3",0.573415450984612
"V4",0.931766330963001
"V5",0.97127179405652
"V6",0.743638810236007
"V7",0.82765166182071
"V8",3.39040221646428
"V9",2.97415276616812
"V10",3.28142247721553
"V11",3.08718868717551
