"names","vals"
"Intercept",-7.80810150684137
"y",0.673396317986771
"V1",0.19466883293353
"V2",0.621580394916236
"V3",0.972817704081535
"V4",0.853762957965955
"V5",0.953104531625286
"V6",0.342642615316436
"V7",3.83799049258232
"V8",4.1631500935182
"V9",3.78679296094924
