"names","vals"
"Intercept",-3.72311690930463
"y",0.483016930054873
"V1",0.90493451547809
"V2",0.866734036942944
"V3",0.570349958026782
"V4",0.333714920794591
"V5",0.324544038390741
"V6",4.92854497954249
"V7",3.37888094689697
