"names","vals"
"Intercept",-4.00063551680767
"y",0.515622061910108
"V1",0.919544306816533
"V2",0.917752110864967
"V3",0.867090377956629
"V4",0.477898569544777
"V5",0.31347720650956
"V6",0.548002172727138
"V7",3.39354106970131
"V8",4.48304371908307
"V9",3.24414431955665
