"names","vals"
"Intercept",-7.23324483228754
"y",0.670028717722744
"V1",0.402077256003395
"V2",0.87891664961353
"V3",0.968261876143515
"V4",0.836322934832424
"V5",0.256672997027636
"V6",0.792249123100191
"V7",0.412101602181792
"V8",2.69700209796429
"V9",2.53346753213555
"V10",3.30094428546727
"V11",1.18493856675923
