"names","vals"
"Intercept",-9.27861333658639
"y",0.326702174032107
"V1",0.952950548380613
"V2",0.510894687613472
"V3",0.441247115610167
"V4",0.0715168439783156
"V5",0.398635464487597
"V6",0.619922811398283
"V7",0.668134870706126
"V8",0.0881051959004253
"V9",4.04094335995615
"V10",2.12334450986236
"V11",4.60572925861925
"V12",1.38582086097449
"V13",1.40250987932086
