"names","vals"
"Intercept",-6.79671208213177
"y",0.815368262352422
"V1",0.48021392361261
"V2",0.888773188693449
"V3",0.172415368026122
"V4",0.660605414304882
"V5",0.782361363526434
"V6",0.348240850493312
"V7",0.456437725573778
"V8",4.14028278272599
"V9",3.19425751734525
"V10",2.34719176962972
"V11",1.87530638836324
