"names","vals"
"Intercept",-9.54655679624155
"y",0.584297782275826
"V1",0.0201386257540435
"V2",0.787955748848617
"V3",0.183459768770263
"V4",0.112017054576427
"V5",0.226429495494813
"V6",0.327503759181127
"V7",0.68214203370735
"V8",3.64435782562941
"V9",4.82135586440563
"V10",4.7163022859022
"V11",1.57118030171841
