"names","vals"
"Intercept",-8.67399858801346
"y",0.623524818569422
"V1",0.788995563518256
"V2",0.585941356839612
"V3",0.676007124828175
"V4",0.0254752957262099
"V5",0.411896211327985
"V6",3.70800956711173
"V7",3.79757545515895
