"names","vals"
"Intercept",-5.40304038524441
"y",0.895723348250613
"V1",0.525130643043667
"V2",0.912182939937338
"V3",0.916436401894316
"V4",0.479922043625265
"V5",0.144269700162113
"V6",3.65237750206143
"V7",4.86221008375287
