"names","vals"
"Intercept",-6.01681808628049
"y",0.999916125321761
"V1",0.240178708219901
"V2",0.343258812790737
"V3",0.944441922940314
"V4",0.734034452354535
"V5",0.454852585447952
"V6",0.0154248531907797
"V7",0.813684895867482
"V8",1.70979136228561
"V9",1.87437918502837
"V10",1.75118177291006
"V11",1.29813677910715
