"names","vals"
"Intercept",-8.16188256458053
"y",0.67647398961708
"V1",0.890467750607058
"V2",0.128354912623763
"V3",0.694676214829087
"V4",0.0760557539761066
"V5",0.60973399807699
"V6",0.452122199349105
"V7",0.980752629227936
"V8",4.79886472132057
"V9",1.82928949594498
"V10",2.66067835409194
"V11",3.26563012599945
