"names","vals"
"Intercept",-14.9957562185242
"y",0.978765284409747
"V1",0.98354749311693
"V2",0.843616339145228
"V3",0.883235648507252
"V4",0.50817997334525
"V5",0.690581786911935
"V6",0.944570404943079
"V7",0.913217233726755
"V8",4.30989460460842
"V9",3.47413954697549
"V10",3.47958987671882
"V11",4.42405111622065
