"names","vals"
"Intercept",-5.57032362204278
"y",0.591729156672955
"V1",0.00846238736994565
"V2",0.837051562033594
"V3",0.411736633162946
"V4",0.767246351810172
"V5",0.531834903871641
"V6",0.797738015186042
"V7",0.145955068059266
"V8",2.00141350179911
"V9",1.66491630300879
"V10",1.40778628177941
"V11",2.70145008899271
