"names","vals"
"Intercept",-9.38370579115208
"y",0.963659990346059
"V1",0.193416188238189
"V2",0.143615752691403
"V3",0.910419301595539
"V4",0.995163276791573
"V5",0.383259823545814
"V6",0.638301386963576
"V7",0.0516658457927406
"V8",2.77052463963628
"V9",4.75687222369015
"V10",3.15882369689643
"V11",2.28212371468544
