"names","vals"
"Intercept",-5.5742897395459
"y",0.981269836891443
"V1",0.328641127794981
"V2",0.0511302235536277
"V3",0.473955427994952
"V4",0.207134848926216
"V5",0.901038859505206
"V6",0.923105745110661
"V7",0.504322285298258
"V8",1.18740483094007
"V9",1.68423195369542
"V10",4.3475281978026
"V11",1.65223362762481
