"names","vals"
"Intercept",-6.26139471900184
"y",0.621425665915012
"V1",0.582890270277858
"V2",0.519376354292035
"V3",0.406195649178699
"V4",0.57050735829398
"V5",0.850787807488814
"V6",0.111054043285549
"V7",0.763102496042848
"V8",4.52289750985801
"V9",2.55112717300653
"V10",3.91505998186767
"V11",4.10242205206305
