"names","vals"
"Intercept",-8.14420314535429
"y",0.620843109674752
"V1",0.0664016809314489
"V2",0.814852965995669
"V3",0.537263453006744
"V4",0.432021719636396
"V5",0.461135155521333
"V6",0.345504719996825
"V7",0.896589514566585
"V8",0.961331261787564
"V9",2.35290288273245
"V10",1.29108454473317
"V11",1.10319851059467
"V12",3.4340540189296
"V13",3.38105406984687
