"names","vals"
"Intercept",-2.16517596805259
"y",0.393193881958723
"V1",0.915830471785739
"V2",0.479170413920656
"V3",0.495911377249286
"V4",0.415912344586104
"V5",1.91044249478728
