"names","vals"
"Intercept",-7.52180045324517
"y",0.96592357289046
"V1",0.600665174657479
"V2",0.998405720107257
"V3",0.205277011962608
"V4",0.982736833626404
"V5",0.316034368705004
"V6",0.0620321726892143
"V7",0.593320622108877
"V8",0.836113112745807
"V9",1.82884644158185
"V10",2.02277047745883
"V11",1.61125167738646
"V12",3.72151512093842
"V13",3.24985762219876
