"names","vals"
"Intercept",-8.67248661725293
"y",0.921438061865047
"V1",0.778545185690746
"V2",0.0582581695634872
"V3",0.659555704332888
"V4",0.506190457846969
"V5",0.696009152336046
"V6",4.05790316592902
"V7",4.2322605336085
