"names","vals"
"Intercept",-1.57740546170017
"y",0.556864954298362
"V1",0.307434660149738
"V2",0.610356987221166
"V3",0.685062505304813
"V4",0.459441154496744
"V5",1.97648393362761
