"names","vals"
"Intercept",-4.2458406523345
"y",0.77738920529373
"V1",0.90846212208271
"V2",0.116214883048087
"V3",0.285560527350754
"V4",0.637312332633883
"V5",0.680696787545457
"V6",3.08632650971413
"V7",1.09737878944725
