"names","vals"
"Intercept",-6.21239236119227
"y",0.77933706715703
"V1",0.407068286789581
"V2",0.935321272816509
"V3",0.706041137222201
"V4",0.916201955871657
"V5",0.285613418091089
"V6",0.123763804556802
"V7",2.28251878079027
"V8",1.43111611157656
"V9",4.16920858900994
