"names","vals"
"Intercept",-4.51992782728979
"y",0.191970007726923
"V1",0.651886486914009
"V2",0.343257530126721
"V3",0.039555445779115
"V4",0.773983626859263
"V5",0.343502707313746
"V6",2.2707935217768
"V7",2.13108361326158
