"names","vals"
"Intercept",-3.26251096359035
"y",0.286570819327608
"V1",0.434050107607618
"V2",0.0730856098234653
"V3",0.698860525386408
"V4",0.579805846558884
"V5",2.315444980748
