"names","vals"
"Intercept",-2.40075195840048
"y",0.917109888512641
"V1",0.712408423190936
"V2",0.744394981302321
"V3",0.166632337728515
"V4",0.757233735639602
"V5",1.4160036360845
