"names","vals"
"Intercept",-12.6341607265398
"y",0.159318643156439
"V1",0.85591545351781
"V2",0.569381523411721
"V3",0.0553879572544247
"V4",0.531707336194813
"V5",0.278137808665633
"V6",0.532633690163493
"V7",0.412027622805908
"V8",3.8324538031593
"V9",2.40624312777072
"V10",3.1327275140211
"V11",4.75362087693065
