"names","vals"
"Intercept",-5.90575837671873
"y",0.486410155426711
"V1",0.92501977016218
"V2",0.998487212695181
"V3",0.68612889922224
"V4",0.192139039514586
"V5",0.896831997204572
"V6",0.466687318403274
"V7",1.95213485974818
"V8",1.33637899719179
"V9",3.59406580496579
