"names","vals"
"Intercept",-11.9298950897423
"y",0.64276170777157
"V1",0.857715293997899
"V2",0.856481384718791
"V3",0.999084823764861
"V4",0.968242604518309
"V5",0.991406017215922
"V6",0.229703561635688
"V7",0.537439273670316
"V8",3.80240116454661
"V9",4.92213100381196
"V10",3.79354176111519
"V11",1.98959292657673
