"names","vals"
"Intercept",-5.91446582812443
"y",0.9735956734512
"V1",0.920102078700438
"V2",0.0593435259070247
"V3",0.0675027670804411
"V4",0.82864209683612
"V5",0.682158478302881
"V6",0.0463070699479431
"V7",4.70308708027005
"V8",3.53322427347302
"V9",4.94904537312686
