"names","vals"
"Intercept",-5.92495440283138
"y",0.012457067379728
"V1",0.903777805157006
"V2",0.752119126264006
"V3",0.545026098843664
"V4",0.735552724916488
"V5",0.541545936604962
"V6",1.74955841060728
"V7",3.21837573777884
