"names","vals"
"Intercept",-1.79488286954584
"y",0.152425598818809
"V1",0.194317432586104
"V2",0.880297771655023
"V3",0.134216091362759
"V4",0.75788374315016
"V5",0.559720454504713
"V6",0.112908146809787
"V7",1.87578068953007
"V8",2.99110135808587
"V9",1.86370240338147
