"names","vals"
"Intercept",-12.2901603053035
"y",0.483211171347648
"V1",0.899207878857851
"V2",0.994668903993443
"V3",0.0962481137830764
"V4",0.578062947373837
"V5",0.0400344748049974
"V6",0.315627465490252
"V7",0.0682092695496976
"V8",3.73993932455778
"V9",3.70619942806661
"V10",1.74593367893249
"V11",3.35813590046018
