"names","vals"
"Intercept",-1.86582085358445
"y",0.87822205084376
"V1",0.289280629716814
"V2",0.302854449022561
"V3",0.541562643833458
"V4",0.300527010578662
"V5",4.60948026832193
