"names","vals"
"Intercept",-3.91425119803753
"y",0.834206496132538
"V1",0.956953637534752
"V2",0.173149176407605
"V3",0.021068116882816
"V4",0.646912411786616
"V5",0.943241738015786
"V6",1.31357373390347
"V7",3.85366204660386
