"names","vals"
"Intercept",-12.7741808199862
"y",0.429660141468048
"V1",0.847434775903821
"V2",0.17333789775148
"V3",0.906768959481269
"V4",0.336858978727832
"V5",0.930010095238686
"V6",0.56682280707173
"V7",0.441101822070777
"V8",0.619456814136356
"V9",1.75881986506283
"V10",2.31163180992007
"V11",2.83519504964352
"V12",3.75800691079348
"V13",3.96531684882939
