"names","vals"
"Intercept",-4.31724491137918
"y",0.918549875728786
"V1",0.90673275408335
"V2",0.788184103788808
"V3",0.812694515567273
"V4",0.242078919894993
"V5",0.367178915068507
"V6",0.164326100144535
"V7",0.623291363473982
"V8",1.64407338295132
"V9",3.57985014654696
"V10",1.10102232638747
"V11",2.60775668546557
