"names","vals"
"Intercept",-11.388657793307
"y",0.766907333163545
"V1",0.971416804008186
"V2",0.403847929090261
"V3",0.654322963906452
"V4",0.0665558658074588
"V5",0.383435060270131
"V6",0.653809133218601
"V7",0.236904602264985
"V8",4.23190602008253
"V9",4.45731107797474
"V10",4.24438063427806
"V11",4.19923728518188
