"names","vals"
"Intercept",-8.19966101642442
"y",0.210534517653286
"V1",0.803933145944029
"V2",0.198471979005262
"V3",0.0724681196734309
"V4",0.244173594517633
"V5",0.321219018893316
"V6",0.752044863766059
"V7",0.809679451165721
"V8",0.0321930686477572
"V9",2.76718444842845
"V10",1.28588936291635
"V11",1.40576460305601
"V12",4.89212913718075
"V13",4.35929379146546
