"names","vals"
"Intercept",-3.22506052854098
"y",0.910230943467468
"V1",0.393988443538547
"V2",0.933656864333898
"V3",0.330786309670657
"V4",0.306942303432152
"V5",0.964337552897632
"V6",3.3580624256283
"V7",1.79668196197599
