"names","vals"
"Intercept",-3.82795038006012
"y",0.498697532573715
"V1",0.492143147625029
"V2",0.735208603786305
"V3",0.0990649918094277
"V4",0.0983587505761534
"V5",3.05615511070937
