"names","vals"
"Intercept",-6.68584522094764
"y",0.177647191099823
"V1",0.169943305663764
"V2",0.0578363430686295
"V3",0.248178342357278
"V4",0.0105124574620277
"V5",0.0444686731789261
"V6",0.350979837821797
"V7",0.154893234139308
"V8",0.376929460093379
"V9",2.56295095849782
"V10",2.2794894343242
"V11",1.68290791194886
"V12",2.20499985758215
"V13",1.49716371297836
