"names","vals"
"Intercept",-4.10439086226886
"y",0.361340260365978
"V1",0.604289679089561
"V2",0.511100340401754
"V3",0.50563844665885
"V4",0.42590446700342
"V5",3.8926886068657
