"names","vals"
"Intercept",-3.08075728564896
"y",0.949803500203416
"V1",0.766803173813969
"V2",0.0956008904613554
"V3",0.367954310495406
"V4",0.812426580814645
"V5",1.20252538006753
