"names","vals"
"Intercept",-6.6918008629086
"y",0.67343180323951
"V1",0.937808566261083
"V2",0.811998535413295
"V3",0.446374992607161
"V4",0.844218430342153
"V5",0.063039954053238
"V6",0.237827426055446
"V7",0.215946482727304
"V8",0.944663192611188
"V9",1.40356055926532
"V10",3.29821369145066
"V11",4.09273131098598
"V12",4.90912606008351
"V13",3.32184062898159
