"names","vals"
"Intercept",-4.09800755415345
"y",0.343347577610984
"V1",0.191928286571056
"V2",0.945382639300078
"V3",0.479462706949562
"V4",0.449572845362127
"V5",0.921693774173036
"V6",0.534569449257106
"V7",3.51091740746051
"V8",4.02901842165738
"V9",1.62395101319999
