"names","vals"
"Intercept",-6.23372861965792
"y",0.0909262674394995
"V1",0.282570184208453
"V2",0.224588271230459
"V3",0.436474225949496
"V4",0.0988528218585998
"V5",0.737276470754296
"V6",0.314078576862812
"V7",0.238964205374941
"V8",1.88674902636558
"V9",3.86553992610425
"V10",1.91779302433133
"V11",4.84176443796605
