"names","vals"
"Intercept",-6.16493148347689
"y",0.910252522444353
"V1",0.152113627875224
"V2",0.661631618626416
"V3",0.691423285054043
"V4",0.640370331238955
"V5",0.4313775585033
"V6",0.22323637525551
"V7",1.52628037706017
"V8",4.28917944151908
"V9",3.13525295164436
