"names","vals"
"Intercept",-6.85727500546817
"y",0.93792156339623
"V1",0.564709858270362
"V2",0.10310154943727
"V3",0.55909306393005
"V4",0.710893223062158
"V5",0.0506847130600363
"V6",0.506363027729094
"V7",4.77737893909216
"V8",4.48453340306878
"V9",1.72722784429789
