"names","vals"
"Intercept",-3.16281640590634
"y",0.382184070535004
"V1",0.886170170269907
"V2",0.925014555454254
"V3",0.557133755413815
"V4",0.435030833352357
"V5",0.620815527858213
"V6",1.22656226158142
"V7",1.1358407009393
