"names","vals"
"Intercept",-3.35960047731549
"y",0.7434392797295
"V1",0.341288020368665
"V2",0.17769454116933
"V3",0.403669198276475
"V4",0.235126841580495
"V5",0.236909739905968
"V6",0.841827590717003
"V7",0.923975661862642
"V8",3.10732438508421
"V9",4.71799881849438
"V10",2.93754138797522
"V11",2.76419952791184
