"names","vals"
"Intercept",-2.10671738043334
"y",0.138053889619187
"V1",0.593642070889473
"V2",0.158608978847042
"V3",0.808383706957102
"V4",0.492876867763698
"V5",4.37910908926278
