"names","vals"
"Intercept",-3.44259197615785
"y",0.598755060927942
"V1",0.952372442465276
"V2",0.238231590483338
"V3",0.713965664850548
"V4",0.64757656888105
"V5",2.58133405633271
