"names","vals"
"Intercept",-7.36609282922605
"y",0.400424132589251
"V1",0.499077290995046
"V2",0.301413474604487
"V3",0.945755382766947
"V4",0.81877244124189
"V5",0.0325113255530596
"V6",4.53445985820144
"V7",3.10223892331123
