"names","vals"
"Intercept",-4.97236278545042
"y",0.201678931480274
"V1",0.545721359318122
"V2",0.762017170432955
"V3",0.0552434362471104
"V4",0.519360872684047
"V5",0.363050706684589
"V6",0.744812581688166
"V7",2.42571055982262
"V8",3.02539876941592
"V9",1.06079137139022
