"names","vals"
"Intercept",-3.63760498185735
"y",0.225880454294384
"V1",0.420909778913483
"V2",0.101787807885557
"V3",0.0133937140926719
"V4",0.129894471494481
"V5",0.408204634906724
"V6",0.116538215894252
"V7",1.33275511208922
"V8",2.3277738802135
"V9",2.03813857305795
