"names","vals"
"Intercept",-2.89835696423799
"y",0.293759506661445
"V1",0.955207452410832
"V2",0.663486752891913
"V3",0.619138296460733
"V4",0.159907071385533
"V5",0.663510605227202
"V6",1.15638219099492
"V7",2.18167241197079
