"names","vals"
"Intercept",-7.41202329212264
"y",0.0878100604750216
"V1",0.504980092868209
"V2",0.541817298624665
"V3",0.379602154251188
"V4",0.682190589141101
"V5",0.110185766592622
"V6",0.891192305134609
"V7",0.0617386931553483
"V8",2.26921277400106
"V9",4.32291529513896
"V10",3.15594575833529
"V11",4.17511493340135
