"names","vals"
"Intercept",-4.78097135753045
"y",0.164430858800188
"V1",0.728737841825932
"V2",0.0921150965150446
"V3",0.146012793295085
"V4",0.0479858217295259
"V5",0.505333684617653
"V6",0.785377323627472
"V7",1.78893992584199
"V8",2.4218293055892
"V9",2.08468738757074
