"names","vals"
"Intercept",-6.42511728319316
"y",0.993264329154044
"V1",0.366379127837718
"V2",0.441810000222176
"V3",0.146322275744751
"V4",0.76494593382813
"V5",0.637733315816149
"V6",0.691709648119286
"V7",0.186567226191983
"V8",3.34028605092317
"V9",4.02096828632057
"V10",3.54830030351877
"V11",2.90281008929014
