"names","vals"
"Intercept",-2.73481578910118
"y",0.852228807052597
"V1",0.870717660756782
"V2",0.479388791369274
"V3",0.514510561944917
"V4",0.591783669078723
"V5",3.06025147438049
