"names","vals"
"Intercept",-9.25219603477558
"y",0.873444273136556
"V1",0.186462097102776
"V2",0.642133293440565
"V3",0.424465703545138
"V4",0.427960065891966
"V5",0.291346108540893
"V6",0.35397475073114
"V7",1.35169229004532
"V8",4.84065827541053
"V9",3.53251848556101
