"names","vals"
"Intercept",-4.38394204232376
"y",0.616629828466102
"V1",0.882926191203296
"V2",0.338717317441478
"V3",0.746073015965521
"V4",0.191600690595806
"V5",0.260995617834851
"V6",4.8037839345634
"V7",2.430534562096
