"names","vals"
"Intercept",-5.04321125046536
"y",0.974611696321517
"V1",0.609247644199058
"V2",0.765525682130828
"V3",0.401388635160401
"V4",0.180009891279042
"V5",0.135633133584633
"V6",0.570931321475655
"V7",1.04086865857244
"V8",2.55718528293073
"V9",1.70321732666343
