"names","vals"
"Intercept",-1.0795784491864
"y",0.124703052220866
"V1",0.433023929595947
"V2",0.093483156291768
"V3",0.213521149707958
"V4",0.5486469801981
"V5",1.95220801886171
