"names","vals"
"Intercept",-2.42534474659385
"y",0.242638437310234
"V1",0.531937623629346
"V2",0.263083471218124
"V3",0.875562225934118
"V4",0.372328306781128
"V5",0.914141516666859
"V6",1.06677623651922
"V7",1.45939277485013
