"names","vals"
"Intercept",-2.12810457557812
"y",0.093863814836368
"V1",0.962905587861314
"V2",0.533449747366831
"V3",0.984664934221655
"V4",0.3139267207589
"V5",2.44047654978931
