"names","vals"
"Intercept",-1.76155108683067
"y",0.778607433661819
"V1",0.961318648187444
"V2",0.945157809415832
"V3",0.616026645293459
"V4",0.736832801252604
"V5",0.487874075770378
"V6",1.4647034034133
"V7",1.97364267148077
