"names","vals"
"Intercept",-3.07287300160853
"y",0.924986471422017
"V1",0.123392008012161
"V2",0.30648766621016
"V3",0.522203794913366
"V4",0.408151598414406
"V5",0.928960510529578
"V6",0.137826970545575
"V7",1.93103624135256
"V8",3.5325188189745
"V9",3.43462705798447
