"names","vals"
"Intercept",-15.7922852002042
"y",0.939298881683499
"V1",0.0808432502672076
"V2",0.39821766433306
"V3",0.254767963662744
"V4",0.105396728496999
"V5",0.985845768125728
"V6",0.145538993412629
"V7",0.512363920686767
"V8",0.787424250971526
"V9",3.53545619174838
"V10",4.94680426176637
"V11",2.39259859453887
"V12",3.88522649277002
"V13",3.50881214439869
