"names","vals"
"Intercept",-3.70385878809448
"y",0.36507171113044
"V1",0.464089124230668
"V2",0.392790353856981
"V3",0.209418174112216
"V4",0.068302190862596
"V5",3.0470983395353
