"names","vals"
"Intercept",-5.1836000705827
"y",0.528779053594917
"V1",0.0693446975201368
"V2",0.975740569178015
"V3",0.562866232125089
"V4",0.773030070587993
"V5",0.59101991658099
"V6",0.863615504465997
"V7",1.28788710199296
"V8",4.35244140774012
"V9",2.32084122020751
