"names","vals"
"Intercept",-4.08058564960118
"y",0.528919992037117
"V1",0.254588286392391
"V2",0.256070826202631
"V3",0.0900207683444023
"V4",0.129343220964074
"V5",0.287711991230026
"V6",4.97367442119867
"V7",3.89354342035949
