"names","vals"
"Intercept",-4.54401973280264
"y",0.0237894486635923
"V1",0.749983104644343
"V2",0.115878195501864
"V3",0.607295424677432
"V4",0.270745920250192
"V5",0.673129817005247
"V6",0.999770865077153
"V7",0.597619361011311
"V8",0.983177045825869
"V9",1.62614302802831
"V10",1.63969512283802
"V11",3.26648987922817
"V12",2.77761059906334
"V13",2.24841906223446
