"names","vals"
"Intercept",-13.4636419899464
"y",0.147983307717368
"V1",0.63592197955586
"V2",0.74018279183656
"V3",0.871924560284242
"V4",0.563046107068658
"V5",0.807235848391429
"V6",0.797298696590587
"V7",0.69870397914201
"V8",0.677267684601247
"V9",4.33472250122577
"V10",2.31520656496286
"V11",3.05698961950839
"V12",4.52026096265763
"V13",2.40849472396076
