"names","vals"
"Intercept",-10.8458585862459
"y",0.946298625087366
"V1",0.987980039091781
"V2",0.582354716956615
"V3",0.511810626136139
"V4",0.620717968093231
"V5",0.716933000599965
"V6",0.0105897742323577
"V7",0.0300056908745319
"V8",0.973191350931302
"V9",3.99180679582059
"V10",3.78711000178009
"V11",3.85172061622143
"V12",4.28041412588209
"V13",4.78247330058366
