"names","vals"
"Intercept",-2.66695641274727
"y",0.565318285021931
"V1",0.404910903889686
"V2",0.438912807730958
"V3",0.907411419320852
"V4",0.343406527303159
"V5",0.272831972921267
"V6",1.63297617807984
"V7",1.22193261235952
