"names","vals"
"Intercept",-5.39533341126586
"y",0.547903296304867
"V1",0.0234647858887911
"V2",0.964692092733458
"V3",0.0848224833607674
"V4",0.484404851682484
"V5",0.202107599470764
"V6",0.33323393529281
"V7",2.56320434994996
"V8",1.5984426215291
"V9",1.22942071780562
