"names","vals"
"Intercept",-9.69431192702521
"y",0.208756368374452
"V1",0.0549721042625606
"V2",0.407261603977531
"V3",0.930176375433803
"V4",0.77911914838478
"V5",0.768501348560676
"V6",0.943525315029547
"V7",0.909238879103214
"V8",0.703559058951214
"V9",2.59049300383776
"V10",4.95077253505588
"V11",4.02541056461632
"V12",4.61420121788979
"V13",2.40068134758621
