"names","vals"
"Intercept",-11.6089375761454
"y",0.43775578844361
"V1",0.0508396658115089
"V2",0.51577257248573
"V3",0.607981066918001
"V4",0.0821101129986346
"V5",0.017629224807024
"V6",0.993974326411262
"V7",0.796515365131199
"V8",0.216065531829372
"V9",3.09916844405234
"V10",4.27480034623295
"V11",3.25892821140587
"V12",2.54600808955729
"V13",2.84699785802513
