"names","vals"
"Intercept",-8.03067283952865
"y",0.679724817164242
"V1",0.219832358881831
"V2",0.292788543505594
"V3",0.258187422528863
"V4",0.785902143456042
"V5",0.614526726305485
"V6",0.0373070084024221
"V7",4.48514902312309
"V8",4.59337209165096
"V9",1.1812791749835
