"names","vals"
"Intercept",-5.67278899954865
"y",0.152032490819693
"V1",0.609773030038923
"V2",0.563266188604757
"V3",0.945122607983649
"V4",0.858404911588877
"V5",0.490123309660703
"V6",2.40982316248119
"V7",3.89885178115219
