"names","vals"
"Intercept",-3.34173892666493
"y",0.42212023306638
"V1",0.478458022465929
"V2",0.645229950314388
"V3",0.736379325855523
"V4",0.686221668031067
"V5",0.424613874871284
"V6",4.51287694089115
"V7",2.16475393529981
