"names","vals"
"Intercept",-7.79625848024758
"y",0.729472403181717
"V1",0.535807849606499
"V2",0.0353629584424198
"V3",0.00826289737597108
"V4",0.940056025516242
"V5",0.567849033279344
"V6",0.380945677403361
"V7",4.96059658471495
"V8",3.16479936428368
"V9",2.96836038678885
