"names","vals"
"Intercept",-2.58171164808888
"y",0.102237878600135
"V1",0.86516253137961
"V2",0.260235547786579
"V3",0.383697277866304
"V4",0.0126459763851017
"V5",3.08978515211493
