"names","vals"
"Intercept",-1.61568349566683
"y",0.3203094326891
"V1",0.713612702907994
"V2",0.335354252252728
"V3",0.495275906519964
"V4",0.688650920521468
"V5",2.43979192152619
