"names","vals"
"Intercept",-8.58075086136255
"y",0.753110042773187
"V1",0.267698417883366
"V2",0.908306167228147
"V3",0.802675214828923
"V4",0.534106700913981
"V5",0.739828214515001
"V6",0.279834404354915
"V7",2.50363773852587
"V8",4.14544103946537
"V9",3.50171258673072
