"names","vals"
"Intercept",-3.83027811405854
"y",0.721437230240554
"V1",0.2216431342531
"V2",0.179111072560772
"V3",0.769573825644329
"V4",0.638121723430231
"V5",2.42388580739498
