"names","vals"
"Intercept",-3.04522568733268
"y",0.658773546572775
"V1",0.0896395109593868
"V2",0.592701487708837
"V3",0.790044313063845
"V4",0.779804529389367
"V5",3.04738645069301
