"names","vals"
"Intercept",-6.48186295069009
"y",0.832894065417349
"V1",0.164006422506645
"V2",0.931699878536165
"V3",0.327007026178762
"V4",0.144782326184213
"V5",0.274848103756085
"V6",0.797938210656866
"V7",2.65406064409763
"V8",2.54291471559554
"V9",1.50896435510367
