"names","vals"
"Intercept",-7.59951299958071
"y",0.246023930842057
"V1",0.522568064043298
"V2",0.688689227215946
"V3",0.996939302654937
"V4",0.107688084011897
"V5",0.950230276212096
"V6",0.865226363297552
"V7",4.38301343936473
"V8",3.87818802706897
"V9",1.60040548350662
