"names","vals"
"Intercept",-8.73837227150053
"y",0.550151177216321
"V1",0.107745100744069
"V2",0.144345733104274
"V3",0.982560533331707
"V4",0.267384882085025
"V5",0.818783425260335
"V6",0.970882851164788
"V7",0.566278462996706
"V8",3.45289884973317
"V9",3.25634555611759
"V10",3.70929516851902
"V11",1.81744157895446
