"names","vals"
"Intercept",-5.13486971474625
"y",0.586785136722028
"V1",0.249212885275483
"V2",0.557292756391689
"V3",0.596324792131782
"V4",0.545619528973475
"V5",0.488298756303266
"V6",0.384678604081273
"V7",3.64873240794986
"V8",1.05340510047972
"V9",3.97579024359584
