"names","vals"
"Intercept",-3.27987250308436
"y",0.077582317404449
"V1",0.686088854214177
"V2",0.545615546638146
"V3",0.802289108280092
"V4",0.596510454779491
"V5",1.83992781862617
