"names","vals"
"Intercept",-2.61859189737984
"y",0.7178970631212
"V1",0.946743631269783
"V2",0.665248309262097
"V3",0.343736370326951
"V4",0.743289250647649
"V5",4.12561488896608
