"names","vals"
"Intercept",-7.30919954177458
"y",0.38427656237036
"V1",0.524791017873213
"V2",0.362671112874523
"V3",0.963474429911003
"V4",0.33069380489178
"V5",0.347314583836123
"V6",0.375625401269644
"V7",0.931093015708029
"V8",0.702367313671857
"V9",1.46702032443136
"V10",1.33518965821713
"V11",2.72924122028053
"V12",2.47096320334822
"V13",1.41286364104599
