"names","vals"
"Intercept",-7.93615832048794
"y",0.264633461134508
"V1",0.0773519112262875
"V2",0.657741104718298
"V3",0.00574919092468917
"V4",0.0606334744952619
"V5",0.389098772313446
"V6",0.532825008034706
"V7",0.822930734138936
"V8",3.62415492534637
"V9",4.75646064430475
"V10",2.3703753547743
"V11",1.46144791413099
