"names","vals"
"Intercept",-5.33927857510024
"y",0.815433687530458
"V1",0.26546712918207
"V2",0.868214875692502
"V3",0.663684971164912
"V4",0.998898145509884
"V5",0.707424053456634
"V6",0.578061802079901
"V7",1.25629115477204
"V8",2.1586922807619
"V9",2.56978601682931
