"names","vals"
"Intercept",-1.17783956019836
"y",0.510179995326325
"V1",0.13378033740446
"V2",0.252380667021498
"V3",0.141781145008281
"V4",0.170260773971677
"V5",1.69361803401262
