"names","vals"
"Intercept",-3.78232360772509
"y",0.215538315707818
"V1",0.73375047557056
"V2",0.814241717802361
"V3",0.0499412894714624
"V4",0.269178912509233
"V5",3.43102755025029
