"names","vals"
"Intercept",-9.02229229582986
"y",0.0543333061505109
"V1",0.446263989666477
"V2",0.11815692554228
"V3",0.202277399133891
"V4",0.648692206013948
"V5",0.120058716740459
"V6",0.243571174331009
"V7",0.926435102242976
"V8",1.1742652701214
"V9",4.64880339149386
"V10",2.31772587448359
"V11",3.10598154459149
