"names","vals"
"Intercept",-2.12153785624146
"y",0.519596657017246
"V1",0.908440264407545
"V2",0.0826128674671054
"V3",0.687389372615144
"V4",0.252683464437723
"V5",3.74037604313344
