"names","vals"
"Intercept",-9.04022464900371
"y",0.235350161092356
"V1",0.880519110709429
"V2",0.235555435298011
"V3",0.489628388546407
"V4",0.466500035952777
"V5",0.413425522157922
"V6",0.927721450570971
"V7",0.332354085287079
"V8",1.13121018372476
"V9",1.53551364596933
"V10",3.87233405932784
"V11",3.28695299755782
