"names","vals"
"Intercept",-0.647375513722422
"y",0.681196677265689
"V1",0.442176868440583
"V2",0.707342729903758
"V3",0.165105152875185
"V4",0.407110793283209
"V5",2.33915802836418
