"names","vals"
"Intercept",-5.93328302047495
"y",0.15884753735736
"V1",0.163861251669005
"V2",0.302013481967151
"V3",0.821325948694721
"V4",0.163917097030208
"V5",0.660764560801908
"V6",0.0491357245482504
"V7",2.31808205880225
"V8",2.92154545709491
"V9",2.46814944315702
