"names","vals"
"Intercept",-15.2934371400655
"y",0.13026930927299
"V1",0.376293152803555
"V2",0.867774069774896
"V3",0.463419218081981
"V4",0.877779883565381
"V5",0.100874132942408
"V6",0.414068167097867
"V7",0.760460047284141
"V8",0.861386053264141
"V9",4.10659883636981
"V10",4.46592836920172
"V11",4.29886135179549
"V12",3.11461520195007
"V13",2.87611282709986
