"names","vals"
"Intercept",-3.22788439690275
"y",0.723527320660651
"V1",0.66682890127413
"V2",0.469847814878449
"V3",0.889159885235131
"V4",0.05629982217215
"V5",4.94480077829212
