"names","vals"
"Intercept",-10.7915098148868
"y",0.223500412423164
"V1",0.333697213092819
"V2",0.130809726426378
"V3",0.416478506755084
"V4",0.731410804670304
"V5",0.676790208090097
"V6",0.589724986348301
"V7",0.881377983605489
"V8",2.5265276869759
"V9",2.3107476644218
"V10",3.97797982860357
"V11",3.06780461966991
