"names","vals"
"Intercept",-5.36764665398281
"y",0.7240446631331
"V1",0.0855528896208853
"V2",0.416224361630157
"V3",0.293037051102147
"V4",0.109000687254593
"V5",0.11138659552671
"V6",3.4014059714973
"V7",3.0085456399247
