"names","vals"
"Intercept",-4.09091822100082
"y",0.821707940660417
"V1",0.338343910640106
"V2",0.19559239083901
"V3",0.760355077916756
"V4",0.955842391587794
"V5",3.07154914364219
