"names","vals"
"Intercept",-6.82373148999759
"y",0.0677782199345529
"V1",0.271225339500234
"V2",0.444173045922071
"V3",0.352693767286837
"V4",0.263665453298017
"V5",0.374298720620573
"V6",0.711420110426843
"V7",0.075520804617554
"V8",3.8508262494579
"V9",2.43957701511681
"V10",2.52317754551768
"V11",3.90793270245194
