"names","vals"
"Intercept",-12.0321276650564
"y",0.172854414675385
"V1",0.751868194434792
"V2",0.971384784672409
"V3",0.0829574377276003
"V4",0.83198708971031
"V5",0.356582917505875
"V6",0.719610631233081
"V7",0.498268569121137
"V8",2.98869792465121
"V9",1.49547460023314
"V10",2.6822201712057
"V11",4.09882923401892
