"names","vals"
"Intercept",-10.7249635457229
"y",0.461840204894543
"V1",0.643423156114295
"V2",0.810849183471873
"V3",0.301003387197852
"V4",0.0823774980381131
"V5",0.280683045275509
"V6",0.667149367975071
"V7",0.57361089810729
"V8",0.0597588098607957
"V9",1.9082656968385
"V10",2.81386656407267
"V11",1.24783086311072
"V12",3.30852132476866
"V13",3.52365852426738
