"names","vals"
"Intercept",-2.53532911468437
"y",0.704382817260921
"V1",0.401455810293555
"V2",0.788634493481368
"V3",0.0261998884379864
"V4",0.082018970279023
"V5",1.4018457820639
