"names","vals"
"Intercept",-2.07361280239234
"y",0.659784666495398
"V1",0.469984425697476
"V2",0.542165103601292
"V3",0.928727487334982
"V4",0.420535412384197
"V5",1.27331083081663
