"names","vals"
"Intercept",-1.64324433949031
"y",0.758701137732714
"V1",0.624305571895093
"V2",0.0351552220527083
"V3",0.0289874859154224
"V4",0.602222749264911
"V5",2.36760795675218
