"names","vals"
"Intercept",-8.14851906568324
"y",0.676524671493098
"V1",0.213194992858917
"V2",0.51102440035902
"V3",0.34709296701476
"V4",0.230242669116706
"V5",0.668610485037789
"V6",0.591244828421623
"V7",3.89553569257259
"V8",2.04523891955614
"V9",4.34279927704483
