"names","vals"
"Intercept",-15.3891630429977
"y",0.660471675684676
"V1",0.602731168735772
"V2",0.551196824060753
"V3",0.25315994489938
"V4",0.550778212025762
"V5",0.396012055687606
"V6",0.34480499709025
"V7",0.591629389673471
"V8",0.540394513402134
"V9",4.41452364437282
"V10",4.45703119784594
"V11",1.58491500094533
"V12",4.29441830981523
"V13",4.454051095061
