"names","vals"
"Intercept",-7.85536589802429
"y",0.944746503606439
"V1",0.607495755655691
"V2",0.265340217389166
"V3",0.57426234590821
"V4",0.853458645986393
"V5",0.0766759200487286
"V6",0.901590586872771
"V7",3.22750324849039
"V8",4.45224896352738
"V9",4.01131273806095
