"names","vals"
"Intercept",-11.651211870959
"y",0.715310244821012
"V1",0.329191178549081
"V2",0.395160759333521
"V3",0.502128205727786
"V4",0.0903935679234564
"V5",0.113535081734881
"V6",0.630764449480921
"V7",0.60072697722353
"V8",0.606118388939649
"V9",3.45380310062319
"V10",2.90199832990766
"V11",3.65601509902626
"V12",2.40596403367817
"V13",3.04898600932211
