"names","vals"
"Intercept",-2.80784050163161
"y",0.803205114090815
"V1",0.49208024633117
"V2",0.313200463308021
"V3",0.0211114648263901
"V4",0.573308541439474
"V5",2.71941544022411
