"names","vals"
"Intercept",-5.47745876959991
"y",0.772048922022805
"V1",0.896979582961649
"V2",0.627387160435319
"V3",0.424714424880221
"V4",0.288097208132967
"V5",0.234660726273432
"V6",0.0539827004540712
"V7",0.307216657092795
"V8",0.0996470919344574
"V9",2.91024000477046
"V10",1.60488200094551
"V11",4.73722323030233
"V12",2.02702439483255
"V13",4.45387149788439
