"names","vals"
"Intercept",-2.08197289660177
"y",0.865102621959522
"V1",0.798448364716023
"V2",0.674522089073434
"V3",0.729803137481213
"V4",0.502381526166573
"V5",1.36620340310037
