"names","vals"
"Intercept",-5.40157327002101
"y",0.971414324827492
"V1",0.356655307346955
"V2",0.679509380366653
"V3",0.740102117415518
"V4",0.397633670829237
"V5",0.754269564757124
"V6",0.419429545756429
"V7",4.60374865122139
"V8",1.4646223783493
"V9",1.33228676579893
