"names","vals"
"Intercept",-8.06741165425675
"y",0.198641709983349
"V1",0.915180768352002
"V2",0.512649938696995
"V3",0.222541682654992
"V4",0.986035407288
"V5",0.773011904908344
"V6",0.71945409476757
"V7",0.884022324811667
"V8",3.75443612691015
"V9",1.46284246630967
"V10",3.83035748079419
"V11",3.9052244098857
