"names","vals"
"Intercept",-4.78089077102649
"y",0.700850399211049
"V1",0.882429925259203
"V2",0.847546348813921
"V3",0.756180383265018
"V4",0.589970100438222
"V5",3.77173625584692
