"names","vals"
"Intercept",-3.18723428816535
"y",0.199289368465543
"V1",0.773878968553618
"V2",0.2268818449229
"V3",0.148726222803816
"V4",0.0112110073678195
"V5",3.20170501619577
