"names","vals"
"Intercept",-3.04794862330239
"y",0.684218511451036
"V1",0.148358695441857
"V2",0.0423262121621519
"V3",0.536999265663326
"V4",0.898878118721768
"V5",0.774827240034938
"V6",3.69196972344071
"V7",4.35544238332659
