"names","vals"
"Intercept",-5.22224439146649
"y",0.624755341792479
"V1",0.118658774299547
"V2",0.454983436735347
"V3",0.878341621020809
"V4",0.280360520351678
"V5",0.692076809005812
"V6",0.315798636525869
"V7",4.02232490107417
"V8",1.81763626262546
"V9",3.57068715058267
