"names","vals"
"Intercept",-9.5498097440158
"y",0.0782362413592637
"V1",0.875001593725756
"V2",0.63183754705824
"V3",0.28221811237745
"V4",0.679444274865091
"V5",0.320240470347926
"V6",0.0274798641912639
"V7",0.144949321402237
"V8",3.73587653785944
"V9",1.63686859700829
"V10",1.99569712299854
"V11",4.90567532554269
