"names","vals"
"Intercept",-9.27347293256154
"y",0.332020377507433
"V1",0.729729477548972
"V2",0.0777099973056465
"V3",0.266412381315604
"V4",0.35243141441606
"V5",0.517817598301917
"V6",0.789853539317846
"V7",0.504958800738677
"V8",3.84216072037816
"V9",2.30131846293807
"V10",3.18683230970055
"V11",3.89314501546323
