"names","vals"
"Intercept",-7.47274606363569
"y",0.145304114324972
"V1",0.585452498868108
"V2",0.496610171627253
"V3",0.989330041920766
"V4",0.570705205434933
"V5",0.732841607183218
"V6",3.43655933067203
"V7",4.7501813955605
