"names","vals"
"Intercept",-11.4977172433874
"y",0.292672244599089
"V1",0.851918304339051
"V2",0.221277719829232
"V3",0.889029129175469
"V4",0.729707731399685
"V5",0.700355713022873
"V6",0.381899445084855
"V7",0.58150134771131
"V8",4.24191101174802
"V9",1.91199450101703
"V10",3.47097769845277
"V11",3.90074431709945
