"names","vals"
"Intercept",-9.53955639809044
"y",0.198962352937087
"V1",0.387618425767869
"V2",0.992122790310532
"V3",0.730504423845559
"V4",0.00055468431673944
"V5",0.990454930113629
"V6",0.303479355294257
"V7",1.06957020889968
"V8",3.97364132199436
"V9",3.57912680972368
