"names","vals"
"Intercept",-10.4465934091837
"y",0.826590848853812
"V1",0.791175877675414
"V2",0.0553313102573156
"V3",0.39110779366456
"V4",0.239818963455036
"V5",0.863450248958543
"V6",0.699035524390638
"V7",4.87616928853095
"V8",3.48461585212499
"V9",3.03110721334815
