"names","vals"
"Intercept",-2.43694544304209
"y",0.296198146650568
"V1",0.284211869584396
"V2",0.371632483555004
"V3",0.909458219073713
"V4",0.767671660752967
"V5",3.55337288696319
