"names","vals"
"Intercept",-6.52985326218419
"y",0.411516592139378
"V1",0.605341619579121
"V2",0.873249780852348
"V3",0.0728046325966716
"V4",0.67316548503004
"V5",0.177933005150408
"V6",0.556681485613808
"V7",1.36546208895743
"V8",2.43363478034735
"V9",2.74287488870323
