"names","vals"
"Intercept",-9.0703546143882
"y",0.898980811238289
"V1",0.55422754236497
"V2",0.463322176598012
"V3",0.0153741529211402
"V4",0.969134778017178
"V5",0.129836892941967
"V6",0.0764385180082172
"V7",0.192294179229066
"V8",0.255869640270248
"V9",1.01073267776519
"V10",2.54016711749136
"V11",4.72732047270983
"V12",1.8359707808122
"V13",3.56858644541353
