"names","vals"
"Intercept",-6.35693351551099
"y",0.781236505601555
"V1",0.386500582797453
"V2",0.230750634567812
"V3",0.0181981856003404
"V4",0.25229646358639
"V5",0.777706862427294
"V6",0.112555705942214
"V7",0.301000338047743
"V8",0.48779262509197
"V9",2.1619818797335
"V10",1.9707899345085
"V11",4.49704394675791
"V12",2.8321023741737
"V13",1.9449002109468
