"names","vals"
"Intercept",-3.7463340241299
"y",0.0233351369388402
"V1",0.867820455692708
"V2",0.057995666982606
"V3",0.323925561504439
"V4",0.123358276207
"V5",0.334825248690322
"V6",0.265410307096317
"V7",2.0696328394115
"V8",1.0472245728597
"V9",4.40388578176498
