"names","vals"
"Intercept",-2.38063775565336
"y",0.484206414781511
"V1",0.764877446228638
"V2",0.515211074147373
"V3",0.548856375971809
"V4",0.979913481511176
"V5",0.445268810959533
"V6",4.56464449129999
"V7",1.03390685934573
