"names","vals"
"Intercept",-4.67900200357894
"y",0.278007401851937
"V1",0.888176816981286
"V2",0.627909113885835
"V3",0.702725008595735
"V4",0.763659978983924
"V5",4.22812965884805
