"names","vals"
"Intercept",-5.52844270273624
"y",0.201066308887675
"V1",0.635895274579525
"V2",0.91875249822624
"V3",0.71221099072136
"V4",0.632280909689143
"V5",0.456389521947131
"V6",2.14369892608374
"V7",4.02187828999013
