"names","vals"
"Intercept",-9.42296963669686
"y",0.360771031817421
"V1",0.904681492131203
"V2",0.33739307965152
"V3",0.178816065192223
"V4",0.711172681069002
"V5",0.369207472307608
"V6",0.883700083242729
"V7",0.0896282459143549
"V8",0.909419687464833
"V9",4.31190415658057
"V10",3.57951404806226
"V11",3.08928371034563
"V12",1.02782491035759
"V13",1.36201471742243
