"names","vals"
"Intercept",-11.5829748925245
"y",0.441612055292353
"V1",0.628006415907294
"V2",0.53499055095017
"V3",0.44990168698132
"V4",0.561210613697767
"V5",0.868782118195668
"V6",0.765601109713316
"V7",0.628477546852082
"V8",4.61312138848007
"V9",4.80100588779896
"V10",2.13523334264755
"V11",4.71894444338977
