"names","vals"
"Intercept",-9.02740864192136
"y",0.946234637405723
"V1",0.408870571525767
"V2",0.644560856278986
"V3",0.381850318284705
"V4",0.336564129916951
"V5",0.820989300496876
"V6",0.98403021460399
"V7",0.167758027091622
"V8",2.61400649417192
"V9",3.49951051548123
"V10",2.2916070735082
"V11",2.71780550759286
