"names","vals"
"Intercept",-3.77145076673385
"y",0.0228852173313498
"V1",0.966558539308608
"V2",0.647904470330104
"V3",0.707153699360788
"V4",0.162021085852757
"V5",0.528448906959966
"V6",0.316981763346121
"V7",3.56300657056272
"V8",2.16768553480506
"V9",2.76628102641553
