"names","vals"
"Intercept",-5.47899688028032
"y",0.20424775313586
"V1",0.361582297133282
"V2",0.144830047618598
"V3",0.482661970425397
"V4",0.676397736184299
"V5",0.783720372011885
"V6",0.372809339081869
"V7",0.342105672694743
"V8",1.0297923926264
"V9",1.81904462166131
"V10",1.68359734583646
"V11",3.36700309440494
