"names","vals"
"Intercept",-2.25543481980124
"y",0.981552671641111
"V1",0.551395805785432
"V2",0.12653301935643
"V3",0.923994105309248
"V4",0.0162037746049464
"V5",4.11815894953907
