"names","vals"
"Intercept",-6.2286854013328
"y",0.556810260517523
"V1",0.903627978637815
"V2",0.574371388182044
"V3",0.299716481473297
"V4",0.437234307639301
"V5",0.392811806872487
"V6",0.825058324029669
"V7",0.127729602623731
"V8",2.7021418903023
"V9",2.95453658793122
"V10",4.5407291110605
"V11",3.27568365540355
