"names","vals"
"Intercept",-10.7820247124748
"y",0.276325412094593
"V1",0.228728418238461
"V2",0.44830227131024
"V3",0.257016160525382
"V4",0.601607559481636
"V5",0.308964231051505
"V6",0.154527440434322
"V7",0.241207573097199
"V8",0.995801460696384
"V9",3.92042984999716
"V10",2.81363793183118
"V11",1.42464638501406
"V12",4.64214775990695
"V13",1.33892618212849
