"names","vals"
"Intercept",-10.3615671046025
"y",0.861530946101993
"V1",0.525123409694061
"V2",0.668105800403282
"V3",0.756730544846505
"V4",0.366461172001436
"V5",0.0309393329080194
"V6",0.433031029766425
"V7",0.794551049126312
"V8",0.570405869744718
"V9",3.7701703524217
"V10",2.82341563142836
"V11",1.21911692619324
"V12",4.97206170111895
"V13",1.56169953010976
