"names","vals"
"Intercept",-5.45569591589365
"y",0.0373846809379756
"V1",0.514808784471825
"V2",0.0570780734997243
"V3",0.259341608965769
"V4",0.076914404751733
"V5",0.602972962660715
"V6",0.768634184263647
"V7",2.51532735303044
"V8",4.39857565704733
"V9",4.7959226006642
