"names","vals"
"Intercept",-8.75876610421715
"y",0.928646014537662
"V1",0.0934398076497018
"V2",0.509689486818388
"V3",0.881303359288722
"V4",0.561539681861177
"V5",0.701554141705856
"V6",0.806888622231781
"V7",4.34039541240782
"V8",3.71071440819651
"V9",4.79824059084058
