"names","vals"
"Intercept",-9.25663125641923
"y",0.0678298531565815
"V1",0.298302795970812
"V2",0.596648233709857
"V3",0.0359162543900311
"V4",0.670739565510303
"V5",0.372590877814218
"V6",0.0298096330370754
"V7",0.948227294487879
"V8",2.69907845277339
"V9",3.69946963712573
"V10",1.82012372929603
"V11",1.77516175433993
