"names","vals"
"Intercept",-14.4079795673613
"y",0.901857021497563
"V1",0.535244013881311
"V2",0.648313265759498
"V3",0.932974121766165
"V4",0.00177933205850422
"V5",0.501130556454882
"V6",0.282427220139652
"V7",0.756514604436234
"V8",0.989121404709294
"V9",1.53242911677808
"V10",4.40454828273505
"V11",4.37273520138115
"V12",2.92900298442692
"V13",4.40101199410856
