"names","vals"
"Intercept",-12.8936143854368
"y",0.581977781141177
"V1",0.933043652912602
"V2",0.52929760562256
"V3",0.657570569310337
"V4",0.716807662742212
"V5",0.506235285429284
"V6",0.559678494697437
"V7",0.8849802010227
"V8",0.965564897982404
"V9",1.0122041888535
"V10",3.89987589418888
"V11",3.1223605601117
"V12",2.77794577553868
"V13",4.35742757748812
