"names","vals"
"Intercept",-3.29470743168332
"y",0.221444006077945
"V1",0.0650859659072012
"V2",0.151357941096649
"V3",0.248500932473689
"V4",0.320045606698841
"V5",3.25866166781634
