"names","vals"
"Intercept",-7.24796326925606
"y",0.0272811439353973
"V1",0.347740957513452
"V2",0.643508350243792
"V3",0.719615462468937
"V4",0.200808820780367
"V5",0.0347314095124602
"V6",0.9906291665975
"V7",4.05423691030592
"V8",4.63675621896982
"V9",4.70779915805906
