"names","vals"
"Intercept",-5.45581407553936
"y",0.605502804042771
"V1",0.744642546633258
"V2",0.144629552029073
"V3",0.221987399272621
"V4",0.149982034228742
"V5",0.952244572108611
"V6",0.999073491198942
"V7",0.57143246405758
"V8",0.328297638799995
"V9",2.15747854113579
"V10",3.95235046744347
"V11",2.59711700025946
"V12",1.0736643858254
"V13",4.64336781669408
