"names","vals"
"Intercept",-7.11107735016942
"y",0.385888060089201
"V1",0.382418763125315
"V2",0.00724491593427956
"V3",0.593170812819153
"V4",0.923332855803892
"V5",0.647195257246494
"V6",2.35034148953855
"V7",4.64869527611881
