"names","vals"
"Intercept",-1.23191935042664
"y",0.0675450304988772
"V1",0.573428672738373
"V2",0.405222423374653
"V3",0.184590353397653
"V4",0.749399293214083
"V5",4.49232735857368
