"names","vals"
"Intercept",-7.08936394457682
"y",0.488717499887571
"V1",0.832445620791987
"V2",0.649981576716527
"V3",0.509663531091064
"V4",0.674289759481326
"V5",0.0811760369688272
"V6",0.820865026675165
"V7",0.0756420122925192
"V8",2.29769535642117
"V9",1.06646862253547
"V10",1.9266780950129
"V11",3.57095221988857
