"names","vals"
"Intercept",-1.86235157678695
"y",0.703621533233672
"V1",0.231759817805141
"V2",0.243463535327464
"V3",0.141548928339034
"V4",0.328885980881751
"V5",3.12237081769854
