"names","vals"
"Intercept",-5.47122611122695
"y",0.294564195675775
"V1",0.450282939011231
"V2",0.0428504592273384
"V3",0.805178509559482
"V4",0.812559348298237
"V5",0.611666512675583
"V6",0.8419851497747
"V7",1.45442601200193
"V8",2.25525815412402
"V9",2.26149155758321
