"names","vals"
"Intercept",-9.99049151892448
"y",0.114018905442208
"V1",0.763784484704956
"V2",0.7523925434798
"V3",0.908393427263945
"V4",0.871630619512871
"V5",0.302363267168403
"V6",0.351938730338588
"V7",0.076751897810027
"V8",3.98684931732714
"V9",4.64003589376807
"V10",4.29205563757569
"V11",1.58623891044408
