"names","vals"
"Intercept",-0.489514836067799
"y",0.052733167540282
"V1",0.80960556701757
"V2",0.156602645758539
"V3",0.227831229101866
"V4",0.656176244840026
"V5",1.48746764566749
