"names","vals"
"Intercept",-6.53648339677905
"y",0.790089633548632
"V1",0.188033363316208
"V2",0.812718790024519
"V3",0.0706018342170864
"V4",0.367577960481867
"V5",0.471138473367319
"V6",0.768518754513934
"V7",1.31558048259467
"V8",2.26991142705083
"V9",2.44568633660674
