"names","vals"
"Intercept",-7.50172133556288
"y",0.897482099477202
"V1",0.56139023299329
"V2",0.68019132502377
"V3",0.193525526905432
"V4",0.274817701429129
"V5",0.351617513224483
"V6",0.133993874536827
"V7",0.704335741931573
"V8",2.14265731815249
"V9",1.58974846545607
"V10",3.8467423832044
"V11",3.83382203057408
