"names","vals"
"Intercept",-9.30247959781345
"y",0.714283445151523
"V1",0.437001024605706
"V2",0.623991357628256
"V3",0.806430655065924
"V4",0.666041101561859
"V5",0.0086739759426564
"V6",0.953301286324859
"V7",0.572867800015956
"V8",1.66225395910442
"V9",3.74134584143758
"V10",4.00099861528724
"V11",4.49913389794528
