"names","vals"
"Intercept",-9.76474370377022
"y",0.195114251459017
"V1",0.434069638838992
"V2",0.377579706953838
"V3",0.762936800019816
"V4",0.0133693877141923
"V5",0.893913179868832
"V6",0.557551400037482
"V7",0.910529488930479
"V8",1.93706037756056
"V9",3.78996417019516
"V10",3.4577420167625
"V11",2.99263799190521
