"names","vals"
"Intercept",-9.11410336310044
"y",0.414372667903081
"V1",0.179311649408191
"V2",0.378150540636852
"V3",0.453912975266576
"V4",0.837705615209416
"V5",0.160758417798206
"V6",0.0746786405798048
"V7",0.428513036342338
"V8",3.7910632584244
"V9",1.40451985038817
"V10",4.29046796169132
"V11",4.63500018231571
