"names","vals"
"Intercept",-5.94827273450163
"y",0.438988528912887
"V1",0.995609419420362
"V2",0.333514925092459
"V3",0.638967470731586
"V4",0.463976540137082
"V5",0.396560426335782
"V6",0.778260591672733
"V7",1.68445166666061
"V8",4.86895336210728
"V9",4.33774983230978
