"names","vals"
"Intercept",-0.978228044327814
"y",0.325937879271805
"V1",0.924457333050668
"V2",0.0291357364039868
"V3",0.929369400953874
"V4",0.414767497684807
"V5",1.47856015898287
