"names","vals"
"Intercept",-6.41828744398989
"y",0.294824284268543
"V1",0.13875264627859
"V2",0.352651917841285
"V3",0.243744549108669
"V4",0.0336459812242538
"V5",0.440832067746669
"V6",0.00544709269888699
"V7",0.337540128733963
"V8",1.99328498076648
"V9",2.03365375194699
"V10",1.9787530247122
"V11",4.45459452364594
