"names","vals"
"Intercept",-1.62377104934119
"y",0.0861560390330851
"V1",0.78685351042077
"V2",0.993204825324938
"V3",0.577899771742523
"V4",0.424833718454465
"V5",1.44190916698426
