"names","vals"
"Intercept",-13.5359417466437
"y",0.119542959379032
"V1",0.549133112421259
"V2",0.576652503106743
"V3",0.868498323019594
"V4",0.769519180525094
"V5",0.316682387376204
"V6",0.688346898416057
"V7",0.640975956106558
"V8",0.608637191588059
"V9",4.22428633738309
"V10",2.9930158695206
"V11",2.45615443587303
"V12",4.97115853428841
"V13",3.88810595404357
