"names","vals"
"Intercept",-5.97466771182092
"y",0.155504652997479
"V1",0.462926515378058
"V2",0.193692227592692
"V3",0.933228172827512
"V4",0.639145542634651
"V5",0.389237364055589
"V6",0.477705487282947
"V7",4.52218353468925
"V8",1.77613559830934
"V9",2.04456124827266
