"names","vals"
"Intercept",-5.14834375602007
"y",0.862876137718558
"V1",0.80334937479347
"V2",0.766952230129391
"V3",0.895990771707147
"V4",0.527027177391574
"V5",0.532378027914092
"V6",3.93393052648753
"V7",1.66275089699775
