"names","vals"
"Intercept",-8.74070879732515
"y",0.785654133884236
"V1",0.796689626993611
"V2",0.32487312075682
"V3",0.613271580310538
"V4",0.258814660366625
"V5",0.351665660971776
"V6",0.211696561193094
"V7",2.67175647802651
"V8",3.84439178090543
"V9",4.89105234015733
