"names","vals"
"Intercept",-5.12532347896532
"y",0.789226436521858
"V1",0.237135937903076
"V2",0.0777063879650086
"V3",0.671569531783462
"V4",0.299225654453039
"V5",0.82970007462427
"V6",0.193377804011106
"V7",0.442688879091293
"V8",1.69198457244784
"V9",2.3032594807446
"V10",1.566590112634
"V11",3.00455077551305
