"names","vals"
"Intercept",-5.36316659550555
"y",0.480075938859954
"V1",0.389629512093961
"V2",0.530605642590672
"V3",0.849603260634467
"V4",0.577122127637267
"V5",0.369759116554633
"V6",4.32826817408204
"V7",2.59592510852963
