"names","vals"
"Intercept",-6.97536844231654
"y",0.658316985704005
"V1",0.543449285207316
"V2",0.0146248138044029
"V3",0.621075446717441
"V4",0.67246735910885
"V5",0.0776087301783264
"V6",0.96797492611222
"V7",2.42511206865311
"V8",2.97082282882184
"V9",4.28459663502872
