"names","vals"
"Intercept",-6.98925870841928
"y",0.815559152513742
"V1",0.295492911245674
"V2",0.350150243612006
"V3",0.716388778528199
"V4",0.932500333990902
"V5",0.868119125952944
"V6",0.469888244289905
"V7",0.0317065874114633
"V8",4.74259655084461
"V9",2.95061372220516
"V10",2.56307483278215
"V11",4.02001531329006
