"names","vals"
"Intercept",-6.88869414926739
"y",0.391940762521699
"V1",0.955869730329141
"V2",0.0521876977290958
"V3",0.640119155403227
"V4",0.578733420232311
"V5",0.27172000030987
"V6",0.2033108221367
"V7",0.885696085635573
"V8",2.91982187703252
"V9",3.62892314046621
"V10",2.24584712553769
"V11",2.12053315527737
