"names","vals"
"Intercept",-6.08205553011736
"y",0.325927354162559
"V1",0.244499437743798
"V2",0.232665275922045
"V3",0.750752513529733
"V4",0.731059092562646
"V5",0.505484121851623
"V6",3.43222280964255
"V7",4.6783494502306
