"names","vals"
"Intercept",-12.0705982202627
"y",0.772044075885788
"V1",0.992848745780066
"V2",0.751323778182268
"V3",0.411488143494353
"V4",0.39711574325338
"V5",0.347387460526079
"V6",0.907198407687247
"V7",0.21411887020804
"V8",0.161030780058354
"V9",2.14180036075413
"V10",4.65177416615188
"V11",3.10142486356199
"V12",1.24319064803421
"V13",4.58677942957729
