"names","vals"
"Intercept",-13.7575231960628
"y",0.140755294356495
"V1",0.758603345835581
"V2",0.189540261868387
"V3",0.968577119754627
"V4",0.676062962971628
"V5",0.92679592478089
"V6",0.441490460652858
"V7",0.162583007244393
"V8",0.649235978722572
"V9",3.92959860898554
"V10",4.34912684187293
"V11",1.49248093459755
"V12",3.22870882228017
"V13",3.94409306533635
