"names","vals"
"Intercept",-3.8318281730325
"y",0.425772766117007
"V1",0.747898002853617
"V2",0.969326772494242
"V3",0.382729254197329
"V4",0.237143442267552
"V5",0.759440398775041
"V6",0.0320128798484802
"V7",4.98521814215928
"V8",1.00627383310348
"V9",2.6381906317547
