"names","vals"
"Intercept",-7.63724270679615
"y",0.304766313405707
"V1",0.270624570315704
"V2",0.721204956062138
"V3",0.961171773029491
"V4",0.0224596506450325
"V5",0.891858232207596
"V6",0.816813247278333
"V7",4.32736104726791
"V8",2.02994899265468
"V9",2.78951548598707
