"names","vals"
"Intercept",-3.93860021125549
"y",0.446910922881216
"V1",0.430987970437855
"V2",0.709123888285831
"V3",0.245363012421876
"V4",0.972732537658885
"V5",0.719051848165691
"V6",0.0173244618345052
"V7",0.0769791984930634
"V8",1.9635569639504
"V9",1.39303115662187
"V10",3.65032664686441
"V11",4.88963696733117
