"names","vals"
"Intercept",-7.96510633349465
"y",0.842965056886896
"V1",0.298199090873823
"V2",0.811501702759415
"V3",0.788629742572084
"V4",0.532453775405884
"V5",0.370260884519666
"V6",0.100278361001983
"V7",0.0280164098367095
"V8",2.8496863078326
"V9",1.47076949384063
"V10",3.28436237387359
"V11",4.97041438240558
