"names","vals"
"Intercept",-2.1920778975198
"y",0.429319116286933
"V1",0.934387916931883
"V2",0.856089538196102
"V3",0.403145976830274
"V4",0.810380507959053
"V5",2.67429110221565
