"names","vals"
"Intercept",-6.96419151225453
"y",0.557250834302977
"V1",0.700444167712703
"V2",0.700443347916007
"V3",0.836282090749592
"V4",0.23394539533183
"V5",0.594366428442299
"V6",4.69805115740746
"V7",4.55395802110434
