"names","vals"
"Intercept",-8.3324544143544
"y",0.614016021369025
"V1",0.836183177074417
"V2",0.31391526455991
"V3",0.875514737796038
"V4",0.200298509094864
"V5",0.565730897942558
"V6",0.894012348726392
"V7",0.837314063217491
"V8",0.372403360670432
"V9",2.46544264443219
"V10",1.34792708791792
"V11",3.92586689814925
"V12",1.50041924789548
"V13",3.33515332546085
