"names","vals"
"Intercept",-1.96618578548031
"y",0.0901706665754318
"V1",0.50239088293165
"V2",0.615346993552521
"V3",0.211989978095517
"V4",0.637873944826424
"V5",1.4996626637876
