"names","vals"
"Intercept",-6.35784667971823
"y",0.819191382732242
"V1",0.330715433461592
"V2",0.62312910053879
"V3",0.216807153774425
"V4",0.91836916981265
"V5",0.836583828320727
"V6",0.93590918648988
"V7",0.0457300073467195
"V8",3.51994298957288
"V9",3.18569307867438
"V10",4.47966680768877
"V11",1.27145128697157
