"names","vals"
"Intercept",-6.52739539446193
"y",0.0486690120305866
"V1",0.979835601756349
"V2",0.940693902550265
"V3",0.417587094474584
"V4",0.837573446333408
"V5",0.771984948311001
"V6",0.986612818902358
"V7",4.41771507915109
"V8",2.22578960563987
"V9",3.10781036410481
