"names","vals"
"Intercept",-13.1671327981853
"y",0.0226475314702839
"V1",0.333536500576884
"V2",0.865940416930243
"V3",0.22759417607449
"V4",0.294848105404526
"V5",0.565080653876066
"V6",0.690009515965357
"V7",0.539267357671633
"V8",0.994014110416174
"V9",3.76544808968902
"V10",4.0334231229499
"V11",3.99456543941051
"V12",3.70378592889756
"V13",4.28414621949196
