"names","vals"
"Intercept",-5.20166411767388
"y",0.294039816595614
"V1",0.516374894883484
"V2",0.641235182527453
"V3",0.297302609309554
"V4",0.910344443982467
"V5",0.0583952374290675
"V6",0.679730091942474
"V7",2.44123671017587
"V8",1.07197138108313
"V9",1.98381976038218
