"names","vals"
"Intercept",-6.5828251654855
"y",0.479788998607546
"V1",0.0270721905399114
"V2",0.98335417592898
"V3",0.167329324176535
"V4",0.782549218041822
"V5",0.880433918209746
"V6",3.31464081630111
"V7",4.00095752440393
