"names","vals"
"Intercept",-5.52782548551774
"y",0.100164108909667
"V1",0.593458311632276
"V2",0.31368294893764
"V3",0.848117455141619
"V4",0.33050178620033
"V5",0.751131564378738
"V6",0.198490824084729
"V7",0.660199887119234
"V8",0.294389192946255
"V9",2.98940477706492
"V10",3.96197269950062
"V11",2.23596080765128
"V12",1.11240338161588
"V13",3.46990015450865
