"names","vals"
"Intercept",-6.14927438952122
"y",0.818576262099668
"V1",0.25498020555824
"V2",0.448364823590964
"V3",0.389918077504262
"V4",0.604981059441343
"V5",0.831244954839349
"V6",0.0545415473170578
"V7",3.63111377693713
"V8",4.39886810444295
"V9",1.35128566063941
