"names","vals"
"Intercept",-12.0037287545572
"y",0.0225445537362248
"V1",0.979931130539626
"V2",0.680970629211515
"V3",0.550830769818276
"V4",0.840731456875801
"V5",0.361908543622121
"V6",0.37525440310128
"V7",0.496760382782668
"V8",3.34774536825716
"V9",4.09562979452312
"V10",4.48625533934683
"V11",2.70848090387881
