"names","vals"
"Intercept",-6.10128850011085
"y",0.417265003314242
"V1",0.845202448545024
"V2",0.0432275470811874
"V3",0.350604121107608
"V4",0.00721421674825251
"V5",0.833302158396691
"V6",0.214543295092881
"V7",1.12630581017584
"V8",2.82786846440285
"V9",4.38556287158281
