"names","vals"
"Intercept",-2.44206076406268
"y",0.39134454773739
"V1",0.519478793023154
"V2",0.256949347211048
"V3",0.0144625650718808
"V4",0.604184582829475
"V5",1.80940927751362
