"names","vals"
"Intercept",-4.52671829382144
"y",0.454389985185117
"V1",0.729830491123721
"V2",0.701819195179269
"V3",0.839958433294669
"V4",0.516946921125054
"V5",0.276048727333546
"V6",0.449157427996397
"V7",0.254518006695434
"V8",0.952555526047945
"V9",1.20181460026652
"V10",1.56022042315453
"V11",4.7763481810689
"V12",4.20016095321625
"V13",3.36562319286168
