"names","vals"
"Intercept",-10.6026242344026
"y",0.169957752106711
"V1",0.437661403790116
"V2",0.0180922858417034
"V3",0.778204825008288
"V4",0.126789047615603
"V5",0.473981054266915
"V6",0.71306206448935
"V7",0.0676474152132869
"V8",0.960467533674091
"V9",4.76217136904597
"V10",1.38426529243588
"V11",3.42781186103821
"V12",4.09235963225365
"V13",4.5771584417671
