"names","vals"
"Intercept",-4.9908470476754
"y",0.406462841434404
"V1",0.703301647910848
"V2",0.270827598869801
"V3",0.46166126569733
"V4",0.801029960159212
"V5",0.62806599214673
"V6",0.16522812587209
"V7",1.5610708463937
"V8",3.14563359040767
"V9",2.09803905431181
