"names","vals"
"Intercept",-4.48168702503294
"y",0.778888639295474
"V1",0.166170185199007
"V2",0.366810514824465
"V3",0.445370377739891
"V4",0.449880785075948
"V5",0.658258247887716
"V6",1.12069874163717
"V7",3.28972456790507
