"names","vals"
"Intercept",-12.9507679557747
"y",0.846925304271281
"V1",0.860150144435465
"V2",0.18891886738129
"V3",0.976604327792302
"V4",0.282877099234611
"V5",0.723322225967422
"V6",0.308484955923632
"V7",0.36819019750692
"V8",0.761409562081099
"V9",4.98352124355733
"V10",2.85171132348478
"V11",4.68372657056898
"V12",4.42936009634286
"V13",1.43111020699143
