"names","vals"
"Intercept",-7.19513932143687
"y",0.166189987678081
"V1",0.908706329297274
"V2",0.836510198423639
"V3",0.485958396224305
"V4",0.847318776650354
"V5",0.678614816861227
"V6",0.425896183820441
"V7",0.553853947436437
"V8",0.0391441029496491
"V9",3.54501144681126
"V10",3.54515091795474
"V11",4.3381929686293
"V12",2.77244595997036
"V13",1.07832790259272
