"names","vals"
"Intercept",-6.25075820343709
"y",0.264671153854579
"V1",0.496542023960501
"V2",0.804762219777331
"V3",0.85990974563174
"V4",0.284681002842262
"V5",0.981039549224079
"V6",0.920990894781426
"V7",0.612819930305704
"V8",1.29774803854525
"V9",4.20884372945875
"V10",3.80836928542703
"V11",3.26452801935375
