"names","vals"
"Intercept",-5.13729393423372
"y",0.17242016014643
"V1",0.692751402966678
"V2",0.347232902422547
"V3",0.180867914576083
"V4",0.357284505385906
"V5",0.294981556711718
"V6",0.157272284151986
"V7",4.14643558673561
"V8",3.23389550019056
"V9",3.28797478973866
