"names","vals"
"Intercept",-4.34035545204207
"y",0.821315122302622
"V1",0.527720640646294
"V2",0.714795848121867
"V3",0.794285045005381
"V4",0.707764687249437
"V5",0.550387284252793
"V6",1.64001709409058
"V7",3.43325070105493
