"names","vals"
"Intercept",-8.89460083103296
"y",0.471650494728237
"V1",0.524803347885609
"V2",0.0611591069027781
"V3",0.581171576865017
"V4",0.353321995586157
"V5",0.905404279707
"V6",0.142365313600749
"V7",0.202412283979356
"V8",0.017468316713348
"V9",1.18374732788652
"V10",1.88527374900877
"V11",1.49464635923505
"V12",3.71056317724288
"V13",4.92382633592933
