"names","vals"
"Intercept",-8.90280763537157
"y",0.210235506063327
"V1",0.161256801337004
"V2",0.669624538859352
"V3",0.555267706979066
"V4",0.0914531431626529
"V5",0.589162083575502
"V6",0.327646807068959
"V7",0.0843235196080059
"V8",0.577746962895617
"V9",1.34214614052325
"V10",4.37635108549148
"V11",3.67186826560646
"V12",2.38381772581488
"V13",2.93465522862971
