"names","vals"
"Intercept",-12.1013561543534
"y",0.391922832699493
"V1",0.170752056874335
"V2",0.920116328634322
"V3",0.980269241379574
"V4",0.600072588771582
"V5",0.600502782734111
"V6",0.113537319935858
"V7",0.850446411408484
"V8",3.48131139855832
"V9",3.39291652292013
"V10",4.99347048159689
"V11",4.00062923319638
