"names","vals"
"Intercept",-5.71841571601201
"y",0.375658226665109
"V1",0.321519342483953
"V2",0.971764370566234
"V3",0.450462034670636
"V4",0.0398189583793283
"V5",0.743831109255552
"V6",4.35656954348087
"V7",2.96378751844168
