"names","vals"
"Intercept",-9.17772156658303
"y",0.0778764134738594
"V1",0.595463558565825
"V2",0.871586474590003
"V3",0.072502288268879
"V4",0.425503382692114
"V5",0.10174561990425
"V6",0.668435796862468
"V7",0.794781213626266
"V8",0.26694282819517
"V9",1.7006202628836
"V10",4.19025165215135
"V11",2.87011762801558
"V12",4.86713934969157
"V13",2.76739545166492
