"names","vals"
"Intercept",-5.78705206331983
"y",0.627423755824566
"V1",0.0487448836211115
"V2",0.819506200728938
"V3",0.272627846337855
"V4",0.539169488241896
"V5",0.261506962357089
"V6",0.405019187834114
"V7",0.939587973989546
"V8",0.0863791524898261
"V9",1.59617289062589
"V10",1.10525808949023
"V11",3.44627539254725
"V12",2.26261378452182
"V13",3.50311456713825
