"names","vals"
"Intercept",-10.4885010005375
"y",0.58262373553589
"V1",0.0365058372262865
"V2",0.351360601838678
"V3",0.254853422287852
"V4",0.476363945519552
"V5",0.93743806402199
"V6",0.646024790825322
"V7",0.826734038302675
"V8",3.4664297895506
"V9",3.86168372817338
"V10",3.30353254731745
"V11",3.16236118320376
