"names","vals"
"Intercept",-1.52872703799652
"y",0.122551904059947
"V1",0.281897983513772
"V2",0.155037394026294
"V3",0.753600796684623
"V4",0.682802489260212
"V5",2.05300253815949
