"names","vals"
"Intercept",-10.8940584803023
"y",0.216983707388863
"V1",0.6908490115311
"V2",0.772853410802782
"V3",0.383478491101414
"V4",0.352440532995388
"V5",0.125995024573058
"V6",0.684727890882641
"V7",0.894131214125082
"V8",0.677917861612514
"V9",3.4909374602139
"V10",2.28168289270252
"V11",4.41115778312087
"V12",3.49589915573597
"V13",4.65675283316523
