"names","vals"
"Intercept",-14.2929676211239
"y",0.741978561738506
"V1",0.857228949898854
"V2",0.231063175247982
"V3",0.309536565095186
"V4",0.272308131447062
"V5",0.974216613220051
"V6",0.382793462369591
"V7",0.0964252827689052
"V8",0.236315274611115
"V9",4.1442890400067
"V10",2.21949354279786
"V11",4.91348713357002
"V12",4.64314535446465
"V13",2.04619794990867
