"names","vals"
"Intercept",-6.20269876855845
"y",0.785495856078342
"V1",0.0862793715205044
"V2",0.366361628752202
"V3",0.722024010727182
"V4",0.91224522027187
"V5",4.63545315247029
