"names","vals"
"Intercept",-10.1919256144399
"y",0.614788230974227
"V1",0.634437919594347
"V2",0.66193814529106
"V3",0.973818928468972
"V4",0.220953950192779
"V5",0.92020826227963
"V6",0.686186937149614
"V7",0.485843678703532
"V8",0.237582119880244
"V9",1.98220946080983
"V10",1.25698538031429
"V11",1.83981633558869
"V12",3.60965710598975
"V13",1.09487890638411
