"names","vals"
"Intercept",-3.05274426735239
"y",0.132552697788924
"V1",0.634358391165733
"V2",0.799845434958115
"V3",0.188601727597415
"V4",0.83793295151554
"V5",0.364801469258964
"V6",2.64346954692155
"V7",2.16314629931003
