"names","vals"
"Intercept",-1.75813673184998
"y",0.696800513658673
"V1",0.938864435534924
"V2",0.198182676918805
"V3",0.399106140481308
"V4",0.141145598841831
"V5",0.783686541486531
"V6",2.34798454400152
"V7",1.36325051542372
