"names","vals"
"Intercept",-8.38942968184967
"y",0.150454611517489
"V1",0.200088821118698
"V2",0.846741129877046
"V3",0.258517082082108
"V4",0.489188495790586
"V5",0.714152794564143
"V6",0.152596412692219
"V7",4.20000008959323
"V8",1.94106172397733
"V9",4.48336052056402
