"names","vals"
"Intercept",-6.77035928268707
"y",0.991163192782551
"V1",0.355638176202774
"V2",0.280854808399454
"V3",0.471199329942465
"V4",0.129122108919546
"V5",0.272430119337514
"V6",0.569684003014117
"V7",3.80311806965619
"V8",4.74418599996716
"V9",3.70103791728616
