"names","vals"
"Intercept",-9.64262194431434
"y",0.65609992435202
"V1",0.10627922276035
"V2",0.624352728947997
"V3",0.81553619238548
"V4",0.233671572525054
"V5",0.589013867080212
"V6",0.968813582789153
"V7",0.0308153626974672
"V8",0.898078070953488
"V9",3.0377147346735
"V10",4.05034378264099
"V11",4.40205975621939
"V12",4.18681134469807
"V13",1.50476386677474
