"names","vals"
"Intercept",-12.9222637329011
"y",0.814401338808239
"V1",0.7586548414547
"V2",0.181696787010878
"V3",0.649783966364339
"V4",0.886759948451072
"V5",0.962989093502983
"V6",0.744670815067366
"V7",0.670041314093396
"V8",0.0697169885970652
"V9",2.08700111228973
"V10",2.78931603487581
"V11",3.4015104463324
"V12",1.14428680483252
"V13",2.03600646369159
