"names","vals"
"Intercept",-4.48018378822599
"y",0.894247473683208
"V1",0.933236644137651
"V2",0.305642406223342
"V3",0.378601601580158
"V4",0.749443028122187
"V5",4.34618400689214
