"names","vals"
"Intercept",-8.36560695467005
"y",0.614143854705617
"V1",0.753040901850909
"V2",0.681294022360817
"V3",0.0772596860770136
"V4",0.0448390915989876
"V5",0.348570109345019
"V6",0.394051851704717
"V7",0.767111978493631
"V8",4.30518778599799
"V9",1.93896647356451
"V10",2.25642811879516
"V11",3.45030850078911
