"names","vals"
"Intercept",-1.68860592336254
"y",0.981719413539395
"V1",0.752951050642878
"V2",0.396777336020023
"V3",0.460552099626511
"V4",0.551591190975159
"V5",2.5211306931451
