"names","vals"
"Intercept",-2.13228507222119
"y",0.60614541429095
"V1",0.481999202631414
"V2",0.176780018256977
"V3",0.778266383800656
"V4",0.249169477727264
"V5",2.19268264900893
