"names","vals"
"Intercept",-2.51574795874767
"y",0.425336200743914
"V1",0.594575649360195
"V2",0.856419049901888
"V3",0.510747641324997
"V4",0.602663652738556
"V5",1.82200368028134
