"names","vals"
"Intercept",-5.52479006662243
"y",0.744762780843303
"V1",0.688371805241331
"V2",0.95424555731006
"V3",0.564855822594836
"V4",0.0238101573195308
"V5",0.776974327396601
"V6",0.741129545029253
"V7",3.4482692759484
"V8",2.76010213140398
"V9",2.66471358947456
