"names","vals"
"Intercept",-7.349298802495
"y",0.817113721510395
"V1",0.353260860545561
"V2",0.463684710906819
"V3",0.16915062465705
"V4",0.77859829319641
"V5",0.239602624671534
"V6",0.037835176801309
"V7",0.845882581314072
"V8",2.84065881837159
"V9",3.28311506379396
"V10",3.00639659538865
"V11",1.49256444070488
