"names","vals"
"Intercept",-2.43141086666565
"y",0.750928463879973
"V1",0.213411577278748
"V2",0.840315259294584
"V3",0.742746998788789
"V4",0.239700650563464
"V5",3.19806308764964
