"names","vals"
"Intercept",-6.55206345823035
"y",0.730615113163367
"V1",0.0991942298132926
"V2",0.722751285182312
"V3",0.546864115167409
"V4",0.187966243596748
"V5",0.134961448376998
"V6",0.203410782152787
"V7",0.811890478013083
"V8",0.405965547310188
"V9",2.40867430157959
"V10",1.3153776479885
"V11",3.32942420337349
"V12",1.54310942068696
"V13",1.5824578627944
