"names","vals"
"Intercept",-4.40844134334801
"y",0.478281190386042
"V1",0.327280189376324
"V2",0.286342525854707
"V3",0.594733123201877
"V4",0.279834629967809
"V5",3.52643375098705
