"names","vals"
"Intercept",-6.2631837226809
"y",0.762739573139697
"V1",0.990590280387551
"V2",0.815233127446845
"V3",0.0673437514342368
"V4",0.106537331594154
"V5",0.326334264595062
"V6",0.519280397333205
"V7",0.87576009822078
"V8",2.97031138557941
"V9",4.32135801855475
"V10",2.31026576738805
"V11",3.03746376000345
