"names","vals"
"Intercept",-6.54183633650886
"y",0.905834504636005
"V1",0.89242393989116
"V2",0.884577241493389
"V3",0.108494139509276
"V4",0.175307450583205
"V5",0.472788518760353
"V6",0.730836912058294
"V7",0.427758102538064
"V8",1.63599170558155
"V9",2.65779687091708
"V10",1.86424798890948
"V11",3.15918866544962
