"names","vals"
"Intercept",-6.19456662230077
"y",0.188467394560575
"V1",0.105082157766446
"V2",0.759943884331733
"V3",0.15847175498493
"V4",0.135782628087327
"V5",0.0714180988725275
"V6",0.16568799992092
"V7",0.257052418077365
"V8",1.99265038687736
"V9",2.09901142027229
"V10",2.88223104458302
"V11",1.20776721369475
