"names","vals"
"Intercept",-1.50796585388761
"y",0.760923116467893
"V1",0.0248721912503242
"V2",0.562280414160341
"V3",0.277719651348889
"V4",0.063820069655776
"V5",1.40816322155297
