"names","vals"
"Intercept",-5.20731596324453
"y",0.321437221951783
"V1",0.57087272638455
"V2",0.380682606017217
"V3",0.602140460861847
"V4",0.735991427209228
"V5",0.681722323875874
"V6",0.539864761987701
"V7",1.07572627160698
"V8",4.29820559360087
"V9",4.03503957856447
