"names","vals"
"Intercept",-6.28440232697921
"y",0.556154089514166
"V1",0.597651791991666
"V2",0.662389653967693
"V3",0.331208545481786
"V4",0.214092324487865
"V5",0.623112380038947
"V6",0.551247095922008
"V7",0.520017818314955
"V8",0.543572039809078
"V9",1.36717248242348
"V10",1.4611094892025
"V11",3.27941961307079
"V12",4.74747124873102
"V13",2.85146405734122
