"names","vals"
"Intercept",-5.30104252536525
"y",0.0438384548760951
"V1",0.928438736358657
"V2",0.153909264830872
"V3",0.00243214680813253
"V4",0.203968631802127
"V5",0.912813579663634
"V6",0.218772317981347
"V7",1.01308106351644
"V8",3.711838664487
"V9",2.46682805474848
