"names","vals"
"Intercept",-3.77600153799169
"y",0.344284046441317
"V1",0.620675072073936
"V2",0.308897463604808
"V3",0.419974436750636
"V4",0.014197108335793
"V5",4.10906233545393
