"names","vals"
"Intercept",-4.73959698555502
"y",0.805749024031684
"V1",0.0953718000091612
"V2",0.854334512958303
"V3",0.997721661115065
"V4",0.620441303821281
"V5",3.97418166417629
