"names","vals"
"Intercept",-1.80888717871346
"y",0.0878160784486681
"V1",0.272701257374138
"V2",0.20683193905279
"V3",0.542048054747283
"V4",0.941822313703597
"V5",4.7130698049441
