"names","vals"
"Intercept",-8.9144227951928
"y",0.156700487947091
"V1",0.179435793310404
"V2",0.670285672880709
"V3",0.67293319478631
"V4",0.229175691492856
"V5",0.443876962410286
"V6",0.658372305333614
"V7",2.24130345415324
"V8",3.61890607699752
"V9",4.1502351090312
