"names","vals"
"Intercept",-4.20349602974136
"y",0.793395306216553
"V1",0.140136726200581
"V2",0.688247380778193
"V3",0.510632237885147
"V4",0.354312726296484
"V5",0.379293429432437
"V6",2.05561333987862
"V7",3.19765810482204
