"names","vals"
"Intercept",-8.55394087926391
"y",0.19596055150032
"V1",0.946875499328598
"V2",0.273538300767541
"V3",0.440937850391492
"V4",0.436447411775589
"V5",0.903922592755407
"V6",0.0572649545501918
"V7",0.791066026315093
"V8",0.799503134097904
"V9",2.28754154406488
"V10",2.02554740011692
"V11",1.02511062286794
"V12",1.74418968800455
"V13",2.99482885096222
