"names","vals"
"Intercept",-7.70361756956624
"y",0.207063114503399
"V1",0.0456202088389546
"V2",0.0661172282416373
"V3",0.227013769792393
"V4",0.78035556152463
"V5",0.199891932541505
"V6",0.0670649406965822
"V7",3.44510840717703
"V8",2.97592126764357
"V9",3.22857559099793
