"names","vals"
"Intercept",-5.19069677801919
"y",0.397398466710001
"V1",0.572054526768625
"V2",0.804101363057271
"V3",0.389833526220173
"V4",0.219162247376516
"V5",0.923265584977344
"V6",0.252924186177552
"V7",2.5521562481299
"V8",3.71305774990469
"V9",1.83895903080702
