"names","vals"
"Intercept",-3.86572852671845
"y",0.22985581913963
"V1",0.278262007748708
"V2",0.0321508445776999
"V3",0.108207421144471
"V4",0.7849998222664
"V5",0.684013796504587
"V6",2.95425902958959
"V7",4.20541505794972
