"names","vals"
"Intercept",-7.57766399448342
"y",0.868288702098653
"V1",0.973128762328997
"V2",0.0589339814614505
"V3",0.363035049987957
"V4",0.236829990055412
"V5",0.294950731098652
"V6",0.462379895150661
"V7",1.04724179767072
"V8",4.25920301210135
"V9",2.58066110219806
