"names","vals"
"Intercept",-5.24939684932586
"y",0.424773368984461
"V1",0.405785943614319
"V2",0.673891519429162
"V3",0.887822847114876
"V4",0.133452295325696
"V5",0.153579728445038
"V6",0.315007170662284
"V7",1.13419575523585
"V8",3.33251821808517
"V9",2.28570206742734
