"names","vals"
"Intercept",-3.37117863185704
"y",0.971307742176577
"V1",0.612391919596121
"V2",0.826939847320318
"V3",0.787214286392555
"V4",0.320611842907965
"V5",0.0256529417820275
"V6",0.92281178291887
"V7",1.27973930165172
"V8",2.03669131640345
"V9",1.22242616210133
