"names","vals"
"Intercept",-8.70286497434042
"y",0.876329543301836
"V1",0.618113215547055
"V2",0.798538229195401
"V3",0.945430485997349
"V4",0.988547818735242
"V5",0.304012465523556
"V6",0.942900710739195
"V7",0.0713609370868653
"V8",0.288653607945889
"V9",3.48147476837039
"V10",4.17933039367199
"V11",1.58107358310372
"V12",1.42439056560397
"V13",1.53961171023548
