"names","vals"
"Intercept",-1.76116929445881
"y",0.208082966972142
"V1",0.0524452042300254
"V2",0.658322336850688
"V3",0.864344785921276
"V4",0.739213424501941
"V5",0.263310483656824
"V6",1.85539894457906
"V7",4.3615065459162
