"names","vals"
"Intercept",-6.41459251305554
"y",0.794754922622815
"V1",0.429881074698642
"V2",0.597917295061052
"V3",0.075692419661209
"V4",0.788819246226922
"V5",0.413369081914425
"V6",0.724042262881994
"V7",0.506307506468147
"V8",2.36249121557921
"V9",1.12892975937575
"V10",2.44926701486111
"V11",2.12422353588045
