"names","vals"
"Intercept",-8.78375278845243
"y",0.376446363516152
"V1",0.470254245446995
"V2",0.424637040589005
"V3",0.37466107076034
"V4",0.947545001050457
"V5",0.585549420211464
"V6",0.703351916745305
"V7",0.26550683984533
"V8",1.49351715110242
"V9",3.97901916876435
"V10",3.25944951549172
"V11",1.12670987099409
