"names","vals"
"Intercept",-2.75245307514304
"y",0.524215168785304
"V1",0.874595198547468
"V2",0.566963189747185
"V3",0.846856316318735
"V4",0.702348443912342
"V5",4.10262936726213
