"names","vals"
"Intercept",-4.66208060074458
"y",0.387058107648045
"V1",0.115768798161298
"V2",0.35400590673089
"V3",0.472202352015302
"V4",0.861212812131271
"V5",0.822309823241085
"V6",2.37645526137203
"V7",1.42501104902476
