"names","vals"
"Intercept",-12.8424338831143
"y",0.872483878396451
"V1",0.18168180808425
"V2",0.0962072003167123
"V3",0.555426659993827
"V4",0.953834438929334
"V5",0.0176047952845693
"V6",0.874727325513959
"V7",0.0642758177127689
"V8",0.998704601544887
"V9",2.82390693202615
"V10",2.62117516528815
"V11",3.3377739097923
"V12",1.80761866550893
"V13",4.2907636789605
