"names","vals"
"Intercept",-5.87516900171665
"y",0.136663686018437
"V1",0.266089346958324
"V2",0.877791104372591
"V3",0.185655346838757
"V4",0.537124518305063
"V5",0.758150139125064
"V6",3.28545060940087
"V7",3.25760340224952
