"names","vals"
"Intercept",-1.29390901774634
"y",0.603526951745152
"V1",0.255020676413551
"V2",0.617570003960282
"V3",0.569578610127792
"V4",0.692745737265795
"V5",2.7489211326465
