"names","vals"
"Intercept",-9.03293858648697
"y",0.333552859257907
"V1",0.56267721997574
"V2",0.0194378315936774
"V3",0.875981182092801
"V4",0.943767798598856
"V5",0.139193473616615
"V6",0.316365475999191
"V7",0.839389701839536
"V8",1.56770230270922
"V9",3.92741076648235
"V10",4.32174419984221
"V11",1.04899868555367
