"names","vals"
"Intercept",-5.3136152198785
"y",0.199050093535334
"V1",0.978441457264125
"V2",0.175659479107708
"V3",0.736645452445373
"V4",0.010391065152362
"V5",0.230839003110304
"V6",0.506695653311908
"V7",3.65308104269207
"V8",4.20082728657871
"V9",1.29035307839513
