"names","vals"
"Intercept",-7.51346338906093
"y",0.688759062439203
"V1",0.157871107570827
"V2",0.592443503206596
"V3",0.551176341250539
"V4",0.838636227184907
"V5",0.126849207328632
"V6",0.11522178654559
"V7",4.60277428198606
"V8",4.76269033644348
"V9",1.09609651658684
