"names","vals"
"Intercept",-11.7495099067111
"y",0.5751011534594
"V1",0.802745890570804
"V2",0.34421247895807
"V3",0.138834519078955
"V4",0.185233891941607
"V5",0.6341789199505
"V6",0.896690870402381
"V7",0.259290887275711
"V8",0.979121423559263
"V9",2.71572136692703
"V10",3.01259695086628
"V11",2.04464428592473
"V12",3.38373543415219
"V13",3.60551404953003
