"names","vals"
"Intercept",-7.86413082777802
"y",0.159826763672754
"V1",0.0519017286133021
"V2",0.146647045155987
"V3",0.228842652169988
"V4",0.939114475622773
"V5",0.723139129811898
"V6",0.296742913080379
"V7",0.427296077599749
"V8",4.46836781129241
"V9",1.64495376311243
"V10",4.61182409990579
"V11",3.30963458865881
