"names","vals"
"Intercept",-2.01728483067988
"y",0.214748754166067
"V1",0.0376770326402038
"V2",0.839924057014287
"V3",0.910187869565561
"V4",0.87656884919852
"V5",3.20057979319245
