"names","vals"
"Intercept",-9.25211016382719
"y",0.163367637200281
"V1",0.204984411364421
"V2",0.454982016934082
"V3",0.885214816080406
"V4",0.554273089859635
"V5",0.399494737153873
"V6",0.194675809703767
"V7",0.494879244826734
"V8",0.773852774640545
"V9",3.27097597625107
"V10",1.25894463434815
"V11",4.99030732363462
"V12",1.82387518044561
"V13",2.13500445894897
