"names","vals"
"Intercept",-6.47439425055077
"y",0.974010932724923
"V1",0.583498096792027
"V2",0.120271058287472
"V3",0.999371205456555
"V4",0.440626664087176
"V5",0.88108936115168
"V6",1.93316256999969
"V7",3.14279926195741
