"names","vals"
"Intercept",-4.05349876278779
"y",0.637571384664625
"V1",0.277207546168938
"V2",0.00575966015458107
"V3",0.636792269535363
"V4",0.806407032767311
"V5",0.673082369379699
"V6",0.42806780198589
"V7",0.892527840100229
"V8",3.27584802545607
"V9",3.41139118000865
"V10",3.99966534785926
"V11",1.15782427694649
