"names","vals"
"Intercept",-10.32729900524
"y",0.920294822426513
"V1",0.82913786941208
"V2",0.511846995446831
"V3",0.88985733105801
"V4",0.498755086911842
"V5",0.355006596073508
"V6",0.391014260007069
"V7",0.914159313077107
"V8",4.11090423632413
"V9",2.97280634660274
"V10",3.44860396441072
"V11",4.69538527168334
