"names","vals"
"Intercept",-5.22619943867926
"y",0.759212146978825
"V1",0.865290045971051
"V2",0.0642230696976185
"V3",0.90421294234693
"V4",0.626397160580382
"V5",0.682745927013457
"V6",3.27908848412335
"V7",4.11934620700777
