"names","vals"
"Intercept",-8.87037609739834
"y",0.813835276756436
"V1",0.936732558533549
"V2",0.348419741494581
"V3",0.788840031484142
"V4",0.194482751190662
"V5",0.70807547448203
"V6",0.439665107289329
"V7",1.82741358038038
"V8",3.40648431703448
"V9",3.68475539423525
