"names","vals"
"Intercept",-2.68129081572476
"y",0.128221064805984
"V1",0.609140064101666
"V2",0.820311778457835
"V3",0.437021678779274
"V4",0.689537900267169
"V5",0.579354092944413
"V6",1.94675931055099
"V7",3.65241636708379
