"names","vals"
"Intercept",-5.14503442193381
"y",0.483780527487397
"V1",0.846771341050044
"V2",0.605969195952639
"V3",0.583293967647478
"V4",0.775534225394949
"V5",0.0172218759544194
"V6",1.26360018458217
"V7",2.87466749362648
