"names","vals"
"Intercept",-1.58975302756252
"y",0.207088711671531
"V1",0.618544764816761
"V2",0.740374164190143
"V3",0.511170976562425
"V4",0.904239903436974
"V5",2.96625139005482
