"names","vals"
"Intercept",-5.50224659731775
"y",0.518807930639014
"V1",0.191086344886571
"V2",0.964433882851154
"V3",0.402889797231182
"V4",0.0663062718231231
"V5",0.233691804343835
"V6",0.309321179520339
"V7",3.05628394242376
"V8",4.08502590563148
"V9",1.00333554018289
