"names","vals"
"Intercept",-5.71149708575546
"y",0.141913342988119
"V1",0.354819352272898
"V2",0.95219605602324
"V3",0.211787618231028
"V4",0.0876307082362473
"V5",0.466697858180851
"V6",0.0134827964939177
"V7",4.5063053118065
"V8",1.82277377042919
"V9",1.81727754417807
