"names","vals"
"Intercept",-0.780786158363335
"y",0.0608803038485348
"V1",0.607699054060504
"V2",0.00862393365241587
"V3",0.896286945557222
"V4",0.0651358908507973
"V5",2.0806158753112
