"names","vals"
"Intercept",-4.00605304000317
"y",0.285816239425912
"V1",0.154986835317686
"V2",0.0709541016258299
"V3",0.0362739693373442
"V4",0.479260772000998
"V5",0.480539695126936
"V6",0.53064035018906
"V7",1.04424304421991
"V8",4.63593020755798
"V9",3.55155604332685
