"names","vals"
"Intercept",-1.86378094860679
"y",0.04139444231987
"V1",0.220360852312297
"V2",0.918517567450181
"V3",0.348498151870444
"V4",0.724729272304103
"V5",1.17909074295312
