"names","vals"
"Intercept",-5.19547170304693
"y",0.128476101206616
"V1",0.934020389569923
"V2",0.952471691649407
"V3",0.118901908397675
"V4",0.960825264919549
"V5",0.872510483954102
"V6",4.78811334818602
"V7",1.93497410975397
