"names","vals"
"Intercept",-6.47931757976999
"y",0.686394911725074
"V1",0.965647632954642
"V2",0.71734403539449
"V3",0.0654757821466774
"V4",0.804718282772228
"V5",0.301920175319538
"V6",1.8529668096453
"V7",4.60372838005424
