"names","vals"
"Intercept",-9.56747452616552
"y",0.0740803822409362
"V1",0.109435276361182
"V2",0.514032516628504
"V3",0.789131378056481
"V4",0.801116357091814
"V5",0.921920323511586
"V6",0.977371952263638
"V7",0.230644838651642
"V8",0.0543114631436765
"V9",3.00845303200185
"V10",1.16788335610181
"V11",2.9789870698005
"V12",4.1692860852927
"V13",1.37003809120506
