"names","vals"
"Intercept",-5.42620830440382
"y",0.665123764425516
"V1",0.876364024821669
"V2",0.722436657175422
"V3",0.325243653729558
"V4",0.15267202979885
"V5",0.370456006377935
"V6",0.0636890507303178
"V7",3.75995256751776
"V8",4.55568076390773
"V9",3.8018005611375
