"names","vals"
"Intercept",-9.07239508114476
"y",0.65117264050059
"V1",0.497520094271749
"V2",0.400656685465947
"V3",0.849035132909194
"V4",0.257498257094994
"V5",0.751568019157276
"V6",0.797592117451131
"V7",0.413317793048918
"V8",0.684300799388438
"V9",2.71296421065927
"V10",2.87783382553607
"V11",1.03396133240312
"V12",1.25054341182113
"V13",4.5184472547844
