"names","vals"
"Intercept",-3.50879114021989
"y",0.244607518427074
"V1",0.671173578361049
"V2",0.0976853889878839
"V3",0.334711730247363
"V4",0.646990727400407
"V5",0.624121353961527
"V6",1.90434950403869
"V7",4.65882867667824
