"names","vals"
"Intercept",-4.16821999777015
"y",0.701780412811786
"V1",0.74625170789659
"V2",0.882212089607492
"V3",0.786522175418213
"V4",0.668488617055118
"V5",0.798403025837615
"V6",3.06882890872657
"V7",4.28160337451845
