"names","vals"
"Intercept",-9.8290853070491
"y",0.054967715870589
"V1",0.88429243885912
"V2",0.647852607769892
"V3",0.497800220735371
"V4",0.312973022228107
"V5",0.468129475135356
"V6",0.709263816475868
"V7",0.535571161424741
"V8",0.903923923615366
"V9",1.71236441005021
"V10",2.73025261797011
"V11",4.56990495044738
"V12",3.76537929102778
"V13",1.54922148678452
