"names","vals"
"Intercept",-4.0468941921955
"y",0.0131919225677848
"V1",0.890606066444889
"V2",0.599072729470208
"V3",0.904522028751671
"V4",0.498264246154577
"V5",2.85277685616165
