"names","vals"
"Intercept",-5.05882995523792
"y",0.513507721247151
"V1",0.806406244169921
"V2",0.919899134431034
"V3",0.974902687361464
"V4",0.608330768533051
"V5",0.0784780981484801
"V6",4.14164488203824
"V7",1.29617261979729
