"names","vals"
"Intercept",-2.84682495265873
"y",0.95760384760797
"V1",0.0603834104258567
"V2",0.0838639235589653
"V3",0.677658778382465
"V4",0.532093421556056
"V5",3.3717283681035
