"names","vals"
"Intercept",-7.18887656491925
"y",0.504525965312496
"V1",0.992064593825489
"V2",0.29704289115034
"V3",0.926035258220509
"V4",0.680462577147409
"V5",0.423988075694069
"V6",0.61906869104132
"V7",0.199864691123366
"V8",1.66530973371118
"V9",4.92367843072861
"V10",1.40037770848721
"V11",3.2107220645994
