"names","vals"
"Intercept",-8.0224884042819
"y",0.86533378646709
"V1",0.730731239542365
"V2",0.324415378738195
"V3",0.683791802730411
"V4",0.322805055882782
"V5",0.694083881098777
"V6",0.253466124413535
"V7",0.698537060525268
"V8",2.13291205652058
"V9",3.99654422979802
"V10",3.18372066318989
"V11",2.47190238162875
