"names","vals"
"Intercept",-4.29443849276425
"y",0.555419243173674
"V1",0.690472286893055
"V2",0.380215749144554
"V3",0.651115220971406
"V4",0.366824695607647
"V5",4.51448385976255
