"names","vals"
"Intercept",-2.51768536095135
"y",0.427046838914976
"V1",0.819982586428523
"V2",0.335773627506569
"V3",0.244177519110963
"V4",0.338020822266117
"V5",3.25389201100916
