"names","vals"
"Intercept",-3.24431906876015
"y",0.226710926508531
"V1",0.460420426214114
"V2",0.617969213286415
"V3",0.667673572199419
"V4",0.226365858921781
"V5",1.63456976320595
