"names","vals"
"Intercept",-9.29517015706608
"y",0.269712747540325
"V1",0.228818611009046
"V2",0.405739693669602
"V3",0.724351649172604
"V4",0.333231404656544
"V5",0.894137870287523
"V6",0.259236215613782
"V7",0.641553246183321
"V8",1.48312913160771
"V9",4.22829567268491
"V10",2.30348377302289
"V11",1.35139876790345
