"names","vals"
"Intercept",-5.62227209857479
"y",0.0244207722134888
"V1",0.0178216022904962
"V2",0.582835134584457
"V3",0.192851002095267
"V4",0.85830545402132
"V5",0.479497892782092
"V6",0.277022806927562
"V7",2.75461260974407
"V8",3.94624157249928
"V9",1.18165667541325
