"names","vals"
"Intercept",-5.28110707849823
"y",0.11142200534232
"V1",0.916508260881528
"V2",0.690214468631893
"V3",0.111578333657235
"V4",0.611521696671844
"V5",0.547620441298932
"V6",0.409033016068861
"V7",0.894929371308535
"V8",3.16598021425307
"V9",1.69670612737536
"V10",4.36954282503575
"V11",1.92971899732947
