"names","vals"
"Intercept",-10.4993551606187
"y",0.570057763485238
"V1",0.564694044878706
"V2",0.646521457005292
"V3",0.825938361696899
"V4",0.901011263020337
"V5",0.41337862261571
"V6",0.0431276762392372
"V7",0.420281840488315
"V8",0.839382553007454
"V9",4.27608385216445
"V10",2.58657937031239
"V11",3.33211082406342
"V12",3.94172902684659
"V13",2.80137789715081
