"names","vals"
"Intercept",-4.08300021913694
"y",0.0989022275898606
"V1",0.792690456612036
"V2",0.931489174021408
"V3",0.850508674746379
"V4",0.112684044754133
"V5",0.686722834128886
"V6",0.979751259088516
"V7",0.208658524323255
"V8",4.22745579574257
"V9",4.00455901678652
"V10",1.15255456976593
"V11",2.6521592149511
