"names","vals"
"Intercept",-16.764381890933
"y",0.253336668480188
"V1",0.0968079222366214
"V2",0.511748069664463
"V3",0.73236949252896
"V4",0.112831913633272
"V5",0.106995660113171
"V6",0.924648381769657
"V7",0.671275733504444
"V8",0.698428994975984
"V9",4.69955632835627
"V10",4.34007323533297
"V11",3.57234420068562
"V12",1.67282387893647
"V13",3.86756954155862
