"names","vals"
"Intercept",-6.16304796702345
"y",0.751451436895877
"V1",0.00686440174467862
"V2",0.532749763457105
"V3",0.50228537642397
"V4",0.149368349462748
"V5",0.527995883719996
"V6",0.568794659106061
"V7",1.72160764876753
"V8",4.32041272241622
"V9",2.42893136758357
