"names","vals"
"Intercept",-6.51838916443614
"y",0.442504425067455
"V1",0.673042687121779
"V2",0.464521597605199
"V3",0.0272131545934826
"V4",0.0609295966569334
"V5",0.540932388510555
"V6",0.818854465847835
"V7",0.203870326047763
"V8",2.06338207423687
"V9",2.31475403811783
"V10",1.96692263614386
"V11",4.11582354921848
