"names","vals"
"Intercept",-3.23938125517685
"y",0.278698778478429
"V1",0.65155527764
"V2",0.82949170190841
"V3",0.49734377884306
"V4",0.533272819593549
"V5",2.40538044180721
