"names","vals"
"Intercept",-12.8787302635959
"y",0.265019875252619
"V1",0.0546894399449229
"V2",0.897535170894116
"V3",0.221863547572866
"V4",0.349029525415972
"V5",0.771422842517495
"V6",0.757792297983542
"V7",0.559537024004385
"V8",0.721945880679414
"V9",3.18886388000101
"V10",4.72612712718546
"V11",3.97407492715865
"V12",2.41509905830026
"V13",3.59672436211258
