"names","vals"
"Intercept",-4.47022834550985
"y",0.4930157775525
"V1",0.538238012697548
"V2",0.751924828859046
"V3",0.737902136286721
"V4",0.890378956217319
"V5",0.202797457575798
"V6",0.491794756380841
"V7",2.01744793355465
"V8",2.47860890906304
"V9",1.46934308856726
