"names","vals"
"Intercept",-1.96599505543173
"y",0.254652622155845
"V1",0.583016345044598
"V2",0.729509215569124
"V3",0.693858159240335
"V4",0.631916274316609
"V5",3.48577214870602
