"names","vals"
"Intercept",-2.50294264473999
"y",0.00173578271642327
"V1",0.681389192119241
"V2",0.314000625163317
"V3",0.908222663449124
"V4",0.108526512980461
"V5",0.072036647470668
"V6",0.213126462651417
"V7",3.16255584638566
"V8",1.02347244508564
"V9",2.59613387845457
