"names","vals"
"Intercept",-7.98416478553088
"y",0.564875245792791
"V1",0.0894162852782756
"V2",0.402897071558982
"V3",0.126069541787729
"V4",0.677922631846741
"V5",0.529842652147636
"V6",0.355039359768853
"V7",0.635846476769075
"V8",1.5336070805788
"V9",3.26598714478314
"V10",4.3978098705411
"V11",4.79230375401676
