"names","vals"
"Intercept",-4.76065669203317
"y",0.395022658398375
"V1",0.73488749936223
"V2",0.0324435529764742
"V3",0.395521718775854
"V4",0.590032396838069
"V5",0.0415889485739172
"V6",0.541464226553217
"V7",4.66274419426918
"V8",2.16105461679399
"V9",2.25299681164324
