"names","vals"
"Intercept",-4.09845218625572
"y",0.720966703724116
"V1",0.497382570058107
"V2",0.0819407168310136
"V3",0.587264385772869
"V4",0.189699598355219
"V5",0.0456581909675151
"V6",4.40478811226785
"V7",2.98408910818398
