"names","vals"
"Intercept",-1.82621362364851
"y",0.800280984025449
"V1",0.148522757925093
"V2",0.700640013208613
"V3",0.438031977741048
"V4",0.348732238635421
"V5",1.22709118947387
