"names","vals"
"Intercept",-11.5835392070925
"y",0.335744035895914
"V1",0.955294158309698
"V2",0.812732235062867
"V3",0.735618704464287
"V4",0.709657847648486
"V5",0.949580688495189
"V6",0.268441026099026
"V7",0.0399291205685586
"V8",0.223884491249919
"V9",2.40641073510051
"V10",3.34198556002229
"V11",1.5834820792079
"V12",3.43808347731829
"V13",4.38207108061761
