"names","vals"
"Intercept",-2.27447365927696
"y",0.13362538209185
"V1",0.24438842991367
"V2",0.81094079092145
"V3",0.300022307084873
"V4",0.88183557568118
"V5",4.9452060284093
