"names","vals"
"Intercept",-2.555731993831
"y",0.447954938979819
"V1",0.119730107253417
"V2",0.63244095351547
"V3",0.492218778003007
"V4",0.640463558491319
"V5",1.6331665366888
