"names","vals"
"Intercept",-4.10921551894816
"y",0.0327757087070495
"V1",0.321670518722385
"V2",0.879035966703668
"V3",0.619042542530224
"V4",0.375036456156522
"V5",0.237932710442692
"V6",0.695934327552095
"V7",2.85692446585745
"V8",2.07320940215141
"V9",4.84376437123865
