"names","vals"
"Intercept",-8.07925240024412
"y",0.942510693101212
"V1",0.700866653118283
"V2",0.476936395047233
"V3",0.659561121836305
"V4",0.163996640825644
"V5",0.22838242771104
"V6",0.583018530160189
"V7",0.0605037475470454
"V8",0.669190832646564
"V9",4.67735218349844
"V10",1.09390882775187
"V11",3.48701127804816
"V12",4.86018550861627
"V13",3.82456034328789
