"names","vals"
"Intercept",-2.72382582344161
"y",0.0652615390717983
"V1",0.265519313281402
"V2",0.213526987936348
"V3",0.265076618874446
"V4",0.228237515315413
"V5",0.940328610362485
"V6",0.190479884622619
"V7",1.72634936869144
"V8",1.42277587391436
"V9",4.66017154417932
