"names","vals"
"Intercept",-13.2308855587123
"y",0.808177080703899
"V1",0.479133112356067
"V2",0.600635705515742
"V3",0.909175914246589
"V4",0.915210998617113
"V5",0.829525441164151
"V6",0.946558934170753
"V7",0.219935130793601
"V8",0.663598648272455
"V9",4.52229340281337
"V10",1.51651760097593
"V11",2.61779083590955
"V12",3.57166421972215
"V13",4.41164738312364
