"names","vals"
"Intercept",-6.48564253151789
"y",0.161076706135646
"V1",0.491328872274607
"V2",0.694972444325686
"V3",0.932712919777259
"V4",0.961068503558636
"V5",0.419143616920337
"V6",3.52028813119978
"V7",2.81312513817102
