"names","vals"
"Intercept",-4.15406742173061
"y",0.952560565667227
"V1",0.173715085489675
"V2",0.434398086275905
"V3",0.362705091712996
"V4",0.601168419932947
"V5",0.0681657907553017
"V6",4.89645892195404
"V7",1.62184887286276
