"names","vals"
"Intercept",-1.93561259199539
"y",0.407899152953178
"V1",0.995482331840321
"V2",0.518895121756941
"V3",0.413819880690426
"V4",0.374304282478988
"V5",1.55296204145998
