"names","vals"
"Intercept",-3.39291307167034
"y",0.931609038030729
"V1",0.330980753293261
"V2",0.159798014909029
"V3",0.207671528682113
"V4",0.697274293284863
"V5",3.22454863414168
