"names","vals"
"Intercept",-9.21001126632001
"y",0.410812065936625
"V1",0.448673688340932
"V2",0.471874102717265
"V3",0.591718289535493
"V4",0.640315801370889
"V5",0.314831781899557
"V6",0.911925160093233
"V7",0.831870027119294
"V8",4.47925936430693
"V9",4.03609740175307
"V10",4.4832862354815
"V11",4.8163900366053
