"names","vals"
"Intercept",-3.01802693908894
"y",0.937318861484528
"V1",0.192942541092634
"V2",0.256489878287539
"V3",0.623344887048006
"V4",0.541122426977381
"V5",2.76178263314068
