"names","vals"
"Intercept",-10.916311407371
"y",0.593445686623454
"V1",0.889535407535732
"V2",0.763313138391823
"V3",0.542099974351004
"V4",0.664248940302059
"V5",0.351789101725444
"V6",0.707661214051768
"V7",0.855667897267267
"V8",0.583570082904771
"V9",2.95158408489078
"V10",3.00734613649547
"V11",1.8335097823292
"V12",3.29622480925173
"V13",2.59318986069411
