"names","vals"
"Intercept",-4.99961590948235
"y",0.887752143433318
"V1",0.67673137341626
"V2",0.0440484180580825
"V3",0.0507403791416436
"V4",0.355785392224789
"V5",0.513326947111636
"V6",2.28777801711112
"V7",4.39221870247275
