"names","vals"
"Intercept",-4.25632972460869
"y",0.253069913480431
"V1",0.226419934770092
"V2",0.282554159639403
"V3",0.0687442433554679
"V4",0.287646987242624
"V5",0.283201440004632
"V6",3.89208397921175
"V7",2.55649236496538
