"names","vals"
"Intercept",-8.18821986442804
"y",0.93666101875715
"V1",0.291161810280755
"V2",0.967779952101409
"V3",0.874402677174658
"V4",0.664092141669244
"V5",0.561992707429454
"V6",0.803801365662366
"V7",0.668677146080881
"V8",4.20746533107013
"V9",3.93367110192776
"V10",2.73417036607862
"V11",2.00685468688607
