"names","vals"
"Intercept",-6.34825772489305
"y",0.943954492686316
"V1",0.626336881890893
"V2",0.162727225571871
"V3",0.5360030264128
"V4",0.583019461715594
"V5",0.65705015999265
"V6",3.49159162212163
"V7",3.56636701337993
