"names","vals"
"Intercept",-8.49145832107798
"y",0.120675136568025
"V1",0.613140410277992
"V2",0.377019218169153
"V3",0.017920448910445
"V4",0.739371002884582
"V5",0.351467033149675
"V6",0.580056741833687
"V7",0.426972333341837
"V8",1.00601051561534
"V9",4.36620857845992
"V10",3.09595944639295
"V11",4.65401320438832
