"names","vals"
"Intercept",-11.848747449859
"y",0.966199907008559
"V1",0.117785738315433
"V2",0.729381644632667
"V3",0.622284967685118
"V4",0.622302512638271
"V5",0.305175645276904
"V6",0.723568298621103
"V7",0.587328182300553
"V8",3.27771989721805
"V9",3.96024904679507
"V10",2.88483469933271
"V11",3.41393511276692
