"names","vals"
"Intercept",-4.74897592986864
"y",0.307929082773626
"V1",0.0402848580852151
"V2",0.166946343844756
"V3",0.826107214437798
"V4",0.41902198526077
"V5",0.0614223347511142
"V6",3.66883685532957
"V7",3.16832232102752
