"names","vals"
"Intercept",-4.61582089997269
"y",0.873622718034312
"V1",0.771432866342366
"V2",0.937956762500107
"V3",0.759645191952586
"V4",0.778877776348963
"V5",4.12146929744631
