"names","vals"
"Intercept",-10.6113821764756
"y",0.941948909079656
"V1",0.969135553808883
"V2",0.1271710942965
"V3",0.620474393945187
"V4",0.610602128319442
"V5",0.99897281290032
"V6",0.716193127445877
"V7",0.422877757344395
"V8",0.92790795257315
"V9",4.96048596967012
"V10",2.35148918908089
"V11",4.49479072354734
"V12",4.90555888414383
"V13",2.25494245160371
