"names","vals"
"Intercept",-5.13648372397921
"y",0.126620185095817
"V1",0.75777070177719
"V2",0.961757754674181
"V3",0.193411079701036
"V4",0.73098430945538
"V5",0.977416806621477
"V6",1.40072799474001
"V7",3.67697568703443
