"names","vals"
"Intercept",-10.2850574689377
"y",0.215871459105983
"V1",0.506092562573031
"V2",0.768312718952075
"V3",0.640269993105903
"V4",0.14945472124964
"V5",0.293877076590434
"V6",0.98777817375958
"V7",0.950250681024045
"V8",4.71327514387667
"V9",3.36817116383463
"V10",3.09142987336963
"V11",4.78711603861302
