"names","vals"
"Intercept",-4.11392310137767
"y",0.249223838793114
"V1",0.823419687338173
"V2",0.707149159861729
"V3",0.947342709405348
"V4",0.596260893391445
"V5",0.0597118088044226
"V6",4.01532755885273
"V7",3.37107547279447
