"names","vals"
"Intercept",-0.946519076756202
"y",0.543543580221012
"V1",0.405751137062907
"V2",0.388251943513751
"V3",0.285100908251479
"V4",0.419296940322965
"V5",1.30703575722873
