"names","vals"
"Intercept",-7.63560070914635
"y",0.117874406976625
"V1",0.597308953525499
"V2",0.883431234164163
"V3",0.666912118904293
"V4",0.911063192179427
"V5",0.64244384272024
"V6",0.387513912515715
"V7",1.93854395486414
"V8",2.46142887603492
"V9",2.88598559238017
