"names","vals"
"Intercept",-8.02172766317008
"y",0.821719617815688
"V1",0.338336789980531
"V2",0.6857326827012
"V3",0.526204284280539
"V4",0.754869028227404
"V5",0.283939331071451
"V6",0.421090130228549
"V7",0.888460077112541
"V8",4.63918880559504
"V9",1.71306167729199
"V10",4.66538238711655
"V11",4.90718313585967
