"names","vals"
"Intercept",-8.98118299071304
"y",0.373434633482248
"V1",0.927172888768837
"V2",0.930640605976805
"V3",0.398518202127889
"V4",0.899076957022771
"V5",0.982372346334159
"V6",0.148899065097794
"V7",0.666578228119761
"V8",0.896917632780969
"V9",1.71362993214279
"V10",4.56819115206599
"V11",3.04897071421146
"V12",3.01719099562615
"V13",2.7202764255926
