"names","vals"
"Intercept",-1.80356962956348
"y",0.179499195888638
"V1",0.891636366024613
"V2",0.959582585142925
"V3",0.335961636621505
"V4",0.270363054936752
"V5",1.13040519598871
