"names","vals"
"Intercept",-3.63418827302475
"y",0.874917969107628
"V1",0.602061789017171
"V2",0.412599559640512
"V3",0.663684605387971
"V4",0.0296508038882166
"V5",4.69120032992214
