"names","vals"
"Intercept",-4.37550498419441
"y",0.269237948581576
"V1",0.758963459404185
"V2",0.415588737931103
"V3",0.852743556257337
"V4",0.194284427911043
"V5",3.66875860933214
