"names","vals"
"Intercept",-7.09106012648204
"y",0.542190844193101
"V1",0.717054447159171
"V2",0.641339719993994
"V3",0.971307508647442
"V4",0.896124432096258
"V5",0.0682777424808592
"V6",0.286496504442766
"V7",0.112071230774745
"V8",2.09694696590304
"V9",4.95541927218437
"V10",4.8984363777563
"V11",1.06068827398121
