"names","vals"
"Intercept",-11.7055177224595
"y",0.660157018341124
"V1",0.50786757399328
"V2",0.738999648252502
"V3",0.0627057796809822
"V4",0.875069026602432
"V5",0.795390141895041
"V6",0.51230363571085
"V7",0.602624454768375
"V8",2.24284523911774
"V9",4.78561288770288
"V10",4.94158796221018
"V11",3.59062723815441
