"names","vals"
"Intercept",-3.3876994021493
"y",0.78007583739236
"V1",0.508473559981212
"V2",0.13706754357554
"V3",0.9367021296639
"V4",0.988863537786528
"V5",3.67054715007544
