"names","vals"
"Intercept",-5.68188863975508
"y",0.428851425880566
"V1",0.0898271617479622
"V2",0.0647795868571848
"V3",0.0887839419301599
"V4",0.462070198263973
"V5",0.102516561746597
"V6",0.900089383125305
"V7",0.294628588017076
"V8",1.13271594420075
"V9",4.16869693156332
"V10",1.98844195064157
"V11",3.10947606153786
