"names","vals"
"Intercept",-2.16112165116565
"y",0.792696100892499
"V1",0.671642854809761
"V2",0.923186614178121
"V3",0.795203232439235
"V4",0.768042333424091
"V5",1.6552952285856
