"names","vals"
"Intercept",-4.09439566845074
"y",0.488843351136893
"V1",0.219110749196261
"V2",0.59715908812359
"V3",0.843064645538107
"V4",0.139482848346233
"V5",0.77756248624064
"V6",4.81760834157467
"V7",1.29828871879727
