"names","vals"
"Intercept",-7.10112588893622
"y",0.502858515363187
"V1",0.980731382966042
"V2",0.0383715550415218
"V3",0.150456412928179
"V4",0.628539483062923
"V5",0.322088786866516
"V6",0.92730747605674
"V7",0.709984463872388
"V8",1.43852180056274
"V9",3.46347977407277
"V10",3.94619209691882
"V11",1.97924661263824
