"names","vals"
"Intercept",-7.34317649571644
"y",0.520794507116079
"V1",0.960746888304129
"V2",0.200482676271349
"V3",0.540000674314797
"V4",0.970200367504731
"V5",0.269620985258371
"V6",0.776400874601677
"V7",4.55910074990243
"V8",2.55646685976535
"V9",3.57996861916035
