"names","vals"
"Intercept",-4.90368825136917
"y",0.561858491972089
"V1",0.399356596404687
"V2",0.00888276798650622
"V3",0.762208785396069
"V4",0.578430184628814
"V5",0.885364539921284
"V6",0.673052225261927
"V7",3.94844234641641
"V8",1.22279481776059
"V9",1.62125655729324
