"names","vals"
"Intercept",-5.63145349738048
"y",0.38222959684208
"V1",0.3015435799025
"V2",0.0551630991976708
"V3",0.615529431961477
"V4",0.317021782277152
"V5",0.741271935636178
"V6",0.108315623132512
"V7",0.0504795287270099
"V8",4.9911171765998
"V9",1.23915790766478
"V10",2.16281857062131
"V11",4.02218202035874
