"names","vals"
"Intercept",-11.5936659741376
"y",0.972230450017378
"V1",0.27877162816003
"V2",0.356202478753403
"V3",0.949759156443179
"V4",0.9269847094547
"V5",0.922720583621413
"V6",0.916164495516568
"V7",0.153100255178288
"V8",0.697759029455483
"V9",2.09864765778184
"V10",4.44441157020628
"V11",3.12208166718483
"V12",1.02345296274871
"V13",4.37367642577738
