"names","vals"
"Intercept",-6.71829170366423
"y",0.958761901361868
"V1",0.222246727906168
"V2",0.561800390481949
"V3",0.169035507598892
"V4",0.701088501373306
"V5",0.644042977364734
"V6",0.244718253146857
"V7",0.124150513904169
"V8",0.828997479053214
"V9",3.42345634009689
"V10",1.45778314210474
"V11",1.64779465738684
"V12",1.74980282876641
"V13",4.30944482702762
