"names","vals"
"Intercept",-5.11718534041755
"y",0.00575612881220877
"V1",0.332989271730185
"V2",0.409366620471701
"V3",0.64501669513993
"V4",0.059388988185674
"V5",0.954685694538057
"V6",2.21051047835499
"V7",4.10762148257345
