"names","vals"
"Intercept",-5.19581381655205
"y",0.616165123414248
"V1",0.244626874336973
"V2",0.2815591332037
"V3",0.257410703925416
"V4",0.805533960694447
"V5",0.0186303395312279
"V6",0.257697365246713
"V7",0.720526718534529
"V8",0.107678056461737
"V9",2.65978749282658
"V10",2.72754525858909
"V11",1.52442764025182
"V12",1.48132196255028
"V13",1.7664867406711
