"names","vals"
"Intercept",-2.23380473385518
"y",0.51233896589838
"V1",0.612320850603282
"V2",0.48222696268931
"V3",0.630488703493029
"V4",0.841091181151569
"V5",2.3558261943981
