"names","vals"
"Intercept",-4.68559583865409
"y",0.166004539467394
"V1",0.250588710885495
"V2",0.346610341919586
"V3",0.0175327192991972
"V4",0.441173587925732
"V5",0.849642593646422
"V6",0.904799426905811
"V7",4.48052972182631
"V8",4.1369949169457
"V9",1.34485389851034
