"names","vals"
"Intercept",-1.20119653640315
"y",0.652217468479648
"V1",0.165435072034597
"V2",0.176086150575429
"V3",0.71907971939072
"V4",0.607888579368591
"V5",2.3925981419161
