"names","vals"
"Intercept",-5.87166839773301
"y",0.747836295282468
"V1",0.32344142277725
"V2",0.259389678249136
"V3",0.665044273249805
"V4",0.780622612219304
"V5",0.871348371030763
"V6",0.366841417271644
"V7",0.433255050797015
"V8",1.23998166806996
"V9",1.78723773825914
"V10",2.73277185671031
"V11",3.65926787257195
