"names","vals"
"Intercept",-8.7245852286811
"y",0.528580452082679
"V1",0.212575853802264
"V2",0.891579914838076
"V3",0.937719902256504
"V4",0.444074411643669
"V5",0.974282638635486
"V6",0.471640742849559
"V7",0.707275138935074
"V8",0.00532164261676371
"V9",2.27476014010608
"V10",1.03371373005211
"V11",2.50299617927521
"V12",3.43386820424348
"V13",1.31415848899633
