"names","vals"
"Intercept",-5.39797964874143
"y",0.926114189671353
"V1",0.385192091111094
"V2",0.662642736919224
"V3",0.273524393560365
"V4",0.549977329093963
"V5",0.458097398746759
"V6",1.0786506831646
"V7",2.88038987293839
