"names","vals"
"Intercept",-6.26870872780262
"y",0.760318755637854
"V1",0.640302267624065
"V2",0.421994289848953
"V3",0.132524258457124
"V4",0.456585484324023
"V5",0.0602482194080949
"V6",0.87938632373698
"V7",3.21649380400777
"V8",3.66647315956652
"V9",2.89087353274226
