"names","vals"
"Intercept",-8.41586337929149
"y",0.608426485909149
"V1",0.854986979160458
"V2",0.128255329793319
"V3",0.158361575333402
"V4",0.556365788914263
"V5",0.912994161015376
"V6",0.826870313147083
"V7",0.40003972267732
"V8",0.216583602596074
"V9",1.62521479744464
"V10",1.66026501078159
"V11",1.26643213257194
"V12",1.74369916599244
"V13",2.15740922186524
