"names","vals"
"Intercept",-5.11140175028518
"y",0.432767929974943
"V1",0.0660284536425024
"V2",0.314294287236407
"V3",0.696598836919293
"V4",0.808622359531
"V5",4.54810872487724
