"names","vals"
"Intercept",-5.38023835393996
"y",0.736384599702433
"V1",0.000397873111069202
"V2",0.198361005168408
"V3",0.0280484319664538
"V4",0.863389662466943
"V5",0.114346444606781
"V6",0.811309327604249
"V7",0.00896944710984826
"V8",0.187388821272179
"V9",1.27967802342027
"V10",3.32785079721361
"V11",2.16746338177472
"V12",1.28997238446027
"V13",4.22767787892371
