"names","vals"
"Intercept",-12.7361800170951
"y",0.476289868354797
"V1",0.599944511661306
"V2",0.695718415314332
"V3",0.429379793349653
"V4",0.919260380323976
"V5",0.71387287043035
"V6",0.227294398704544
"V7",0.0433040291536599
"V8",0.342689821496606
"V9",1.01793118566275
"V10",4.63948421925306
"V11",4.6228804551065
"V12",4.22179094236344
"V13",4.05201643984765
