"names","vals"
"Intercept",-3.61077016543364
"y",0.414085797267035
"V1",0.0202355110086501
"V2",0.393793301191181
"V3",0.538424609228969
"V4",0.409381831530482
"V5",0.816527937306091
"V6",2.24029674287885
"V7",2.24453405942768
