"names","vals"
"Intercept",-3.0427330574051
"y",0.93008138355799
"V1",0.414684606017545
"V2",0.726552988868207
"V3",0.517685618018731
"V4",0.870300337672234
"V5",1.88750783819705
