"names","vals"
"Intercept",-11.3778064227453
"y",0.324604077497497
"V1",0.716309792827815
"V2",0.2418414412532
"V3",0.400899502215907
"V4",0.805785472737625
"V5",0.765720559284091
"V6",0.409644104773179
"V7",0.519418466370553
"V8",0.726944944821298
"V9",1.0295096039772
"V10",2.91469251830131
"V11",4.7532645156607
"V12",1.19437268003821
"V13",1.4594616247341
