"names","vals"
"Intercept",-2.06492726214277
"y",0.0164734902791679
"V1",0.454246093519032
"V2",0.729721610667184
"V3",0.280832165852189
"V4",0.50995797640644
"V5",0.0581480136606842
"V6",1.19159960374236
"V7",3.5232526967302
