"names","vals"
"Intercept",-3.07726773925126
"y",0.666860963217914
"V1",0.901907067745924
"V2",0.949912417912856
"V3",0.861454467754811
"V4",0.530070497887209
"V5",1.97870268672705
