"names","vals"
"Intercept",-13.3398102652733
"y",0.162365921540186
"V1",0.153959988383576
"V2",0.800367344403639
"V3",0.627742620417848
"V4",0.229480280308053
"V5",0.0521164899691939
"V6",0.370296612381935
"V7",0.214461208786815
"V8",0.269774776184931
"V9",4.27448819857091
"V10",3.55102732591331
"V11",3.81517797987908
"V12",4.09100453928113
"V13",1.42645162157714
