"names","vals"
"Intercept",-7.28407641376066
"y",0.524780723499134
"V1",0.487015626160428
"V2",0.508022370282561
"V3",0.0053758027497679
"V4",0.755339378258213
"V5",0.00638406700454652
"V6",0.430053006391972
"V7",1.0879128947854
"V8",4.85894346889108
"V9",2.76609933376312
