"names","vals"
"Intercept",-6.57696315016923
"y",0.723677335772663
"V1",0.146574768703431
"V2",0.0806828988716006
"V3",0.216842888854444
"V4",0.0889278161339462
"V5",0.366496735019609
"V6",0.0688983595464379
"V7",0.503316794289276
"V8",0.540603460511193
"V9",1.54528634250164
"V10",2.40099758468568
"V11",1.30221993103623
"V12",2.8433030154556
"V13",3.4910148140043
