"names","vals"
"Intercept",-11.8581510199229
"y",0.583152937004343
"V1",0.263408406171948
"V2",0.376145588699728
"V3",0.822791813639924
"V4",0.802874167682603
"V5",0.407710386905819
"V6",0.872015885775909
"V7",0.0806491915136576
"V8",0.408579212147743
"V9",3.56356661673635
"V10",1.17222157679498
"V11",3.29986090585589
"V12",2.77759545762092
"V13",4.10277092736214
