"names","vals"
"Intercept",-4.51226310411096
"y",0.388669518753886
"V1",0.970188265899196
"V2",0.281838049646467
"V3",0.170538287376985
"V4",0.0721059867646545
"V5",0.890141552779824
"V6",0.307708691805601
"V7",2.57300070300698
"V8",3.75352870021015
"V9",3.35373546741903
