"names","vals"
"Intercept",-12.3348432169254
"y",0.865512262098491
"V1",0.864527310011908
"V2",0.977152411825955
"V3",0.199910020222887
"V4",0.753541762242094
"V5",0.110792318824679
"V6",0.593097200617194
"V7",0.888689844170585
"V8",0.0125283582601696
"V9",1.70659963507205
"V10",3.60642014630139
"V11",3.5946942511946
"V12",1.13088927511126
"V13",3.47252014745027
