"names","vals"
"Intercept",-2.1983601403893
"y",0.986151802586392
"V1",0.946358013199642
"V2",0.737883533351123
"V3",0.508057117229328
"V4",0.533474002499133
"V5",1.65589389204979
