"names","vals"
"Intercept",-4.97957474562014
"y",0.0846816371195018
"V1",0.928881583968177
"V2",0.229623922845349
"V3",0.94992593000643
"V4",0.0739978309720755
"V5",0.250026962021366
"V6",0.264907588949427
"V7",2.51164676249027
"V8",2.95249874796718
"V9",1.10763475950807
