"names","vals"
"Intercept",-3.29133444412891
"y",0.845055766636506
"V1",0.682974846102297
"V2",0.632066524587572
"V3",0.690276636974886
"V4",0.853126405505463
"V5",1.44342388678342
