"names","vals"
"Intercept",-2.60361117666122
"y",0.0877213135827333
"V1",0.0601996502373368
"V2",0.138258855557069
"V3",0.609782153042033
"V4",0.0787869757041335
"V5",0.14658365631476
"V6",3.76546631753445
"V7",3.60090868826956
