"names","vals"
"Intercept",-3.15860436256928
"y",0.729997937334701
"V1",0.482909559970722
"V2",0.283298457041383
"V3",0.380477491533384
"V4",0.306581982644275
"V5",4.74285681638867
