"names","vals"
"Intercept",-5.24341058031982
"y",0.832048945361748
"V1",0.959091331344098
"V2",0.158784885890782
"V3",0.200907456222922
"V4",0.945094376802444
"V5",4.15456129424274
