"names","vals"
"Intercept",-2.49075309141632
"y",0.282871406758204
"V1",0.368261627387255
"V2",0.693325384519994
"V3",0.486014383146539
"V4",0.258593724574894
"V5",0.127877555089071
"V6",2.87439627759159
"V7",4.85930178128183
