"names","vals"
"Intercept",-8.71553431702033
"y",0.46545262564905
"V1",0.127119093202055
"V2",0.874741484643891
"V3",0.53765623527579
"V4",0.604976978851482
"V5",0.322194469394162
"V6",0.960861581610516
"V7",1.89396042283624
"V8",3.06931974273175
"V9",4.72711066436023
