"names","vals"
"Intercept",-10.8954413054176
"y",0.149908462306485
"V1",0.00419287313707173
"V2",0.985608551418409
"V3",0.997820361983031
"V4",0.71884143142961
"V5",0.848110756836832
"V6",0.355684120906517
"V7",0.293547689449042
"V8",0.32192747364752
"V9",2.74065746925771
"V10",2.20267852395773
"V11",4.53879430703819
"V12",3.26077436469495
"V13",3.19914042763412
