"names","vals"
"Intercept",-8.1684899362002
"y",0.107744079316035
"V1",0.558046988910064
"V2",0.244172869250178
"V3",0.548040282679722
"V4",0.960425197845325
"V5",0.33486828696914
"V6",4.33179223164916
"V7",3.01301493588835
