"names","vals"
"Intercept",-8.74861766082002
"y",0.0338980837259442
"V1",0.261195201193914
"V2",0.976874445565045
"V3",0.574231563601643
"V4",0.8843805170618
"V5",0.21889393334277
"V6",0.459675177931786
"V7",0.702372705098242
"V8",0.852489766431972
"V9",1.06923551764339
"V10",1.37300968915224
"V11",1.51423636544496
"V12",4.07082222402096
"V13",4.67675005458295
