"names","vals"
"Intercept",-6.6130827087916
"y",0.706109316088259
"V1",0.332386651309207
"V2",0.754372937604785
"V3",0.674117713235319
"V4",0.579538938822225
"V5",0.188496355665848
"V6",0.829834698233753
"V7",4.39590420853347
"V8",4.19670483842492
"V9",2.74236891139299
