"names","vals"
"Intercept",-3.18290718753356
"y",0.626783772138879
"V1",0.700475679943338
"V2",0.689585457323119
"V3",0.984547639731318
"V4",0.104225610615686
"V5",1.30928993131965
