"names","vals"
"Intercept",-2.72156200277433
"y",0.175094376550987
"V1",0.394494564738125
"V2",0.072035706602037
"V3",0.42528455494903
"V4",0.845604876289144
"V5",2.44041037932038
