"names","vals"
"Intercept",-2.95201878468902
"y",0.0845523977186531
"V1",0.339484382653609
"V2",0.931687441421673
"V3",0.821263200603426
"V4",0.0892423042096198
"V5",2.8433499392122
