"names","vals"
"Intercept",-7.57042478151037
"y",0.682244985364377
"V1",0.221767984330654
"V2",0.708029846427962
"V3",0.779324230039492
"V4",0.213847781764343
"V5",0.601536680245772
"V6",0.0932751288637519
"V7",0.127956035546958
"V8",0.683533456642181
"V9",1.9631088450551
"V10",3.15245829802006
"V11",1.01253866031766
"V12",1.94204496499151
"V13",4.49073350708932
