"names","vals"
"Intercept",-5.08915277844109
"y",0.288462448865175
"V1",0.211527288425714
"V2",0.279640241526067
"V3",0.0605279065202922
"V4",0.672876041848212
"V5",0.00550447427667677
"V6",0.773946626344696
"V7",2.94941073190421
"V8",2.2198064411059
"V9",3.40009129513055
