"names","vals"
"Intercept",-1.85820855074772
"y",0.478761674603447
"V1",0.752126902807504
"V2",0.802227275446057
"V3",0.188413171796128
"V4",0.543628841172904
"V5",4.69053129851818
