"names","vals"
"Intercept",-3.50335364577128
"y",0.330484579782933
"V1",0.736265686806291
"V2",0.59456772939302
"V3",0.315208749379963
"V4",0.0976222313474864
"V5",3.05635901819915
