"names","vals"
"Intercept",-8.17472225372796
"y",0.238858330994844
"V1",0.228024446638301
"V2",0.878813304007053
"V3",0.671976371202618
"V4",0.836403381312266
"V5",0.15677059139125
"V6",0.822818939341232
"V7",0.755319627700374
"V8",0.841243355767801
"V9",2.2446720097214
"V10",2.84542329143733
"V11",2.02187092415988
"V12",3.29805162083358
"V13",1.63787201978266
