"names","vals"
"Intercept",-7.13565923933825
"y",0.856496480992064
"V1",0.114257701206952
"V2",0.2075826136861
"V3",0.277267465135083
"V4",0.290422480320558
"V5",0.612874372396618
"V6",0.647607283433899
"V7",4.75182452704757
"V8",3.28474558703601
"V9",1.83824783191085
