"names","vals"
"Intercept",-0.898483060340863
"y",0.795511786593124
"V1",0.14770010439679
"V2",0.391716565703973
"V3",0.136082050856203
"V4",0.462760696187615
"V5",1.61998005583882
