"names","vals"
"Intercept",-9.20787928667362
"y",0.582773494301364
"V1",0.173235815251246
"V2",0.131116439122707
"V3",0.659930509049445
"V4",0.879025101661682
"V5",0.926067944150418
"V6",0.712820853572339
"V7",0.866372136166319
"V8",4.88428772054613
"V9",4.18310748133808
"V10",2.35273109190166
"V11",3.12093899771571
