"names","vals"
"Intercept",-5.9521735193762
"y",0.616319749038666
"V1",0.871679821284488
"V2",0.792938418220729
"V3",0.142423934070393
"V4",0.11703836848028
"V5",0.738289486151189
"V6",0.397313964553177
"V7",3.04571854509413
"V8",1.35503802541643
"V9",3.22853490337729
