"names","vals"
"Intercept",-0.875014182317071
"y",0.653691457817331
"V1",0.105804479448125
"V2",0.0223460802808404
"V3",0.818624800536782
"V4",0.524878357769921
"V5",1.25954755861312
