"names","vals"
"Intercept",-10.5728438756675
"y",0.696553399087861
"V1",0.656790900044143
"V2",0.573051114566624
"V3",0.519394989358261
"V4",0.205225790850818
"V5",0.802060465328395
"V6",0.538644184591249
"V7",0.756855242652819
"V8",0.448272416600958
"V9",3.41944678034633
"V10",2.99228741694242
"V11",4.28645072132349
"V12",3.24420320056379
"V13",1.44304628949612
