"names","vals"
"Intercept",-4.46590474824584
"y",0.0723040676675737
"V1",0.91872927476652
"V2",0.298915237188339
"V3",0.191104920348153
"V4",0.987931869691238
"V5",0.532343043014407
"V6",2.22043538466096
"V7",4.76424590870738
