"names","vals"
"Intercept",-3.63683364640921
"y",0.911710650660098
"V1",0.167908098548651
"V2",0.399973537772894
"V3",0.0380764515139163
"V4",0.422351350774989
"V5",0.601307317381725
"V6",1.71164678502828
"V7",1.42298006825149
