"names","vals"
"Intercept",-6.29278918490932
"y",0.346948205027729
"V1",0.306701355148107
"V2",0.848495207028463
"V3",0.937675335910171
"V4",0.255320886615664
"V5",0.35886863199994
"V6",0.606638379627839
"V7",1.88569722417742
"V8",4.20662725158036
"V9",3.01221194583923
