"names","vals"
"Intercept",-4.30591909986199
"y",0.478992379968986
"V1",0.427956119179726
"V2",0.0754185458645225
"V3",0.980181080056354
"V4",0.241813190281391
"V5",0.817745138891041
"V6",0.101802953053266
"V7",1.29852648079395
"V8",3.32178144995123
"V9",1.09544220753014
