"names","vals"
"Intercept",-5.9146839636201
"y",0.90364972432144
"V1",0.66588387824595
"V2",0.158458761870861
"V3",0.560455763479695
"V4",0.579612570116296
"V5",0.037759585538879
"V6",3.53080441989005
"V7",2.25259319972247
