"names","vals"
"Intercept",-1.44815568822669
"y",0.537871233653277
"V1",0.809524344978854
"V2",0.966491853585467
"V3",0.111426654970273
"V4",0.90462050633505
"V5",1.84104926325381
