"names","vals"
"Intercept",-13.6819500750147
"y",0.732280661584809
"V1",0.0724941899534315
"V2",0.611322507495061
"V3",0.460459054913372
"V4",0.285058886976913
"V5",0.765157470479608
"V6",0.345107063185424
"V7",0.91713165002875
"V8",0.911984039004892
"V9",1.1941824266687
"V10",3.76401957217604
"V11",3.4344848766923
"V12",4.64213697891682
"V13",3.59350277297199
