"names","vals"
"Intercept",-9.86491451957962
"y",0.394567754119635
"V1",0.832181542413309
"V2",0.31269486900419
"V3",0.513942937832326
"V4",0.680686062201858
"V5",0.922268104273826
"V6",0.0590184424072504
"V7",0.199380354490131
"V8",4.8384013613686
"V9",2.87002135720104
"V10",3.08709862176329
"V11",2.57511450536549
