"names","vals"
"Intercept",-5.82325523451972
"y",0.0624536378309131
"V1",0.130004304461181
"V2",0.0714586896356195
"V3",0.797700248425826
"V4",0.198044014163315
"V5",0.370469695189968
"V6",0.904211490182206
"V7",0.780464300187305
"V8",2.91287274286151
"V9",2.3186583770439
"V10",4.69780453294516
"V11",4.68625576421618
