"names","vals"
"Intercept",-3.03795158413984
"y",0.106068304972723
"V1",0.516659363172948
"V2",0.266214934410527
"V3",0.494640744989738
"V4",0.621660293079913
"V5",0.836236573988572
"V6",0.496156947454438
"V7",3.34976561181247
"V8",3.02131394762546
"V9",1.94596149027348
