"names","vals"
"Intercept",-3.90352839135611
"y",0.865940412506461
"V1",0.354518291540444
"V2",0.371692631859332
"V3",0.801027684239671
"V4",0.502609458286315
"V5",3.00569306127727
