"names","vals"
"Intercept",-1.41708094763383
"y",0.716779322130606
"V1",0.353506081504747
"V2",0.168791018426418
"V3",0.45884954999201
"V4",0.00900882994756103
"V5",1.01387223787606
