"names","vals"
"Intercept",-4.55584636929678
"y",0.741101189283654
"V1",0.0904357072431594
"V2",0.17683876096271
"V3",0.52031159773469
"V4",0.23695267457515
"V5",0.178281990578398
"V6",2.84813589975238
"V7",2.07168755121529
