"names","vals"
"Intercept",-1.90280660336046
"y",0.15510229463689
"V1",0.275939212879166
"V2",0.322420502547175
"V3",0.0264992453157902
"V4",0.590149241033942
"V5",2.76717847026885
