"names","vals"
"Intercept",-7.40636171181873
"y",0.606507935328409
"V1",0.708783639362082
"V2",0.701485325815156
"V3",0.501120159169659
"V4",0.896081446204334
"V5",0.408981679705903
"V6",0.212285021319985
"V7",4.35623471345752
"V8",2.17003886774182
"V9",1.697485470213
