"names","vals"
"Intercept",-3.89337383079389
"y",0.0114871449768543
"V1",0.615254846867174
"V2",0.430539276450872
"V3",0.951715679140761
"V4",0.911278231069446
"V5",3.96792455017567
