"names","vals"
"Intercept",-15.4710705945096
"y",0.809700205689296
"V1",0.94289368740283
"V2",0.667460977099836
"V3",0.832770595094189
"V4",0.470314077101648
"V5",0.150088363559917
"V6",0.490231353323907
"V7",0.565500777680427
"V8",0.874886669917032
"V9",1.78634848911315
"V10",1.08558183629066
"V11",3.66548500116915
"V12",4.27647352032363
"V13",4.66428106278181
