"names","vals"
"Intercept",-2.94975704786275
"y",0.481101921759546
"V1",0.590000085765496
"V2",0.850309822009876
"V3",0.222856591222808
"V4",0.786810567369685
"V5",4.21666022203863
