"names","vals"
"Intercept",-9.00843878781865
"y",0.170603271806613
"V1",0.927176804980263
"V2",0.804136842023581
"V3",0.340023811673746
"V4",0.335965754464269
"V5",0.389033472631127
"V6",0.151291098678485
"V7",0.774076723726466
"V8",3.23509293328971
"V9",4.1091977590695
"V10",2.06479750107974
"V11",3.4823609823361
