"names","vals"
"Intercept",-2.75003744788049
"y",0.469016402726993
"V1",0.655915615847334
"V2",0.0979487523436546
"V3",0.276095493463799
"V4",0.823884283425286
"V5",1.19645643420517
