"names","vals"
"Intercept",-4.55532311058883
"y",0.817608382320032
"V1",0.625823124079034
"V2",0.990981900831684
"V3",0.116003557806835
"V4",0.51484145433642
"V5",0.104978581657633
"V6",0.0352500549051911
"V7",2.15925453975797
"V8",2.47680715098977
"V9",1.76795033738017
