"names","vals"
"Intercept",-4.94707303140452
"y",0.0526163913309574
"V1",0.511173902545124
"V2",0.0666420585475862
"V3",0.56322337477468
"V4",0.654279254144058
"V5",0.142744724173099
"V6",0.322161702439189
"V7",2.8515849551186
"V8",1.87001986987889
"V9",2.4811244700104
