"names","vals"
"Intercept",-9.78520338098379
"y",0.890798464417458
"V1",0.335619612364098
"V2",0.275045697577298
"V3",0.393070980440825
"V4",0.502618487691507
"V5",0.783189110457897
"V6",0.236792439362034
"V7",0.430875059217215
"V8",1.025640421547
"V9",3.19408474303782
"V10",4.06407901272178
"V11",4.49446210078895
