"names","vals"
"Intercept",-2.01810299330577
"y",0.626566181192175
"V1",0.226035863626748
"V2",0.245189549168572
"V3",0.0463796863332391
"V4",0.127322420245036
"V5",0.202805584995076
"V6",1.05153801757842
"V7",2.60652355570346
