"names","vals"
"Intercept",-5.76446767381649
"y",0.621243514120579
"V1",0.268830786924809
"V2",0.190632351441309
"V3",0.922801655717194
"V4",0.0476664809975773
"V5",0.718545754440129
"V6",4.97562454920262
"V7",4.81044941302389
