"names","vals"
"Intercept",-3.27875703131361
"y",0.502828195225447
"V1",0.915510286344215
"V2",0.507935744943097
"V3",0.827282104175538
"V4",0.463613556232303
"V5",0.269314851611853
"V6",0.33323280652985
"V7",4.27630937006325
"V8",1.52659233473241
"V9",2.29535748995841
