"names","vals"
"Intercept",-11.0291375560481
"y",0.501919302390888
"V1",0.177928017219529
"V2",0.738158858381212
"V3",0.287813471164554
"V4",0.222833286505193
"V5",0.383035814156756
"V6",0.518860316136852
"V7",0.921608355361968
"V8",2.57308350130916
"V9",1.90397293679416
"V10",4.954335199669
"V11",4.24306506942958
