"names","vals"
"Intercept",-7.84378574895486
"y",0.0823522901628166
"V1",0.853558607399464
"V2",0.143142272951081
"V3",0.788235187996179
"V4",0.748424194287509
"V5",0.244766271673143
"V6",0.12100437656045
"V7",0.860395562835038
"V8",1.67187778744847
"V9",4.30938855186105
"V10",2.27081224881113
"V11",1.07237899955362
