"names","vals"
"Intercept",-10.6288723383811
"y",0.964795120293275
"V1",0.418014553841203
"V2",0.24006945756264
"V3",0.247355118393898
"V4",0.1864694415126
"V5",0.795147474156693
"V6",0.365724479081109
"V7",4.768160559237
"V8",4.38664452638477
"V9",1.11083818227053
