"names","vals"
"Intercept",-7.04440495387185
"y",0.440094928955659
"V1",0.778653256827965
"V2",0.0514922814909369
"V3",0.176375043811277
"V4",0.192288362188265
"V5",0.673635867191479
"V6",3.17370591219515
"V7",3.34429365117103
