"names","vals"
"Intercept",-13.4689579112781
"y",0.862412167480215
"V1",0.640095287701115
"V2",0.0294901286251843
"V3",0.506802945397794
"V4",0.447764583630487
"V5",0.400399970356375
"V6",0.495506667299196
"V7",0.503457200946286
"V8",0.192380864638835
"V9",2.72847012709826
"V10",3.21770767308772
"V11",4.79654106777161
"V12",4.7043106527999
"V13",3.96514881961048
