"names","vals"
"Intercept",-12.215792926257
"y",0.774356516776606
"V1",0.534096182556823
"V2",0.948655051877722
"V3",0.186833910644054
"V4",0.579149588942528
"V5",0.219356847694144
"V6",0.994364093756303
"V7",0.180781468749046
"V8",0.49627186008729
"V9",2.71467261668295
"V10",3.78420730028301
"V11",3.72643484827131
"V12",3.51243384648114
"V13",4.85066718887538
