"names","vals"
"Intercept",-4.51063316242397
"y",0.178360893856734
"V1",0.396702141966671
"V2",0.851059230975807
"V3",0.552688481751829
"V4",0.592384097166359
"V5",4.98320885468274
