"names","vals"
"Intercept",-3.30387651418569
"y",0.22232314851135
"V1",0.367328132968396
"V2",0.142281687119976
"V3",0.814187257550657
"V4",0.0927622013259679
"V5",4.17335512582213
