"names","vals"
"Intercept",-8.96999186045956
"y",0.647420577239245
"V1",0.248123771045357
"V2",0.423724044812843
"V3",0.778488248586655
"V4",0.743543431395665
"V5",0.0696462427731603
"V6",0.914914946770296
"V7",3.97680817823857
"V8",2.88415546249598
"V9",4.03498520236462
