"names","vals"
"Intercept",-3.20394275210006
"y",0.415074592223391
"V1",0.0901291954796761
"V2",0.267963937949389
"V3",0.52866635331884
"V4",0.637222393415868
"V5",2.66827112808824
