"names","vals"
"Intercept",-10.9071292287293
"y",0.905686918646097
"V1",0.524671733845025
"V2",0.549246399663389
"V3",0.918773129349574
"V4",0.105372574180365
"V5",0.290434672264382
"V6",0.252740620402619
"V7",0.0506942679639906
"V8",3.5155382649973
"V9",2.78934519644827
"V10",4.14982869010419
"V11",4.42951343394816
