"names","vals"
"Intercept",-4.56733730581915
"y",0.779638987733051
"V1",0.753657527966425
"V2",0.118953199591488
"V3",0.682553658727556
"V4",0.494852364528924
"V5",0.662902743089944
"V6",0.0598164310213178
"V7",3.67740512732416
"V8",1.72926267050207
"V9",1.90576453413814
