"names","vals"
"Intercept",-8.12917347136606
"y",0.0559642331209034
"V1",0.474680870305747
"V2",0.476850679609925
"V3",0.580191658111289
"V4",0.486194032477215
"V5",0.0604787005577236
"V6",0.169741582358256
"V7",4.97152471635491
"V8",3.30242041498423
"V9",2.05797044374049
