"names","vals"
"Intercept",-7.96334557660134
"y",0.437372654210776
"V1",0.728653270285577
"V2",0.0818826486356556
"V3",0.366305676521733
"V4",0.150223046075553
"V5",0.908290390390903
"V6",0.747363001573831
"V7",1.96649973094463
"V8",1.28910946380347
"V9",4.54393115267158
