"names","vals"
"Intercept",-9.42951514311438
"y",0.959951481316239
"V1",0.582744563231245
"V2",0.799347600666806
"V3",0.837876863311976
"V4",0.42996294866316
"V5",0.504810987971723
"V6",0.521971462061629
"V7",0.871099469717592
"V8",0.220898733474314
"V9",3.52452503889799
"V10",4.73568786308169
"V11",2.78171119373292
"V12",1.26270021405071
"V13",1.31078858487308
