"names","vals"
"Intercept",-10.3767669962882
"y",0.854446127312258
"V1",0.403738955268636
"V2",0.169807918835431
"V3",0.845479630632326
"V4",0.616956393467262
"V5",0.897564121056348
"V6",0.259471745463088
"V7",0.287632365943864
"V8",2.76064278744161
"V9",4.07775587867945
"V10",1.75151320081204
"V11",4.87920240685344
