"names","vals"
"Intercept",-4.79770904114703
"y",0.333996287547052
"V1",0.577708991011605
"V2",0.0709726377390325
"V3",0.992322395090014
"V4",0.380306612933055
"V5",0.885950560681522
"V6",2.16646103840321
"V7",2.95948626380414
