"names","vals"
"Intercept",-8.0422361757909
"y",0.387019218411297
"V1",0.0594789285678416
"V2",0.130785996094346
"V3",0.0100891997572035
"V4",0.0911531310994178
"V5",0.43672767910175
"V6",0.859996611252427
"V7",0.298155388329178
"V8",4.22339169960469
"V9",3.50348000600934
"V10",1.97268071491271
"V11",2.16261390037835
