"names","vals"
"Intercept",-1.87984769647522
"y",0.486162835732102
"V1",0.247415079036728
"V2",0.734605005942285
"V3",0.391136991791427
"V4",0.18208842095919
"V5",0.179867019644007
"V6",4.43971476238221
"V7",1.04983040038496
