"names","vals"
"Intercept",-4.97040005772235
"y",0.783755382755771
"V1",0.51758049079217
"V2",0.594855606090277
"V3",0.236054990673438
"V4",0.385894116479903
"V5",0.432298077270389
"V6",0.663166192127392
"V7",0.616097209509462
"V8",3.16959700360894
"V9",4.52173986379057
"V10",2.29339094739407
"V11",2.99729047250003
