"names","vals"
"Intercept",-6.31435921178572
"y",0.246572426985949
"V1",0.911187274614349
"V2",0.691190461395308
"V3",0.123949570814148
"V4",0.460160115966573
"V5",0.93718324881047
"V6",0.147480922052637
"V7",2.12681242544204
"V8",1.65164830163121
"V9",4.00962502416223
