"names","vals"
"Intercept",-8.3596633147141
"y",0.0177630430553108
"V1",0.309769303770736
"V2",0.650636495789513
"V3",0.462910591857508
"V4",0.782139752525836
"V5",0.0975438398309052
"V6",0.103301281575114
"V7",0.074356755707413
"V8",3.13037015683949
"V9",2.96704566292465
"V10",1.52207078225911
"V11",4.49443689361215
