"names","vals"
"Intercept",-6.47375818700856
"y",0.813554653665051
"V1",0.236467074370012
"V2",0.539400441804901
"V3",0.826540859648958
"V4",0.421379575505853
"V5",0.314623893471435
"V6",0.455805966863409
"V7",4.61370073538274
"V8",4.23450648318976
"V9",2.42746592033654
