"names","vals"
"Intercept",-11.9769275083297
"y",0.933939045062289
"V1",0.911002242704853
"V2",0.507395782042295
"V3",0.416373706655577
"V4",0.542492914013565
"V5",0.731191103113815
"V6",0.304071094607934
"V7",0.513992924708873
"V8",0.858865595655516
"V9",2.71470327209681
"V10",2.3777754753828
"V11",4.34324066713452
"V12",2.52409968525171
"V13",3.84488745778799
