"names","vals"
"Intercept",-5.22042834827909
"y",0.0443787486292422
"V1",0.638000228675082
"V2",0.349198379088193
"V3",0.0209512542933226
"V4",0.440776077331975
"V5",4.56620851811022
