"names","vals"
"Intercept",-8.17953940991312
"y",0.783054106403142
"V1",0.165576625848189
"V2",0.108697011368349
"V3",0.423472851281986
"V4",0.132967211538926
"V5",0.0525147386360914
"V6",0.515622499166057
"V7",0.0655748513527215
"V8",4.00881761219352
"V9",4.55720802769065
"V10",4.63482884224504
"V11",1.76884234882891
