"names","vals"
"Intercept",-6.98234112694557
"y",0.319443930173293
"V1",0.00353030534461141
"V2",0.631379374535754
"V3",0.390382705489174
"V4",0.634019909659401
"V5",0.208902513142675
"V6",0.0143371301237494
"V7",4.13394594658166
"V8",3.84779513813555
"V9",4.88795385044068
