"names","vals"
"Intercept",-5.39613335725432
"y",0.690711695933715
"V1",0.990568791516125
"V2",0.642917732940987
"V3",0.16084222891368
"V4",0.095630302792415
"V5",4.60593011323363
