"names","vals"
"Intercept",-6.20645662810421
"y",0.804454501252621
"V1",0.587451666360721
"V2",0.667557819047943
"V3",0.32710346695967
"V4",0.521740442840382
"V5",0.301070010056719
"V6",0.402646655682474
"V7",1.55200443230569
"V8",3.78398356493562
"V9",1.2099609375
