"names","vals"
"Intercept",-3.97115396384103
"y",0.627724999329075
"V1",0.0102952886372805
"V2",0.419438694603741
"V3",0.666316544171423
"V4",0.713844309328124
"V5",0.646293530939147
"V6",0.199532470898703
"V7",1.19662495329976
"V8",1.37962360400707
"V9",3.74432086758316
