"names","vals"
"Intercept",-7.02693567021354
"y",0.509374666027725
"V1",0.366487160790712
"V2",0.577811862807721
"V3",0.351873505394906
"V4",0.848248904570937
"V5",0.507973261876032
"V6",0.354021332459524
"V7",4.02189147099853
"V8",4.71468865312636
"V9",4.65614158380777
