"names","vals"
"Intercept",-6.79193124297401
"y",0.827957369852811
"V1",0.210486629512161
"V2",0.0689282407984138
"V3",0.870926466071978
"V4",0.00583090889267623
"V5",0.413117902586237
"V6",0.590475238393992
"V7",3.54794957116246
"V8",2.08281414117664
"V9",2.02018798422068
