"names","vals"
"Intercept",-5.56980707733822
"y",0.0167974713258445
"V1",0.688686891226098
"V2",0.0796515259426087
"V3",0.579735038336366
"V4",0.723703609080985
"V5",0.80124315363355
"V6",4.9478264534846
"V7",2.6249277824536
