"names","vals"
"Intercept",-10.1703965217285
"y",0.643081172602251
"V1",0.272295042406768
"V2",0.870334954932332
"V3",0.526492298813537
"V4",0.868854047032073
"V5",0.57866365974769
"V6",0.848997755907476
"V7",0.764197033131495
"V8",0.532607456669211
"V9",3.13832728378475
"V10",2.12433488760144
"V11",1.29312707856297
"V12",1.18532673362643
"V13",1.71459716558456
