"names","vals"
"Intercept",-3.77024952371605
"y",0.744415993569419
"V1",0.862902789842337
"V2",0.255832365248352
"V3",0.78343514050357
"V4",0.518473962787539
"V5",3.08715309388936
