"names","vals"
"Intercept",-11.4812793999442
"y",0.444967126473784
"V1",0.488706443458796
"V2",0.437011900823563
"V3",0.946514600422233
"V4",0.967605629004538
"V5",0.78441249509342
"V6",0.891254618996754
"V7",0.59146708343178
"V8",0.958108761580661
"V9",4.14801430050284
"V10",3.68081827554852
"V11",4.35418786201626
"V12",2.73768615908921
"V13",4.7453772360459
