"names","vals"
"Intercept",-6.57886874662992
"y",0.986001971643418
"V1",0.637301879003644
"V2",0.872120695421472
"V3",0.262985206209123
"V4",0.532819678541273
"V5",0.45348988357
"V6",0.916162797715515
"V7",3.56542896199971
"V8",1.78240707144141
"V9",3.71366365812719
