"names","vals"
"Intercept",-3.68643153242976
"y",0.434562034672126
"V1",0.455507020000368
"V2",0.238263394683599
"V3",0.565608371281996
"V4",0.78726217104122
"V5",0.477774132275954
"V6",0.269060766557232
"V7",1.32620161026716
"V8",2.70877059735358
"V9",1.81546965800226
