"names","vals"
"Intercept",-9.08614762461698
"y",0.585194668732584
"V1",0.702638976275921
"V2",0.852413157233968
"V3",0.0351786578539759
"V4",0.138471253449097
"V5",0.281026716576889
"V6",0.460339374141768
"V7",0.32399759395048
"V8",0.653357340721413
"V9",1.65313055366278
"V10",4.80954478587955
"V11",1.81689538247883
"V12",3.36243278160691
"V13",4.13168653193861
