"names","vals"
"Intercept",-13.4938646986191
"y",0.274884360842407
"V1",0.720219609094784
"V2",0.283556025009602
"V3",0.287583050318062
"V4",0.627915910212323
"V5",0.354155286448076
"V6",0.499356798594818
"V7",0.926394291687757
"V8",4.7353815343231
"V9",2.51011216174811
"V10",4.36892268713564
"V11",2.33156099170446
