"names","vals"
"Intercept",-4.32195171064651
"y",0.292948538437486
"V1",0.499412907054648
"V2",0.570407643681392
"V3",0.76375708845444
"V4",0.863119442015886
"V5",4.43878805264831
