"names","vals"
"Intercept",-3.45431822070014
"y",0.389173644129187
"V1",0.191145183518529
"V2",0.478858491638675
"V3",0.166530747199431
"V4",0.220640126848593
"V5",0.238380947383121
"V6",4.32100635766983
"V7",2.10226920247078
