"names","vals"
"Intercept",-4.05479892519675
"y",0.859402931993827
"V1",0.209178512450308
"V2",0.587207474047318
"V3",0.239470252301544
"V4",0.124189640628174
"V5",3.74506775103509
