"names","vals"
"Intercept",-12.9967190853069
"y",0.936648962786421
"V1",0.805369948269799
"V2",0.436816394794732
"V3",0.399962899740785
"V4",0.419452539877966
"V5",0.405624221544713
"V6",0.410049995873123
"V7",0.837239820277318
"V8",0.846377027221024
"V9",1.02241902239621
"V10",4.00955522432923
"V11",4.00693593267351
"V12",3.54554499313235
"V13",4.33427548781037
