"names","vals"
"Intercept",-10.3493550165268
"y",0.831147207180038
"V1",0.181496204342693
"V2",0.694319059606642
"V3",0.927038233261555
"V4",0.746090583968908
"V5",0.890676584327593
"V6",0.385824972763658
"V7",0.475147636374459
"V8",4.00258462969214
"V9",4.95724819600582
"V10",3.97744934353977
"V11",3.74604887608439
