"names","vals"
"Intercept",-6.96500907069352
"y",0.427953126840293
"V1",0.924122390337288
"V2",0.78169108252041
"V3",0.782725492259488
"V4",0.152763973455876
"V5",0.694737096782774
"V6",0.363657976035029
"V7",2.34512701630592
"V8",2.53705685492605
"V9",4.06014175154269
