"names","vals"
"Intercept",-1.57286393537838
"y",0.546534827211872
"V1",0.978410913608968
"V2",0.225836467929184
"V3",0.328664735192433
"V4",0.234415943967178
"V5",2.5182968378067
