"names","vals"
"Intercept",-3.28015026197373
"y",0.0854295277968049
"V1",0.418739151908085
"V2",0.153294373769313
"V3",0.722629122668877
"V4",0.253515064250678
"V5",3.46252296771854
