"names","vals"
"Intercept",-2.23952894820226
"y",0.861272059846669
"V1",0.48111634934321
"V2",0.992331888061017
"V3",0.844012069283053
"V4",0.751348870806396
"V5",3.66488630790263
