"names","vals"
"Intercept",-5.70169499258324
"y",0.767565835965797
"V1",0.889358012937009
"V2",0.936122588813305
"V3",0.767503779381514
"V4",0.87167548108846
"V5",0.0205038900021464
"V6",3.83361464552581
"V7",3.86112762894481
