"names","vals"
"Intercept",-7.45153646284109
"y",0.268141953041777
"V1",0.30269297817722
"V2",0.500670072389767
"V3",0.758076413534582
"V4",0.635521418880671
"V5",0.126339090289548
"V6",0.468925817869604
"V7",0.834340701578185
"V8",3.22638558968902
"V9",4.28680552076548
"V10",2.11307250801474
"V11",4.73957772366703
