"names","vals"
"Intercept",-9.60048038918711
"y",0.537350821308792
"V1",0.103006521007046
"V2",0.611834024544805
"V3",0.204737206222489
"V4",0.20241659344174
"V5",0.820692148525268
"V6",0.993008743040264
"V7",0.324178696377203
"V8",0.65103541361168
"V9",3.00660988129675
"V10",1.14276213664562
"V11",2.04385642707348
"V12",1.78156471252441
"V13",4.7127891452983
