"names","vals"
"Intercept",-7.75997368661407
"y",0.375966504914686
"V1",0.224413249874488
"V2",0.459465717896819
"V3",0.637570162303746
"V4",0.292559543158859
"V5",0.935722440015525
"V6",0.233246624469757
"V7",0.605055850930512
"V8",3.51181140262634
"V9",3.92225460987538
"V10",2.46724822837859
"V11",2.15053345449269
