"names","vals"
"Intercept",-6.39879918640014
"y",0.614456086652353
"V1",0.481140815652907
"V2",0.894234873587266
"V3",0.939626676496118
"V4",0.735370952170342
"V5",0.842623414937407
"V6",4.96603207290173
"V7",3.09208565764129
