"names","vals"
"Intercept",-4.94417744652135
"y",0.37916237139143
"V1",0.210119210416451
"V2",0.176166617078707
"V3",0.927926007891074
"V4",0.65726174111478
"V5",0.283036927459762
"V6",3.40727731399238
"V7",4.30547160468996
