"names","vals"
"Intercept",-2.67882998523256
"y",0.264587794896215
"V1",0.709800088545308
"V2",0.670162188122049
"V3",0.386225861497223
"V4",0.333249571034685
"V5",0.5884309343528
"V6",0.96921811089851
"V7",3.49458650778979
"V8",1.80371734779328
"V9",3.0002557747066
