"names","vals"
"Intercept",-8.59563105981355
"y",0.893370345700532
"V1",0.228045956930146
"V2",0.860687430948019
"V3",0.0366156555246562
"V4",0.340054842177778
"V5",0.103251107037067
"V6",0.160104900598526
"V7",0.075485035777092
"V8",0.282833540346473
"V9",1.99164174497128
"V10",4.93936234805733
"V11",3.83273921906948
"V12",3.58542556036264
"V13",1.44763481896371
