"names","vals"
"Intercept",-2.52173868103372
"y",0.630265440791845
"V1",0.119447691366076
"V2",0.306024108547717
"V3",0.661845979047939
"V4",0.727590390713885
"V5",2.11654175259173
