"names","vals"
"Intercept",-9.27288262885856
"y",0.51302606263198
"V1",0.87702549668029
"V2",0.826889378484339
"V3",0.46119472431019
"V4",0.168574937386438
"V5",0.403256939724088
"V6",0.867220167070627
"V7",0.0644713642541319
"V8",0.358021900057793
"V9",4.09817048627883
"V10",1.85826455708593
"V11",1.89315970800817
"V12",4.19007036276162
"V13",3.51679379120469
