"names","vals"
"Intercept",-14.4267317811795
"y",0.603879339061677
"V1",0.963877683971077
"V2",0.107545648701489
"V3",0.401170843048021
"V4",0.280760266352445
"V5",0.550735943485051
"V6",0.748383658006787
"V7",0.308847524924204
"V8",0.825861243065447
"V9",3.15905253589153
"V10",3.65506870113313
"V11",3.09923246037215
"V12",4.85396563913673
"V13",2.59151866193861
