"names","vals"
"Intercept",-8.57803854648792
"y",0.246758267050609
"V1",0.103134618140757
"V2",0.441423939540982
"V3",0.605900562833995
"V4",0.596711613237858
"V5",0.301645667757839
"V6",0.860924431588501
"V7",0.310233761556447
"V8",0.161731198197231
"V9",2.49515897408128
"V10",2.46330133639276
"V11",3.79832567833364
"V12",4.48964811768383
"V13",1.02070981170982
