"names","vals"
"Intercept",-4.80633689903305
"y",0.300322170136496
"V1",0.257545995526016
"V2",0.0752157033421099
"V3",0.282599373022094
"V4",0.942923675989732
"V5",0.667876370484009
"V6",4.24108167551458
"V7",1.01897914614528
