"names","vals"
"Intercept",-9.00003501365148
"y",0.85227707773447
"V1",0.00919119780883193
"V2",0.386155567830428
"V3",0.603915160521865
"V4",0.0308185175526887
"V5",0.00893505476415157
"V6",0.315661672735587
"V7",0.644913331838325
"V8",0.592087935190648
"V9",2.32502863463014
"V10",1.48982065729797
"V11",2.63278213981539
"V12",1.82628720253706
"V13",4.85469508171082
