"names","vals"
"Intercept",-3.60314114529313
"y",0.239698792574927
"V1",0.0953739548567683
"V2",0.563444815576077
"V3",0.386831929907203
"V4",0.564361911499873
"V5",0.772486202418804
"V6",1.56530377455056
"V7",4.29234383068979
