"names","vals"
"Intercept",-8.26209372561192
"y",0.112037539947778
"V1",0.982817048206925
"V2",0.384439071640372
"V3",0.957406537141651
"V4",0.435883235419169
"V5",0.917643600376323
"V6",0.486476372694597
"V7",3.67911674175411
"V8",3.01874394249171
"V9",2.50259079039097
