"names","vals"
"Intercept",-8.40042790470295
"y",0.154494029702619
"V1",0.885402824729681
"V2",0.442745020380244
"V3",0.471313294954598
"V4",0.0549143033567816
"V5",0.51421517576091
"V6",0.936197346076369
"V7",0.180421306984499
"V8",3.90325154084712
"V9",1.25793073605746
"V10",3.94084458705038
"V11",1.71049737371504
