"names","vals"
"Intercept",-6.62290459953458
"y",0.62637259811163
"V1",0.69872353808023
"V2",0.43119863118045
"V3",0.82914473186247
"V4",0.0657222992740571
"V5",0.680244674207643
"V6",0.526561914943159
"V7",0.16813815291971
"V8",3.93513801880181
"V9",1.04698079172522
"V10",2.67630970757455
"V11",1.63367070257664
