"names","vals"
"Intercept",-7.27883108508354
"y",0.532044235616922
"V1",0.922888492466882
"V2",0.161592442542315
"V3",0.741084451554343
"V4",0.652786907041445
"V5",0.537651106249541
"V6",0.107037431560457
"V7",2.22134222555906
"V8",2.87671638093889
"V9",3.55571605730802
