"names","vals"
"Intercept",-7.94907133217831
"y",0.48767869034782
"V1",0.713932562852278
"V2",0.66881702048704
"V3",0.21451437054202
"V4",0.297081360593438
"V5",0.666018188232556
"V6",0.919858129695058
"V7",0.831525515997782
"V8",1.44190243259072
"V9",3.91755299456418
"V10",1.83870263025165
"V11",3.84809695091099
