"names","vals"
"Intercept",-8.49132570843888
"y",0.343988492153585
"V1",0.478067062795162
"V2",0.439923540921882
"V3",0.847981193102896
"V4",0.863244092557579
"V5",0.283461011014879
"V6",0.63930452032946
"V7",3.03712918329984
"V8",3.84232694841921
"V9",1.17854560445994
