"names","vals"
"Intercept",-7.55959279726213
"y",0.548725861823186
"V1",0.862304560374469
"V2",0.998737727059051
"V3",0.877237580483779
"V4",0.0745482321362942
"V5",0.315682213986292
"V6",0.997851551976055
"V7",0.301259329775348
"V8",0.269324796739966
"V9",4.33653773460537
"V10",4.25587101373821
"V11",2.30410571955144
"V12",1.56596324406564
"V13",1.05918607395142
