"names","vals"
"Intercept",-7.42011685065669
"y",0.98109120526351
"V1",0.677764729131013
"V2",0.658402776811272
"V3",0.500282477354631
"V4",0.500044803833589
"V5",0.192806279053912
"V6",0.24016982014291
"V7",0.342409575590864
"V8",4.80947851669043
"V9",1.01423770468682
"V10",3.47646580263972
"V11",2.35174057912081
