"names","vals"
"Intercept",-4.0518366045272
"y",0.628478363389149
"V1",0.692873081658036
"V2",0.777127453591675
"V3",0.128176202997565
"V4",0.307735533453524
"V5",3.58840870391577
