"names","vals"
"Intercept",-2.66547747200774
"y",0.398510996485129
"V1",0.824672374874353
"V2",0.230947697302327
"V3",0.914468692149967
"V4",0.228994488017634
"V5",3.02924136444926
