"names","vals"
"Intercept",-7.80883662670315
"y",0.131976592354476
"V1",0.0502545991912484
"V2",0.608396210474893
"V3",0.48021372850053
"V4",0.101021233480424
"V5",0.221055022673681
"V6",0.198701424757019
"V7",0.0175137913320214
"V8",3.112528571859
"V9",2.75201305374503
"V10",4.71987050771713
"V11",2.30005833692849
