"names","vals"
"Intercept",-4.07146184310247
"y",0.232192842988297
"V1",0.155461376532912
"V2",0.42282295320183
"V3",0.392999609233811
"V4",0.921670333016664
"V5",0.693234951002523
"V6",0.254246851196513
"V7",3.11811726540327
"V8",2.12519150320441
"V9",2.19023155607283
