"names","vals"
"Intercept",-3.46027667003032
"y",0.485867673996836
"V1",0.304249818902463
"V2",0.737985955551267
"V3",0.39021876687184
"V4",0.73048128397204
"V5",2.63258707337081
