"names","vals"
"Intercept",-1.55765295146359
"y",0.264921197434887
"V1",0.381460667122155
"V2",0.628861177247018
"V3",0.0978517336770892
"V4",0.851949864765629
"V5",4.96304340939969
