"names","vals"
"Intercept",-3.18006032853294
"y",0.066057899966836
"V1",0.961524003650993
"V2",0.75098859751597
"V3",0.688967395573854
"V4",0.834962492343038
"V5",4.32221682462841
