"names","vals"
"Intercept",-2.2001398594426
"y",0.346116011729464
"V1",0.528886777581647
"V2",0.46632462949492
"V3",0.450063951779157
"V4",0.878707191674039
"V5",0.337673596804962
"V6",4.10590718407184
"V7",1.37287499196827
