"names","vals"
"Intercept",-6.56458328564744
"y",0.55974094918929
"V1",0.134419615846127
"V2",0.80344453593716
"V3",0.0675713107921183
"V4",0.39478870597668
"V5",0.043253613403067
"V6",0.608241895446554
"V7",3.6961707957089
"V8",2.97302131354809
"V9",4.25122850015759
