"names","vals"
"Intercept",-9.65114788809838
"y",0.122842877870426
"V1",0.384189745644107
"V2",0.536130617605522
"V3",0.195703134406358
"V4",0.367377910995856
"V5",0.00323856715112925
"V6",0.980852853506804
"V7",0.971214091638103
"V8",0.0583467914257199
"V9",4.22220796812326
"V10",1.34819866344333
"V11",3.86942196357995
"V12",2.60447836760432
"V13",3.66797434724867
