"names","vals"
"Intercept",-4.45239526981488
"y",0.674244684865698
"V1",0.501492322422564
"V2",0.685359392082319
"V3",0.310633724555373
"V4",0.222354238620028
"V5",0.40817465283908
"V6",0.583250628551468
"V7",1.56612170673907
"V8",3.28597388416529
"V9",1.29608349781483
