"names","vals"
"Intercept",-2.22182528227614
"y",0.755667218007147
"V1",0.749565770849586
"V2",0.257164091803133
"V3",0.568199317902327
"V4",0.358048887224868
"V5",2.68020555470139
