"names","vals"
"Intercept",-9.25966821838776
"y",0.12276066141203
"V1",0.0210174324456602
"V2",0.0729423770681024
"V3",0.699520211201161
"V4",0.56347191776149
"V5",0.00941662001423538
"V6",0.752168357139453
"V7",0.847463375190273
"V8",0.378479394828901
"V9",3.17164674494416
"V10",3.30099074169993
"V11",1.13411286473274
"V12",4.67473651003093
"V13",3.02159483544528
