"names","vals"
"Intercept",-4.06180021551531
"y",0.395323312841356
"V1",0.0858927364461124
"V2",0.00879684067331254
"V3",0.905287660425529
"V4",0.2885721642524
"V5",0.271609040442854
"V6",2.47422765940428
"V7",3.31329898256809
