"names","vals"
"Intercept",-3.44931561069889
"y",0.332677529891953
"V1",0.555719731375575
"V2",0.503077649977058
"V3",0.832481191493571
"V4",0.289822808234021
"V5",2.9235919052735
