"names","vals"
"Intercept",-7.9024939049317
"y",0.149978980189189
"V1",0.265063661383465
"V2",0.302674632286653
"V3",0.204948811559007
"V4",0.731337451841682
"V5",0.764810534426942
"V6",0.630281677702442
"V7",0.75373783800751
"V8",0.371444643242285
"V9",4.53938622679561
"V10",2.86345484573394
"V11",1.08517042081803
"V12",2.24285872094333
"V13",1.66486188024282
