"names","vals"
"Intercept",-10.1062171547576
"y",0.888238952495158
"V1",0.751572219654918
"V2",0.181774893542752
"V3",0.614630731986836
"V4",0.578189438441768
"V5",0.819180664140731
"V6",0.134394455468282
"V7",0.459850187413394
"V8",0.931489320006222
"V9",1.82162704691291
"V10",2.57734404038638
"V11",3.52366416249424
"V12",2.11621493659914
"V13",2.63549188058823
