"names","vals"
"Intercept",-10.177706303109
"y",0.229293425800279
"V1",0.28124240739271
"V2",0.311385656474158
"V3",0.479042030638084
"V4",0.84609334776178
"V5",0.0768311317078769
"V6",0.13458531582728
"V7",0.46303467778489
"V8",0.653941880445927
"V9",1.54346180148423
"V10",2.74542661849409
"V11",4.85761825554073
"V12",1.10391697380692
"V13",4.42548401001841
