"names","vals"
"Intercept",-2.78753965158528
"y",0.0827015626709908
"V1",0.432349941460416
"V2",0.173638278152794
"V3",0.468807324068621
"V4",0.534954109927639
"V5",2.92146625742316
