"names","vals"
"Intercept",-5.38908428723272
"y",0.381540835602209
"V1",0.239032360026613
"V2",0.675070597790182
"V3",0.741279021371156
"V4",0.964596434030682
"V5",0.740801807492971
"V6",4.21021598670632
"V7",1.3574625486508
