"names","vals"
"Intercept",-6.44847290698858
"y",0.254351234994829
"V1",0.707378736231476
"V2",0.375517178094015
"V3",0.792747723869979
"V4",0.255067463498563
"V5",0.693149795988575
"V6",0.884716478176415
"V7",1.94374267943203
"V8",1.83920309599489
"V9",2.61003945209086
