"names","vals"
"Intercept",-9.53291622770438
"y",0.13721431302838
"V1",0.118690557777882
"V2",0.413399878656492
"V3",0.888645267346874
"V4",0.00762341357767582
"V5",0.662345733959228
"V6",0.769410884240642
"V7",0.392801144393161
"V8",0.119543118402362
"V9",4.71053820755333
"V10",2.7354678073898
"V11",1.66801927611232
"V12",1.86971165798604
"V13",4.01872626971453
