"names","vals"
"Intercept",-8.70958519404777
"y",0.0597900638822466
"V1",0.798827380407602
"V2",0.940997363766655
"V3",0.143640221329406
"V4",0.0660962082911283
"V5",0.292031870922074
"V6",0.562837081961334
"V7",0.993274135049433
"V8",0.768388780299574
"V9",1.95534303598106
"V10",2.17792018037289
"V11",3.04838128946722
"V12",2.2466950090602
"V13",2.98564074374735
