"names","vals"
"Intercept",-8.99081407849048
"y",0.459387835348025
"V1",0.399346298770979
"V2",0.78185997530818
"V3",0.716362659353763
"V4",0.37685599597171
"V5",0.60929254675284
"V6",0.386205948190764
"V7",0.769786075456068
"V8",3.68822020012885
"V9",3.77534428611398
"V10",3.23487143870443
"V11",1.05987770203501
