"names","vals"
"Intercept",-3.2555576731395
"y",0.701989938737825
"V1",0.598963069031015
"V2",0.951738797593862
"V3",0.540381608530879
"V4",0.436487409751862
"V5",0.769079266814515
"V6",2.30810633767396
"V7",1.14551356527954
