"names","vals"
"Intercept",-4.99446572604869
"y",0.759245085064322
"V1",0.999797976342961
"V2",0.475246395682916
"V3",0.400366675341502
"V4",0.55542567349039
"V5",0.327469104668126
"V6",2.29997122567147
"V7",3.63929324969649
