"names","vals"
"Intercept",-0.0222520338141241
"V1",0.0493064012844115
"V2",0.149361833464354
"V3",0.529940427979454
"V4",4.22411007154733
"V5",4.09567585587502
"V6",3.27659233938903
"V7",2.02385183703154
"V8",4.82731225620955
"V9",0
"V10",0
