"names","vals"
"Intercept",-9.95655395518523
"y",0.995080050081015
"V1",0.669176867231727
"V2",0.780794165562838
"V3",0.524301022291183
"V4",0.831319370539859
"V5",0.0764105434063822
"V6",0.966185454977676
"V7",0.613493479555473
"V8",0.507881298894063
"V9",4.14717324823141
"V10",1.39807817526162
"V11",4.24539778567851
"V12",1.73449593782425
"V13",1.69387839455158
