"names","vals"
"Intercept",-11.6868193061836
"y",0.383327499963343
"V1",0.392285460606217
"V2",0.548560784896836
"V3",0.925550749525428
"V4",0.832396022276953
"V5",0.858527748612687
"V6",0.452638104557991
"V7",0.630258720833808
"V8",3.88902656082064
"V9",4.79682566598058
"V10",4.08055351302028
"V11",2.14254625793546
