"names","vals"
"Intercept",-8.44705065189861
"y",0.582910411525518
"V1",0.333844942040741
"V2",0.327015881193802
"V3",0.352849627844989
"V4",0.944183540530503
"V5",0.95005826279521
"V6",0.568258711369708
"V7",0.950867442181334
"V8",0.147846277104691
"V9",3.32661696709692
"V10",2.32743632607162
"V11",2.61414497159421
"V12",3.42559785116464
"V13",3.65951543301344
