"names","vals"
"Intercept",-5.9171011873195
"y",0.566959577612579
"V1",0.741911458782852
"V2",0.197303098160774
"V3",0.318836620077491
"V4",0.532337193842977
"V5",0.651901855831966
"V6",0.586519252043217
"V7",1.50351579766721
"V8",1.90621271729469
"V9",2.96734891738743
