"names","vals"
"Intercept",-6.83036845010938
"y",0.955392631469294
"V1",0.293678259244189
"V2",0.301442998694256
"V3",0.665670736925676
"V4",0.897123271133751
"V5",0.943713595392182
"V6",0.989247799152508
"V7",1.1995842512697
"V8",3.67441157996655
"V9",2.5409580161795
