"names","vals"
"Intercept",-7.09597702765604
"y",0.264052673475817
"V1",0.471449495758861
"V2",0.42697771335952
"V3",0.62596873450093
"V4",0.728566371602938
"V5",0.937428002245724
"V6",0.606034589000046
"V7",1.69026763737202
"V8",4.62040276639163
"V9",2.45033356174827
