"names","vals"
"Intercept",-7.37234385740943
"y",0.827138472814113
"V1",0.494333425769582
"V2",0.707127526868135
"V3",0.921685031382367
"V4",0.447442511329427
"V5",0.539538509678096
"V6",0.787431888980791
"V7",0.213383865309879
"V8",0.671843170654029
"V9",1.45645181462169
"V10",3.5813384372741
"V11",1.50904660113156
"V12",3.05019487440586
"V13",2.96676774695516
