"names","vals"
"Intercept",-3.59008920005988
"y",0.106262725312263
"V1",0.126915771979839
"V2",0.791745238238946
"V3",0.425526563078165
"V4",0.33255122625269
"V5",0.73332424974069
"V6",3.53240528982133
"V7",1.33280668407679
