"names","vals"
"Intercept",-2.66276452480815
"y",0.760205713100731
"V1",0.125776277855039
"V2",0.147719036554918
"V3",0.865776584250852
"V4",0.491319585358724
"V5",0.0944536388851702
"V6",1.46705273073167
"V7",1.86419246066362
