"names","vals"
"Intercept",-6.09080493521411
"y",0.784414249006659
"V1",0.639262947253883
"V2",0.253595859976485
"V3",0.35605926066637
"V4",0.114107036497444
"V5",0.115239505888894
"V6",0.254373808624223
"V7",0.699486952740699
"V8",2.95567669253796
"V9",1.495171751827
"V10",3.42769463919103
"V11",3.62181067001075
