"names","vals"
"Intercept",-5.03763427370461
"y",0.612144532380626
"V1",0.927433744771406
"V2",0.132707957178354
"V3",0.148855404928327
"V4",0.949182644253597
"V5",0.824825180927292
"V6",1.61800274346024
"V7",4.9560083290562
