"names","vals"
"Intercept",-7.44036352383904
"y",0.434013601858169
"V1",0.673004946205765
"V2",0.97745388513431
"V3",0.526602803496644
"V4",0.886293376330286
"V5",0.318786023650318
"V6",4.54402563720942
"V7",4.81463992875069
