"names","vals"
"Intercept",-6.75235857650405
"y",0.459795833332464
"V1",0.46119626890868
"V2",0.774838327663019
"V3",0.0696284335572273
"V4",0.252721035620198
"V5",0.944322592113167
"V6",0.513504489092156
"V7",0.943083407822996
"V8",0.832789892097935
"V9",2.69498606398702
"V10",1.78579929377884
"V11",4.40377688687295
"V12",1.28473905753344
"V13",1.06869116798043
