"names","vals"
"Intercept",-7.50918827857822
"y",0.189973297296092
"V1",0.809702265774831
"V2",0.502530721016228
"V3",0.23436919040978
"V4",0.69744470785372
"V5",0.877505897777155
"V6",0.815446556545794
"V7",2.15413747448474
"V8",4.35754197929054
"V9",3.8152254736051
