"names","vals"
"Intercept",-7.93056251838338
"y",0.447503256378695
"V1",0.491789364954457
"V2",0.269881608197466
"V3",0.976860247086734
"V4",0.549354560440406
"V5",0.991397948935628
"V6",0.664511412614956
"V7",0.653544119559228
"V8",4.01315437536687
"V9",4.2628992125392
"V10",1.01818783208728
"V11",3.93949833512306
