"names","vals"
"Intercept",-5.58767022280954
"y",0.953170926542953
"V1",0.3392890074756
"V2",0.427351255202666
"V3",0.283576434245333
"V4",0.102172523038462
"V5",0.216634524520487
"V6",0.435917427297682
"V7",0.877290916396305
"V8",4.16660297103226
"V9",1.73618698213249
"V10",3.79407170880586
"V11",1.21276888530701
