"names","vals"
"Intercept",-7.61128499737242
"y",0.657834814395756
"V1",0.955873811850324
"V2",0.100591512164101
"V3",0.0305578878615052
"V4",0.0625815314706415
"V5",0.667329588206485
"V6",0.823985042748973
"V7",0.249299680115655
"V8",2.23499678540975
"V9",1.09515625238419
"V10",2.93099791929126
"V11",3.6695667700842
