"names","vals"
"Intercept",-10.0535352193052
"y",0.47068686131388
"V1",0.276462814537808
"V2",0.97441635443829
"V3",0.511133089661598
"V4",0.718534188810736
"V5",0.548153633251786
"V6",0.432165400823578
"V7",0.658250749809667
"V8",4.95802287757397
"V9",4.60201823338866
"V10",2.46970856189728
"V11",4.47266014385968
