"names","vals"
"Intercept",-6.80424446439836
"y",0.48008276661858
"V1",0.956703883362934
"V2",0.768283853773028
"V3",0.689598268829286
"V4",0.36584950145334
"V5",0.776553898584098
"V6",0.189561214996502
"V7",0.435432588215917
"V8",0.764850969193503
"V9",3.80151461157948
"V10",2.00070071220398
"V11",3.3571487320587
"V12",2.94198664929718
"V13",4.69476210977882
