"names","vals"
"Intercept",-7.63439445157302
"y",0.0704082397278398
"V1",0.909440030809492
"V2",0.0405505753587931
"V3",0.000366225140169263
"V4",0.444905963726342
"V5",0.653046501334757
"V6",0.0438317386433482
"V7",0.719654507469386
"V8",0.763975095236674
"V9",2.0776233356446
"V10",4.71814976073802
"V11",4.05407357774675
"V12",1.36281630303711
"V13",3.44086561072618
