"names","vals"
"Intercept",-11.6865076871822
"y",0.639890410471708
"V1",0.632202248554677
"V2",0.946380281820893
"V3",0.262740805512294
"V4",0.79187092767097
"V5",0.908269987441599
"V6",0.282662601908669
"V7",0.957981531275436
"V8",3.74295841995627
"V9",3.72052374389023
"V10",4.04316007532179
"V11",3.7822262654081
