"names","vals"
"Intercept",-7.26889611450024
"y",0.172865290660411
"V1",0.152237648842856
"V2",0.33752961596474
"V3",0.0510266912169755
"V4",0.67951167630963
"V5",0.553340350976214
"V6",0.610654922667891
"V7",1.60981245618314
"V8",4.9884707024321
"V9",2.791937161237
