"names","vals"
"Intercept",-11.3437941465876
"y",0.214195098960772
"V1",0.574793325038627
"V2",0.490961102303118
"V3",0.876731479074806
"V4",0.391471545910463
"V5",0.807650258531794
"V6",0.409493218641728
"V7",0.533189634094015
"V8",0.350723640527576
"V9",3.7992315525189
"V10",3.33141580689698
"V11",2.73263094015419
"V12",2.41490186285228
"V13",4.50594133138657
