"names","vals"
"Intercept",-8.88346179749351
"y",0.238926234422252
"V1",0.982217929325998
"V2",0.976776587078348
"V3",0.201376830227673
"V4",0.28957706107758
"V5",0.492955886758864
"V6",0.62584059429355
"V7",0.0325068579986691
"V8",4.12336952984333
"V9",3.20823143981397
"V10",2.8955919938162
"V11",1.09790025837719
