"names","vals"
"Intercept",-8.85080106394365
"y",0.426532872254029
"V1",0.604624414583668
"V2",0.355151893571019
"V3",0.680615070275962
"V4",0.476106312358752
"V5",0.88510898174718
"V6",4.99808721803129
"V7",2.47139369230717
