"names","vals"
"Intercept",-5.12142200388014
"y",0.404328024014831
"V1",0.713963485788554
"V2",0.111424628412351
"V3",0.145996260922402
"V4",0.463803896680474
"V5",0.463181576225907
"V6",0.34039214043878
"V7",1.69855783507228
"V8",4.13913265522569
"V9",3.58357301726937
