"names","vals"
"Intercept",-3.89625345010776
"y",0.428004844347015
"V1",0.136450600810349
"V2",0.225382650503889
"V3",0.640155090717599
"V4",0.107835626928136
"V5",0.637273047817871
"V6",0.601753526832908
"V7",2.12460881657898
"V8",2.17210633028299
"V9",2.3208176298067
