"names","vals"
"Intercept",-11.6158231664216
"y",0.697072572540492
"V1",0.555310654221103
"V2",0.952908058883622
"V3",0.892240648623556
"V4",0.927990968106315
"V5",0.320674092276022
"V6",0.216271804412827
"V7",0.621985198697075
"V8",1.04707932751626
"V9",1.89258253667504
"V10",4.83223569672555
"V11",4.61549142748117
