"names","vals"
"Intercept",-10.5602753761923
"y",0.719448794377968
"V1",0.113485620822757
"V2",0.163361257873476
"V3",0.528769785305485
"V4",0.100217957049608
"V5",0.723306711763144
"V6",0.264759551500902
"V7",0.1224304898642
"V8",0.9722395373974
"V9",1.30159424059093
"V10",4.19391490425915
"V11",1.42527500167489
"V12",4.19012501928955
"V13",4.21872347593307
