"names","vals"
"Intercept",-4.54511879151687
"y",0.573733146768063
"V1",0.394006458343938
"V2",0.646535858977586
"V3",0.621500405715778
"V4",0.578162067802623
"V5",0.643331359839067
"V6",0.104803794529289
"V7",2.65275806188583
"V8",1.59657224453986
"V9",1.84432420879602
