"names","vals"
"Intercept",-2.1356374938623
"y",0.700490552466363
"V1",0.501008789753541
"V2",0.966964844381437
"V3",0.75927795493044
"V4",0.318382379366085
"V5",0.238981636473909
"V6",0.269236320629716
"V7",1.58670429326594
"V8",1.9455823674798
"V9",1.608777099289
