"names","vals"
"Intercept",-9.97277539364994
"y",0.935938908951357
"V1",0.87823022599332
"V2",0.486794481985271
"V3",0.669326113304123
"V4",0.0143874201457947
"V5",0.445632009999827
"V6",0.671282547758892
"V7",0.811211063759401
"V8",0.740445606643334
"V9",4.74705999344587
"V10",2.94540233723819
"V11",4.61147101502866
"V12",2.9697832595557
"V13",3.36867256835103
