"names","vals"
"Intercept",-2.89603004255332
"y",0.180135405389592
"V1",0.22515445202589
"V2",0.19471537717618
"V3",0.719823968596756
"V4",0.75614178692922
"V5",1.60419091489166
