"names","vals"
"Intercept",-1.0761923054629
"y",0.672278031473979
"V1",0.794319106964394
"V2",0.281674040947109
"V3",0.43600363493897
"V4",0.233340841485187
"V5",2.31024853792042
