"names","vals"
"Intercept",-4.61190303063486
"y",0.456973908934742
"V1",0.417463229037821
"V2",0.887864453950897
"V3",0.157166580436751
"V4",0.566127164289355
"V5",0.163925923639908
"V6",1.00425102002919
"V7",2.89270324353129
