"names","vals"
"Intercept",-2.83622475652024
"y",0.0357675601262599
"V1",0.20086457580328
"V2",0.489153119036928
"V3",0.624214404262602
"V4",0.325755072524771
"V5",0.833725064527243
"V6",3.58660623989999
"V7",1.74345137551427
