"names","vals"
"Intercept",-10.1284415763011
"y",0.901630498468876
"V1",0.916264870204031
"V2",0.126968707656488
"V3",0.133190870285034
"V4",0.233180811163038
"V5",0.422272861003876
"V6",0.108418671414256
"V7",0.630048721563071
"V8",0.224625775357708
"V9",1.63629321195185
"V10",1.42289460357279
"V11",4.53456353023648
"V12",4.32974046003073
"V13",4.41069876682013
