"names","vals"
"Intercept",-5.74107389494311
"y",0.832247925456613
"V1",0.485196251422167
"V2",0.210176336579025
"V3",0.836880224756896
"V4",0.0132132456637919
"V5",0.608228000113741
"V6",2.60801293607801
"V7",3.35040414053947
