"names","vals"
"Intercept",-5.50378133221529
"y",0.74900625506416
"V1",0.903346199542284
"V2",0.803882027510554
"V3",0.332446202170104
"V4",0.0529624242335558
"V5",0.409151942934841
"V6",0.942010112339631
"V7",4.78295972570777
"V8",4.2410808429122
"V9",2.23194772843271
