"names","vals"
"Intercept",-10.8056021482125
"y",0.93130446691066
"V1",0.361625007819384
"V2",0.0877093207091093
"V3",0.670142031507567
"V4",0.508580761263147
"V5",0.152577084489167
"V6",0.873166325269267
"V7",0.720829736907035
"V8",0.0978517385665327
"V9",2.42035850789398
"V10",3.97701852023602
"V11",4.95561575796455
"V12",1.50146695878357
"V13",1.08650818560272
