"names","vals"
"Intercept",-3.31901608749758
"y",0.486815378302708
"V1",0.418117122491822
"V2",0.864447106374428
"V3",0.767044389154762
"V4",0.922316743293777
"V5",0.490013288566843
"V6",3.95947099290788
"V7",1.27465188037604
