"names","vals"
"Intercept",-11.3226907135569
"y",0.297209845855832
"V1",0.948315263492987
"V2",0.546347433468327
"V3",0.493192745605484
"V4",0.650527873076499
"V5",0.452024791389704
"V6",0.690664386376739
"V7",0.983055309392512
"V8",3.18768683262169
"V9",3.81825507618487
"V10",3.67901559453458
"V11",4.79576439131051
