"names","vals"
"Intercept",-6.4747149619041
"y",0.473586986307055
"V1",0.781899967463687
"V2",0.695492891129106
"V3",0.745722201419994
"V4",0.517371916677803
"V5",0.61776902503334
"V6",0.736692347796634
"V7",0.861964008770883
"V8",0.12569935224019
"V9",3.52883062139153
"V10",4.28993703611195
"V11",3.1611796785146
"V12",2.30068690609187
"V13",3.80291047878563
