"names","vals"
"Intercept",-7.78047218893655
"y",0.324059786275029
"V1",0.0565629079937935
"V2",0.055737441405654
"V3",0.71697594365105
"V4",0.721187813905999
"V5",0.453350720228627
"V6",0.866778788156807
"V7",0.773628832539544
"V8",1.34178846050054
"V9",2.92663203179836
"V10",3.88208477757871
"V11",1.58884882368147
