"names","vals"
"Intercept",-4.76317998880055
"y",0.227295585675165
"V1",0.827563778031617
"V2",0.158162935171276
"V3",0.988383423071355
"V4",0.859136427519843
"V5",0.685367623111233
"V6",1.7615521652624
"V7",2.40300278179348
