"names","vals"
"Intercept",-11.0695152877201
"y",0.0259213889949024
"V1",0.904559515882283
"V2",0.692499425727874
"V3",0.952152596786618
"V4",0.109597929753363
"V5",0.362281276844442
"V6",0.143537253607064
"V7",0.502037444617599
"V8",0.353164418367669
"V9",4.82184756174684
"V10",2.65423631947488
"V11",2.17572175431997
"V12",1.09397840220481
"V13",2.13449946139008
