"names","vals"
"Intercept",-10.1551949005574
"y",0.503603185061365
"V1",0.943507523508742
"V2",0.283689106581733
"V3",0.210064415354282
"V4",0.686084077693522
"V5",0.925157968187705
"V6",0.472690157592297
"V7",0.830314646242186
"V8",0.77946275821887
"V9",3.63076727371663
"V10",3.94977899454534
"V11",1.33015643805265
"V12",2.56111132912338
"V13",2.47379188332707
