"names","vals"
"Intercept",-3.68931106084492
"y",0.343271082499996
"V1",0.315060083987191
"V2",0.744830441195518
"V3",0.474581611808389
"V4",0.123373888898641
"V5",0.900400220649317
"V6",1.93385021016002
"V7",3.57746311184019
