"names","vals"
"Intercept",-6.55919161401689
"y",0.700826567132026
"V1",0.681502991588786
"V2",0.603358383988962
"V3",0.902049334254116
"V4",0.59828101308085
"V5",0.334773111622781
"V6",0.867881190730259
"V7",0.715333995176479
"V8",3.49035106692463
"V9",4.674730646424
"V10",2.4238308602944
"V11",3.32780424226075
