"names","vals"
"Intercept",-5.60369591441704
"y",0.726015522843227
"V1",0.817883882904425
"V2",0.847414831165224
"V3",0.33402495412156
"V4",0.173230060841888
"V5",0.949151322245598
"V6",0.478054270613939
"V7",2.56588456872851
"V8",1.7218739297241
"V9",1.34140177909285
