"names","vals"
"Intercept",-2.0751908655162
"y",0.408472273731604
"V1",0.818765733391047
"V2",0.256882331566885
"V3",0.136595407035202
"V4",0.0406385075766593
"V5",3.28587802033871
