"names","vals"
"Intercept",-11.1857463950524
"y",0.368221453856677
"V1",0.240147437900305
"V2",0.934781091520563
"V3",0.781889331527054
"V4",0.846801089122891
"V5",0.32602917146869
"V6",0.850182603113353
"V7",0.0468366341665387
"V8",2.84942067507654
"V9",2.58643976319581
"V10",2.29069674108177
"V11",4.18529268354177
