"names","vals"
"Intercept",-7.63216323559172
"y",0.128901190822944
"V1",0.482738350052387
"V2",0.711592372506857
"V3",0.427309076301754
"V4",0.883123187348247
"V5",0.129870364442468
"V6",0.709772321162745
"V7",0.0250369906425476
"V8",4.97095000557601
"V9",1.40820943750441
"V10",4.60968313924968
"V11",4.4673985093832
