"names","vals"
"Intercept",-7.53579322127625
"y",0.434884075308219
"V1",0.822563044028357
"V2",0.364646287402138
"V3",0.0624060393311083
"V4",0.810861189616844
"V5",0.969297171803191
"V6",0.636195723200217
"V7",0.293504248606041
"V8",2.06012487504631
"V9",1.44730027299374
"V10",2.11374870501459
"V11",4.06047943700105
