"names","vals"
"Intercept",-4.27565117581748
"y",0.511413094354793
"V1",0.887967930873856
"V2",0.0681595937348902
"V3",0.290694206487387
"V4",0.452047399943694
"V5",0.418763948837295
"V6",2.64616525825113
"V7",2.41800669580698
