"names","vals"
"Intercept",-12.1029521668819
"y",0.942403375636786
"V1",0.725283624371514
"V2",0.113389673177153
"V3",0.347899946151301
"V4",0.341907150577754
"V5",0.352891074027866
"V6",0.283418523147702
"V7",0.446618739515543
"V8",0.991879513952881
"V9",4.514782814309
"V10",1.63676845654845
"V11",4.17293083295226
"V12",1.56873749941587
"V13",3.52755984757096
