"names","vals"
"Intercept",-3.13823184341658
"y",0.750596091616899
"V1",0.210080876946449
"V2",0.0221032809931785
"V3",0.746820281958207
"V4",0.648901394335553
"V5",2.63330309838057
