"names","vals"
"Intercept",-4.98551276499638
"y",0.197839989559725
"V1",0.329956711502746
"V2",0.42156773339957
"V3",0.574199537048116
"V4",0.510538307018578
"V5",0.553258965723217
"V6",4.56486584432423
"V7",4.4357629539445
