"names","vals"
"Intercept",-9.00902424998116
"y",0.0077011554967612
"V1",0.945102231344208
"V2",0.0666319583542645
"V3",0.671759811695665
"V4",0.552832076558843
"V5",0.218017544131726
"V6",0.210239748237655
"V7",0.833370059961453
"V8",1.73385278321803
"V9",3.16556672472507
"V10",4.95975293591619
"V11",2.54262524284422
