"names","vals"
"Intercept",-3.61023034735583
"y",0.942663035355508
"V1",0.484882360091433
"V2",0.830712038325146
"V3",0.238999425666407
"V4",0.858851545490324
"V5",2.31557472143322
