"names","vals"
"Intercept",-3.12170592409093
"y",0.10903592268005
"V1",0.69008698198013
"V2",0.877688660984859
"V3",0.807617414277047
"V4",0.488400132395327
"V5",0.689698879374191
"V6",2.32908405456692
"V7",2.62969820946455
