"names","vals"
"Intercept",-6.96551267659524
"y",0.152515140594915
"V1",0.109917906811461
"V2",0.763054335024208
"V3",0.16603608452715
"V4",0.30878928839229
"V5",0.362787444610149
"V6",0.997750063892454
"V7",0.0203144832048565
"V8",1.32263856660575
"V9",3.60709997918457
"V10",4.29861655738205
"V11",2.04569905065
