"names","vals"
"Intercept",-5.16725769100711
"y",0.571009224513546
"V1",0.118125401670113
"V2",0.0743133574724197
"V3",0.725860093254596
"V4",0.0297670357394964
"V5",0.729241410735995
"V6",0.884087824029848
"V7",4.07817670796067
"V8",3.34888662863523
"V9",2.84851990174502
