"names","vals"
"Intercept",-7.02619987847284
"y",0.494925939710811
"V1",0.341589571209624
"V2",0.754535818705335
"V3",0.919284282950684
"V4",0.106677113100886
"V5",0.6892604844179
"V6",0.35241639893502
"V7",0.936811608728021
"V8",0.326688650995493
"V9",3.64755183737725
"V10",3.23817134369165
"V11",4.62319217901677
"V12",2.81975507829338
"V13",2.95872666034847
