"names","vals"
"Intercept",-4.23170914928895
"y",0.146405110834166
"V1",0.37943193805404
"V2",0.616704990155995
"V3",0.00561533775180578
"V4",0.220433533657342
"V5",0.354330477304757
"V6",3.67174018360674
"V7",1.28780545573682
