"names","vals"
"Intercept",-8.80054625453195
"y",0.9464102066122
"V1",0.0342734563164413
"V2",0.606107435422018
"V3",0.160973373334855
"V4",0.746197465341538
"V5",0.393299701856449
"V6",0.97633906127885
"V7",0.983559248968959
"V8",0.418635286856443
"V9",1.31888023577631
"V10",4.69948110263795
"V11",3.38381387386471
"V12",4.87656227685511
"V13",3.80115964449942
