"names","vals"
"Intercept",-5.61968083530199
"y",0.809688092442229
"V1",0.422486629802734
"V2",0.50607531494461
"V3",0.974254080327228
"V4",0.792535616317764
"V5",3.77503630332649
