"names","vals"
"Intercept",-4.14603976908838
"y",0.308926462661475
"V1",0.766293201595545
"V2",0.54254909302108
"V3",0.930412561167032
"V4",0.817068048054352
"V5",0.723628209903836
"V6",1.10717460978776
"V7",1.47861882019788
