"names","vals"
"Intercept",-5.05721402722411
"y",0.435575268696994
"V1",0.985559202032164
"V2",0.388174215564504
"V3",0.80652012466453
"V4",0.392844322836027
"V5",0.914527521468699
"V6",0.386930678738281
"V7",4.90761592052877
"V8",4.08316863887012
"V9",3.04370479471982
