"names","vals"
"Intercept",-7.01703942036722
"y",0.127292497316375
"V1",0.991286146221682
"V2",0.250517041189596
"V3",0.263748495606706
"V4",0.174167765304446
"V5",0.215615253895521
"V6",0.651929804123938
"V7",1.69445061031729
"V8",2.36502155847847
"V9",4.94581180624664
