"names","vals"
"Intercept",-5.36824940058868
"y",0.00623963121324778
"V1",0.0355144776403904
"V2",0.389674385311082
"V3",0.641140332911164
"V4",0.13921014033258
"V5",0.0549688797909766
"V6",0.0717670081648976
"V7",1.79757648706436
"V8",3.50277549680322
"V9",3.66622277162969
