"names","vals"
"Intercept",-2.4717940125824
"y",0.278795872814953
"V1",0.653114004991949
"V2",0.161742576863617
"V3",0.69039425929077
"V4",0.901930882362649
"V5",2.63477853126824
