"names","vals"
"Intercept",-3.96827222103951
"y",0.547071222215891
"V1",0.569119518855587
"V2",0.0798186280298978
"V3",0.115644476376474
"V4",0.889242599019781
"V5",0.123950026696548
"V6",0.521170193329453
"V7",2.0989148542285
"V8",1.95304673723876
"V9",2.01219532638788
