"names","vals"
"Intercept",-10.3436401331681
"y",0.787397450534627
"V1",0.0226456392556429
"V2",0.131646936526522
"V3",0.503934288164601
"V4",0.311504429439083
"V5",0.0936553371138871
"V6",0.904314321000129
"V7",0.319149778457358
"V8",0.855479905381799
"V9",4.61564036924392
"V10",1.42273160628974
"V11",4.57073613349348
"V12",4.83863639365882
"V13",2.01781251095235
