"names","vals"
"Intercept",-2.87282979029929
"y",0.746876199264079
"V1",0.642187386518344
"V2",0.512879902264103
"V3",0.824233660940081
"V4",0.98798004235141
"V5",2.02726459596306
