"names","vals"
"Intercept",-7.50686884271912
"y",0.947405108250678
"V1",0.959078966407105
"V2",0.200474945828319
"V3",0.781976978294551
"V4",0.922471738420427
"V5",0.619344251928851
"V6",0.930816483916715
"V7",0.0351590465288609
"V8",1.0333405258134
"V9",1.98716447688639
"V10",3.53339769039303
"V11",4.3459022147581
