"names","vals"
"Intercept",-6.76406954687787
"y",0.144554338417947
"V1",0.979917733231559
"V2",0.77133321762085
"V3",0.522267843829468
"V4",0.21667969878763
"V5",0.201881117885932
"V6",0.0638064281083643
"V7",0.0449064432177693
"V8",0.637960306368768
"V9",3.83156821038574
"V10",1.84913737978786
"V11",3.76071752700955
"V12",4.91180973220617
"V13",4.80337805859745
