"names","vals"
"Intercept",-11.6458492534584
"y",0.323599482653663
"V1",0.428382817888632
"V2",0.846830694470555
"V3",0.251905109034851
"V4",0.353587580611929
"V5",0.586527765262872
"V6",0.665698514785618
"V7",0.404208417749032
"V8",0.43376007839106
"V9",2.92690879199654
"V10",4.0989178204909
"V11",4.5409552725032
"V12",3.33367014490068
"V13",2.81059390213341
