"names","vals"
"Intercept",-8.91153578228084
"y",0.307763237738982
"V1",0.0191879016347229
"V2",0.0135921947658062
"V3",0.092859547585249
"V4",0.972016271902248
"V5",0.671131158713251
"V6",0.305458900518715
"V7",0.511673484928906
"V8",0.604335102951154
"V9",2.88623347133398
"V10",2.92802504915744
"V11",4.12947988603264
"V12",4.06261120736599
"V13",4.27270005084574
