"names","vals"
"Intercept",-4.64852772842627
"y",0.979711815714836
"V1",0.510141775943339
"V2",0.189446845091879
"V3",0.734924019314349
"V4",0.322564024711028
"V5",4.97068773489445
