"names","vals"
"Intercept",-5.53272094668122
"y",0.266225085360929
"V1",0.856325059197843
"V2",0.426977031864226
"V3",0.232963175047189
"V4",0.88953574676998
"V5",0.0774168893694878
"V6",0.299757290631533
"V7",3.55467686988413
"V8",2.38906512502581
"V9",4.65876659471542
