"names","vals"
"Intercept",-6.27057500680909
"y",0.640455075306818
"V1",0.382735565304756
"V2",0.898523659445345
"V3",0.688159365672618
"V4",0.938327549491078
"V5",0.195461835712194
"V6",0.247340015135705
"V7",0.0840311895590276
"V8",0.127825039206073
"V9",2.6031657513231
"V10",1.60838828142732
"V11",3.29008433967829
"V12",3.30641202256083
"V13",2.01031781546772
