"names","vals"
"Intercept",-9.64335472411476
"y",0.312914669979364
"V1",0.811639969469979
"V2",0.947256344370544
"V3",0.160463122883812
"V4",0.291060032788664
"V5",0.100127092562616
"V6",0.1541127061937
"V7",0.386105124140158
"V8",0.455177883151919
"V9",2.49142359290272
"V10",4.45456047914922
"V11",1.89616852998734
"V12",1.50766056589782
"V13",4.53265275992453
