"names","vals"
"Intercept",-3.91831062668469
"y",0.829170679673553
"V1",0.684106487315148
"V2",0.332261708332226
"V3",0.319221597630531
"V4",0.0586578138172626
"V5",0.400112943490967
"V6",3.09673633240163
"V7",2.59310393594205
