"names","vals"
"Intercept",-6.77785446256166
"y",0.412380413617939
"V1",0.00184023706242442
"V2",0.940719252685085
"V3",0.0812734358478338
"V4",0.610702695092186
"V5",0.0492844064719975
"V6",0.389130201889202
"V7",0.619734117761254
"V8",0.643931519705802
"V9",1.24440533388406
"V10",1.91037223301828
"V11",2.95953101385385
"V12",2.1966840904206
"V13",1.70433547068387
