"names","vals"
"Intercept",-10.7973500900669
"y",0.852969226660207
"V1",0.678545257542282
"V2",0.129773475462571
"V3",0.284951831912622
"V4",0.972512809094042
"V5",0.317057218868285
"V6",0.394659460289404
"V7",0.732227705884725
"V8",3.8276261780411
"V9",2.20395754091442
"V10",4.2051456887275
"V11",3.68834942765534
