"names","vals"
"Intercept",-7.57891617388232
"y",0.957710867980495
"V1",0.529040399007499
"V2",0.668466711649671
"V3",0.239828132558614
"V4",0.712942492682487
"V5",0.121821933193132
"V6",0.31110321986489
"V7",2.76162179000676
"V8",1.24879947304726
"V9",3.22778115142137
