"names","vals"
"Intercept",-0.478612836543471
"y",0.803068939363584
"V1",0.242595708696172
"V2",0.219956370303407
"V3",0.249685180839151
"V4",0.346475031459704
"V5",2.14686713926494
