"names","vals"
"Intercept",-9.09760181572056
"y",0.0397933516651392
"V1",0.901636535534635
"V2",0.693504454800859
"V3",0.301295122131705
"V4",0.708983313059434
"V5",0.953337194863707
"V6",0.184371932409704
"V7",0.998528886586428
"V8",0.401818317826837
"V9",3.7497732648626
"V10",3.17424983996898
"V11",1.67744733206928
"V12",2.70210286229849
"V13",4.59241048619151
