"names","vals"
"Intercept",-5.22550177451223
"y",0.749581597745419
"V1",0.857134528458118
"V2",0.979037635959685
"V3",0.105050859972835
"V4",0.584338025422767
"V5",0.284298588521779
"V6",0.87236969685182
"V7",1.06747131887823
"V8",1.24282566830516
"V9",3.72819924913347
