"names","vals"
"Intercept",-8.39327742686728
"y",0.463330407859758
"V1",0.68167290231213
"V2",0.289779429789633
"V3",0.107836526818573
"V4",0.00688037369400263
"V5",0.123619445832446
"V6",0.565661877393723
"V7",0.482731974683702
"V8",4.62667432520539
"V9",4.78957560844719
"V10",3.66426334064454
"V11",2.94454085733742
