"names","vals"
"Intercept",-12.0672186425421
"y",0.195826401934028
"V1",0.443842285079882
"V2",0.627243619645014
"V3",0.0724007650278509
"V4",0.0756740893702954
"V5",0.121588564710692
"V6",0.252324313391
"V7",0.0531598108354956
"V8",0.823462133295834
"V9",1.97906457446516
"V10",4.60309314727783
"V11",1.55779755953699
"V12",4.82411467656493
"V13",2.77460240665823
