"names","vals"
"Intercept",-3.29172337140422
"y",0.117418424459174
"V1",0.130769154988229
"V2",0.758082788204774
"V3",0.88671594299376
"V4",0.695149692939594
"V5",0.527820086572319
"V6",0.00851732399314642
"V7",2.75385549943894
"V8",4.55766409542412
"V9",1.26887781731784
