"names","vals"
"Intercept",-8.84500952766975
"y",0.0915493238717318
"V1",0.635373722063377
"V2",0.331332422792912
"V3",0.706783750327304
"V4",0.948902192292735
"V5",0.491089947754517
"V6",0.0759247499518096
"V7",0.71369229699485
"V8",0.87039638706483
"V9",1.12738576065749
"V10",1.37483697291464
"V11",3.16461634263396
"V12",4.13567634485662
"V13",3.05081064067781
