"names","vals"
"Intercept",-2.44082830408122
"y",0.389919738750905
"V1",0.996627593645826
"V2",0.624197977827862
"V3",0.467040559044108
"V4",0.667419094592333
"V5",3.34805687051266
