"names","vals"
"Intercept",-4.3394748941483
"y",0.111621658783406
"V1",0.342681167647243
"V2",0.965198932914063
"V3",0.014731943141669
"V4",0.042084728833288
"V5",0.655581226339564
"V6",1.51140116900206
"V7",3.52310792636126
