"names","vals"
"Intercept",-8.34685212322045
"y",0.592230838024989
"V1",0.492498969193548
"V2",0.0417051112744957
"V3",0.354748484445736
"V4",0.368377111619338
"V5",0.896326828980818
"V6",0.53346767113544
"V7",0.732782029081136
"V8",0.372527950676158
"V9",3.70450975187123
"V10",4.91037190519273
"V11",1.87227201834321
"V12",3.36389010120183
"V13",2.6515442719683
