"names","vals"
"Intercept",-6.95260332744801
"y",0.557601236272603
"V1",0.490817348938435
"V2",0.37192946812138
"V3",0.142811090219766
"V4",0.817391472635791
"V5",0.961308449041098
"V6",0.197725251549855
"V7",0.207673073979095
"V8",4.60169378016144
"V9",2.72976958099753
"V10",4.28730803914368
"V11",2.86717672180384
