"names","vals"
"Intercept",-12.7836667151609
"y",0.483515354339033
"V1",0.619966514175758
"V2",0.588585384655744
"V3",0.915420073783025
"V4",0.16541137965396
"V5",0.76397673226893
"V6",0.69590236316435
"V7",0.406134105985984
"V8",4.99331063125283
"V9",4.99334225524217
"V10",4.15488973539323
"V11",2.56411102972925
