"names","vals"
"Intercept",-5.0009087211499
"y",0.576573429862037
"V1",0.340682360110804
"V2",0.391325199976563
"V3",0.615229980321601
"V4",0.286904357606545
"V5",0.0979525281582028
"V6",0.811785216676071
"V7",0.529116527410224
"V8",1.66142891626805
"V9",1.14636985491961
"V10",1.60622824449092
"V11",4.43090662453324
