"names","vals"
"Intercept",-9.35251906809863
"y",0.357031662249938
"V1",0.996140643022954
"V2",0.45051063853316
"V3",0.135415719822049
"V4",0.497276026057079
"V5",0.980223427060992
"V6",0.757818201323971
"V7",0.734433495439589
"V8",0.825240134028718
"V9",3.59742220211774
"V10",1.97862777207047
"V11",3.068548864685
"V12",1.35563569050282
"V13",1.03504380211234
