"names","vals"
"Intercept",-9.80306533747353
"y",0.0153877220582217
"V1",0.967765835113823
"V2",0.71185087854974
"V3",0.00184313114732504
"V4",0.5109671887476
"V5",0.735849095042795
"V6",0.330413709627464
"V7",0.604105995269492
"V8",0.759874510578811
"V9",2.69110639020801
"V10",3.66202402766794
"V11",3.05093582347035
"V12",2.13477131631225
"V13",3.99228507000953
