"names","vals"
"Intercept",-5.73532170294318
"y",0.878282900899649
"V1",0.497777070384473
"V2",0.865423625335097
"V3",0.000788997858762741
"V4",0.0912935896776617
"V5",0.874084905022755
"V6",0.811508185230196
"V7",0.16386033501476
"V8",1.20091064460576
"V9",4.83953184261918
"V10",1.91829490754753
"V11",2.41909456718713
