"names","vals"
"Intercept",-2.68395936095621
"y",0.707499691750854
"V1",0.247457901481539
"V2",0.695736176567152
"V3",0.437042254954576
"V4",0.810338723473251
"V5",1.00129061192274
