"names","vals"
"Intercept",-1.61692066365387
"y",0.283793670125306
"V1",0.203026332659647
"V2",0.462346265558153
"V3",0.10642973612994
"V4",0.874589554965496
"V5",1.45730243157595
