"names","vals"
"Intercept",-6.76762504068436
"y",0.896281589521095
"V1",0.388398077106103
"V2",0.357014403445646
"V3",0.929070057114586
"V4",0.601756064454094
"V5",0.782679277937859
"V6",0.121717513538897
"V7",2.25791472196579
"V8",3.5007345713675
"V9",1.60999777540565
