"names","vals"
"Intercept",-9.65313650436001
"y",0.365331645589322
"V1",0.734550034161657
"V2",0.87130468338728
"V3",0.276963402982801
"V4",0.853071353631094
"V5",0.508725189371035
"V6",0.331142636016011
"V7",4.73004674073309
"V8",3.87605632934719
"V9",4.21533939428627
