"names","vals"
"Intercept",-2.03479781652335
"y",0.743459695484489
"V1",0.383069343632087
"V2",0.659225903917104
"V3",0.0737704739440233
"V4",0.253390815574676
"V5",2.89883728232235
