"names","vals"
"Intercept",-6.010309085052
"y",0.184799371520057
"V1",0.659096361137927
"V2",0.820819166488945
"V3",0.353071926627308
"V4",0.96745627769269
"V5",0.202838542405516
"V6",0.422678160713986
"V7",3.08965397346765
"V8",4.03348429780453
"V9",2.1107272375375
