"names","vals"
"Intercept",-3.39944300187984
"y",0.339496344095096
"V1",0.0768606329802424
"V2",0.742454690858722
"V3",0.852065204409882
"V4",0.110256105195731
"V5",0.76989632495679
"V6",1.59763577580452
"V7",3.65704896207899
