"names","vals"
"Intercept",-17.853026922117
"y",0.235022474545985
"V1",0.353956981562078
"V2",0.458604053827003
"V3",0.554082212969661
"V4",0.314432690152898
"V5",0.80006565246731
"V6",0.372076912084594
"V7",0.683681311318651
"V8",0.829158712411299
"V9",3.75334665831178
"V10",4.61571789998561
"V11",4.588294275105
"V12",2.99595936015248
"V13",4.55214840173721
