"names","vals"
"Intercept",-2.57743166188011
"y",0.327031436376274
"V1",0.5148019134067
"V2",0.969790566014126
"V3",0.205514564877376
"V4",0.931160899112001
"V5",2.15878539904952
