"names","vals"
"Intercept",-2.95225684441393
"y",0.908102222019807
"V1",0.78449239465408
"V2",0.425168198533356
"V3",0.623751113656908
"V4",0.921541260322556
"V5",2.65911215730011
