"names","vals"
"Intercept",-12.3477952513844
"y",0.140883966814727
"V1",0.317224803846329
"V2",0.222158626187593
"V3",0.0606468417681754
"V4",0.755283307516947
"V5",0.8190933233127
"V6",0.0549643638078123
"V7",0.167354968143627
"V8",0.572934473166242
"V9",2.81922947708517
"V10",1.54058798123151
"V11",3.41851225215942
"V12",4.05871322285384
"V13",3.64020739868283
