"names","vals"
"Intercept",-6.09052924619755
"y",0.343612360302359
"V1",0.37356883706525
"V2",0.682970203692093
"V3",0.440704549429938
"V4",0.632344850106165
"V5",0.269934618379921
"V6",2.51698083244264
"V7",4.13527635019273
