"names","vals"
"Intercept",-2.08454886893742
"y",0.309989240951836
"V1",0.326397438766435
"V2",0.679464224725962
"V3",0.591824011877179
"V4",0.997332242084667
"V5",2.2026744838804
