"names","vals"
"Intercept",-8.32344839022262
"y",0.969639248913154
"V1",0.658060798188671
"V2",0.606484228279442
"V3",0.558623499935493
"V4",0.217416816623881
"V5",0.751854788977653
"V6",4.42662223428488
"V7",4.50480291061103
