"names","vals"
"Intercept",-5.17853210962843
"y",0.237453956156969
"V1",0.0761564739514142
"V2",0.254413632676005
"V3",0.882949067978188
"V4",0.993752984562889
"V5",0.158948152093217
"V6",0.750893839867786
"V7",2.92124480940402
"V8",2.63644741661847
"V9",1.13509932439774
