"names","vals"
"Intercept",-1.68115737863118
"y",0.182174866087735
"V1",0.608856255421415
"V2",0.728705429239199
"V3",0.333774125436321
"V4",0.134628555038944
"V5",1.41115431580693
