"names","vals"
"Intercept",-13.9530336491996
"y",0.446747331647202
"V1",0.165973847731948
"V2",0.754110963316634
"V3",0.931223466293886
"V4",0.720529149053618
"V5",0.250737565103918
"V6",0.0862776159774512
"V7",0.851048364071175
"V8",0.0232191744726151
"V9",4.81008869130164
"V10",1.07011410035193
"V11",4.69005332328379
"V12",3.53552389983088
"V13",4.05523274280131
