"names","vals"
"Intercept",-7.9602952735126
"y",0.733648264780641
"V1",0.849110365845263
"V2",0.463885030709207
"V3",0.308409626828507
"V4",0.0968854180537164
"V5",0.32455892721191
"V6",0.109992448007688
"V7",0.998824836453423
"V8",3.36067007295787
"V9",3.39346921443939
"V10",3.21782982069999
"V11",3.85814403742552
