"names","vals"
"Intercept",-3.55875751264393
"y",0.81211748928763
"V1",0.00558703648857772
"V2",0.94612205424346
"V3",0.365158372558653
"V4",0.185011119116098
"V5",0.052015993045643
"V6",0.705489637097344
"V7",0.990488711046055
"V8",0.408282116288319
"V9",2.08521125465631
"V10",2.02570603229105
"V11",4.46305347885936
"V12",1.27112144697458
"V13",1.70239201840013
