"names","vals"
"Intercept",-11.3892985308962
"y",0.544797256356105
"V1",0.684937418205664
"V2",0.715363275259733
"V3",0.397866941522807
"V4",0.134701700182632
"V5",0.244290173519403
"V6",0.569180111866444
"V7",0.262046878924593
"V8",0.664038058836013
"V9",4.22058567870408
"V10",4.34749552793801
"V11",2.30807490926236
"V12",4.43694953247905
"V13",2.55672938842326
