"names","vals"
"Intercept",-9.13787143761292
"y",0.546231898479164
"V1",0.987313064048067
"V2",0.68358649360016
"V3",0.487832246581092
"V4",0.615000039804727
"V5",0.505002581980079
"V6",0.539615051820874
"V7",0.196708348579705
"V8",1.4332055747509
"V9",4.63071648962796
"V10",4.8127706348896
"V11",2.95171291101724
