"names","vals"
"Intercept",-4.20424957548035
"y",0.00442298431880772
"V1",0.774833586299792
"V2",0.902319886256009
"V3",0.569744622334838
"V4",0.620950124925002
"V5",4.67190650198609
