"names","vals"
"Intercept",-5.8973337091459
"y",0.4028037074022
"V1",0.418407055316493
"V2",0.121284732827917
"V3",0.552373859565705
"V4",0.923559016780928
"V5",0.0974078052677214
"V6",0.825887538958341
"V7",0.757088012062013
"V8",0.479170732898638
"V9",2.29047032259405
"V10",2.96277826093137
"V11",2.02175590209663
"V12",4.86418382357806
"V13",1.72718752827495
