"names","vals"
"Intercept",-6.04509252910502
"y",0.21754345158115
"V1",0.401507606962696
"V2",0.622703817440197
"V3",0.356815048959106
"V4",0.742799948435277
"V5",0.0708818163257092
"V6",0.68086017598398
"V7",0.65512332576327
"V8",2.2109459284693
"V9",1.08517402783036
"V10",1.02173657435924
"V11",2.84273474477232
