"names","vals"
"Intercept",-10.2214556144434
"y",0.255836192285642
"V1",0.0333238996099681
"V2",0.905182644259185
"V3",0.445281506283209
"V4",0.795193589990959
"V5",0.410058241337538
"V6",0.196917483815923
"V7",3.42446400970221
"V8",4.25682960357517
"V9",3.58222079463303
