"names","vals"
"Intercept",-12.6317651627399
"y",0.524282821919769
"V1",0.818477852735668
"V2",0.057255495339632
"V3",0.734966848045588
"V4",0.950216927099973
"V5",0.783580987015739
"V6",0.708105330821127
"V7",0.347687621833757
"V8",0.355829507345334
"V9",3.34386419598013
"V10",1.10508594010025
"V11",2.07676117122173
"V12",4.61531398631632
"V13",3.23351169843227
