"names","vals"
"Intercept",-5.97639567627339
"y",0.334093490848318
"V1",0.8154625040479
"V2",0.740822087507695
"V3",0.241427121916786
"V4",0.63137766206637
"V5",0.669320224551484
"V6",0.718821560265496
"V7",0.533345814328641
"V8",4.83664276264608
"V9",1.9823819603771
"V10",1.20104396529496
"V11",2.67560241278261
