"names","vals"
"Intercept",-2.02734287737869
"y",0.536227277712896
"V1",0.660141112050042
"V2",0.435119966743514
"V3",0.322031507035717
"V4",0.897154370555654
"V5",1.16863770410419
