"names","vals"
"Intercept",-3.38913961997954
"y",0.988527708454058
"V1",0.697959684301168
"V2",0.638832020107657
"V3",0.850069902138785
"V4",0.0129226187709719
"V5",0.640082297148183
"V6",1.25163137819618
"V7",4.56734379380941
