"names","vals"
"Intercept",-1.53887233252637
"y",0.0817475237417966
"V1",0.252261790446937
"V2",0.399849358014762
"V3",0.632596312556416
"V4",0.360306851798669
"V5",1.31197585631162
