"names","vals"
"Intercept",-9.1504404915031
"y",0.615607967600226
"V1",0.258043917361647
"V2",0.319842707831413
"V3",0.962884665699676
"V4",0.89285668823868
"V5",0.8904729494825
"V6",0.289923127973452
"V7",0.259261773433536
"V8",0.987761775031686
"V9",2.97976678982377
"V10",3.52338420320302
"V11",3.47109023667872
"V12",1.86695273313671
"V13",1.13875136803836
