"names","vals"
"Intercept",-10.011816529138
"y",0.406834746012464
"V1",0.746076248586178
"V2",0.7141245782841
"V3",0.496474647661671
"V4",0.724438688252121
"V5",0.377704667393118
"V6",0.125097281532362
"V7",0.894388460321352
"V8",0.400031736120582
"V9",2.78517229948193
"V10",4.03739159181714
"V11",2.71524678450078
"V12",2.5081820897758
"V13",3.05491389054805
