"names","vals"
"Intercept",-5.57088738119928
"y",0.63750798557885
"V1",0.936258726986125
"V2",0.763488502241671
"V3",0.968979550059885
"V4",0.617074297741055
"V5",0.167751986067742
"V6",0.694565014448017
"V7",4.75964923016727
"V8",3.60816237330437
"V9",2.25219677388668
