"names","vals"
"Intercept",-7.07330341523513
"y",0.369487557793036
"V1",0.467587336665019
"V2",0.400979934027418
"V3",0.676747897174209
"V4",0.838885734090582
"V5",0.908197346376255
"V6",0.440609680721536
"V7",0.662375912070274
"V8",4.1415278641507
"V9",1.26632195990533
"V10",4.39002954401076
"V11",1.80080374516547
