"names","vals"
"Intercept",-1.95096231805161
"y",0.14219149411656
"V1",0.1814191758167
"V2",0.598351676482707
"V3",0.709037066670135
"V4",0.529492740752175
"V5",1.3872065320611
