"names","vals"
"Intercept",-2.36205904086586
"y",0.858253879705444
"V1",0.384972424712032
"V2",0.117888875771314
"V3",0.835367983207107
"V4",0.887982451124117
"V5",2.3309809314087
