"names","vals"
"Intercept",-6.12781662674621
"y",0.771868279902264
"V1",0.166086673270911
"V2",0.625530784251168
"V3",0.254100479418412
"V4",0.68474775319919
"V5",0.964065136853606
"V6",0.780362457735464
"V7",2.53133612405509
"V8",1.35446468368173
"V9",2.32773470133543
