"names","vals"
"Intercept",-13.8400721930317
"y",0.459320889087394
"V1",0.178213824285194
"V2",0.356566276401281
"V3",0.507805831497535
"V4",0.881286388961598
"V5",0.0463310240302235
"V6",0.700946813682094
"V7",0.946942577604204
"V8",0.863125198287889
"V9",4.83588580600917
"V10",1.60219718888402
"V11",3.16892501339316
"V12",2.79654052853584
"V13",1.93719487357885
