"names","vals"
"Intercept",-9.56711435209494
"y",0.130917583126575
"V1",0.944978703046218
"V2",0.426261676708236
"V3",0.612618564162403
"V4",0.728804152458906
"V5",0.893320041242987
"V6",0.543299248674884
"V7",0.539134943159297
"V8",0.0970842852257192
"V9",1.35998733248562
"V10",4.77091842051595
"V11",4.93401399999857
"V12",3.09221516083926
"V13",1.55289408471435
