"names","vals"
"Intercept",-4.27347247466445
"y",0.606961299432442
"V1",0.260283205425367
"V2",0.134567728033289
"V3",0.818094444461167
"V4",0.029889220604673
"V5",4.73308254312724
