"names","vals"
"Intercept",-6.26176204497693
"y",0.387792530935258
"V1",0.0364772193133831
"V2",0.99052048008889
"V3",0.228420209838077
"V4",0.273248406592757
"V5",0.288056421326473
"V6",0.99522007140331
"V7",3.53058202844113
"V8",1.69044739194214
"V9",2.01267192419618
