"names","vals"
"Intercept",-4.78223773384467
"y",0.71034964453429
"V1",0.425975584192201
"V2",0.570285958936438
"V3",0.924993450986221
"V4",0.759741189656779
"V5",4.44637387897819
