"names","vals"
"Intercept",-6.19094428875484
"y",0.855641418835148
"V1",0.374168787617236
"V2",0.13142156554386
"V3",0.637810107320547
"V4",0.295745864277706
"V5",0.256997705437243
"V6",0.036144598852843
"V7",2.85596823692322
"V8",4.59399721305817
"V9",1.72908421885222
