"names","vals"
"Intercept",-7.23996066958644
"y",0.112847629236057
"V1",0.521557337604463
"V2",0.342044509248808
"V3",0.131029817042872
"V4",0.469794455682859
"V5",0.605076622683555
"V6",0.14598423615098
"V7",2.71545369178057
"V8",3.7717744037509
"V9",3.50188088510185
