"names","vals"
"Intercept",-7.38973878413206
"y",0.463124557165429
"V1",0.0107922777533531
"V2",0.424372084438801
"V3",0.977932741632685
"V4",0.436640818370506
"V5",0.978790537919849
"V6",0.148775630164891
"V7",0.264870913466439
"V8",1.99051920790225
"V9",2.2662404589355
"V10",1.78147955425084
"V11",3.67384394817054
