"names","vals"
"Intercept",-13.0104555679159
"y",0.305928893154487
"V1",0.0191793746780604
"V2",0.401393556967378
"V3",0.572775706183165
"V4",0.446458828635514
"V5",0.242706263903528
"V6",0.516258498188108
"V7",0.869886677945033
"V8",0.396875628037378
"V9",2.58002873323858
"V10",4.21218141075224
"V11",4.13466509990394
"V12",1.92708250600845
"V13",3.47658049408346
