"names","vals"
"Intercept",-5.48540039719082
"y",0.391723193228245
"V1",0.128785639069974
"V2",0.497871577506885
"V3",0.409481424605474
"V4",0.0476722589228302
"V5",0.224068430019543
"V6",0.445092723239213
"V7",0.330304832663387
"V8",2.50318557862192
"V9",4.48023906443268
"V10",3.73853812925518
"V11",1.55439597927034
