"names","vals"
"Intercept",-4.20223410549806
"y",0.559080447535962
"V1",0.0709585051517934
"V2",0.558755027595907
"V3",0.0515346843749285
"V4",0.546505235834047
"V5",0.768230532528833
"V6",0.0963637332897633
"V7",3.3478497127071
"V8",2.48314171936363
"V9",4.0608161650598
