"names","vals"
"Intercept",-10.2680727380374
"y",0.843696188414469
"V1",0.825921353651211
"V2",0.81036389246583
"V3",0.346599635668099
"V4",0.638416924281046
"V5",0.841954946750775
"V6",0.498404874233529
"V7",0.873158136382699
"V8",3.84314830694348
"V9",4.43217003066093
"V10",1.2817740989849
"V11",3.65672446601093
