"names","vals"
"Intercept",-2.3280302781146
"y",0.0380148908589035
"V1",0.606319960206747
"V2",0.0707298123743385
"V3",0.0452169270720333
"V4",0.844143677037209
"V5",2.98218275047839
