"names","vals"
"Intercept",-8.74630120288348
"y",0.441133482148871
"V1",0.160002038348466
"V2",0.0999966831877828
"V3",0.178981227334589
"V4",0.305553202051669
"V5",0.613500156905502
"V6",0.94085632590577
"V7",0.91887774434872
"V8",0.230835524620488
"V9",2.54216942749918
"V10",3.85355765651911
"V11",3.04086919501424
"V12",3.7186917681247
"V13",2.65160843636841
