"names","vals"
"Intercept",-5.11183334486559
"y",0.544073566794395
"V1",0.944393598474562
"V2",0.353319879854098
"V3",0.291679724585265
"V4",0.690343856113032
"V5",0.352363005746156
"V6",0.343969457317144
"V7",1.59566985629499
"V8",4.83156465925276
"V9",4.15911254100502
