"names","vals"
"Intercept",-10.0932447295403
"y",0.723371738567948
"V1",0.50307430839166
"V2",0.368866036413237
"V3",0.214872967917472
"V4",0.00749039114452899
"V5",0.911552960984409
"V6",0.786648697219789
"V7",0.855591906467453
"V8",0.836905756732449
"V9",2.49367560725659
"V10",2.13907477632165
"V11",3.36181533709168
"V12",1.27454506792128
"V13",2.7424970716238
