"names","vals"
"Intercept",-5.63143712840509
"y",0.711186804343015
"V1",0.181041090516374
"V2",0.920724433846772
"V3",0.68608884839341
"V4",0.135943982983008
"V5",4.44185496121645
