"names","vals"
"Intercept",-2.61593134627212
"y",0.215874151559547
"V1",0.86208391119726
"V2",0.417681400896981
"V3",0.106536099221557
"V4",0.0765432000625879
"V5",3.59974797908217
