"names","vals"
"Intercept",-2.48848342323676
"y",0.863186225062236
"V1",0.79275013669394
"V2",0.333646673243493
"V3",0.720552566228434
"V4",0.234239373588935
"V5",0.0831102028023452
"V6",3.96897947974503
"V7",4.88690109550953
