"names","vals"
"Intercept",-8.19628378542606
"y",0.833527403417975
"V1",0.845532997744158
"V2",0.0608489436563104
"V3",0.193588312715292
"V4",0.6256066726055
"V5",0.496636708732694
"V6",0.330407608998939
"V7",0.726786030223593
"V8",0.296274456195533
"V9",1.23083647713065
"V10",2.48671229742467
"V11",3.15683954209089
"V12",4.6236292636022
"V13",2.41424818709493
