"names","vals"
"Intercept",-2.04203430769267
"y",0.649670663988218
"V1",0.87168829026632
"V2",0.117373411543667
"V3",0.498509532073513
"V4",0.443362648133188
"V5",0.775392269250005
"V6",2.01608959399164
"V7",4.03631640505046
