"names","vals"
"Intercept",-7.04893520385493
"y",0.557244437281042
"V1",0.33365856599994
"V2",0.465790019370615
"V3",0.229182337410748
"V4",0.623541237553582
"V5",0.369440401904285
"V6",0.427234260831028
"V7",0.0476598949171603
"V8",1.86509901564568
"V9",4.41659964621067
"V10",2.68525741342455
"V11",3.78288516402245
