"names","vals"
"Intercept",-8.18849615309155
"y",0.514458793681115
"V1",0.645788701251149
"V2",0.985454589826986
"V3",0.557885593734682
"V4",0.316993488231674
"V5",0.0306937613058835
"V6",0.137297333683819
"V7",0.714093287708238
"V8",4.55360741168261
"V9",1.67099245358258
"V10",4.2647870182991
"V11",2.51118256337941
