"names","vals"
"Intercept",-11.4144372638548
"y",0.971006100066006
"V1",0.81528153643012
"V2",0.851462487829849
"V3",0.180921517079696
"V4",0.910571668762714
"V5",0.0148979448713362
"V6",0.0440850639715791
"V7",0.569847931852564
"V8",0.752995497314259
"V9",4.04325562529266
"V10",4.97660112008452
"V11",4.702243687585
"V12",4.76362994685769
"V13",1.98641581274569
