"names","vals"
"Intercept",-4.27886329244822
"y",0.726105049951002
"V1",0.459642651956528
"V2",0.819026881596074
"V3",0.0718759251758456
"V4",0.384967700345442
"V5",0.979259837185964
"V6",2.27984410151839
"V7",3.48482786677778
