"names","vals"
"Intercept",-3.70744028700516
"y",0.0234145864378661
"V1",0.0778888468630612
"V2",0.599448669003323
"V3",0.568296263925731
"V4",0.801152354106307
"V5",0.372831960674375
"V6",0.659106388222426
"V7",0.379602043656632
"V8",4.95113630779088
"V9",1.35267083253711
"V10",1.61731938831508
"V11",2.19943100214005
