"names","vals"
"Intercept",-7.81699100034311
"y",0.578477091854438
"V1",0.0583443299401551
"V2",0.768591943895444
"V3",0.866443791426718
"V4",0.776240018429235
"V5",0.79465223569423
"V6",0.917936957906932
"V7",2.58105510193855
"V8",4.89962228853256
"V9",1.83834644034505
