"names","vals"
"Intercept",-3.81534587763017
"y",0.78816923731938
"V1",0.808976197149605
"V2",0.571958246873692
"V3",0.683426955947652
"V4",0.75385345518589
"V5",0.000654678093269467
"V6",0.826003369409591
"V7",3.62664641719311
"V8",3.74001636356115
"V9",3.7119161458686
