"names","vals"
"Intercept",-4.09654695854988
"y",0.303217123029754
"V1",0.949524534167722
"V2",0.845507651334628
"V3",0.270265096565709
"V4",0.0546785332262516
"V5",0.0327652113046497
"V6",3.32799059432
"V7",4.93100163154304
