"names","vals"
"Intercept",-10.1826540505816
"y",0.539832462090999
"V1",0.832283355295658
"V2",0.724543344695121
"V3",0.415447788313031
"V4",0.531466585583985
"V5",0.708286312874407
"V6",0.248302678344771
"V7",4.02415014617145
"V8",3.86316612455994
"V9",2.07346709165722
