"names","vals"
"Intercept",-8.32397304461338
"y",0.746517884545028
"V1",0.954896077513695
"V2",0.257821523584425
"V3",0.765276139602065
"V4",0.998165627010167
"V5",0.816913206130266
"V6",4.22012891620398
"V7",2.9490550365299
