"names","vals"
"Intercept",-3.06398365753004
"y",0.808335860027
"V1",0.959145131055266
"V2",0.714612558716908
"V3",0.00524298031814396
"V4",0.0789351775310934
"V5",0.7426904856693
"V6",2.03009206056595
"V7",2.81971595156938
