"names","vals"
"Intercept",-5.36592277063523
"y",0.121940518729389
"V1",0.172949012601748
"V2",0.413974940311164
"V3",0.204325727187097
"V4",0.620241665048525
"V5",0.334733682917431
"V6",0.21482225577347
"V7",3.15813529957086
"V8",1.46720362547785
"V9",2.52100063394755
