"names","vals"
"Intercept",-4.69758477583993
"y",0.127376837423071
"V1",0.969183197012171
"V2",0.0300448194611818
"V3",0.78729440481402
"V4",0.314345022896305
"V5",0.345580728724599
"V6",0.594888546038419
"V7",4.35966995358467
"V8",3.76376582216471
"V9",4.57358598895371
