"names","vals"
"Intercept",-5.09005844079657
"y",0.3818145734258
"V1",0.726966560818255
"V2",0.0759009208995849
"V3",0.950298292329535
"V4",0.875222952803597
"V5",0.83864442887716
"V6",0.977134575368837
"V7",1.64339823555201
"V8",1.9982867911458
"V9",4.70885447971523
