"names","vals"
"Intercept",-5.21361235538265
"y",0.946010528830811
"V1",0.558284629369155
"V2",0.0320987410377711
"V3",0.861573443282396
"V4",0.739593671634793
"V5",4.01536203268915
