"names","vals"
"Intercept",-7.01192482179031
"y",0.557595535879955
"V1",0.461735529592261
"V2",0.95810145069845
"V3",0.830127525143325
"V4",0.545823703054339
"V5",0.290225157048553
"V6",0.656038637273014
"V7",0.75244113127701
"V8",3.17515761777759
"V9",2.93169565033168
"V10",2.52568519115448
"V11",3.65591894090176
