"names","vals"
"Intercept",-4.80426242176909
"y",0.818142858101055
"V1",0.968034238787368
"V2",0.97773337457329
"V3",0.692763840779662
"V4",0.603320671943948
"V5",0.73943272838369
"V6",3.52816669549793
"V7",2.83060274831951
