"names","vals"
"Intercept",-4.6229332206212
"y",0.490060558309779
"V1",0.443230872042477
"V2",0.819783345796168
"V3",0.595077007776126
"V4",0.475622888188809
"V5",4.58641258161515
