"names","vals"
"Intercept",-3.75818934356328
"y",0.62770067434758
"V1",0.307171894004568
"V2",0.60145154921338
"V3",0.0124798249453306
"V4",0.964438445866108
"V5",3.69833679124713
