"names","vals"
"Intercept",-5.675622214186
"y",0.87380419508554
"V1",0.424794612685218
"V2",0.46528469840996
"V3",0.38489026017487
"V4",0.423111933050677
"V5",0.608221201924607
"V6",0.0500016547739506
"V7",0.349252889165655
"V8",0.0161855553742498
"V9",3.65599817503244
"V10",1.41296370141208
"V11",3.37930074613541
"V12",1.00665995944291
"V13",1.92830063402653
