"names","vals"
"Intercept",-11.6365465705562
"y",0.901696271495894
"V1",0.453652801224962
"V2",0.722789169987664
"V3",0.764925459399819
"V4",0.474832333857194
"V5",0.897408820223063
"V6",0.245141985826194
"V7",3.08658993337303
"V8",3.2102721715346
"V9",4.94206402171403
