"names","vals"
"Intercept",-3.63806195547804
"y",0.598893414949998
"V1",0.848762100562453
"V2",0.0543432268314064
"V3",0.845541931455955
"V4",0.843593589495867
"V5",4.42871512286365
