"names","vals"
"Intercept",-8.13645864140708
"y",0.522827671840787
"V1",0.164310980122536
"V2",0.138258746825159
"V3",0.400011198362336
"V4",0.575842530466616
"V5",0.103541850112379
"V6",0.542569692246616
"V7",0.233597069745883
"V8",0.481595179066062
"V9",2.79158251080662
"V10",3.98115690704435
"V11",3.49265704024583
"V12",1.18695384822786
"V13",3.57931306026876
