"names","vals"
"Intercept",-11.2131457068399
"y",0.596213783835992
"V1",0.579924671212211
"V2",0.0316020562313497
"V3",0.589792100479826
"V4",0.203886976698413
"V5",0.803532504709437
"V6",0.539529429282993
"V7",0.736188919981942
"V8",2.7252651154995
"V9",2.71668821759522
"V10",3.59468003362417
"V11",3.58935316372663
