"names","vals"
"Intercept",-7.67568514786428
"y",0.668648059014231
"V1",0.574391582049429
"V2",0.0713889196049422
"V3",0.289042989490554
"V4",0.0531167201697826
"V5",0.00047437334433198
"V6",0.86610288429074
"V7",0.415090681985021
"V8",0.320572563679889
"V9",1.78761487081647
"V10",4.75108205154538
"V11",4.41845108848065
"V12",3.32911877799779
"V13",1.69370179530233
