"names","vals"
"Intercept",-3.75742641198449
"y",0.466452853288502
"V1",0.282033326802775
"V2",0.361149139003828
"V3",0.773081563878804
"V4",0.845904761459678
"V5",0.54078799393028
"V6",1.1723997592926
"V7",2.08837661333382
