"names","vals"
"Intercept",-2.37393916847184
"y",0.216460393508896
"V1",0.545645229518414
"V2",0.826859190361574
"V3",0.601920588407665
"V4",0.59870333597064
"V5",0.274649953236803
"V6",1.58034488838166
"V7",2.52444162406027
