"names","vals"
"Intercept",-2.55844320303295
"y",0.0215733840595931
"V1",0.845593299949542
"V2",0.201594834914431
"V3",0.731051043141633
"V4",0.971492092590779
"V5",2.11267823819071
