"names","vals"
"Intercept",-8.51724791625049
"y",0.907177122542635
"V1",0.651199707994238
"V2",0.152111791074276
"V3",0.0282761531416327
"V4",0.510895177954808
"V5",0.137038615532219
"V6",0.269412817666307
"V7",0.809413152281195
"V8",0.302363529102877
"V9",1.19944926165044
"V10",2.02470989432186
"V11",1.64321081154048
"V12",3.05334361083806
"V13",4.48797958157957
