"names","vals"
"Intercept",-6.44156551741995
"y",0.761932692723349
"V1",0.840629644226283
"V2",0.339645564090461
"V3",0.603111456613988
"V4",0.0489737316966057
"V5",0.266519036609679
"V6",0.505988830467686
"V7",0.797430025879294
"V8",4.18594555743039
"V9",4.2218919377774
"V10",1.01079319044948
"V11",1.78228541370481
