"names","vals"
"Intercept",-7.40327174567385
"y",0.176255199825391
"V1",0.669127941131592
"V2",0.701650658389553
"V3",0.0861556266900152
"V4",0.473431095248088
"V5",0.02455287380144
"V6",0.565637701656669
"V7",0.0810786676593125
"V8",2.25243515986949
"V9",3.48009188473225
"V10",2.08990946412086
"V11",2.81836285069585
