"names","vals"
"Intercept",-5.14824902653927
"y",0.440565555589274
"V1",0.870551933534443
"V2",0.433236519340426
"V3",0.838730903109536
"V4",0.345959333237261
"V5",0.229690168052912
"V6",0.920704871648923
"V7",2.20188351441175
"V8",1.38193924631923
"V9",1.01183094084263
