"names","vals"
"Intercept",-9.92137818298535
"y",0.173573326785117
"V1",0.665985881583765
"V2",0.799399587558582
"V3",0.0477372438181192
"V4",0.399927455931902
"V5",0.00213104812428355
"V6",0.417816569330171
"V7",0.70769235258922
"V8",0.319643257185817
"V9",1.26966559886932
"V10",4.73962114192545
"V11",4.87407446932048
"V12",1.8996713552624
"V13",4.06154630612582
