"names","vals"
"Intercept",-6.99326246433426
"y",0.19674308388494
"V1",0.829906109021977
"V2",0.752549847820774
"V3",0.181548326043412
"V4",0.179597574518993
"V5",0.384643000317737
"V6",0.502774064429104
"V7",4.66666020452976
"V8",2.39414567500353
"V9",2.80255406629294
