"names","vals"
"Intercept",-3.76821600145195
"y",0.586364394519478
"V1",0.0111289813648909
"V2",0.18077569338493
"V3",0.328945272834972
"V4",0.922005198663101
"V5",0.724142174003646
"V6",4.82714838534594
"V7",4.04833488725126
