"names","vals"
"Intercept",-2.76926477070665
"y",0.148515779525042
"V1",0.342777520185336
"V2",0.702350072329864
"V3",0.376854066969827
"V4",0.00353666814044118
"V5",0.992176922038198
"V6",1.17731695435941
"V7",3.11984827090055
