"names","vals"
"Intercept",-3.78613593536429
"y",0.226400973740965
"V1",0.443425415316597
"V2",0.518705390626565
"V3",0.536349042085931
"V4",0.886008863802999
"V5",0.24034107546322
"V6",3.25345777720213
"V7",4.60293541382998
