"names","vals"
"Intercept",-9.63326735388022
"y",0.213518874486908
"V1",0.175931260222569
"V2",0.330444806953892
"V3",0.495791726745665
"V4",0.102008386980742
"V5",0.802324634045362
"V6",0.881240642163903
"V7",0.84066007938236
"V8",0.694896779488772
"V9",2.79014871362597
"V10",2.18246598541737
"V11",4.71048202738166
"V12",2.37358331866562
"V13",3.59370019566268
