"names","vals"
"Intercept",-3.39912677741144
"y",0.58348958636634
"V1",0.0231970944441855
"V2",0.324455787660554
"V3",0.0511697630863637
"V4",0.784898920916021
"V5",0.876772881951183
"V6",2.0960491169244
"V7",4.68260043580085
