"names","vals"
"Intercept",-3.21802878907183
"y",0.705072693992406
"V1",0.345390411093831
"V2",0.638350962428376
"V3",0.25634958804585
"V4",0.0550839772913605
"V5",0.0147974388673902
"V6",0.659665467450395
"V7",4.82877785619348
"V8",4.72290881723166
"V9",1.97994729410857
