"names","vals"
"Intercept",-9.9175189633132
"y",0.236320359399542
"V1",0.308312911307439
"V2",0.472848834237084
"V3",0.42605294007808
"V4",0.842573791742325
"V5",0.576062285341322
"V6",0.37238899525255
"V7",0.677209141431376
"V8",0.0294657496269792
"V9",2.67832591664046
"V10",3.29792999662459
"V11",3.59324381127954
"V12",2.37654885835946
"V13",4.39336737897247
