"names","vals"
"Intercept",-6.73372923090123
"y",0.875453226733953
"V1",0.801114226924255
"V2",0.725964990910143
"V3",0.889455321943387
"V4",0.280227078823373
"V5",0.992215505801141
"V6",0.983763191616163
"V7",4.58942338265479
"V8",4.60480684228241
"V9",2.16325632855296
