"names","vals"
"Intercept",-7.05705817543901
"y",0.219014272559434
"V1",0.996096516028047
"V2",0.339616855373606
"V3",0.17135849990882
"V4",0.686522059841082
"V5",0.354064079932868
"V6",0.155770938610658
"V7",0.341881751315668
"V8",1.378537052311
"V9",1.65708795469254
"V10",4.34111923165619
"V11",1.03482395689934
