"names","vals"
"Intercept",-4.64759706917684
"y",0.679439298575744
"V1",0.0840680887922645
"V2",0.781235856469721
"V3",0.269776487955824
"V4",0.831988922320306
"V5",0.88708713487722
"V6",0.192286575445905
"V7",1.24412320461124
"V8",1.14279779046774
"V9",1.58584036957473
