"names","vals"
"Intercept",-8.996761192251
"y",0.780155829619616
"V1",0.325017374940217
"V2",0.0437376452609897
"V3",0.909492581151426
"V4",0.334237941307947
"V5",0.00110500189475715
"V6",0.851272138301283
"V7",0.968208291567862
"V8",1.19893187470734
"V9",3.72752727754414
"V10",3.01305282488465
"V11",2.8496198086068
