"names","vals"
"Intercept",-3.74228016833076
"y",0.720660336315632
"V1",0.23633365216665
"V2",0.360066333319992
"V3",0.727885473752394
"V4",0.330646009882912
"V5",0.872552911750972
"V6",2.53647057991475
"V7",2.67810755129904
