"names","vals"
"Intercept",-11.5452887304011
"y",0.412713822675869
"V1",0.113848149310797
"V2",0.716493468498811
"V3",0.455897600390017
"V4",0.844867037143558
"V5",0.11962165706791
"V6",0.139996374025941
"V7",0.920212061144412
"V8",0.888260630657896
"V9",1.86810296587646
"V10",1.81203529890627
"V11",2.71987812407315
"V12",4.01107068080455
"V13",2.56813427433372
