"names","vals"
"Intercept",-8.33328249529004
"y",0.348872556816787
"V1",0.997499621938914
"V2",0.976706493878737
"V3",0.292605484370142
"V4",0.255362884607166
"V5",0.1943354383111
"V6",0.92332437238656
"V7",0.0955763191450387
"V8",3.17996304854751
"V9",1.50848738942295
"V10",3.80592729710042
"V11",4.48570128064603
