"names","vals"
"Intercept",-2.80954156378284
"y",0.194240612676367
"V1",0.686889933887869
"V2",0.22508734674193
"V3",0.316905716666952
"V4",0.756019209744409
"V5",0.0845991661772132
"V6",1.31291765719652
"V7",3.40451312996447
