"names","vals"
"Intercept",-3.23222056175116
"y",0.10352343134582
"V1",0.910066108219326
"V2",0.272332832450047
"V3",0.298884058138356
"V4",0.698768588714302
"V5",0.723918701056391
"V6",4.92144335247576
"V7",1.68015229236335
