"names","vals"
"Intercept",-2.88763702565804
"y",0.759952053427696
"V1",0.588570313993841
"V2",0.868699902435765
"V3",0.43594082351774
"V4",0.12998721958138
"V5",2.25231996271759
