"names","vals"
"Intercept",-3.51870154982898
"y",0.972241564653814
"V1",0.139437174424529
"V2",0.553058570949361
"V3",0.638256871141493
"V4",0.0399988566059619
"V5",2.5197243494913
