"names","vals"
"Intercept",-1.07252914777957
"y",0.28692874033004
"V1",0.32803472597152
"V2",0.644224710762501
"V3",0.581779954954982
"V4",0.283688439754769
"V5",1.14194215275347
