"names","vals"
"Intercept",-1.62327695197891
"y",0.50362738291733
"V1",0.761995397042483
"V2",0.320964321028441
"V3",0.959526656894013
"V4",0.100721736205742
"V5",1.55900210980326
