"names","vals"
"Intercept",-4.47878587063169
"y",0.824381355429068
"V1",0.512335126753896
"V2",0.609355223830789
"V3",0.552673959638923
"V4",0.587563732173294
"V5",0.932949933456257
"V6",0.162938817869872
"V7",1.34265540726483
"V8",2.0255703702569
"V9",2.12835314683616
