"names","vals"
"Intercept",-8.76374752708012
"y",0.458428655285388
"V1",0.0804227739572525
"V2",0.868991833878681
"V3",0.420530453324318
"V4",0.447509774239734
"V5",0.433477137237787
"V6",0.668631243985146
"V7",0.885727139655501
"V8",2.46366089303046
"V9",3.45510549191386
"V10",1.37385589722544
"V11",2.66161146294326
