"names","vals"
"Intercept",-8.93222704488086
"y",0.351909028831869
"V1",0.401724258437753
"V2",0.447954631177709
"V3",0.169225123012438
"V4",0.670672636013478
"V5",0.378364772070199
"V6",0.52405689121224
"V7",0.710096508497372
"V8",2.21187090314925
"V9",3.49734019488096
"V10",3.75855386815965
"V11",2.8654808178544
