"names","vals"
"Intercept",-1.90901618419448
"y",0.939015047159046
"V1",0.947101823519915
"V2",0.824407655280083
"V3",0.801265580113977
"V4",0.0845833208877593
"V5",2.00704817380756
