"names","vals"
"Intercept",-2.19132046764251
"y",0.798832674277946
"V1",0.723958989139646
"V2",0.625521474983543
"V3",0.633357626851648
"V4",0.845931705087423
"V5",1.00345329474658
