"names","vals"
"Intercept",-3.74908968006494
"y",0.687462306814268
"V1",0.012606113916263
"V2",0.824308342766017
"V3",0.318221881054342
"V4",0.84218543022871
"V5",4.66513182874769
