"names","vals"
"Intercept",-1.81392113703303
"y",0.417872574413195
"V1",0.964129929896444
"V2",0.923023662297055
"V3",0.458039079792798
"V4",0.263794226571918
"V5",1.42674275301397
