"names","vals"
"Intercept",-2.24541165858507
"y",0.278024406172335
"V1",0.643004992511123
"V2",0.581003020750359
"V3",0.782208395423368
"V4",0.14758544228971
"V5",1.79813533090055
