"names","vals"
"Intercept",-6.41356119207572
"y",0.0577852658461779
"V1",0.873066594824195
"V2",0.191960512194782
"V3",0.828941488871351
"V4",0.732005923986435
"V5",0.254749368643388
"V6",0.601933229481801
"V7",0.0845860042609274
"V8",1.9114206712693
"V9",2.8716593561694
"V10",4.55593541730195
"V11",4.87942156009376
