"names","vals"
"Intercept",-7.66778254564852
"y",0.0804096921347082
"V1",0.333230844931677
"V2",0.19023804133758
"V3",0.277974756201729
"V4",0.641061546746641
"V5",0.975338538410142
"V6",0.759551943279803
"V7",0.271303137997165
"V8",3.46924940682948
"V9",3.49063704162836
"V10",3.1855217833072
"V11",3.68983882013708
