"names","vals"
"Intercept",-9.85917272594525
"y",0.179463441949338
"V1",0.366427699336782
"V2",0.873793440870941
"V3",0.694777190918103
"V4",0.583690912928432
"V5",0.150602211244404
"V6",0.0528890152927488
"V7",0.153092223452404
"V8",0.692408072529361
"V9",3.8859663521871
"V10",2.7908122735098
"V11",4.78402497060597
"V12",3.73994188755751
"V13",2.4161260901019
