"names","vals"
"Intercept",-4.81165252067149
"y",0.936921283602715
"V1",0.556112854275852
"V2",0.298214425565675
"V3",0.237275602761656
"V4",0.998940392397344
"V5",0.851130353985354
"V6",0.564901739358902
"V7",0.011136696441099
"V8",1.54434249643236
"V9",3.60760111454874
"V10",3.4769587200135
"V11",1.73347795382142
