"names","vals"
"Intercept",-4.56965331035899
"y",0.787647953722626
"V1",0.427306731464341
"V2",0.655251115327701
"V3",0.0851313271559775
"V4",0.429840492084622
"V5",0.0169092370197177
"V6",4.0852317539975
"V7",1.90842718817294
