"names","vals"
"Intercept",-13.1880530446908
"y",0.03974320855923
"V1",0.871510565048084
"V2",0.429859136929736
"V3",0.184811182087287
"V4",0.788462236290798
"V5",0.681015386478975
"V6",0.317863758653402
"V7",0.41321609262377
"V8",3.75121441949159
"V9",2.58162558078766
"V10",4.41878486797214
"V11",2.58166603837162
