"names","vals"
"Intercept",-3.72380101912422
"y",0.922132408712059
"V1",0.288998842705041
"V2",0.292238030349836
"V3",0.618196273455396
"V4",0.993930979631841
"V5",2.77545580640435
