"names","vals"
"Intercept",-6.62756900069304
"y",0.753159226849675
"V1",0.753564628306776
"V2",0.0722120555583388
"V3",0.958913850132376
"V4",0.847888674819842
"V5",0.772608446888626
"V6",0.381202321965247
"V7",0.380780546925962
"V8",3.6753425039351
"V9",2.24274581577629
"V10",2.8212034329772
"V11",1.27492528036237
