"names","vals"
"Intercept",-3.32361161504872
"y",0.898579233326018
"V1",0.884765150723979
"V2",0.306011653970927
"V3",0.345571252051741
"V4",0.223942656768486
"V5",0.956912881927565
"V6",4.77643274795264
"V7",1.66733294911683
