"names","vals"
"Intercept",-3.55567176226526
"y",0.843191031366587
"V1",0.130861640907824
"V2",0.900766398524866
"V3",0.820103250443935
"V4",0.552862477023154
"V5",0.207522698212415
"V6",0.295729296514764
"V7",1.41596120968461
"V8",1.47817491088063
"V9",3.0855043400079
