"names","vals"
"Intercept",-7.34466904263245
"y",0.558185969246551
"V1",0.282978121424094
"V2",0.655621618498117
"V3",0.266407912131399
"V4",0.93695294461213
"V5",0.220910909352824
"V6",2.72756994701922
"V7",3.26805542781949
