"names","vals"
"Intercept",-12.4559710827284
"y",0.810192788019776
"V1",0.312767141498625
"V2",0.408305801218376
"V3",0.615563870407641
"V4",0.68682684795931
"V5",0.0270380061119795
"V6",0.696205325424671
"V7",0.839478919282556
"V8",0.23533470928669
"V9",4.75051647424698
"V10",1.55159204825759
"V11",1.51334864459932
"V12",2.96530227921903
"V13",2.22971157357097
