"names","vals"
"Intercept",-5.85346548494883
"y",0.634109037695453
"V1",0.547670162282884
"V2",0.975371567066759
"V3",0.218157220864668
"V4",0.181145638460293
"V5",0.937935840338469
"V6",0.148274826351553
"V7",0.997753551229835
"V8",1.88907551858574
"V9",1.2698116209358
"V10",3.14362966176122
"V11",1.08724090829492
