"names","vals"
"Intercept",-3.4601844509691
"y",0.364146443316713
"V1",0.689879899844527
"V2",0.735800891648978
"V3",0.594264914281666
"V4",0.529964312678203
"V5",0.256514633540064
"V6",1.364068293944
"V7",3.83191140927374
