"names","vals"
"Intercept",-3.82301322451793
"y",0.234273716108873
"V1",0.690363007364795
"V2",0.349415277130902
"V3",0.228468911256641
"V4",0.498728109756485
"V5",0.152618548832834
"V6",1.66592451836914
"V7",3.69547535572201
