"names","vals"
"Intercept",-3.4298989554448
"y",0.201228589052334
"V1",0.638233302393928
"V2",0.284438549773768
"V3",0.346190150594339
"V4",0.229280968429521
"V5",0.769839498680085
"V6",0.298758616438136
"V7",0.990066425641999
"V8",4.17712295148522
"V9",4.97682286519557
"V10",1.42518843524158
"V11",1.01260618586093
