"names","vals"
"Intercept",-3.54806311200373
"y",0.106978219002485
"V1",0.221128622302786
"V2",0.00188367022201419
"V3",0.0857767127454281
"V4",0.144479976268485
"V5",0.776359824230894
"V6",0.750581740401685
"V7",3.15777000132948
"V8",1.72984213102609
"V9",3.31162954401225
