"names","vals"
"Intercept",-2.8437563657877
"y",0.724914935883135
"V1",0.710909771034494
"V2",0.671292985323817
"V3",0.678425264079124
"V4",0.995402641128749
"V5",4.45937162823975
