"names","vals"
"Intercept",-4.11765603571665
"y",0.155404136283323
"V1",0.609705952461809
"V2",0.329705394105986
"V3",0.87164431787096
"V4",0.937647468643263
"V5",3.2695820024237
