"names","vals"
"Intercept",-5.98398416623939
"y",0.675436553312466
"V1",0.115434748120606
"V2",0.516941016772762
"V3",0.0945156838279217
"V4",0.0462703667581081
"V5",0.650056073674932
"V6",0.0452450732700527
"V7",0.521059773629531
"V8",0.439280793303624
"V9",3.25121231935918
"V10",1.98165106773376
"V11",2.85957245156169
"V12",3.24257537163794
"V13",1.10898265894502
