"names","vals"
"Intercept",-11.1373775631771
"y",0.98330210428685
"V1",0.24730620905757
"V2",0.946327184792608
"V3",0.282888939371333
"V4",0.576954163378105
"V5",0.395553207257763
"V6",0.634110065642744
"V7",0.613041126867756
"V8",0.43613397446461
"V9",2.22815840691328
"V10",4.83004062436521
"V11",4.89746118802577
"V12",1.09568056277931
"V13",3.21030936669558
