"names","vals"
"Intercept",-4.89734907392412
"y",0.452550493879244
"V1",0.529310994781554
"V2",0.287643802119419
"V3",0.886365114012733
"V4",0.375421793432906
"V5",0.985725190956146
"V6",0.509420639136806
"V7",4.05882754828781
"V8",4.42178200930357
"V9",3.86552121397108
