"names","vals"
"Intercept",-4.91678476802539
"y",0.403264290420339
"V1",0.596406341297552
"V2",0.580051942262799
"V3",0.27836012118496
"V4",0.264794386224821
"V5",0.683270410401747
"V6",0.36780804139562
"V7",4.19083126634359
"V8",2.53822004143149
"V9",1.18045355100185
