"names","vals"
"Intercept",-3.11375182490796
"y",0.566908207256347
"V1",0.818998011993244
"V2",0.255903241923079
"V3",0.500312217976898
"V4",0.329569541383535
"V5",1.39881702046841
