"names","vals"
"Intercept",-6.69941003738204
"y",0.860649722628295
"V1",0.211606778902933
"V2",0.686183065874502
"V3",0.108060766011477
"V4",0.0553657722193748
"V5",0.0803776171524078
"V6",4.15619294531643
"V7",3.93288252595812
