"names","vals"
"Intercept",-7.93959739924874
"y",0.702790486160666
"V1",0.127369914902374
"V2",0.33561622002162
"V3",0.284393291920424
"V4",0.251141931628808
"V5",0.233074076240882
"V6",0.397229697322473
"V7",2.46712360437959
"V8",3.79956502281129
"V9",4.35862637124956
