"names","vals"
"Intercept",-2.66810432950733
"y",0.901577108772472
"V1",0.181553599657491
"V2",0.296072816010565
"V3",0.895844946615398
"V4",0.167320393724367
"V5",1.75367385800928
