"names","vals"
"Intercept",-10.5259380592732
"y",0.168084036558867
"V1",0.286796828266233
"V2",0.908491656417027
"V3",0.684241103706881
"V4",0.209666880546138
"V5",0.170833897544071
"V6",0.82665207888931
"V7",0.566183934221044
"V8",0.0525348105002195
"V9",3.48973472416401
"V10",4.61847340874374
"V11",4.16531623993069
"V12",2.63308203872293
"V13",2.7772208750248
