"names","vals"
"Intercept",-1.94273302610265
"y",0.963748120935634
"V1",0.683290700195357
"V2",0.259653893997893
"V3",0.659144673030823
"V4",0.73969573713839
"V5",4.15735511202365
