"names","vals"
"Intercept",-8.31324840259738
"y",0.712202730355784
"V1",0.178245035698637
"V2",0.872856266330928
"V3",0.599861890543252
"V4",0.458407976431772
"V5",0.0628818173427135
"V6",0.614188369130716
"V7",0.708674407796934
"V8",0.236688398756087
"V9",1.11194059439003
"V10",1.58508785441518
"V11",2.85922218952328
"V12",1.91412079520524
"V13",4.22404339071363
