"names","vals"
"Intercept",-10.9005179246957
"y",0.799993170658126
"V1",0.392969137290493
"V2",0.616514937020838
"V3",0.121422476368025
"V4",0.332004003459588
"V5",0.236045896774158
"V6",0.958903388585895
"V7",3.81981639098376
"V8",2.89604762289673
"V9",3.79828857351094
