"names","vals"
"Intercept",-2.30483219492948
"y",0.171460386132821
"V1",0.436350262258202
"V2",0.683755058562383
"V3",0.933753705117851
"V4",0.777345144888386
"V5",1.62714640516788
