"names","vals"
"Intercept",-1.8810523844976
"y",0.77984328661114
"V1",0.371493321377784
"V2",0.488520956365392
"V3",0.757244696142152
"V4",0.550364146009088
"V5",1.42465167026967
