"names","vals"
"Intercept",-4.07840980325127
"y",0.802157748956233
"V1",0.730393076082692
"V2",0.16713448939845
"V3",0.0892354433890432
"V4",0.499205433530733
"V5",0.875945420004427
"V6",0.509041938465089
"V7",1.03651366289705
"V8",3.03747681342065
"V9",2.22363067418337
