"names","vals"
"Intercept",-1.44050514578354
"y",0.317393956473097
"V1",0.603989960858598
"V2",0.0886046385858208
"V3",0.916823572712019
"V4",0.211113751633093
"V5",4.7758931228891
