"names","vals"
"Intercept",-12.3251982703223
"y",0.408349370816723
"V1",0.630285723833367
"V2",0.2263475258369
"V3",0.263171135913581
"V4",0.559481519041583
"V5",0.443682758137584
"V6",0.120196397416294
"V7",0.815573073923588
"V8",0.575695077655837
"V9",4.37349340505898
"V10",3.31164610106498
"V11",4.47883811127394
"V12",3.99486810248345
"V13",1.09372371248901
