"names","vals"
"Intercept",-2.27961130476557
"y",0.240644040051848
"V1",0.848619947209954
"V2",0.473515667952597
"V3",0.158787257270887
"V4",0.307553318561986
"V5",0.38439472601749
"V6",4.98371388111264
"V7",1.25551696866751
