"names","vals"
"Intercept",-3.59441875828197
"y",0.453439452219754
"V1",0.552660270128399
"V2",0.0255436908919364
"V3",0.921202536905184
"V4",0.484287119237706
"V5",0.019637220306322
"V6",1.4842598894611
"V7",4.70570153836161
