"names","vals"
"Intercept",-6.78645006294828
"y",0.489886817755178
"V1",0.36027080565691
"V2",0.997862638672814
"V3",0.644686301937327
"V4",0.410577949602157
"V5",0.720202350290492
"V6",0.242397280875593
"V7",1.50666836183518
"V8",3.06331916619092
"V9",3.58845704980195
