"names","vals"
"Intercept",-14.8130011694971
"y",0.198008392937481
"V1",0.557469925144687
"V2",0.208391999127343
"V3",0.652249161386862
"V4",0.784664523089305
"V5",0.591275485232472
"V6",0.208731266437098
"V7",0.981253612786531
"V8",0.400456887437031
"V9",4.9350100690499
"V10",2.15107220038772
"V11",2.88589517585933
"V12",4.90118292439729
"V13",4.75143754202873
