"names","vals"
"Intercept",-6.44639689027797
"y",0.145912255393341
"V1",0.700280415592715
"V2",0.0305228028446436
"V3",0.829706269083545
"V4",0.758744033519179
"V5",0.197940655052662
"V6",0.729332819813862
"V7",0.489636827725917
"V8",1.0451100775972
"V9",1.8242163695395
"V10",2.29696704167873
"V11",2.31042618956417
