"names","vals"
"Intercept",-2.12832541625481
"y",0.835682296659797
"V1",0.540411894442514
"V2",0.860309965210035
"V3",0.243945390218869
"V4",0.170913019683212
"V5",2.53477870672941
