"names","vals"
"Intercept",-4.37132098589093
"y",0.670979961985722
"V1",0.0220331626478583
"V2",0.980015734909102
"V3",0.332188964821398
"V4",0.942782007623464
"V5",0.716612136224285
"V6",0.610710404114798
"V7",0.89649282884784
"V8",2.34763176273555
"V9",1.25801370013505
"V10",2.10885955300182
"V11",1.12186200264841
