"names","vals"
"Intercept",-7.42086104803253
"y",0.254917985526845
"V1",0.683610880514607
"V2",0.772788076661527
"V3",0.752248837146908
"V4",0.994530974654481
"V5",0.85457606590353
"V6",0.708311514463276
"V7",2.85912530589849
"V8",3.73791586142033
"V9",4.01333569735289
