"names","vals"
"Intercept",-7.09718333386816
"y",0.929786854190752
"V1",0.814846629975364
"V2",0.0132050372194499
"V3",0.921445882879198
"V4",0.78871397045441
"V5",0.361381342401728
"V6",0.977495068917051
"V7",0.000195307424291968
"V8",3.35420689638704
"V9",2.76031801011413
"V10",1.92249256558716
"V11",3.25438851583749
