"names","vals"
"Intercept",-5.18524980528746
"y",0.537414469989017
"V1",0.413758359849453
"V2",0.599761533085257
"V3",0.42175539303571
"V4",0.606986048864201
"V5",0.224053513957188
"V6",0.479236263781786
"V7",0.017083250451833
"V8",2.06425376608968
"V9",1.12643771246076
"V10",3.67551094200462
"V11",1.32891504187137
