"names","vals"
"Intercept",-3.24864025642164
"y",0.871962867444381
"V1",0.81094993581064
"V2",0.289671335369349
"V3",0.35775335226208
"V4",0.26736153382808
"V5",2.10580288525671
