"names","vals"
"Intercept",-6.14547575640958
"y",0.513764387229457
"V1",0.879985308973119
"V2",0.744865105254576
"V3",0.942578828660771
"V4",0.297494660131633
"V5",0.642191691556945
"V6",0.999643689021468
"V7",3.50735155958682
"V8",2.68935337476432
"V9",2.67232149839401
