"names","vals"
"Intercept",-7.00271036093123
"y",0.0153193906880915
"V1",0.650721163488925
"V2",0.689734247280285
"V3",0.441008621128276
"V4",0.444146357476711
"V5",0.820117666386068
"V6",2.57260494027287
"V7",3.93997209798545
