"names","vals"
"Intercept",-12.8230950485682
"y",0.327787287766114
"V1",0.646151965251192
"V2",0.671338134212419
"V3",0.435517061967403
"V4",0.10881937853992
"V5",0.817011471372098
"V6",0.745385646820068
"V7",0.324752422282472
"V8",4.74357466213405
"V9",1.93435375485569
"V10",4.21814031805843
"V11",4.43362041655928
