"names","vals"
"Intercept",-6.10415989606641
"y",0.109986584633589
"V1",0.432675151154399
"V2",0.088808239903301
"V3",0.576458364492282
"V4",0.0948205513413996
"V5",0.354750720784068
"V6",4.35949945729226
"V7",3.92198352422565
