"names","vals"
"Intercept",-1.4860319298692
"y",0.152034167200327
"V1",0.748358477605507
"V2",0.337213252438232
"V3",0.125569441821426
"V4",0.597923041554168
"V5",2.50563357025385
