"names","vals"
"Intercept",-9.47270121733658
"y",0.20672054332681
"V1",0.956621365156025
"V2",0.67775072529912
"V3",0.803981718141586
"V4",0.726664239540696
"V5",0.167986952699721
"V6",0.136837729252875
"V7",0.596745933871716
"V8",2.25614182278514
"V9",2.25585997477174
"V10",2.19133245293051
"V11",4.66008529253304
