"names","vals"
"Intercept",-6.74490835930686
"y",0.574505637167022
"V1",0.669216678244993
"V2",0.555686500156298
"V3",0.685472429031506
"V4",0.167596709448844
"V5",0.48322097514756
"V6",0.27111248858273
"V7",1.23799583688378
"V8",3.07848181575537
"V9",4.24697542656213
