"names","vals"
"Intercept",-10.0961397964857
"y",0.697938048047945
"V1",0.432603522203863
"V2",0.488081486430019
"V3",0.125324502820149
"V4",0.827708398923278
"V5",0.00656040944159031
"V6",0.917980620870367
"V7",0.989117315039039
"V8",0.36640815064311
"V9",3.43694699928164
"V10",2.09150510188192
"V11",4.77378930337727
"V12",1.74210760556161
"V13",3.59978556167334
