"names","vals"
"Intercept",-4.84964485800825
"y",0.421380257001147
"V1",0.927963924128562
"V2",0.43584199831821
"V3",0.139564604032785
"V4",0.678152871318161
"V5",0.374027537414804
"V6",0.51069963676855
"V7",0.352306318236515
"V8",4.01906263362616
"V9",2.29508779197931
"V10",2.07591439969838
"V11",2.61549829132855
