"names","vals"
"Intercept",-8.43507452711929
"y",0.358409631066024
"V1",0.0555702527053654
"V2",0.922808141214773
"V3",0.293958227150142
"V4",0.37218052893877
"V5",0.975342131219804
"V6",0.338248636107892
"V7",0.0799679369665682
"V8",0.0476144419517368
"V9",2.70651745703071
"V10",1.68987855315208
"V11",4.42089009284973
"V12",1.92476684227586
"V13",1.51252584625036
