"names","vals"
"Intercept",-8.81160405499162
"y",0.679572065593675
"V1",0.608643518993631
"V2",0.856397141003981
"V3",0.307559074601158
"V4",0.753767398418859
"V5",0.574684388935566
"V6",0.453614986268803
"V7",4.22030490357429
"V8",2.93514397833496
"V9",4.00157121010125
