"names","vals"
"Intercept",-9.38660401326604
"y",0.939254395198077
"V1",0.111487470567226
"V2",0.57025107764639
"V3",0.514397570630535
"V4",0.153128625825047
"V5",0.204120744951069
"V6",0.888987236656249
"V7",3.53556897118688
"V8",2.50709931086749
"V9",4.98848878964782
