"names","vals"
"Intercept",-10.0528534527402
"y",0.543736585183069
"V1",0.354834677884355
"V2",0.997526278020814
"V3",0.652993919327855
"V4",0.947922346414998
"V5",0.878275233320892
"V6",0.778806676855311
"V7",0.351721211802214
"V8",4.83605580218136
"V9",3.14795125182718
"V10",3.71022799517959
"V11",2.78222015220672
