"names","vals"
"Intercept",-6.08027585994918
"y",0.594567940570414
"V1",0.233346364926547
"V2",0.615537117701024
"V3",0.381272970931605
"V4",0.852187635144219
"V5",0.150664142565802
"V6",0.0104437146801502
"V7",0.192115636542439
"V8",1.71056448854506
"V9",4.0980184879154
"V10",1.53622241225094
"V11",3.06834607757628
