"names","vals"
"Intercept",-6.35503814543132
"y",0.559222518233582
"V1",0.6398966149427
"V2",0.171656590420753
"V3",0.115515384823084
"V4",0.989012143341824
"V5",0.501130703138188
"V6",0.776525487424806
"V7",0.532497942447662
"V8",0.6047627707012
"V9",4.05049150437117
"V10",4.95447676070035
"V11",4.61103444453329
"V12",1.3043529400602
"V13",1.10486394818872
