"names","vals"
"Intercept",-4.86666772144614
"y",0.383309307042509
"V1",0.948964447248727
"V2",0.673935823142529
"V3",0.0992748674470931
"V4",0.129315092461184
"V5",0.965440806699917
"V6",0.109555490547791
"V7",2.37766036111861
"V8",1.42379055451602
"V9",2.54151620995253
