"names","vals"
"Intercept",-10.5197762140771
"y",0.77250107540749
"V1",0.652982864761725
"V2",0.152445811545476
"V3",0.902830861508846
"V4",0.729421991622075
"V5",0.459040582645684
"V6",0.59398602694273
"V7",0.907013191608712
"V8",0.481320921331644
"V9",3.21263299230486
"V10",4.15284466557205
"V11",2.99444393347949
"V12",1.80255632288754
"V13",4.29773808736354
