"names","vals"
"Intercept",-5.70274838635232
"y",0.324923607287928
"V1",0.542739581083879
"V2",0.622800402576104
"V3",0.0974006387405097
"V4",0.893049265956506
"V5",0.551270017866045
"V6",4.91952825151384
"V7",3.87518148589879
