"names","vals"
"Intercept",-0.395334347826429
"y",0.578276036772877
"V1",0.123064262093976
"V2",0.169407724635676
"V3",0.485734322108328
"V4",0.159377193776891
"V5",2.39076044782996
