"names","vals"
"Intercept",-7.34683847577311
"y",0.36988956364803
"V1",0.174021085025743
"V2",0.664893609471619
"V3",0.614641728810966
"V4",0.147413743427023
"V5",0.561670766212046
"V6",0.737616887781769
"V7",0.540771201951429
"V8",1.07334639877081
"V9",4.89364092517644
"V10",4.08601855952293
"V11",4.16875958908349
