"names","vals"
"Intercept",-5.24014994694153
"y",0.270075420849025
"V1",0.429164484841749
"V2",0.813645507209003
"V3",0.722838699119166
"V4",0.392700089840218
"V5",0.632070459425449
"V6",0.252591468160972
"V7",0.941405064892024
"V8",0.36874946532771
"V9",3.42202266026288
"V10",3.68784276302904
"V11",3.94493376370519
"V12",4.40546183474362
"V13",1.07901709899306
