"names","vals"
"Intercept",-8.06216285166331
"y",0.418023912236094
"V1",0.111029187217355
"V2",0.454325586790219
"V3",0.962295880774036
"V4",0.148068890441209
"V5",0.181257959920913
"V6",0.887759605655447
"V7",0.390582975698635
"V8",4.90183308906853
"V9",3.83857585210353
"V10",1.63875090982765
"V11",1.36986621934921
