"names","vals"
"Intercept",-13.612836865813
"y",0.60083610098809
"V1",0.397114785388112
"V2",0.0553025095723569
"V3",0.334002589341253
"V4",0.719393866835162
"V5",0.912683537695557
"V6",0.845552142243832
"V7",0.627741357544437
"V8",2.65896868146956
"V9",4.48469415958971
"V10",3.62841142248362
"V11",4.11977612413466
