"names","vals"
"Intercept",-5.21610475652618
"y",0.00981856975704432
"V1",0.391279885312542
"V2",0.998073966475204
"V3",0.0692653406877071
"V4",0.971744095440954
"V5",4.85978357866406
