"names","vals"
"Intercept",-9.34732566255145
"y",0.851006682729349
"V1",0.25892139505595
"V2",0.27481571980752
"V3",0.969407841563225
"V4",0.0723977172747254
"V5",0.107435246231034
"V6",0.369313233532012
"V7",0.858872690470889
"V8",0.384210848249495
"V9",2.06223581172526
"V10",1.98495571594685
"V11",3.14628726709634
"V12",2.4036089302972
"V13",4.0581901082769
