"names","vals"
"Intercept",-13.3798332280945
"y",0.589934197952971
"V1",0.819136255420744
"V2",0.175302669871598
"V3",0.182378672994673
"V4",0.746031981194392
"V5",0.614326330833137
"V6",0.36929178214632
"V7",0.149741194676608
"V8",0.868642387911677
"V9",4.31966591719538
"V10",4.87009264994413
"V11",4.41655208263546
"V12",3.609424890019
"V13",4.43639637716115
