"names","vals"
"Intercept",-12.9653995898273
"y",0.294357197126374
"V1",0.462942192098126
"V2",0.510912759462371
"V3",0.0164029423613101
"V4",0.680039911763743
"V5",0.758025724440813
"V6",0.325130675919354
"V7",0.904055098071694
"V8",0.773629949893802
"V9",3.19903890881687
"V10",4.01580735575408
"V11",4.45380610413849
"V12",2.82200288865715
"V13",1.05141954589635
