"names","vals"
"Intercept",-6.88338230822701
"y",0.134787302231416
"V1",0.286183594260365
"V2",0.504996784962714
"V3",0.128470822004601
"V4",0.554550312226638
"V5",0.509882715763524
"V6",0.922218356980011
"V7",0.200685581425205
"V8",0.0145126183051616
"V9",3.76500691846013
"V10",2.19073116779327
"V11",2.87811266817153
"V12",1.49974787048995
"V13",1.97689058631659
