"names","vals"
"Intercept",-6.83780584299238
"y",0.301640633493662
"V1",0.849560939706862
"V2",0.942247054539621
"V3",0.333268090849742
"V4",0.739635384175926
"V5",0.990389025770128
"V6",0.470735976705328
"V7",3.6075073517859
"V8",4.80150908511132
"V9",1.32028577290475
