"names","vals"
"Intercept",-7.58993875818327
"y",0.439311281312257
"V1",0.648803042247891
"V2",0.0402165562845767
"V3",0.846695577027276
"V4",0.960739025147632
"V5",0.231706976657733
"V6",0.556170400232077
"V7",0.393352925544605
"V8",1.39692922309041
"V9",2.04313805699348
"V10",4.4995752023533
"V11",3.36841877736151
