"names","vals"
"Intercept",-1.76130664511351
"y",0.279707234585658
"V1",0.074024064000696
"V2",0.661809386219829
"V3",0.800459610531107
"V4",0.166784066241235
"V5",1.88981121499091
