"names","vals"
"Intercept",-3.21665101793595
"y",0.447172623127699
"V1",0.958550978917629
"V2",0.167576449923217
"V3",0.841727807419375
"V4",0.519620690727606
"V5",3.86280266195536
