"names","vals"
"Intercept",-5.55413311821409
"y",0.470300744753331
"V1",0.768006551312283
"V2",0.392777646891773
"V3",0.540125454775989
"V4",0.858123530633748
"V5",0.775637195212767
"V6",3.91677938681096
"V7",1.72230794746429
