"names","vals"
"Intercept",-4.65398310943507
"y",0.419587674317881
"V1",0.583914030808955
"V2",0.995109085226431
"V3",0.0324630367103964
"V4",0.626725076464936
"V5",0.679295062087476
"V6",0.397511129733175
"V7",3.57105789799243
"V8",2.20122703909874
"V9",3.51823865901679
