"names","vals"
"Intercept",-3.10618219249882
"y",0.84330061962828
"V1",0.647725871298462
"V2",0.564210334792733
"V3",0.401166951050982
"V4",0.60033170436509
"V5",0.130217047873884
"V6",1.62850009743124
"V7",1.46921146474779
