"names","vals"
"Intercept",-5.25083990508225
"y",0.507090573199093
"V1",0.837172750849277
"V2",0.114326929673553
"V3",0.443105882499367
"V4",0.90226219384931
"V5",0.480330171529204
"V6",0.711356353480369
"V7",0.138347844593227
"V8",0.974126171786338
"V9",3.32316899206489
"V10",3.30744531657547
"V11",2.37415151577443
"V12",1.37125522643328
"V13",4.90771281253546
