"names","vals"
"Intercept",-14.135354447586
"y",0.735768410144374
"V1",0.13839461398311
"V2",0.67669201688841
"V3",0.328385369852185
"V4",0.247785479063168
"V5",0.768092666286975
"V6",0.548137330915779
"V7",0.205608432646841
"V8",0.644118926487863
"V9",2.88877112325281
"V10",3.26716644316912
"V11",3.51094077341259
"V12",2.92574452608824
"V13",4.71667367778718
