"names","vals"
"Intercept",-12.0969055013731
"y",0.456217010738328
"V1",0.519047765061259
"V2",0.620143316220492
"V3",0.208410063991323
"V4",0.065486793173477
"V5",0.121344001963735
"V6",0.876344520831481
"V7",0.23526915977709
"V8",1.46976549830288
"V9",3.4394050417468
"V10",4.52016161568463
"V11",2.64034241531044
