"names","vals"
"Intercept",-6.73777917142725
"y",0.804807779379189
"V1",0.174069094704464
"V2",0.491589338285848
"V3",0.994029568042606
"V4",0.654237239155918
"V5",0.492489723488688
"V6",4.12726344540715
"V7",1.00668125785887
