"names","vals"
"Intercept",-2.28063553374494
"y",0.132242732215673
"V1",0.607757290825248
"V2",0.127364703919739
"V3",0.0985332715790719
"V4",0.9553516600281
"V5",4.85188636742532
