"names","vals"
"Intercept",-7.72036948849214
"y",0.349306680029258
"V1",0.138015466043726
"V2",0.289384567877278
"V3",0.0169324993621558
"V4",0.424195442348719
"V5",0.614287270931527
"V6",0.925182584905997
"V7",0.601930136559531
"V8",0.565246915211901
"V9",2.11813789699227
"V10",1.79258386325091
"V11",2.05590539798141
"V12",2.58888097386807
"V13",4.88287431187928
