"names","vals"
"Intercept",-10.7767803324549
"y",0.284745092270896
"V1",0.710104346042499
"V2",0.87112987274304
"V3",0.253483108012006
"V4",0.0820758130867034
"V5",0.117458348162472
"V6",0.746229774784297
"V7",0.168933700537309
"V8",0.495869162492454
"V9",1.93031715974212
"V10",3.86092311609536
"V11",4.07440340612084
"V12",2.73106935154647
"V13",3.88959351088852
