"names","vals"
"Intercept",-4.07268593565561
"y",0.322793949395418
"V1",0.0691859724465758
"V2",0.998583355685696
"V3",0.861748258816078
"V4",0.438225408084691
"V5",0.488570929737762
"V6",1.99076602607965
"V7",1.85866484418511
