"names","vals"
"Intercept",-11.543325420469
"y",0.4495261288248
"V1",0.114101490937173
"V2",0.713078401051462
"V3",0.20570471487008
"V4",0.523999328026548
"V5",0.0775488405488431
"V6",0.319179679034278
"V7",0.364795648492873
"V8",3.87821543961763
"V9",4.67916567344218
"V10",2.00681199133396
"V11",4.10784702096134
