"names","vals"
"Intercept",-1.59819244174985
"y",0.724958189763129
"V1",0.304955743486062
"V2",0.240765613270923
"V3",0.188447335502133
"V4",0.471865714294836
"V5",2.1869682688266
