"names","vals"
"Intercept",-3.20840680732857
"y",0.66645341180265
"V1",0.485141534823924
"V2",0.459601143375039
"V3",0.31931109377183
"V4",0.784677476389334
"V5",2.6602659355849
