"names","vals"
"Intercept",-7.18270610459149
"y",0.434949009679258
"V1",0.707082024775445
"V2",0.229053860064596
"V3",0.624439078848809
"V4",0.579765138449147
"V5",0.846027367981151
"V6",0.2589831862133
"V7",0.411246016388759
"V8",2.20663115754724
"V9",4.68976261373609
"V10",1.99189567007124
"V11",4.70224564895034
