"names","vals"
"Intercept",-10.4839405965246
"y",0.319887934718281
"V1",0.164902907563373
"V2",0.699116417672485
"V3",0.969276854302734
"V4",0.571158067556098
"V5",0.629171044798568
"V6",0.959662151755765
"V7",4.42371224984527
"V8",3.2926925458014
"V9",3.50678941607475
