"names","vals"
"Intercept",-1.62004293675302
"y",0.235451461980119
"V1",0.898348903981969
"V2",0.726313118124381
"V3",0.757976289372891
"V4",0.509664477081969
"V5",2.04196353536099
