"names","vals"
"Intercept",-11.0665123057319
"y",0.899970564525574
"V1",0.855203377548605
"V2",0.991017492255196
"V3",0.444376740371808
"V4",0.294561741873622
"V5",0.852503331378102
"V6",0.957471788628027
"V7",0.406109469244257
"V8",0.740306912688538
"V9",2.97270414978266
"V10",3.00447776634246
"V11",1.81332949455827
"V12",2.2975174067542
"V13",3.82522034645081
