"names","vals"
"Intercept",-10.2993427858083
"y",0.00289140129461884
"V1",0.396989261964336
"V2",0.108696514740586
"V3",0.967141911154613
"V4",0.258114636177197
"V5",0.500154457986355
"V6",0.93250926095061
"V7",0.394938386045396
"V8",0.860895941965282
"V9",1.13200784381479
"V10",2.47956195287406
"V11",1.26704173255712
"V12",2.85256392322481
"V13",2.42983434908092
