"names","vals"
"Intercept",-1.36733113746624
"y",0.908188740024343
"V1",0.728231423767284
"V2",0.931987828109413
"V3",0.316443865885958
"V4",0.468729161890224
"V5",1.44618001859635
