"names","vals"
"Intercept",-7.92880795267411
"y",0.911210859660059
"V1",0.26101238722913
"V2",0.659087287960574
"V3",0.00235028215683997
"V4",0.701762767275795
"V5",0.416927043348551
"V6",0.322178304195404
"V7",0.0857932127546519
"V8",4.05002180766314
"V9",2.09457896649837
"V10",3.92091516032815
"V11",3.09252373129129
