"names","vals"
"Intercept",-6.81544294847641
"y",0.468972617993131
"V1",0.0932868774980307
"V2",0.592557398369536
"V3",0.38541954383254
"V4",0.153843858279288
"V5",0.808142662746832
"V6",0.860838924068958
"V7",2.75430694594979
"V8",1.35981645807624
"V9",3.28328508511186
