"names","vals"
"Intercept",-1.76537135947729
"y",0.286477279383689
"V1",0.691238980973139
"V2",0.584274151362479
"V3",0.717306955717504
"V4",0.637416432378814
"V5",1.11253886949271
