"names","vals"
"Intercept",-7.73159519477747
"y",0.574561099754646
"V1",0.63813816732727
"V2",0.211431215284392
"V3",0.128856812603772
"V4",0.444385095965117
"V5",0.310146338772029
"V6",0.24244476063177
"V7",4.21060132142156
"V8",1.84560259617865
"V9",3.70644998829812
