"names","vals"
"Intercept",-0.937643575978
"y",0.362218874739483
"V1",0.0638396395370364
"V2",0.0541270065587014
"V3",0.345781567040831
"V4",0.915460092015564
"V5",3.31977067608386
