"names","vals"
"Intercept",-10.9514104010188
"y",0.23725172248669
"V1",0.68678881903179
"V2",0.716166824102402
"V3",0.725099531700835
"V4",0.167894184589386
"V5",0.970005268463865
"V6",0.862504303222522
"V7",2.59094655327499
"V8",3.26510788686574
"V9",3.73266183771193
