"names","vals"
"Intercept",-7.43524082557997
"y",0.255988394841552
"V1",0.234530973015353
"V2",0.696116532431915
"V3",0.686349319759756
"V4",0.910504648229107
"V5",0.907955227419734
"V6",0.601348232943565
"V7",0.689855044241995
"V8",1.498804573901
"V9",3.54787061549723
"V10",1.06524956505746
"V11",3.47617836669087
