"names","vals"
"Intercept",-7.19556107748067
"y",0.225855423603207
"V1",0.253342622425407
"V2",0.717435774859041
"V3",0.966798882000148
"V4",0.322043958352879
"V5",0.66533839283511
"V6",0.371110358275473
"V7",0.776807930320501
"V8",0.320933932438493
"V9",4.44436065014452
"V10",3.16977699752897
"V11",3.56790415290743
"V12",1.7115102764219
"V13",3.77167871966958
