"names","vals"
"Intercept",-3.21701094721211
"y",0.568456728477031
"V1",0.61559542757459
"V2",0.638390892883763
"V3",0.515910513233393
"V4",0.576208485523239
"V5",0.679057662142441
"V6",0.160191756440327
"V7",1.78704118728638
"V8",3.46773967240006
"V9",4.30647130217403
