"names","vals"
"Intercept",-4.88021319378167
"y",0.430237137246877
"V1",0.282216271618381
"V2",0.925042875576764
"V3",0.990406105294824
"V4",0.638564403168857
"V5",0.0766502202022821
"V6",3.76186895091087
"V7",4.64154416136444
