"names","vals"
"Intercept",-2.43485823944211
"y",0.484691838501021
"V1",0.230221392586827
"V2",0.356790120946243
"V3",0.275337160332128
"V4",0.873987194383517
"V5",4.73675867822021
