"names","vals"
"Intercept",-2.38107460690662
"y",0.896001737099141
"V1",0.980872976360843
"V2",0.215668347664177
"V3",0.746171801351011
"V4",0.310964623466134
"V5",2.50627176929265
