"names","vals"
"Intercept",-5.90648898882791
"y",0.568691645283252
"V1",0.149821982253343
"V2",0.510830362327397
"V3",0.540260275825858
"V4",0.551995269721374
"V5",0.0634674921166152
"V6",0.667179313721135
"V7",0.625212371116504
"V8",1.19728210195899
"V9",4.50915796961635
"V10",4.60763537790626
"V11",1.48099649697542
