"names","vals"
"Intercept",-9.2230776859168
"y",0.744375731097534
"V1",0.0706500436645001
"V2",0.503264013445005
"V3",0.846131088910624
"V4",0.446626695804298
"V5",0.876706209266558
"V6",0.0950699732638896
"V7",0.601016661850736
"V8",0.242824248038232
"V9",4.23464522790164
"V10",4.69457147456706
"V11",4.64418216515332
"V12",3.26253616902977
"V13",1.63584668748081
