"names","vals"
"Intercept",-8.88582553501241
"y",0.33853695075959
"V1",0.960524098947644
"V2",0.799410415347666
"V3",0.641581649892032
"V4",0.337646924424917
"V5",0.0859994345810264
"V6",0.779992567375302
"V7",0.78009930299595
"V8",1.026905329898
"V9",4.81081952806562
"V10",3.60663812514395
"V11",1.02789826225489
