"names","vals"
"Intercept",-5.29717663418036
"y",0.170282502193004
"V1",0.595265260431916
"V2",0.938636871054769
"V3",0.657629452645779
"V4",0.686038288287818
"V5",4.55876268073916
