"names","vals"
"Intercept",-2.77409637551755
"y",0.845501544419676
"V1",0.255430291872472
"V2",0.267390670254827
"V3",0.802879360271618
"V4",0.427639313507825
"V5",2.0456336485222
