"names","vals"
"Intercept",-13.943729352951
"y",0.461791504640132
"V1",0.272661459166557
"V2",0.486014039255679
"V3",0.42803151300177
"V4",0.893727481598035
"V5",0.878246216569096
"V6",0.142990459920838
"V7",0.743623623158783
"V8",0.489611736964434
"V9",4.97747852280736
"V10",3.04686398990452
"V11",1.90087717585266
"V12",4.58018219470978
"V13",2.62877908907831
