"names","vals"
"Intercept",-7.03006608827505
"y",0.796137161785737
"V1",0.548483154270798
"V2",0.96710366406478
"V3",0.670433999970555
"V4",0.271990495268255
"V5",0.999525000806898
"V6",0.646517843473703
"V7",0.527924755355343
"V8",3.61818578373641
"V9",1.82318404316902
"V10",3.92415440455079
"V11",4.25786832440645
