"names","vals"
"Intercept",-9.61238662832184
"y",0.0344679213594645
"V1",0.914085042430088
"V2",0.320766692981124
"V3",0.106371910776943
"V4",0.354239306179807
"V5",0.774247436085716
"V6",0.576645702356473
"V7",0.579467805335298
"V8",0.120310856495053
"V9",1.52389958314598
"V10",2.9093599691987
"V11",4.46318015363067
"V12",2.41041279025376
"V13",4.35892426874489
