"names","vals"
"Intercept",-9.50697808410041
"y",0.696236505405977
"V1",0.558683466631919
"V2",0.0978357712738216
"V3",0.489089176990092
"V4",0.0273651594761759
"V5",0.874128769384697
"V6",0.850221985485405
"V7",0.463269548490644
"V8",0.359889111714438
"V9",2.88886632025242
"V10",1.78049069643021
"V11",4.67937543056905
"V12",1.13272532634437
"V13",3.37437547184527
