"names","vals"
"Intercept",-5.59101488102926
"y",0.560643072007224
"V1",0.125555678270757
"V2",0.679456253768876
"V3",0.801943406229839
"V4",0.20978915784508
"V5",0.861049589933828
"V6",0.349352258257568
"V7",0.654548475751653
"V8",2.51918399799615
"V9",4.22114862967283
"V10",3.69731378834695
"V11",1.0989902857691
