"names","vals"
"Intercept",-5.33952776302583
"y",0.834965166635811
"V1",0.195212232880294
"V2",0.576824341667816
"V3",0.572648709174246
"V4",0.511176617350429
"V5",0.781843573087826
"V6",1.13623815402389
"V7",2.7332525216043
