"names","vals"
"Intercept",-1.78864003909286
"y",0.0662785163149238
"V1",0.543438737513497
"V2",0.818320130929351
"V3",0.411275583086535
"V4",0.953127526678145
"V5",0.027695624390617
"V6",1.11703779362142
"V7",3.252815855667
