"names","vals"
"Intercept",-2.92698081525043
"y",0.979535447899252
"V1",0.841572493780404
"V2",0.927984083304182
"V3",0.328161494806409
"V4",0.458206720417365
"V5",1.16562317777425
