"names","vals"
"Intercept",-10.6529953168496
"y",0.91628453694284
"V1",0.941994647029787
"V2",0.397461400134489
"V3",0.871443017851561
"V4",0.727600722340867
"V5",0.976910420926288
"V6",0.446364920353517
"V7",0.542771810898557
"V8",1.10435252077878
"V9",3.43425294477493
"V10",4.37040749564767
"V11",2.90332668274641
