"names","vals"
"Intercept",-2.1680348629877
"y",0.468331774696708
"V1",0.777924361173064
"V2",0.0780181209556758
"V3",0.673767645610496
"V4",0.0445975544862449
"V5",1.14743797201663
