"names","vals"
"Intercept",-0.411423718645237
"y",0.102944250684232
"V1",0.0363038128707558
"V2",0.411656041396782
"V3",0.0850447425618768
"V4",0.561862338567153
"V5",2.03981764148921
