"names","vals"
"Intercept",-8.6233350139577
"y",0.104477868415415
"V1",0.0992089158389717
"V2",0.471531912218779
"V3",0.226238186471164
"V4",0.575943199917674
"V5",0.983461521565914
"V6",0.540206845384091
"V7",0.299312180606648
"V8",0.086587148020044
"V9",1.77713051065803
"V10",1.52788410335779
"V11",1.02556361071765
"V12",4.82299670111388
"V13",4.93063996452838
