"names","vals"
"Intercept",-11.17857905071
"y",0.0625184455420822
"V1",0.590724028646946
"V2",0.109402580419555
"V3",0.0599258593283594
"V4",0.761057977797464
"V5",0.700463331304491
"V6",0.220370141090825
"V7",0.462554993107915
"V8",0.10286604729481
"V9",2.06376100610942
"V10",1.24692627601326
"V11",3.42862836737186
"V12",4.6306555615738
"V13",1.93996850028634
