"names","vals"
"Intercept",-7.15024892285001
"y",0.685327506158501
"V1",0.197190563660115
"V2",0.0649493315722793
"V3",0.55774923437275
"V4",0.763528078095987
"V5",0.22370484797284
"V6",0.794693905161694
"V7",0.767482487251982
"V8",0.38372422545217
"V9",4.31947938818485
"V10",4.85184326209128
"V11",3.58429479319602
"V12",2.06033827736974
"V13",1.20134315919131
