"names","vals"
"Intercept",-9.04994431330124
"y",0.657275377772748
"V1",0.442770979832858
"V2",0.942794050555676
"V3",0.775960400002077
"V4",0.577134763356298
"V5",0.785968638723716
"V6",0.708992751315236
"V7",0.646561590489
"V8",2.18238465301692
"V9",1.26321570109576
"V10",4.20198538620025
"V11",4.75806817412376
