"names","vals"
"Intercept",-8.72833765965886
"y",0.954113021958619
"V1",0.00354653131216764
"V2",0.00100648286752403
"V3",0.576496098656207
"V4",0.0470506178680807
"V5",0.520714212441817
"V6",0.714749291306362
"V7",4.65478752087802
"V8",3.38153209071606
"V9",4.80364008340985
