"names","vals"
"Intercept",-9.50659008821473
"y",0.229178154375404
"V1",0.50602376786992
"V2",0.777442436199635
"V3",0.930257408414036
"V4",0.856205138377845
"V5",0.283081576228142
"V6",0.977315293392166
"V7",0.592799847247079
"V8",0.645290352869779
"V9",1.89706747420132
"V10",3.32399768196046
"V11",3.77443161886185
"V12",2.74184061400592
"V13",1.21486499905586
