"names","vals"
"Intercept",-4.94565281551797
"y",0.760283852461725
"V1",0.332916029263288
"V2",0.142611105227843
"V3",0.356062835780904
"V4",0.188734252238646
"V5",0.0407562679611146
"V6",0.172687022248283
"V7",4.65519813913852
"V8",3.94482235610485
"V9",4.21955759357661
