"names","vals"
"Intercept",-4.91247384645976
"y",0.376602537930012
"V1",0.696794537361711
"V2",0.475419293390587
"V3",0.378861505305395
"V4",0.748891788069159
"V5",0.472980134887621
"V6",0.848690799670294
"V7",1.66503987740725
"V8",3.07599545177072
"V9",3.56149165239185
