"names","vals"
"Intercept",-1.53139750908362
"y",0.562124729156494
"V1",0.297998164081946
"V2",0.749494624324143
"V3",0.27367832697928
"V4",0.620074816513807
"V5",3.52998858224601
