"names","vals"
"Intercept",-9.03605119304266
"y",0.0490493827965111
"V1",0.0481228288263083
"V2",0.843289388809353
"V3",0.954164384864271
"V4",0.47510902909562
"V5",0.153482073917985
"V6",0.663164937868714
"V7",0.296106276335195
"V8",0.552885180572048
"V9",4.37354689463973
"V10",4.57995786704123
"V11",1.99268643837422
"V12",1.8769302116707
"V13",2.20824886485934
