"names","vals"
"Intercept",-6.6181972749834
"y",0.2600586428307
"V1",0.758674392243847
"V2",0.861986860400066
"V3",0.396118926815689
"V4",0.222897603875026
"V5",0.1375486550387
"V6",0.479090150911361
"V7",0.399356689071283
"V8",1.6845140978694
"V9",4.02996281720698
"V10",2.13491718564183
"V11",1.63911672309041
