"names","vals"
"Intercept",-5.14303821061039
"y",0.355084971059114
"V1",0.915522871306166
"V2",0.0698125353083014
"V3",0.904527615290135
"V4",0.340275231283158
"V5",0.20084323734045
"V6",0.619194724829867
"V7",2.24560332857072
"V8",3.1509944209829
"V9",1.300756694749
