"names","vals"
"Intercept",-7.22409477340523
"y",0.224490751745179
"V1",0.89444700605236
"V2",0.0582155517768115
"V3",0.0267138744238764
"V4",0.0871333838440478
"V5",0.564683880889788
"V6",0.83410178637132
"V7",0.218713175971061
"V8",3.54508402291685
"V9",1.6136267632246
"V10",2.44624188821763
"V11",1.37874146923423
