"names","vals"
"Intercept",-8.90358892706688
"y",0.540912673808634
"V1",0.0580912244040519
"V2",0.66512025333941
"V3",0.780012689996511
"V4",0.150769810425118
"V5",0.0804410616401583
"V6",0.716505295364186
"V7",0.156106964917853
"V8",0.39019877766259
"V9",4.2470703907311
"V10",1.47893904428929
"V11",1.26781850960106
"V12",3.23466468974948
"V13",3.78696612361819
