"names","vals"
"Intercept",-5.05270548079861
"y",0.111786822089925
"V1",0.738974672043696
"V2",0.149517874000594
"V3",0.630591310560703
"V4",0.790163935627788
"V5",0.719339749077335
"V6",0.0124491432216018
"V7",2.21107446681708
"V8",4.8639666819945
"V9",3.9152874192223
