"names","vals"
"Intercept",-14.4561740400619
"y",0.648916268255562
"V1",0.534525441937149
"V2",0.375184312928468
"V3",0.202438838081434
"V4",0.812747601652518
"V5",0.0486030143219978
"V6",0.203848574776202
"V7",0.723804645705968
"V8",0.528032544767484
"V9",2.75639647617936
"V10",2.37591688800603
"V11",3.34675418771803
"V12",4.92516479082406
"V13",3.72958676423877
