"names","vals"
"Intercept",-3.40650142589584
"y",0.956827236106619
"V1",0.193244533380494
"V2",0.917925948044285
"V3",0.699648326495662
"V4",0.555117763346061
"V5",0.195667054969817
"V6",4.47437601815909
"V7",3.42436649929732
