"names","vals"
"Intercept",-1.59052324277349
"y",0.596649198792875
"V1",0.354009396396577
"V2",0.974199122749269
"V3",0.851286877179518
"V4",0.0944664187263697
"V5",1.14263184461743
