"names","vals"
"Intercept",-5.13854669455439
"y",0.949355748482049
"V1",0.628048004116863
"V2",0.609326075995341
"V3",0.744177013169974
"V4",0.79498552531004
"V5",2.88417723309249
