"names","vals"
"Intercept",-8.70821998296305
"y",0.287655841326341
"V1",0.952409229706973
"V2",0.842668727273121
"V3",0.0991472771856934
"V4",0.694438255159184
"V5",0.383578214794397
"V6",0.109955301741138
"V7",0.84719912474975
"V8",1.82849682308733
"V9",4.40811060369015
"V10",2.38903323374689
"V11",3.83186357002705
