"names","vals"
"Intercept",-8.16895458850078
"y",0.159221083158627
"V1",0.143389876466244
"V2",0.8237852207385
"V3",0.040921640349552
"V4",0.814225186826661
"V5",0.775859925197437
"V6",0.224362904205918
"V7",0.229784598806873
"V8",0.722935400437564
"V9",4.7235049540177
"V10",2.99026660900563
"V11",1.02327588852495
"V12",1.53998827375472
"V13",3.8508497942239
