"names","vals"
"Intercept",-8.51827827318571
"y",0.0482980329543352
"V1",0.719927369384095
"V2",0.70277223107405
"V3",0.982429325813428
"V4",0.401950965635478
"V5",0.311122970189899
"V6",0.079230104573071
"V7",3.53350940812379
"V8",2.18653300963342
"V9",2.84977038297802
