"names","vals"
"Intercept",-5.85674475875683
"y",0.667787158396095
"V1",0.355120293097571
"V2",0.239792406093329
"V3",0.397034199675545
"V4",0.330096620600671
"V5",0.648901839973405
"V6",4.94224590156227
"V7",1.89572008792311
