"names","vals"
"Intercept",-8.8897634674795
"y",0.729189709061757
"V1",0.288954066578299
"V2",0.248861815081909
"V3",0.020960820838809
"V4",0.530349154258147
"V5",0.463911624159664
"V6",0.0778943041805178
"V7",0.132520369254053
"V8",4.58084106445312
"V9",3.51298744976521
"V10",1.12350283563137
"V11",4.3549885796383
