"names","vals"
"Intercept",-1.3464497739682
"y",0.0147726656869054
"V1",0.736698995577171
"V2",0.135815444402397
"V3",0.300881696864963
"V4",0.398985682055354
"V5",1.32521955855191
