"names","vals"
"Intercept",-5.7872192379972
"y",0.0635613547638059
"V1",0.316921150078997
"V2",0.403256710385904
"V3",0.678587606409565
"V4",0.573433439712971
"V5",0.516164146363735
"V6",0.0200263371225446
"V7",0.913286675466225
"V8",0.271356225479394
"V9",2.75026725139469
"V10",3.72087887115777
"V11",3.42323929350823
"V12",1.66328645218164
"V13",2.104800472036
