"names","vals"
"Intercept",-10.9157870319346
"y",0.0597208826802671
"V1",0.455465435516089
"V2",0.69655353622511
"V3",0.051488611381501
"V4",0.511205354705453
"V5",0.0784894514363259
"V6",0.905547393951565
"V7",0.500272779259831
"V8",0.540314202429727
"V9",1.93480252288282
"V10",2.26835698913783
"V11",4.22951996978372
"V12",3.48756342474371
"V13",3.94889927096665
