"names","vals"
"Intercept",-9.19414222635096
"y",0.611881573684514
"V1",0.104489092249423
"V2",0.111569764092565
"V3",0.460320616140962
"V4",0.375022441148758
"V5",0.786187797551975
"V6",0.158123956527561
"V7",0.372284248238429
"V8",0.697023567277938
"V9",4.18806931376457
"V10",2.62951679714024
"V11",2.23708792682737
"V12",1.15900709107518
"V13",4.91297579463571
