"names","vals"
"Intercept",-10.1290861294908
"y",0.534393586684018
"V1",0.689286061795428
"V2",0.432427580701187
"V3",0.220410178881139
"V4",0.196910109836608
"V5",0.293937970884144
"V6",0.549341652076691
"V7",0.927687176503241
"V8",0.76528866449371
"V9",4.85663135629147
"V10",2.00091389380395
"V11",1.00173781625926
"V12",2.71127275843173
"V13",3.81053410470486
