"names","vals"
"Intercept",-7.58381853764411
"y",0.403684047050774
"V1",0.952293244889006
"V2",0.729723475407809
"V3",0.340782932704315
"V4",0.867015959694982
"V5",0.900635108118877
"V6",0.440980734070763
"V7",0.426497239619493
"V8",1.23128113616258
"V9",3.90521386824548
"V10",4.39980494510382
"V11",1.5165259540081
