"names","vals"
"Intercept",-11.3129038949823
"y",0.732015517540276
"V1",0.563566162716597
"V2",0.273431388428435
"V3",0.731184480711818
"V4",0.935912232613191
"V5",0.376121547771618
"V6",0.949986471096054
"V7",0.557288222480565
"V8",0.555080235935748
"V9",1.09621946699917
"V10",3.15633280016482
"V11",4.9364955406636
"V12",1.0454829512164
"V13",4.57759090512991
