"names","vals"
"Intercept",-2.61391742632259
"y",0.635912487050518
"V1",0.889759404351935
"V2",0.536995935253799
"V3",0.615248260088265
"V4",0.567302098730579
"V5",4.0274893604219
