"names","vals"
"Intercept",-2.19358949648449
"y",0.937035619979724
"V1",0.0059149086009711
"V2",0.476991984294727
"V3",0.816622170619667
"V4",0.17485375306569
"V5",4.00742887891829
