"names","vals"
"Intercept",-6.74128554791678
"y",0.10580653231591
"V1",0.590970369055867
"V2",0.126493860036135
"V3",0.0621094547677785
"V4",0.968484110664576
"V5",0.819623930146918
"V6",0.0805193947162479
"V7",0.373914415249601
"V8",4.48698491137475
"V9",3.78447982855141
"V10",2.5277841296047
"V11",1.63326749019325
