"names","vals"
"Intercept",-2.9185751353763
"y",0.0471748104318976
"V1",0.207536770962179
"V2",0.110153169604018
"V3",0.346569979097694
"V4",0.24937274120748
"V5",0.26205482846126
"V6",3.60971889458597
"V7",3.89338980894536
