"names","vals"
"Intercept",-6.58263238025829
"y",0.147741187596694
"V1",0.171042011352256
"V2",0.640233140205964
"V3",0.729003465734422
"V4",0.947226826567203
"V5",0.542476982343942
"V6",0.545310488902032
"V7",0.853313800878823
"V8",4.2667433200404
"V9",1.42138995975256
"V10",3.81878793239594
"V11",2.01070028916001
