"names","vals"
"Intercept",-1.59955625758506
"y",0.835136467125267
"V1",0.294420064659789
"V2",0.255567014915869
"V3",0.98635394917801
"V4",0.691087478538975
"V5",0.416744728107005
"V6",1.35524448007345
"V7",1.15274269320071
