"names","vals"
"Intercept",-8.11215370730497
"y",0.0272411520127207
"V1",0.310387848876417
"V2",0.54652427858673
"V3",0.836660262430087
"V4",0.288895364152268
"V5",0.0514931736979634
"V6",0.428663577185944
"V7",4.59518824797124
"V8",1.29097832087427
"V9",4.30668245069683
