"names","vals"
"Intercept",-7.22686136281583
"y",0.204058482544497
"V1",0.501840144162998
"V2",0.136003216262907
"V3",0.664246644824743
"V4",0.560756945516914
"V5",0.778329238994047
"V6",0.143791532609612
"V7",3.9338017590344
"V8",2.12627022713423
"V9",4.38865770213306
