"names","vals"
"Intercept",-7.24685898333788
"y",0.699754116591066
"V1",0.0376468277536333
"V2",0.639185785548761
"V3",0.247029730584472
"V4",0.948379047447816
"V5",0.853302792878821
"V6",0.447863157140091
"V7",0.598444113042206
"V8",1.1169213168323
"V9",1.26927628181875
"V10",2.15591471362859
"V11",4.42248211149126
