"names","vals"
"Intercept",-4.4853755687084
"y",0.92621642164886
"V1",0.862840648973361
"V2",0.596472498262301
"V3",0.038826669100672
"V4",0.558019776828587
"V5",0.694436277262866
"V6",1.41285644192249
"V7",2.51146732084453
