"names","vals"
"Intercept",-6.16935342635261
"y",0.986685768933967
"V1",0.681265033083037
"V2",0.739155020099133
"V3",0.473275458905846
"V4",0.714442914817482
"V5",4.91600990016013
