"names","vals"
"Intercept",-9.88274067153688
"y",0.0459990189410746
"V1",0.695226308656856
"V2",0.500221404945478
"V3",0.234617556678131
"V4",0.594295480754226
"V5",0.923064460512251
"V6",0.78417059732601
"V7",0.992926758946851
"V8",0.120903332252055
"V9",2.53047747910023
"V10",1.74185422156006
"V11",4.92097650468349
"V12",1.37307885475457
"V13",4.16072834283113
