"names","vals"
"Intercept",-4.45764651217498
"y",0.633764934027568
"V1",0.462828018469736
"V2",0.265954857459292
"V3",0.0188571317121387
"V4",0.162393106380478
"V5",0.141150465933606
"V6",0.0534741820301861
"V7",2.88406860549003
"V8",2.62537454161793
"V9",4.86533060949296
