"names","vals"
"Intercept",-8.72363457561005
"y",0.583720413269475
"V1",0.314352703280747
"V2",0.554919899674132
"V3",0.539171542506665
"V4",0.0462679348420352
"V5",0.873169258702546
"V6",0.101364612346515
"V7",0.307606620481238
"V8",0.505932138534263
"V9",3.52569462265819
"V10",4.34969422500581
"V11",2.94049427472055
"V12",1.78886703494936
"V13",1.74443061556667
