"names","vals"
"Intercept",-2.60656497572782
"y",0.672131384257227
"V1",0.954221439780667
"V2",0.219603204866871
"V3",0.650061894208193
"V4",0.650692552793771
"V5",2.60432201717049
