"names","vals"
"Intercept",-13.0097201740835
"y",0.339058713521808
"V1",0.271271982928738
"V2",0.108027341309935
"V3",0.396468387451023
"V4",0.0522514688782394
"V5",0.89414172526449
"V6",0.52832408528775
"V7",0.450114039471373
"V8",0.185331219341606
"V9",3.61797169875354
"V10",2.42737962398678
"V11",3.03218885883689
"V12",4.95609444566071
"V13",1.30313359480351
