"names","vals"
"Intercept",-1.47844795880374
"y",0.00474559073336422
"V1",0.413839552085847
"V2",0.259811049560085
"V3",0.95303103257902
"V4",0.375336821191013
"V5",2.0586462970823
