"names","vals"
"Intercept",-5.24262606899021
"y",0.634481539716944
"V1",0.113702286267653
"V2",0.712673790287226
"V3",0.244182974332944
"V4",0.0291754782665521
"V5",0.750495088053867
"V6",0.417456803144887
"V7",2.57761804945767
"V8",3.51596728526056
"V9",3.89821660052985
