"names","vals"
"Intercept",-6.86102778618224
"y",0.378981954418123
"V1",0.882774795405567
"V2",0.538045388646424
"V3",0.367325310362503
"V4",0.795672019477934
"V5",0.62473955261521
"V6",0.299026106018573
"V7",3.20767708774656
"V8",1.63103985413909
"V9",3.64938277658075
