"names","vals"
"Intercept",-7.20307386891451
"y",0.921347813913599
"V1",0.435744860675186
"V2",0.108180811163038
"V3",0.710879077669233
"V4",0.0713042700663209
"V5",0.0854750266298652
"V6",0.540452424902469
"V7",4.20896837860346
"V8",3.68946421332657
"V9",3.5308407349512
