"names","vals"
"Intercept",-5.25907346902415
"y",0.790816135937348
"V1",0.547119327122346
"V2",0.153012536698952
"V3",0.724346441915259
"V4",0.738799661630765
"V5",0.587148443330079
"V6",3.92008117493242
"V7",2.32709716819227
