"names","vals"
"Intercept",-11.3398655746481
"y",0.0561911989934742
"V1",0.118664531270042
"V2",0.107710437150672
"V3",0.926975642796606
"V4",0.900715490570292
"V5",0.366142897866666
"V6",0.117543573956937
"V7",0.970717926742509
"V8",4.52627397235483
"V9",2.7845699377358
"V10",3.71549099870026
"V11",3.77204018551856
