"names","vals"
"Intercept",-2.66953760600649
"y",0.673740193480626
"V1",0.979845854453743
"V2",0.642428306397051
"V3",0.867559282341972
"V4",0.380969888530672
"V5",0.128828392829746
"V6",1.72233555279672
"V7",2.89670779090375
