"names","vals"
"Intercept",-10.3709994274774
"y",0.0997565179131925
"V1",0.322607490932569
"V2",0.857659050729126
"V3",0.465905695222318
"V4",0.0596124986186624
"V5",0.192130329087377
"V6",0.325903616379946
"V7",0.528603363549337
"V8",4.80000270716846
"V9",3.57826944906265
"V10",3.63776528462768
"V11",4.19915174040943
