"names","vals"
"Intercept",-4.61875170852989
"y",0.673996230587363
"V1",0.430741844931617
"V2",0.325492331525311
"V3",0.405879085883498
"V4",0.627945041982457
"V5",0.562185304006562
"V6",0.183003306854516
"V7",0.127066017594188
"V8",2.43019769806415
"V9",1.59609419666231
"V10",2.4917381266132
"V11",3.41912477184087
