"names","vals"
"Intercept",-4.7275243741693
"y",0.591002346947789
"V1",0.856073453323916
"V2",0.235726953484118
"V3",0.836197091499344
"V4",0.0202055075205863
"V5",0.329469416057691
"V6",0.384517636615783
"V7",0.3019299285952
"V8",1.64254110213369
"V9",3.33015400823206
"V10",1.12990490999073
"V11",2.10741956718266
