"names","vals"
"Intercept",-1.90558326136786
"y",0.174670115346089
"V1",0.0277733276598155
"V2",0.156557347159833
"V3",0.939658346353099
"V4",0.479051628150046
"V5",3.81653270032257
