"names","vals"
"Intercept",-7.83138862037566
"y",0.847203929210082
"V1",0.292177555151284
"V2",0.537600661395118
"V3",0.789126214804128
"V4",0.0687877170275897
"V5",0.348646581871435
"V6",0.130000117234886
"V7",3.990563810803
"V8",4.00247545912862
"V9",4.61690180189908
