"names","vals"
"Intercept",-7.74049141410273
"y",0.7575831215363
"V1",0.730809389380738
"V2",0.156928532989696
"V3",0.606795422034338
"V4",0.413606502115726
"V5",0.324316947720945
"V6",0.407673118636012
"V7",4.41129326913506
"V8",4.80110420938581
"V9",2.67170563153923
