"names","vals"
"Intercept",-13.6705450034514
"y",0.606210219673812
"V1",0.303013687254861
"V2",0.859412188874558
"V3",0.79817477427423
"V4",0.366869344608858
"V5",0.860568798147142
"V6",0.990456893108785
"V7",0.132939310977235
"V8",0.629076185403392
"V9",4.48511820845306
"V10",3.9323203265667
"V11",3.44507213868201
"V12",1.42124073952436
"V13",3.40659259725362
