"names","vals"
"Intercept",-12.0996764961397
"y",0.513461548136547
"V1",0.437600085511804
"V2",0.116332543548197
"V3",0.892169079277664
"V4",0.659492811188102
"V5",0.230915851192549
"V6",0.0454007699154317
"V7",2.6251827692613
"V8",2.95589863881469
"V9",4.82739172223955
