"names","vals"
"Intercept",-5.607168602366
"y",0.18253229977563
"V1",0.993199573364109
"V2",0.315919258398935
"V3",0.51912280661054
"V4",0.417113131843507
"V5",0.975712785031646
"V6",4.09947925247252
"V7",2.14257516898215
