"names","vals"
"Intercept",-11.2533830633713
"y",0.887236104579642
"V1",0.726212257985026
"V2",0.65358240972273
"V3",0.322634855983779
"V4",0.313865723321214
"V5",0.136801388347521
"V6",0.514236415503547
"V7",0.167954636039212
"V8",0.884444646071643
"V9",2.94947502855211
"V10",1.62724420428276
"V11",4.1329687545076
"V12",4.56576853897423
"V13",3.76173207163811
