"names","vals"
"Intercept",-4.29471084322548
"y",0.882069238228723
"V1",0.0321285021491349
"V2",0.315128503134474
"V3",0.232152187963948
"V4",0.876122467918321
"V5",0.704908862011507
"V6",2.84719827771187
"V7",1.88165091536939
