"names","vals"
"Intercept",-3.9586518574506
"y",0.701760682510212
"V1",0.602937496267259
"V2",0.974788627121598
"V3",0.279820427298546
"V4",0.10601339279674
"V5",4.30373381916434
