"names","vals"
"Intercept",-4.16272033697926
"y",0.0888218453619629
"V1",0.321644922252744
"V2",0.259239666629583
"V3",0.246741111855954
"V4",0.13318671961315
"V5",0.190808283630759
"V6",0.802914637606591
"V7",1.55232132598758
"V8",2.07387103140354
"V9",2.08795461058617
