"names","vals"
"Intercept",-4.52069863298908
"y",0.112382805673406
"V1",0.714430859079584
"V2",0.0250778533518314
"V3",0.477259184001014
"V4",0.998040639096871
"V5",0.643215068150312
"V6",1.54074851237237
"V7",4.08514615148306
