"names","vals"
"Intercept",-3.03659585989546
"y",0.780962884658948
"V1",0.842475099954754
"V2",0.354977088281885
"V3",0.106395830865949
"V4",0.396038420731202
"V5",3.43134761881083
