"names","vals"
"Intercept",-8.38667234929744
"y",0.261047453153878
"V1",0.176697480026633
"V2",0.396252412814647
"V3",0.590093901613727
"V4",0.0375133822672069
"V5",0.378272361587733
"V6",0.17865791846998
"V7",0.932822764851153
"V8",0.256286772433668
"V9",1.53266079630703
"V10",4.14362599514425
"V11",2.99263125192374
"V12",3.31098770536482
"V13",3.66907341405749
