"names","vals"
"Intercept",-4.44623351771384
"y",0.598934990819544
"V1",0.852350231260061
"V2",0.789259974611923
"V3",0.654525005025789
"V4",0.622830120148137
"V5",0.812295950949192
"V6",0.201613105367869
"V7",2.07051634509116
"V8",2.36903079599142
"V9",3.4781787423417
