"names","vals"
"Intercept",-7.2179251771979
"y",0.0375990909524262
"V1",0.712098389863968
"V2",0.628694543382153
"V3",0.648220624309033
"V4",0.305533207254484
"V5",0.801341267535463
"V6",0.2656980373431
"V7",0.0126666503492743
"V8",0.466355154989287
"V9",2.15665467083454
"V10",2.63764170091599
"V11",1.78858253452927
"V12",3.64395132102072
"V13",2.36453668773174
