"names","vals"
"Intercept",-14.3340843071579
"y",0.272389949299395
"V1",0.219305488513783
"V2",0.670572279021144
"V3",0.0555307606700808
"V4",0.99051722837612
"V5",0.963614385807887
"V6",0.206270081456751
"V7",0.973003649851307
"V8",0.0810419421177357
"V9",2.78724513202906
"V10",4.20288141444325
"V11",4.73404455650598
"V12",2.89514312706888
"V13",2.6662319926545
