"names","vals"
"Intercept",-2.95394165196922
"y",0.16522193630226
"V1",0.962616708828136
"V2",0.877649306086823
"V3",0.869291899958625
"V4",0.315438762772828
"V5",0.725980298826471
"V6",1.57240096013993
"V7",1.76465457677841
