"names","vals"
"Intercept",-12.0921127122547
"y",0.158732969779521
"V1",0.556599762756377
"V2",0.310146106872708
"V3",0.267620114609599
"V4",0.672205019975081
"V5",0.763736650114879
"V6",0.676600193837658
"V7",0.214682743884623
"V8",0.0317146286834031
"V9",3.07951240148395
"V10",3.22417246457189
"V11",1.8508631400764
"V12",4.44162556156516
"V13",3.92493334040046
