"names","vals"
"Intercept",-3.05817532957066
"y",0.762307877186686
"V1",0.381185333710164
"V2",0.967858288902789
"V3",0.149416515836492
"V4",0.93303121230565
"V5",0.0334142388310283
"V6",4.57082596980035
"V7",1.11413842067122
