"names","vals"
"Intercept",-9.80423687592614
"y",0.490582616999745
"V1",0.956687436439097
"V2",0.0682998092379421
"V3",0.301285763271153
"V4",0.572010800242424
"V5",0.895761997438967
"V6",0.924438771093264
"V7",0.581249833339825
"V8",3.57991060987115
"V9",2.38025517947972
"V10",3.28892527427524
"V11",1.77877954021096
