"names","vals"
"Intercept",-12.9513606113149
"y",0.794323684647679
"V1",0.375115741277114
"V2",0.834934385959059
"V3",0.211378543172032
"V4",0.943554594414309
"V5",0.900036073522642
"V6",0.130819573765621
"V7",0.55252238898538
"V8",0.762682338943705
"V9",4.27801668364555
"V10",1.92586925067008
"V11",4.47041489928961
"V12",1.1901547210291
"V13",4.93449644371867
