"names","vals"
"Intercept",-2.36574973391136
"y",0.227379825897515
"V1",0.529771585483104
"V2",0.232959999702871
"V3",0.792636154452339
"V4",0.801717990543693
"V5",0.831988237565383
"V6",1.43134609889239
"V7",3.43058580067009
