"names","vals"
"Intercept",-1.59386709220707
"y",0.734170906245708
"V1",0.277248319704086
"V2",0.57215849077329
"V3",0.591411697911099
"V4",0.567265750374645
"V5",2.24265674687922
