"names","vals"
"Intercept",-4.58446006941609
"y",0.248972092755139
"V1",0.0901486815419048
"V2",0.539206308079883
"V3",0.550975206308067
"V4",0.549721395364031
"V5",0.331191958626732
"V6",0.126159560400993
"V7",0.745054769562557
"V8",3.02294494770467
"V9",3.176802190952
"V10",2.33603717852384
"V11",4.63588586542755
