"names","vals"
"Intercept",-5.93299908700632
"y",0.282560274237767
"V1",0.4070630883798
"V2",0.343449020758271
"V3",0.13156306091696
"V4",0.449524156982079
"V5",0.860235781874508
"V6",0.707858412293717
"V7",0.0463491219561547
"V8",0.198676683707163
"V9",2.34904992394149
"V10",2.25256912875921
"V11",1.34644764102995
"V12",3.97163077071309
"V13",2.65018815919757
