"names","vals"
"Intercept",-10.8948249220103
"y",0.93880866584368
"V1",0.0224943193607032
"V2",0.80178458057344
"V3",0.0821582127828151
"V4",0.237378727644682
"V5",0.350101894000545
"V6",0.819202865241095
"V7",0.196095485705882
"V8",0.298940896755084
"V9",2.105150221847
"V10",1.69652304425836
"V11",4.48440951202065
"V12",1.71427628770471
"V13",2.85574235394597
