"names","vals"
"Intercept",-11.355617696594
"y",0.450840404024348
"V1",0.410659557208419
"V2",0.63091585226357
"V3",0.0448001404292881
"V4",0.310756693128496
"V5",0.861604331759736
"V6",0.94035660312511
"V7",3.82932611554861
"V8",4.01135831698775
"V9",4.29251027014107
