"names","vals"
"Intercept",-1.27366182433208
"y",0.324844535673037
"V1",0.544744315557182
"V2",0.328678079182282
"V3",0.277246128767729
"V4",0.210827072616667
"V5",1.81705124396831
