"names","vals"
"Intercept",-10.5914307317371
"y",0.68463546782732
"V1",0.0251493249088526
"V2",0.595167248276994
"V3",0.487907948670909
"V4",0.618688299087808
"V5",0.36304852575995
"V6",0.578511368716136
"V7",0.818670909153298
"V8",0.483168174745515
"V9",3.81377711705863
"V10",4.11235974915326
"V11",4.54956040997058
"V12",4.70834837853909
"V13",1.94100102037191
