"names","vals"
"Intercept",-2.23439427161356
"y",0.342091858154163
"V1",0.0176315761636943
"V2",0.919015446910635
"V3",0.868800540454686
"V4",0.960801627952605
"V5",1.45268732029945
