"names","vals"
"Intercept",-6.91439940574346
"y",0.157876604003832
"V1",0.344835771946236
"V2",0.369008117122576
"V3",0.198560187593102
"V4",0.747563808923587
"V5",0.495716082630679
"V6",0.571701565757394
"V7",0.0718959928490222
"V8",3.80734045803547
"V9",2.34074505511671
"V10",2.57077190838754
"V11",1.23067208379507
