"names","vals"
"Intercept",-6.80661505708704
"y",0.458489762619138
"V1",0.30256401700899
"V2",0.316183756571263
"V3",0.976971676340327
"V4",0.128109094453976
"V5",0.848631681175902
"V6",0.697971536079422
"V7",0.670874087139964
"V8",1.21538132987916
"V9",1.45817001909018
"V10",3.77204226609319
"V11",3.75720778666437
