"names","vals"
"Intercept",-6.1695490756724
"y",0.837377015734091
"V1",0.998504923656583
"V2",0.0245686420239508
"V3",0.681124225491658
"V4",0.945114040048793
"V5",0.623208353761584
"V6",2.69458784349263
"V7",2.01655921991915
