"names","vals"
"Intercept",-8.33711306682322
"y",0.264422939391807
"V1",0.836106313159689
"V2",0.103347632335499
"V3",0.719055066583678
"V4",0.577492989599705
"V5",0.648400777950883
"V6",0.408811178058386
"V7",0.888137052766979
"V8",4.59670617710799
"V9",1.41103883087635
"V10",3.16183101758361
"V11",4.17435452993959
