"names","vals"
"Intercept",-1.84444637637353
"y",0.354723182972521
"V1",0.133875350700691
"V2",0.984739313367754
"V3",0.528069865424186
"V4",0.614159820368513
"V5",1.85234355460852
