"names","vals"
"Intercept",-5.65331843908643
"y",0.445570728275925
"V1",0.249118302483112
"V2",0.52567246183753
"V3",0.284190145554021
"V4",0.987254075706005
"V5",0.276269304798916
"V6",0.767724626464769
"V7",0.296668561408296
"V8",3.84649985469878
"V9",2.52855856250972
"V10",1.67440055403858
"V11",3.52251695469022
