"names","vals"
"Intercept",-8.0188222579332
"y",0.607403982896358
"V1",0.197383944178
"V2",0.392351072281599
"V3",0.668665457516909
"V4",0.0494822538457811
"V5",0.0619196833577007
"V6",0.13744022231549
"V7",0.409450453938916
"V8",0.426498663844541
"V9",4.6708472892642
"V10",4.08696534857154
"V11",1.54065281711519
"V12",4.33658203948289
"V13",2.46626868285239
