"names","vals"
"Intercept",-5.92577612125315
"y",0.91091962903738
"V1",0.789311927277595
"V2",0.387883558403701
"V3",0.409709438914433
"V4",0.981526522897184
"V5",4.81065765861422
