"names","vals"
"Intercept",-5.05994707908249
"y",0.22606833698228
"V1",0.764316789340228
"V2",0.633561746450141
"V3",0.194043006747961
"V4",0.00438437005504966
"V5",0.927063073264435
"V6",1.73775473702699
"V7",1.37809656560421
