"names","vals"
"Intercept",-4.38673531105276
"y",0.895803846884519
"V1",0.318247413728386
"V2",0.0914784986525774
"V3",0.0913054316770285
"V4",0.0617795814760029
"V5",0.169465778395534
"V6",0.0169696595985442
"V7",0.88512097671628
"V8",0.775767558021471
"V9",1.61314446292818
"V10",4.84587634820491
"V11",1.90559080708772
"V12",4.60854907892644
"V13",2.08609744161367
