"names","vals"
"Intercept",-3.66731970539782
"y",0.934739366406575
"V1",0.829876519506797
"V2",0.0226372701581568
"V3",0.269190609687939
"V4",0.49480381491594
"V5",0.571969008306041
"V6",3.46676884684712
"V7",3.47612312622368
