"names","vals"
"Intercept",-8.76792237645015
"y",0.815224094782025
"V1",0.747748248977587
"V2",0.226965372217819
"V3",0.741106392117217
"V4",0.937129190657288
"V5",0.280838254373521
"V6",0.750512234400958
"V7",0.166175496764481
"V8",4.16190331522375
"V9",3.94866832718253
"V10",4.18561024963856
"V11",1.59972525760531
