"names","vals"
"Intercept",-3.43553836629726
"y",0.20214930572547
"V1",0.837244116701186
"V2",0.575419281143695
"V3",0.0609583985060453
"V4",0.180787733290344
"V5",0.537130291573703
"V6",0.248952757799998
"V7",4.34258759859949
"V8",4.80095529742539
"V9",1.00803575664759
