"names","vals"
"Intercept",-4.04672163169598
"y",0.713475561933592
"V1",0.0948770006652921
"V2",0.619878939120099
"V3",0.911971676163375
"V4",0.126661190064624
"V5",0.241714788833633
"V6",3.81298147980124
"V7",2.82988767977804
