"names","vals"
"Intercept",-7.30693107536994
"y",0.156288685509935
"V1",0.786659614415839
"V2",0.322850068099797
"V3",0.391632237937301
"V4",0.0297333132475615
"V5",0.20038675935939
"V6",0.603201135061681
"V7",0.111168891191483
"V8",0.77187462290749
"V9",3.27615093067288
"V10",4.26757122203708
"V11",2.10256096720695
"V12",3.12642029300332
"V13",2.50025726947933
