"names","vals"
"Intercept",-5.4234351580264
"y",0.372116250218824
"V1",0.15966064017266
"V2",0.0449544445145875
"V3",0.0495040982495993
"V4",0.626449321396649
"V5",0.79738851939328
"V6",0.493280669674277
"V7",3.82391894329339
"V8",2.22672959510237
"V9",2.68520375434309
