"names","vals"
"Intercept",-2.123103233648
"y",0.0879934171680361
"V1",0.849842422176152
"V2",0.10936007509008
"V3",0.945159629452974
"V4",0.891426581889391
"V5",3.73866839520633
