"names","vals"
"Intercept",-5.1661234534462
"y",0.419854501727968
"V1",0.588686550967395
"V2",0.807309331605211
"V3",0.0763697000220418
"V4",0.217072871048003
"V5",0.985944369575009
"V6",2.51481023058295
"V7",3.50064252968878
