"names","vals"
"Intercept",-1.96991408710834
"y",0.566688415361568
"V1",0.725643478101119
"V2",0.221608336782083
"V3",0.0810067732818425
"V4",0.78616218524985
"V5",1.27078841160983
