"names","vals"
"Intercept",-2.78107038119342
"y",0.282413084758446
"V1",0.255255788331851
"V2",0.0185004621744156
"V3",0.167658530175686
"V4",0.188484456390142
"V5",0.289233499672264
"V6",0.758371032075956
"V7",3.14465363696218
"V8",3.27023259270936
"V9",1.2621002541855
