"names","vals"
"Intercept",-3.29971469586715
"y",0.589755970053375
"V1",0.836875783279538
"V2",0.279686483787373
"V3",0.408136075595394
"V4",0.603435773169622
"V5",3.28632120229304
