"names","vals"
"Intercept",-6.35393533324823
"y",0.325430537806824
"V1",0.209139683749527
"V2",0.730783252278343
"V3",0.308949700323865
"V4",0.235333888791502
"V5",0.129371922463179
"V6",0.925985887879506
"V7",0.96580832102336
"V8",0.876022914424539
"V9",2.49463000614196
"V10",2.46229982748628
"V11",4.99591925367713
"V12",1.57864042837173
"V13",4.40848420653492
