"names","vals"
"Intercept",-4.74967742980225
"y",0.285159096121788
"V1",0.954227829352021
"V2",0.876391460886225
"V3",0.197206337936223
"V4",0.154589605517685
"V5",0.50939008151181
"V6",3.75023582112044
"V7",4.24088538438082
