"names","vals"
"Intercept",-13.4610103304638
"y",0.751637043664232
"V1",0.63776505109854
"V2",0.555908305104822
"V3",0.675324853742495
"V4",0.025235750246793
"V5",0.441106843296438
"V6",0.152526400750503
"V7",0.134609417757019
"V8",4.94156241323799
"V9",2.10300102829933
"V10",4.19043041579425
"V11",3.49282803293318
