"names","vals"
"Intercept",-1.6953405932663
"y",0.0646260848734528
"V1",0.559321987908334
"V2",0.962444165023044
"V3",0.896301887463778
"V4",0.54414861719124
"V5",2.15751996077597
