"names","vals"
"Intercept",-12.3388707795297
"y",0.787007170030847
"V1",0.0502165399957448
"V2",0.797810470685363
"V3",0.221102088224143
"V4",0.120802245335653
"V5",0.111813942203298
"V6",0.295295408461243
"V7",0.98692970094271
"V8",0.888034835923463
"V9",3.79764531832188
"V10",1.97396266460419
"V11",3.36582376714796
"V12",2.01904574781656
"V13",4.06297713704407
