"names","vals"
"Intercept",-4.76784626490436
"y",0.965566194616258
"V1",0.25468834862113
"V2",0.570473376428708
"V3",0.977276903577149
"V4",0.519248745637015
"V5",0.641948493663222
"V6",2.00314563326538
"V7",2.59526573400944
