"names","vals"
"Intercept",-4.2677377440501
"y",0.773814580636099
"V1",0.356736832531169
"V2",0.387227627448738
"V3",0.0922438201960176
"V4",0.131976278731599
"V5",0.77233268157579
"V6",4.00307144690305
"V7",1.85143174324185
