"names","vals"
"Intercept",-7.74542331981938
"y",0.922875989461318
"V1",0.800453710369766
"V2",0.784954190021381
"V3",0.439007281558588
"V4",0.850542119937018
"V5",0.269611671566963
"V6",0.324355804594234
"V7",0.809550058795139
"V8",2.76993613503873
"V9",3.89615791570395
"V10",4.52008979022503
"V11",1.68516208976507
