"names","vals"
"Intercept",-4.29755550561938
"y",0.674009882379323
"V1",0.301636506104842
"V2",0.519321483327076
"V3",0.737696735188365
"V4",0.64738551643677
"V5",3.5356713347137
