"names","vals"
"Intercept",-5.23947671388742
"y",0.795380990486592
"V1",0.312569841742516
"V2",0.688622408546507
"V3",0.362327322596684
"V4",0.30307720368728
"V5",0.230841744923964
"V6",0.490124322008342
"V7",0.0444541117176414
"V8",1.00970867555588
"V9",3.51129939127713
"V10",4.33022217079997
"V11",1.10635887924582
