"names","vals"
"Intercept",-5.0888635830069
"y",0.797236257931218
"V1",0.0216294091660529
"V2",0.345855450024828
"V3",0.331887433771044
"V4",0.145672574173659
"V5",0.353125195717439
"V6",0.742584648309276
"V7",0.187599678058177
"V8",0.0736070077400655
"V9",1.77329985797405
"V10",4.94628208689392
"V11",3.07694165594876
"V12",2.27981515880674
"V13",2.44418819528073
