"names","vals"
"Intercept",-6.23948132040678
"y",0.769404760794714
"V1",0.60678079421632
"V2",0.350667224032804
"V3",0.482087833806872
"V4",0.289427327923477
"V5",0.578696727054194
"V6",0.700718472478911
"V7",4.19089752621949
"V8",3.52876484580338
"V9",3.1606566356495
