"names","vals"
"Intercept",-1.93309786297381
"y",0.554136348888278
"V1",0.323846194660291
"V2",0.0125735844485462
"V3",0.00147243891842663
"V4",0.693474619183689
"V5",0.243843981297687
"V6",2.92121641803533
"V7",4.45563715789467
