"names","vals"
"Intercept",-2.3112047193246
"y",0.262043031165376
"V1",0.192403309978545
"V2",0.887091638287529
"V3",0.748972044792026
"V4",0.103551635285839
"V5",0.411410420201719
"V6",1.67768584378064
"V7",2.55104845017195
