"names","vals"
"Intercept",-11.3439726894628
"y",0.556262329453602
"V1",0.629482040414587
"V2",0.716925079701468
"V3",0.972665126668289
"V4",0.988423745846376
"V5",0.808175524696708
"V6",0.559273615246639
"V7",0.522688100580126
"V8",0.660560332704335
"V9",1.00874550733715
"V10",2.90134322550148
"V11",4.30786158982664
"V12",1.65480184089392
"V13",4.65567730553448
