"names","vals"
"Intercept",-9.1001936182892
"y",0.19653499359265
"V1",0.790569636970758
"V2",0.921584782423452
"V3",0.562293058959767
"V4",0.13254352286458
"V5",0.00315946177579463
"V6",0.980276021407917
"V7",2.91729791928083
"V8",2.56267716828734
"V9",4.00423538964242
