"names","vals"
"Intercept",-1.29245674081147
"y",0.951221108436584
"V1",0.209389093564823
"V2",0.56052255933173
"V3",0.401163603877649
"V4",0.0168988779187202
"V5",1.37123730685562
