"names","vals"
"Intercept",-1.12144412565511
"y",0.490745113929734
"V1",0.742112713400275
"V2",0.691332905320451
"V3",0.0288512678816915
"V4",0.229475013911724
"V5",1.47334005963057
