"names","vals"
"Intercept",-4.65923292340478
"y",0.767900891369209
"V1",0.848168669268489
"V2",0.377155081136152
"V3",0.478892502607778
"V4",0.806855493225157
"V5",2.46641444601119
