"names","vals"
"Intercept",-8.1664306493476
"y",0.685526721877977
"V1",0.200634486041963
"V2",0.400852132588625
"V3",0.360726889688522
"V4",0.156289230333641
"V5",0.294788916828111
"V6",0.332925466587767
"V7",1.71341473702341
"V8",3.28498814534396
"V9",4.93078975845128
