"names","vals"
"Intercept",-2.50342752147699
"y",0.369569379137829
"V1",0.822579195722938
"V2",0.0167103195562959
"V3",0.660502237267792
"V4",0.777317170985043
"V5",2.08837056066841
