"names","vals"
"Intercept",-11.0190244240221
"y",0.879614035133272
"V1",0.783680926542729
"V2",0.302308192709461
"V3",0.335494068916887
"V4",0.0552527545951307
"V5",0.786725459853187
"V6",0.91617818782106
"V7",0.507237891666591
"V8",0.315254262881353
"V9",4.89542910922319
"V10",2.66199074219912
"V11",2.81801420915872
"V12",3.53366089891642
"V13",2.42803573329002
