"names","vals"
"Intercept",-5.59676233122591
"y",0.993845670716837
"V1",0.181727068964392
"V2",0.692158302292228
"V3",0.578556166030467
"V4",0.595098250778392
"V5",0.0828804273623973
"V6",0.348553686169907
"V7",0.0405767399352044
"V8",2.02592493779957
"V9",3.97212035302073
"V10",3.51172143034637
"V11",4.78380062524229
