"names","vals"
"Intercept",-6.41624482440064
"y",0.483474812703207
"V1",0.00928947981446981
"V2",0.418134436244145
"V3",0.318047659471631
"V4",0.387428141897544
"V5",0.828042160952464
"V6",0.558844572631642
"V7",0.0196571170818061
"V8",3.97662058938295
"V9",4.29424056503922
"V10",3.03859011922032
"V11",2.337621178478
