"names","vals"
"Intercept",-2.49288887624629
"y",0.867405042983592
"V1",0.868695229291916
"V2",0.951920402934775
"V3",0.970126001397148
"V4",0.128817399265245
"V5",2.42926373425871
