"names","vals"
"Intercept",-5.71777663484216
"y",0.558849507477134
"V1",0.784778571221977
"V2",0.111662585521117
"V3",0.688673792406917
"V4",0.529666055459529
"V5",0.164964126655832
"V6",0.761622894788161
"V7",1.3174508176744
"V8",2.6781715489924
"V9",2.23368165642023
