"names","vals"
"Intercept",-2.22315659199376
"y",0.174618429504335
"V1",0.642820466076955
"V2",0.17467600107193
"V3",0.263660682132468
"V4",0.814608215587214
"V5",0.942676408914849
"V6",1.01300744898617
"V7",1.52317856810987
