"names","vals"
"Intercept",-3.98257155563915
"y",0.941584990359843
"V1",0.501950117293745
"V2",0.500508219702169
"V3",0.912258998025209
"V4",0.880329936277121
"V5",0.000983375823125243
"V6",4.06633632164448
"V7",2.75121954549104
