"names","vals"
"Intercept",-5.06094433967955
"y",0.273224755190313
"V1",0.599596416810527
"V2",0.452201871434227
"V3",0.341664291685447
"V4",0.25034056417644
"V5",0.422967484686524
"V6",2.4588033137843
"V7",1.31677279714495
