"names","vals"
"Intercept",-9.96897642559605
"y",0.512153782416135
"V1",0.407316905446351
"V2",0.116966276895255
"V3",0.315399069804698
"V4",0.0586708968039602
"V5",0.636143088806421
"V6",0.884876731783152
"V7",0.597114734118804
"V8",3.37775756325573
"V9",3.20078479778022
"V10",3.04495065007359
"V11",3.89296243339777
