"names","vals"
"Intercept",-5.23355647368822
"y",0.794113808078691
"V1",0.936426773434505
"V2",0.00130010419525206
"V3",0.358737747417763
"V4",0.210449269041419
"V5",0.318239425774664
"V6",3.76851289533079
"V7",2.22352972161025
