"names","vals"
"Intercept",-5.05659479195019
"y",0.683005223982036
"V1",0.456134029431269
"V2",0.349651486147195
"V3",0.366585786920041
"V4",0.861667145974934
"V5",0.946389610180631
"V6",0.612718809163198
"V7",0.703259998001158
"V8",3.90185825061053
"V9",3.41667817067355
"V10",4.46996626071632
"V11",3.69000220485032
