"names","vals"
"Intercept",-8.09988336026436
"y",0.433490620693192
"V1",0.955512413056567
"V2",0.659773383755237
"V3",0.413584287278354
"V4",0.252395751187578
"V5",0.992786525283009
"V6",4.21899019740522
"V7",3.34272439498454
