"names","vals"
"Intercept",-2.94042059711413
"y",0.267434868728742
"V1",0.950751311378554
"V2",0.550912997452542
"V3",0.791715699946508
"V4",0.0154617605730891
"V5",1.2549306973815
