"names","vals"
"Intercept",-2.84580462436425
"y",0.191971104824916
"V1",0.697285709902644
"V2",0.00245903572067618
"V3",0.119201459921896
"V4",0.944408454932272
"V5",2.15246142167598
