"names","vals"
"Intercept",-4.22666950659361
"y",0.560178350424394
"V1",0.438604919007048
"V2",0.185867597814649
"V3",0.366452375659719
"V4",0.765808056108654
"V5",0.970351167256013
"V6",4.9144561290741
"V7",2.40801578853279
