"names","vals"
"Intercept",-4.9783542165719
"y",0.20304727810435
"V1",0.0468047680333257
"V2",0.791069078492001
"V3",0.0282308971509337
"V4",0.669829222140834
"V5",0.744730917038396
"V6",0.113943550735712
"V7",0.749733623117208
"V8",0.23433258314617
"V9",1.77376680634916
"V10",4.90888888947666
"V11",3.06907843984663
"V12",2.77730428148061
"V13",2.31075991969556
