"names","vals"
"Intercept",-5.54185198065825
"y",0.108524114592001
"V1",0.876274864189327
"V2",0.343580420594662
"V3",0.915462200529873
"V4",0.397443219320849
"V5",0.183066489873454
"V6",0.65962642012164
"V7",0.128053969005123
"V8",1.10599837638438
"V9",4.10322781093419
"V10",2.09872204437852
"V11",2.1268312772736
