"names","vals"
"Intercept",-6.88977630912559
"y",0.517860470805317
"V1",0.328124053776264
"V2",0.445022118510678
"V3",0.748926921747625
"V4",0.154010430211201
"V5",0.745018213056028
"V6",0.432143561542034
"V7",0.706039282958955
"V8",3.77351754624397
"V9",2.34714766871184
"V10",2.84218141064048
"V11",3.43971735145897
