"names","vals"
"Intercept",-2.63797428507591
"y",0.612484886543825
"V1",0.72472493792884
"V2",0.940904376329854
"V3",0.370472522685304
"V4",0.493849831167608
"V5",0.718175456859171
"V6",3.40916456189007
"V7",3.0470210313797
