"names","vals"
"Intercept",-12.2894967738912
"y",0.189805367263034
"V1",0.0329901063814759
"V2",0.168419145513326
"V3",0.523734145099297
"V4",0.43320920271799
"V5",0.113952596671879
"V6",0.293907124083489
"V7",0.259941770927981
"V8",0.234494175994769
"V9",4.80135742295533
"V10",4.26219132076949
"V11",4.34191368054599
"V12",2.40985063277185
"V13",1.08682974986732
