"names","vals"
"Intercept",-6.23689290249255
"y",0.0899159966502339
"V1",0.0889968283008784
"V2",0.137748426757753
"V3",0.518252836307511
"V4",0.476086656330153
"V5",0.817984309280291
"V6",0.670644338941202
"V7",1.10143687110394
"V8",4.5008482504636
"V9",1.88262215908617
