"names","vals"
"Intercept",-8.59200105927885
"y",0.636360308621079
"V1",0.528825921239331
"V2",0.690307034179568
"V3",0.872566354926676
"V4",0.559642799664289
"V5",0.512142724590376
"V6",0.604469536105171
"V7",0.0651980100665241
"V8",4.2329299878329
"V9",3.6125298673287
"V10",4.30834294762462
"V11",3.96600035671145
