"names","vals"
"Intercept",-7.17240080336807
"y",0.863060320727527
"V1",0.814226510934532
"V2",0.932213305030018
"V3",0.234831155277789
"V4",0.909662579419091
"V5",0.919304059352726
"V6",0.547197990585119
"V7",2.52571292314678
"V8",1.09859673958272
"V9",4.23754025157541
