"names","vals"
"Intercept",-3.96681348053971
"y",0.265989792300388
"V1",0.192796823568642
"V2",0.1188209510874
"V3",0.0182947621215135
"V4",0.269278379390016
"V5",0.045332201058045
"V6",0.891255267895758
"V7",1.62866303138435
"V8",2.65052257105708
"V9",4.62876735348254
