"names","vals"
"Intercept",-4.52860633582808
"y",0.149178814841434
"V1",0.76056225062348
"V2",0.287987735122442
"V3",0.0393468898255378
"V4",0.99776708218269
"V5",0.472389400005341
"V6",2.92030013632029
"V7",2.72621850762516
