"names","vals"
"Intercept",-6.66451649308437
"y",0.892745112068951
"V1",0.353377121500671
"V2",0.166599631076679
"V3",0.662422170629725
"V4",0.289446545997635
"V5",0.494022272992879
"V6",0.536386910825968
"V7",1.19783372618258
"V8",2.58582204207778
"V9",4.99549865163863
