"names","vals"
"Intercept",-6.09675244213315
"y",0.140985938720405
"V1",0.259732271311805
"V2",0.769415005343035
"V3",0.598839215002954
"V4",0.286404053447768
"V5",0.28293785918504
"V6",0.117675529327244
"V7",0.511526188114658
"V8",2.23466963227838
"V9",2.2418223824352
"V10",2.55499488115311
"V11",1.92703765351325
