"names","vals"
"Intercept",-5.00815559973707
"y",0.679798556724563
"V1",0.964121346361935
"V2",0.633642764994875
"V3",0.445371242938563
"V4",0.559894310310483
"V5",0.759361232863739
"V6",0.740050718886778
"V7",0.998241554014385
"V8",1.94380978774279
"V9",1.13555924873799
"V10",2.89557989127934
"V11",1.20152854546905
