"names","vals"
"Intercept",-11.985412594201
"y",0.903593418421224
"V1",0.889506130944937
"V2",0.673295206157491
"V3",0.0654469151049852
"V4",0.149725500727072
"V5",0.10501022497192
"V6",0.418969258898869
"V7",0.208020526450127
"V8",0.43445885530673
"V9",4.20485276076943
"V10",2.51935137249529
"V11",2.33703601639718
"V12",1.34434066619724
"V13",4.58229700196534
