"names","vals"
"Intercept",-1.96102792058606
"y",0.38528345245868
"V1",0.71666433964856
"V2",0.688576452666894
"V3",0.0691429441794753
"V4",0.403998618246987
"V5",3.3428296810016
