"names","vals"
"Intercept",-11.8718365026684
"y",0.836503472412005
"V1",0.892781237140298
"V2",0.644786996534094
"V3",0.701263997703791
"V4",0.226700003258884
"V5",0.282917237374932
"V6",0.992664813762531
"V7",0.811728343134746
"V8",3.2565061589703
"V9",4.97171106282622
"V10",2.48634011670947
"V11",4.52038757037371
