"names","vals"
"Intercept",-3.95376757325139
"y",0.0575365095864981
"V1",0.58264306676574
"V2",0.0552548018749803
"V3",0.325668679084629
"V4",0.580504085635766
"V5",0.791052755434066
"V6",0.166351589374244
"V7",0.738469479605556
"V8",4.63647861965001
"V9",3.3131223032251
"V10",2.98652586620301
"V11",1.99019641336054
