"names","vals"
"Intercept",-10.1090323588951
"y",0.0609326425474137
"V1",0.589807031443343
"V2",0.835821498185396
"V3",0.379105383530259
"V4",0.896335791097954
"V5",0.936308389995247
"V6",0.390556430444121
"V7",0.607495568925515
"V8",4.7569448268041
"V9",1.63960638549179
"V10",3.2328765373677
"V11",4.73526595626026
