"names","vals"
"Intercept",-3.7676897488418
"y",0.671891649486497
"V1",0.095074653159827
"V2",0.369971175445244
"V3",0.956265708664432
"V4",0.753367028431967
"V5",0.40313498233445
"V6",1.28066029958427
"V7",3.72077050432563
