"names","vals"
"Intercept",-5.65422316375887
"y",0.834790833992884
"V1",0.556531232781708
"V2",0.399015917442739
"V3",0.874473304487765
"V4",0.597869709599763
"V5",0.245679234387353
"V6",0.508930937387049
"V7",2.67372783645988
"V8",4.37303018383682
"V9",3.17198921088129
