"names","vals"
"Intercept",-6.1993500627717
"y",0.539432446938008
"V1",0.232489688321948
"V2",0.489060644758865
"V3",0.639271797146648
"V4",0.345861667534336
"V5",0.44518477213569
"V6",1.18686720263213
"V7",4.62331743258983
