"names","vals"
"Intercept",-1.66703335402533
"y",0.306991170626134
"V1",0.55901712924242
"V2",0.505769541719928
"V3",0.396601382177323
"V4",0.113267490407452
"V5",2.7805556524545
