"names","vals"
"Intercept",-8.76440175949829
"y",0.227381378412247
"V1",0.320831752149388
"V2",0.424116197274998
"V3",0.382442468777299
"V4",0.852657545590773
"V5",0.85976431122981
"V6",0.189497288083658
"V7",0.978714838856831
"V8",0.0396178800147027
"V9",2.37608462199569
"V10",2.97517925780267
"V11",3.30425205733627
"V12",2.32369187194854
"V13",1.65861428994685
