"names","vals"
"Intercept",-12.2414075484732
"y",0.825946507742628
"V1",0.906933543505147
"V2",0.618545574136078
"V3",0.637382208136842
"V4",0.183549469104037
"V5",0.505877710646018
"V6",0.212671463144943
"V7",0.804769593989477
"V8",4.51863294001669
"V9",3.48457087017596
"V10",3.65858567785472
"V11",3.80258023925126
