"names","vals"
"Intercept",-6.98381049433257
"y",0.434235148597509
"V1",0.31771914055571
"V2",0.323291150620207
"V3",0.454787710914388
"V4",0.635457823053002
"V5",0.326969590969384
"V6",0.256443379912525
"V7",0.652096982114017
"V8",0.980143842287362
"V9",2.06417261622846
"V10",1.87194598652422
"V11",1.66827526967973
"V12",2.22613849211484
"V13",4.6637309519574
