"names","vals"
"Intercept",-3.16140378520358
"y",0.253682034555823
"V1",0.732909757178277
"V2",0.828194530913606
"V3",0.757391437888145
"V4",0.638240788131952
"V5",3.13612652011216
