"names","vals"
"Intercept",-3.4428343449207
"y",0.308300757082179
"V1",0.0014887279830873
"V2",0.986927091144025
"V3",0.30686186440289
"V4",0.36621101340279
"V5",0.399859685217962
"V6",3.6233815876767
"V7",1.82569441478699
