"names","vals"
"Intercept",-4.38697638636688
"y",0.134832280920818
"V1",0.434445017017424
"V2",0.112581109860912
"V3",0.0738857055548579
"V4",0.861167155206203
"V5",0.884022035868838
"V6",0.971886893035844
"V7",1.84785134997219
"V8",1.3570549134165
"V9",1.52904496900737
