"names","vals"
"Intercept",-3.84747508176602
"y",0.495282198302448
"V1",0.50836482620798
"V2",0.381268779747188
"V3",0.680877956328914
"V4",0.537775582866743
"V5",0.790435225237161
"V6",0.66344984411262
"V7",2.30816962849349
"V8",2.72844342328608
"V9",1.46475913096219
