"names","vals"
"Intercept",-2.60127811670536
"y",0.777878408553079
"V1",0.814592796377838
"V2",0.179953044746071
"V3",0.603468266548589
"V4",0.276646465761587
"V5",1.47104963567108
