"names","vals"
"Intercept",-11.3777151516755
"y",0.109775016549975
"V1",0.949705016799271
"V2",0.851567566161975
"V3",0.000387583393603563
"V4",0.632121844450012
"V5",0.843797154957429
"V6",0.460599522804841
"V7",0.438591725192964
"V8",0.401245973305777
"V9",4.50505405850708
"V10",3.91779944393784
"V11",4.30080980155617
"V12",2.04440230503678
"V13",3.36588013358414
