"names","vals"
"Intercept",-7.87995633982588
"y",0.858786901459098
"V1",0.801574063953012
"V2",0.597907898016274
"V3",0.796425059903413
"V4",0.920072847278789
"V5",0.697913605952635
"V6",0.46624208567664
"V7",0.468774626497179
"V8",1.10944762360305
"V9",4.8134257979691
"V10",1.6242394046858
"V11",2.26122360210866
