"names","vals"
"Intercept",-5.61932003678521
"y",0.508529363200068
"V1",0.310701063834131
"V2",0.792006657691672
"V3",0.94858666928485
"V4",0.709220413817093
"V5",4.47269976884127
