"names","vals"
"Intercept",-2.66293685749406
"y",0.327894241781905
"V1",0.144094166345894
"V2",0.176088025094941
"V3",0.152939510066062
"V4",0.429666768060997
"V5",0.742927230428904
"V6",1.83439647592604
"V7",3.45690931100398
