"names","vals"
"Intercept",-6.17022079125978
"y",0.423280531074852
"V1",0.283273401670158
"V2",0.58522177557461
"V3",0.223318682285026
"V4",0.859661995666102
"V5",0.0506640805397183
"V6",0.155525716254488
"V7",1.72177188936621
"V8",3.59195827879012
"V9",4.33617808390409
