"names","vals"
"Intercept",-9.4896198600065
"y",0.621311049675569
"V1",0.913395762210712
"V2",0.0505426547024399
"V3",0.971698961919174
"V4",0.339255701517686
"V5",0.486123811919242
"V6",0.607138202292845
"V7",2.69422935508192
"V8",2.95045461691916
"V9",3.78744097799063
