"names","vals"
"Intercept",-9.58147254057229
"y",0.492707741446793
"V1",0.716368942288682
"V2",0.566127012949437
"V3",0.710637476993725
"V4",0.146651587449014
"V5",0.924630195135251
"V6",0.0240762734320015
"V7",0.529364281799644
"V8",4.48645244818181
"V9",4.14247845299542
"V10",1.89777614083141
"V11",2.87323031853884
