"names","vals"
"Intercept",-8.47625214275438
"y",0.472172484034672
"V1",0.391737159807235
"V2",0.413235701853409
"V3",0.249337568413466
"V4",0.521410271059722
"V5",0.813459882745519
"V6",0.467896825401112
"V7",3.57287609390914
"V8",3.59848740603775
"V9",3.55638424959034
