"names","vals"
"Intercept",-4.11605912741507
"y",0.746131967753172
"V1",0.552434489829466
"V2",0.283434806158766
"V3",0.22405726602301
"V4",0.31054510991089
"V5",0.0639004542026669
"V6",3.4102446148172
"V7",1.4149600174278
