"names","vals"
"Intercept",-8.69470741001424
"y",0.889751618960872
"V1",0.483651770511642
"V2",0.0328854511026293
"V3",0.124388195108622
"V4",0.533267754130065
"V5",0.855763955041766
"V6",0.498092185007408
"V7",2.26158397458494
"V8",3.78061310946941
"V9",3.95360409654677
