"names","vals"
"Intercept",-5.67444299644791
"y",0.192412625998259
"V1",0.983481695875525
"V2",0.541302951518446
"V3",0.534539087442681
"V4",0.0626149205490947
"V5",0.978599498514086
"V6",0.0811106702312827
"V7",4.83970765024424
"V8",3.12266757711768
"V9",1.37404633592814
