"names","vals"
"Intercept",-3.8406943820836
"y",0.597606728551909
"V1",0.354158722795546
"V2",0.876932057086378
"V3",0.664148092502728
"V4",0.0345902794506401
"V5",0.872953070793301
"V6",3.55268009286374
"V7",1.79160460457206
