"names","vals"
"Intercept",-5.16740214890335
"y",0.459842319600284
"V1",0.146990135544911
"V2",0.845548805780709
"V3",0.402988932561129
"V4",0.626595980022103
"V5",0.364751113345847
"V6",0.843363150255755
"V7",3.46460722852498
"V8",3.08042216673493
"V9",1.32195439469069
