"names","vals"
"Intercept",-4.35835780327907
"y",0.64831389603205
"V1",0.454969413112849
"V2",0.951061875093728
"V3",0.715491257142276
"V4",0.930874461308122
"V5",0.198735594283789
"V6",0.58654015394859
"V7",0.120336906518787
"V8",0.0397205490153283
"V9",3.90868094470352
"V10",1.20679746568203
"V11",3.81957615166903
"V12",1.09738814178854
"V13",3.64009180944413
