"names","vals"
"Intercept",-1.07845345112728
"y",0.00300986552610993
"V1",0.64474833291024
"V2",0.015216113300994
"V3",0.00646881479769945
"V4",0.450813973555341
"V5",3.37418721523136
