"names","vals"
"Intercept",-5.34964585416019
"y",0.114957789890468
"V1",0.757654969347641
"V2",0.511673530796543
"V3",0.399125791387632
"V4",0.526139946654439
"V5",0.842370245838538
"V6",0.926949195330963
"V7",0.0523370737209916
"V8",1.47572264727205
"V9",4.8731817016378
"V10",4.36914237122983
"V11",1.85886942222714
