"names","vals"
"Intercept",-3.56073437446961
"y",0.77222663583234
"V1",0.122287788195536
"V2",0.9870379276108
"V3",0.926343957195058
"V4",0.759231074014679
"V5",0.0134881248231977
"V6",4.81279109138995
"V7",1.7891251957044
