"names","vals"
"Intercept",-8.85202900574543
"y",0.651470985729247
"V1",0.294441292295232
"V2",0.835516404826194
"V3",0.887917009415105
"V4",0.348781200125813
"V5",0.836303456220776
"V6",0.68339938018471
"V7",0.0921405439730734
"V8",2.20199997443706
"V9",2.02200098056346
"V10",2.34636423829943
"V11",3.54127214476466
