"names","vals"
"Intercept",-3.96561092179036
"y",0.718072558520362
"V1",0.49761758139357
"V2",0.465423002606258
"V3",0.13423805963248
"V4",0.539365421514958
"V5",0.805651889182627
"V6",4.90144128724933
"V7",4.63973458297551
