"names","vals"
"Intercept",-4.4902689028997
"y",0.162787317298353
"V1",0.681146358139813
"V2",0.15025948244147
"V3",0.668924974277616
"V4",0.682859782828018
"V5",0.725242541637272
"V6",2.27837444003671
"V7",3.59205967746675
