"names","vals"
"Intercept",-2.07674174809363
"y",0.35238466062583
"V1",0.563843324780464
"V2",0.778361628763378
"V3",0.182064037537202
"V4",0.106645288877189
"V5",0.446460950188339
"V6",3.48334362544119
"V7",1.4721402656287
