"names","vals"
"Intercept",-6.55172183271497
"y",0.770161372376606
"V1",0.371770020807162
"V2",0.744006767170504
"V3",0.001663165865466
"V4",0.680983025580645
"V5",0.973941742209718
"V6",0.756963680265471
"V7",3.54340327344835
"V8",2.82318573724478
"V9",4.53257400915027
