"names","vals"
"Intercept",-5.7136676415801
"y",0.728609445504844
"V1",0.267742755124345
"V2",0.980009396793321
"V3",0.566879951395094
"V4",0.322888478636742
"V5",0.227566093672067
"V6",0.0941492170095444
"V7",4.75899854209274
"V8",4.3476260798052
"V9",2.64753707684577
