"names","vals"
"Intercept",-4.92166517351521
"y",0.805807278258726
"V1",0.345974430209026
"V2",0.602894852636382
"V3",0.388326448155567
"V4",0.354240928543732
"V5",0.44847324443981
"V6",1.64890862908214
"V7",4.96977942902595
