"names","vals"
"Intercept",-9.33109483159613
"y",0.280203154077753
"V1",0.154341460904106
"V2",0.522546433610842
"V3",0.455042607150972
"V4",0.904814162524417
"V5",0.180210613412783
"V6",0.48888462362811
"V7",0.916560160461813
"V8",0.543130290927365
"V9",2.62876925431192
"V10",1.67298798821867
"V11",3.71817956585437
"V12",4.10694578103721
"V13",4.32680276874453
