"names","vals"
"Intercept",-13.8691599361063
"y",0.718509851954877
"V1",0.35293746041134
"V2",0.274262563325465
"V3",0.229106712620705
"V4",0.0345026585273445
"V5",0.583583292551339
"V6",0.147624246543273
"V7",0.287592297652736
"V8",0.319389225915074
"V9",4.29543170612305
"V10",3.55839856341481
"V11",1.72722825966775
"V12",3.64224893040955
"V13",4.33800545241684
