"names","vals"
"Intercept",-2.63939189140219
"y",0.514775075018406
"V1",0.410851154243574
"V2",0.315618621418253
"V3",0.35553015046753
"V4",0.331014175200835
"V5",0.29858556156978
"V6",2.08505155518651
"V7",1.57872112095356
