"names","vals"
"Intercept",-8.82856794920517
"y",0.604125946294516
"V1",0.221028618514538
"V2",0.00814941851422191
"V3",0.3717583543621
"V4",0.250525821233168
"V5",0.710935736540705
"V6",0.888714189408347
"V7",0.412703694775701
"V8",2.27184525225312
"V9",1.23079793713987
"V10",3.75720724090934
"V11",4.98939666617662
