"names","vals"
"Intercept",-2.79695182499709
"y",0.756215319735929
"V1",0.657450114144012
"V2",0.937324687140062
"V3",0.916851782472804
"V4",0.941315486095846
"V5",2.64740156661719
