"names","vals"
"Intercept",-2.33209955816157
"y",0.427041223272681
"V1",0.106317368568853
"V2",0.755830794805661
"V3",0.148217419628054
"V4",0.524227500893176
"V5",0.555257867090404
"V6",2.09876409266144
"V7",1.78155171405524
