"names","vals"
"Intercept",-4.37340697278734
"y",0.113018240081146
"V1",0.576840069843456
"V2",0.790450042579323
"V3",0.37881855876185
"V4",0.892971188295633
"V5",0.0340486539062113
"V6",0.67346700001508
"V7",0.135015534004197
"V8",1.54055298585445
"V9",4.67323796171695
"V10",1.38249562401325
"V11",4.13611645065248
