"names","vals"
"Intercept",-4.17416458417429
"y",0.81456088135019
"V1",0.775810443330556
"V2",0.4975463564042
"V3",0.334347204538062
"V4",0.913110940018669
"V5",0.717411002144217
"V6",1.5478783659637
"V7",1.13505194149911
