"names","vals"
"Intercept",-6.11434675902361
"y",0.707164119929075
"V1",0.564976924099028
"V2",0.880197938531637
"V3",0.395327206002548
"V4",0.591567596187815
"V5",0.122450867667794
"V6",0.894345391541719
"V7",1.3107774136588
"V8",3.45512474235147
"V9",3.14594172313809
