"names","vals"
"Intercept",-3.61780823946465
"y",0.725660933647305
"V1",0.0517813556361943
"V2",0.013948290143162
"V3",0.419478474184871
"V4",0.0522888102568686
"V5",3.80085992440581
