"names","vals"
"Intercept",-7.17875706270104
"y",0.999743038555607
"V1",0.152188062202185
"V2",0.147197319660336
"V3",0.473560414509848
"V4",0.955772099550813
"V5",0.471773834433407
"V6",1.5020241253078
"V7",4.91656815540045
