"names","vals"
"Intercept",-0.76869256404927
"y",0.324292561272159
"V1",0.511530827265233
"V2",0.0799475095700473
"V3",0.615782957524061
"V4",0.817981501342729
"V5",2.16586184687912
