"names","vals"
"Intercept",-11.2596047024778
"y",0.152466832660139
"V1",0.772869506618008
"V2",0.17282350291498
"V3",0.204928897088394
"V4",0.628082635812461
"V5",0.464036496123299
"V6",0.604070099070668
"V7",0.695379647891968
"V8",0.145244322018698
"V9",1.54905173741281
"V10",2.88499943353236
"V11",4.367914958857
"V12",4.80591299943626
"V13",2.52927274443209
