"names","vals"
"Intercept",-7.18781974464422
"y",0.0372977887745947
"V1",0.987601904664189
"V2",0.735063733998686
"V3",0.373604238498956
"V4",0.116835200227797
"V5",0.673697137739509
"V6",0.0473121367394924
"V7",1.67744126729667
"V8",4.6310754287988
"V9",4.22737708408386
