"names","vals"
"Intercept",-9.90616616709158
"y",0.360528636258096
"V1",0.279505888232961
"V2",0.869407113874331
"V3",0.96925296052359
"V4",0.839020947227255
"V5",0.360276680439711
"V6",0.6238249076996
"V7",0.078196655260399
"V8",0.387646292569116
"V9",4.83316291496158
"V10",3.96230426616967
"V11",1.27445849124342
"V12",1.62093089241534
"V13",2.2405370445922
