"names","vals"
"Intercept",-7.84099241526332
"y",0.841427454259247
"V1",0.956618776312098
"V2",0.18664781562984
"V3",0.765103437472135
"V4",0.898481142707169
"V5",0.258972072275355
"V6",0.66816966002807
"V7",0.0902193069923669
"V8",0.28228992363438
"V9",1.5679315822199
"V10",3.41550983022898
"V11",1.94964382983744
"V12",2.79535467177629
"V13",3.96450503729284
