"names","vals"
"Intercept",-10.6001516274456
"y",0.758879778906703
"V1",0.805396608775482
"V2",0.777512124273926
"V3",0.20463809510693
"V4",0.895197801757604
"V5",0.802670173579827
"V6",0.793042663251981
"V7",0.636660875054076
"V8",0.920278455596417
"V9",3.86600866355002
"V10",3.04694077651948
"V11",2.07243928313255
"V12",4.021693399176
"V13",4.40177683066577
