"names","vals"
"Intercept",-5.85135997674894
"y",0.691096131922677
"V1",0.134520300664008
"V2",0.822093680035323
"V3",0.849689848022535
"V4",0.754535917658359
"V5",0.376334054162726
"V6",0.0171831110492349
"V7",0.118158102501184
"V8",2.47327884566039
"V9",2.1448177350685
"V10",4.11540279723704
"V11",1.66507088392973
