"names","vals"
"Intercept",-7.6969834590843
"y",0.454960165079683
"V1",0.23758216551505
"V2",0.441031503491104
"V3",0.95027551590465
"V4",0.980457443278283
"V5",0.550345419207588
"V6",0.568553054938093
"V7",0.563703966327012
"V8",0.0197320790030062
"V9",3.96567194163799
"V10",3.10467576794326
"V11",1.06675206124783
"V12",1.53713877592236
"V13",2.53809941466898
