"names","vals"
"Intercept",-3.66643001056043
"y",0.822837359970436
"V1",0.363139814697206
"V2",0.665743774501607
"V3",0.590275497175753
"V4",0.650659035192803
"V5",2.96464374475181
