"names","vals"
"Intercept",-10.1356619547633
"y",0.277332261903211
"V1",0.183430226752535
"V2",0.625187986064702
"V3",0.502988868625835
"V4",0.998769343830645
"V5",0.713222705293447
"V6",0.453294001054019
"V7",0.231375718954951
"V8",4.04645365290344
"V9",3.85589164402336
"V10",2.80943077616394
"V11",2.80326164513826
