"names","vals"
"Intercept",-9.45499178230297
"y",0.430309902410954
"V1",0.912444366607815
"V2",0.298394694691524
"V3",0.999741893960163
"V4",0.0187327798921615
"V5",0.67024426930584
"V6",0.492321288213134
"V7",3.39883909095079
"V8",1.40089252218604
"V9",4.51196383591741
