"names","vals"
"Intercept",-5.81005320672412
"y",0.858663640217856
"V1",0.781367222312838
"V2",0.792000058339909
"V3",0.391630458412692
"V4",0.899736039806157
"V5",0.233529626391828
"V6",0.419490416068584
"V7",2.66482694074512
"V8",2.27507608383894
"V9",3.21845811698586
