"names","vals"
"Intercept",-3.54993089297786
"y",0.0923711061477661
"V1",0.855736070778221
"V2",0.951060642488301
"V3",0.932002953253686
"V4",0.693194973981008
"V5",0.676369026303291
"V6",2.67293842509389
"V7",2.8586473306641
