"names","vals"
"Intercept",-4.95787933842512
"y",0.638310173293576
"V1",0.383395858108997
"V2",0.221929519204423
"V3",0.626858504256234
"V4",0.600921900011599
"V5",0.818122550146654
"V6",0.644080251455307
"V7",1.9184502530843
"V8",2.1580454101786
"V9",3.9261485459283
