"names","vals"
"Intercept",-6.47746538682841
"y",0.286739498144016
"V1",0.324677225202322
"V2",0.792984094470739
"V3",0.753661835798994
"V4",0.0765854602213949
"V5",0.843037631362677
"V6",0.924783654743806
"V7",4.1563517479226
"V8",4.55471596028656
"V9",1.51383505016565
