"names","vals"
"Intercept",-8.77931266677566
"y",0.248821474146098
"V1",0.726884442847222
"V2",0.858733997214586
"V3",0.102120344527066
"V4",0.755425927694887
"V5",0.0596656883135438
"V6",0.926206921925768
"V7",0.336161142447963
"V8",0.00453420495614409
"V9",4.36838028673083
"V10",2.01003874838352
"V11",1.90010160021484
"V12",3.5876633040607
"V13",1.8049291074276
