"names","vals"
"Intercept",-2.66265431940788
"y",0.736178155988455
"V1",0.668598601361737
"V2",0.619566046632826
"V3",0.299447553232312
"V4",0.314580075675622
"V5",0.205287635326385
"V6",1.31163867656142
"V7",1.4362628236413
