"names","vals"
"Intercept",-7.72337283564266
"y",0.29941701493226
"V1",0.501092157093808
"V2",0.659854119643569
"V3",0.718880680622533
"V4",0.869017789838836
"V5",0.531721437117085
"V6",0.704711009049788
"V7",0.117032424546778
"V8",3.45673903822899
"V9",2.20154373440892
"V10",4.68878825940192
"V11",4.83027924597263
