"names","vals"
"Intercept",-6.79696786646033
"y",0.592491168761626
"V1",0.710237857885659
"V2",0.627392310416326
"V3",0.983349543297663
"V4",0.38446734007448
"V5",0.146927871974185
"V6",0.773383508669212
"V7",0.786675117211416
"V8",0.711721496423706
"V9",1.84398817550391
"V10",2.37151266820729
"V11",1.11843579821289
"V12",1.26340590231121
"V13",4.06525335367769
