"names","vals"
"Intercept",-6.9390096152341
"y",0.450333092128858
"V1",0.89149859151803
"V2",0.765059722820297
"V3",0.0104082061443478
"V4",0.0483741944190115
"V5",0.708584279054776
"V6",0.258363952627406
"V7",0.72614606609568
"V8",0.659075724193826
"V9",1.14567118231207
"V10",1.26770137622952
"V11",1.59667753428221
"V12",3.41791457589716
"V13",1.74171505030245
