"names","vals"
"Intercept",-0.959416352165863
"y",0.576066605281085
"V1",0.416587275220081
"V2",0.736739343497902
"V3",0.261807038681582
"V4",0.641693883575499
"V5",0.524481708882377
"V6",3.1676371358335
"V7",2.82323859725147
