"names","vals"
"Intercept",-2.46846294349525
"y",0.549060932826251
"V1",0.801873516989872
"V2",0.154258649330586
"V3",0.376299855299294
"V4",0.122443529078737
"V5",2.50056508462876
