"names","vals"
"Intercept",-4.98589514146326
"y",0.178625305416062
"V1",0.728782100137323
"V2",0.597231275169179
"V3",0.228453708579764
"V4",0.0575435825157911
"V5",0.950978020438924
"V6",4.06197064649314
"V7",3.69176184292883
