"names","vals"
"Intercept",-2.96349572226172
"y",0.559812303166837
"V1",0.821125434245914
"V2",0.139133443357423
"V3",0.442774114897475
"V4",0.776928206905723
"V5",0.550421967636794
"V6",3.02355000097305
"V7",1.39710620697588
