"names","vals"
"Intercept",-6.58003289910266
"y",0.249074270017445
"V1",0.217099558096379
"V2",0.0647772641386837
"V3",0.991933210752904
"V4",0.974086736794561
"V5",0.225383062381297
"V6",0.272281178738922
"V7",0.14764834032394
"V8",3.62293589580804
"V9",1.27440386358649
"V10",2.49212410673499
"V11",1.45518772304058
