"names","vals"
"Intercept",-6.20416837472003
"y",0.085325586842373
"V1",0.252237465465441
"V2",0.124762262683362
"V3",0.485450305743143
"V4",0.111387476790696
"V5",0.159128131112084
"V6",0.477760351030156
"V7",3.62265881989151
"V8",4.07649119198322
"V9",1.61507194582373
