"names","vals"
"Intercept",-5.87354418482864
"y",0.703576743137091
"V1",0.314795267768204
"V2",0.616888131247833
"V3",0.566097981994972
"V4",0.991548156132922
"V5",0.484321041498333
"V6",3.97384828329086
"V7",3.25512565206736
