"names","vals"
"Intercept",-7.03646172279259
"y",0.837785308482125
"V1",0.160299339331686
"V2",0.497365022543818
"V3",0.351590466685593
"V4",0.609675318002701
"V5",0.785527141997591
"V6",3.51968048978597
"V7",4.66913655214012
