"names","vals"
"Intercept",-5.94286768983351
"y",0.0703802248463035
"V1",0.75616876850836
"V2",0.561166681582108
"V3",0.0102791027165949
"V4",0.78884277981706
"V5",0.479574897093698
"V6",0.728064372669905
"V7",1.6852190643549
"V8",3.92679040692747
"V9",2.53844013251364
