"names","vals"
"Intercept",-10.8811754572298
"y",0.0576164829544723
"V1",0.178948061075062
"V2",0.537961463211104
"V3",0.735935691511258
"V4",0.8726233872585
"V5",0.790852237958461
"V6",0.863174033351243
"V7",0.0254932423122227
"V8",2.6576526388526
"V9",4.92554952763021
"V10",1.35814221296459
"V11",4.9466686937958
