"names","vals"
"Intercept",-2.74506419183454
"y",0.141572755528614
"V1",0.100446703843772
"V2",0.0184705115389079
"V3",0.233713335357606
"V4",0.360176028916612
"V5",0.824929352616891
"V6",1.18622257839888
"V7",1.62624930497259
