"names","vals"
"Intercept",-4.51656046871794
"y",0.0519376734737307
"V1",0.903875192627311
"V2",0.63367802137509
"V3",0.195736215915531
"V4",0.867168786237016
"V5",0.931239472934976
"V6",0.392878840910271
"V7",1.27783298492432
"V8",4.03607559762895
"V9",1.67682675924152
