"names","vals"
"Intercept",-9.63410264410777
"y",0.0427496677730232
"V1",0.968724557664245
"V2",0.596747247036546
"V3",0.114319243468344
"V4",0.544572796206921
"V5",0.587060872931033
"V6",0.628578334581107
"V7",0.650895989034325
"V8",4.48272146750242
"V9",3.92343968059868
"V10",4.48624977003783
"V11",4.71153902821243
