"names","vals"
"Intercept",-8.07830350503791
"y",0.730286833364516
"V1",0.615354107460007
"V2",0.383734691655263
"V3",0.298326140502468
"V4",0.0439813691191375
"V5",0.381374925142154
"V6",0.597427018685266
"V7",2.85754992347211
"V8",4.47045164741576
"V9",4.29512607865036
