"names","vals"
"Intercept",-3.31908958012937
"y",0.689444650430232
"V1",0.668607751373202
"V2",0.478183091850951
"V3",0.67395680770278
"V4",0.969699414912611
"V5",0.418892589397728
"V6",3.48146196641028
"V7",3.47125330008566
