"names","vals"
"Intercept",-5.56230367547832
"y",0.926108451094478
"V1",0.55486066872254
"V2",0.0626435214653611
"V3",0.642771086189896
"V4",0.118971978547052
"V5",0.519040205515921
"V6",0.556726119015366
"V7",0.914300211938098
"V8",3.69972311705351
"V9",4.56576579622924
"V10",1.66401348821819
"V11",1.83448791690171
