"names","vals"
"Intercept",-3.07589485468809
"y",0.676460471004248
"V1",0.546905177412555
"V2",0.206108261365443
"V3",0.700110480654985
"V4",0.192655462305993
"V5",0.114693590905517
"V6",0.0811027286108583
"V7",2.1850854717195
"V8",4.16385778505355
"V9",1.71419710386544
