"names","vals"
"Intercept",-5.17239209208637
"y",0.549594327574596
"V1",0.550774153089151
"V2",0.599084643181413
"V3",0.39882568991743
"V4",0.387560088885948
"V5",0.855395966442302
"V6",1.65536302607507
"V7",3.42170508205891
