"names","vals"
"Intercept",-4.23788997616852
"y",0.438722937135026
"V1",0.548931959085166
"V2",0.164896729635075
"V3",0.890107762301341
"V4",0.377703998470679
"V5",0.316516877152026
"V6",3.22210542112589
"V7",2.86168741621077
