"names","vals"
"Intercept",-6.23464281244203
"y",0.366094335215166
"V1",0.793445157585666
"V2",0.849431542214006
"V3",0.555404312908649
"V4",0.59435199922882
"V5",0.996816608821973
"V6",3.19764912687242
"V7",3.40932674985379
