"names","vals"
"Intercept",-5.22816876590252
"y",0.306693030986935
"V1",0.582867356017232
"V2",0.510357409249991
"V3",0.078432549489662
"V4",0.550452076597139
"V5",0.632864121580496
"V6",0.986704947659746
"V7",2.50658997893333
"V8",1.8823904870078
"V9",2.38265976589173
