"names","vals"
"Intercept",-9.24402727339882
"y",0.175703120185062
"V1",0.509459380060434
"V2",0.257982745068148
"V3",0.168856906471774
"V4",0.719434738857672
"V5",0.333635488292202
"V6",0.156154082156718
"V7",0.334724756190553
"V8",1.08695287443697
"V9",4.24065082706511
"V10",3.84438706934452
"V11",3.08795033674687
