"names","vals"
"Intercept",-7.87374713624827
"y",0.607278452022001
"V1",0.83368394500576
"V2",0.206048383144662
"V3",0.0172634213231504
"V4",0.03578204032965
"V5",0.753467115107924
"V6",0.375555428210646
"V7",0.583930314518511
"V8",0.770880202995613
"V9",4.09057187847793
"V10",3.19022801332176
"V11",2.09167436696589
"V12",3.9814192764461
"V13",4.86490881908685
