"names","vals"
"Intercept",-4.60907102343626
"y",0.303641586331651
"V1",0.847927787341177
"V2",0.89620737475343
"V3",0.0164075584616512
"V4",0.506631774362177
"V5",0.917866670759395
"V6",0.367035271832719
"V7",3.44008156098425
"V8",2.96082683373243
"V9",2.62053274642676
