"names","vals"
"Intercept",-5.12535072820028
"y",0.454046512488276
"V1",0.759286180138588
"V2",0.188699678983539
"V3",0.614852356025949
"V4",0.837656481191516
"V5",0.093863814836368
"V6",0.962905587861314
"V7",0.533449747366831
"V8",4.93865973688662
"V9",2.2557068830356
"V10",2.44047654978931
"V11",2.20126278232783
