"names","vals"
"Intercept",-2.78358755999943
"y",0.762117790058255
"V1",0.475199318723753
"V2",0.603625213727355
"V3",0.723244262393564
"V4",0.963837978895754
"V5",0.469367166049778
"V6",4.33125137165189
"V7",3.12723278999329
