"names","vals"
"Intercept",-8.92130757424748
"y",0.145645102718845
"V1",0.11618159734644
"V2",0.849022102775052
"V3",0.798974188510329
"V4",0.580291994148865
"V5",0.0272025980520993
"V6",0.735241922084242
"V7",3.58487252984196
"V8",2.83713766559958
"V9",2.43283379636705
