"names","vals"
"Intercept",-6.45221356662223
"y",0.208192566642538
"V1",0.65635017445311
"V2",0.918113872641698
"V3",0.956256367033347
"V4",0.90377075993456
"V5",0.396476787049323
"V6",0.81354108848609
"V7",0.120712524512783
"V8",2.75567091163248
"V9",3.332345277071
"V10",1.70900170411915
"V11",1.12738750129938
