"names","vals"
"Intercept",-2.20770168128889
"y",0.467443581437692
"V1",0.458985303295776
"V2",0.203086155699566
"V3",0.563353410921991
"V4",0.298871581209823
"V5",2.31903470121324
