"names","vals"
"Intercept",-2.35683705545263
"y",0.0653836349956691
"V1",0.0929136546328664
"V2",0.225511925993487
"V3",0.832491116365418
"V4",0.793001230806112
"V5",0.83297547348775
"V6",1.25191177148372
"V7",3.03963650483638
