"names","vals"
"Intercept",-3.22445842583198
"y",0.677069369703531
"V1",0.423486423911527
"V2",0.962744212709367
"V3",0.0881786483805627
"V4",0.565744772087783
"V5",2.43304525315762
