"names","vals"
"Intercept",-6.46120285845827
"y",0.176985625876114
"V1",0.485355960903689
"V2",0.536586886504665
"V3",0.506643447093666
"V4",0.227958658477291
"V5",0.929062627023086
"V6",0.130828539840877
"V7",0.318323268322274
"V8",0.443974937545136
"V9",2.4886582782492
"V10",1.52393889054656
"V11",3.7598119629547
"V12",3.54204033501446
"V13",1.64738738816231
