"names","vals"
"Intercept",-8.96441633790731
"y",0.368181147379801
"V1",0.360388872679323
"V2",0.721041120355949
"V3",0.677571140695363
"V4",0.279450056608766
"V5",0.0596504262648523
"V6",4.68109038099647
"V7",4.33336651790887
