"names","vals"
"Intercept",-3.67035906690173
"y",0.391381551977247
"V1",0.0213095482904464
"V2",0.903207530034706
"V3",0.991916415514424
"V4",0.0120357838459313
"V5",0.0296352528966963
"V6",0.251723160268739
"V7",1.97350688930601
"V8",1.87179482635111
"V9",3.95834742579609
