"names","vals"
"Intercept",-5.29140264077578
"y",0.885557790054008
"V1",0.0615067796315998
"V2",0.266831868095323
"V3",0.829493296565488
"V4",0.84165294887498
"V5",0.0346538494341075
"V6",0.449687007116154
"V7",4.99479152169079
"V8",1.94559636060148
"V9",3.38679103367031
