"names","vals"
"Intercept",-8.82928705067607
"y",0.10658494848758
"V1",0.517317491583526
"V2",0.490721653215587
"V3",0.527622228953987
"V4",0.063284610863775
"V5",0.893374904524535
"V6",0.623714174842462
"V7",3.86312940809876
"V8",4.58761801943183
"V9",2.17106349393725
