"names","vals"
"Intercept",-7.45158347385703
"y",0.603295955806971
"V1",0.16873810836114
"V2",0.0479117149952799
"V3",0.526677651330829
"V4",0.00153181189671159
"V5",0.800614334410056
"V6",0.308003385784104
"V7",0.368674847995862
"V8",0.881161230383441
"V9",3.39256191719323
"V10",3.99953647423536
"V11",1.28388998191804
"V12",1.66912100929767
"V13",2.07368047907948
