"names","vals"
"Intercept",-9.43397111217026
"y",0.293853844981641
"V1",0.627448607468978
"V2",0.279299039160833
"V3",0.1652702675201
"V4",0.631896363105625
"V5",0.90364330378361
"V6",0.627747001126409
"V7",0.629535946063697
"V8",3.76169542782009
"V9",1.63318004645407
"V10",2.91484335064888
"V11",2.14914638362825
