"names","vals"
"Intercept",-1.4544479289744
"y",0.0876677988562733
"V1",0.163332947529852
"V2",0.811853927094489
"V3",0.216419102624059
"V4",0.279311797814444
"V5",1.7166605219245
