"names","vals"
"Intercept",-2.43440921386471
"y",0.30626366706565
"V1",0.605418790364638
"V2",0.363329810323194
"V3",0.987998703960329
"V4",0.0252630086615682
"V5",1.8976617269218
