"names","vals"
"Intercept",-5.99375659015728
"y",0.460279076127335
"V1",0.0346656260080636
"V2",0.812563432380557
"V3",0.354191177058965
"V4",0.121489077806473
"V5",0.644000940956175
"V6",0.923797793919221
"V7",2.28241823613644
"V8",1.39729533623904
"V9",4.96790775749832
