"names","vals"
"Intercept",-8.19150058355881
"y",0.97534390236251
"V1",0.80905847880058
"V2",0.944461562437937
"V3",0.488431338686496
"V4",0.060630523134023
"V5",0.145153033314273
"V6",0.020953461760655
"V7",3.21735829953104
"V8",3.63211951218545
"V9",4.28946624230593
