"names","vals"
"Intercept",-8.56491909404751
"y",0.144793207058683
"V1",0.997743566287681
"V2",0.914611425250769
"V3",0.270293770823628
"V4",0.0927266171202064
"V5",0.555637398734689
"V6",0.0612310916185379
"V7",0.141080217203125
"V8",3.87843987718225
"V9",2.76966922264546
"V10",4.04470909107476
"V11",4.673305420205
