"names","vals"
"Intercept",-5.67217028186191
"y",0.81118164001964
"V1",0.891849699430168
"V2",0.887654537102208
"V3",0.831171844620258
"V4",0.712018637452275
"V5",0.149720094166696
"V6",0.770491871284321
"V7",0.029518902534619
"V8",2.63487367890775
"V9",3.60429499763995
"V10",2.95113003347069
"V11",1.10791823267937
