"names","vals"
"Intercept",-5.27290534012951
"y",0.0109818666242063
"V1",0.744616306619719
"V2",0.617361802374944
"V3",0.0215163177344948
"V4",0.400221198797226
"V5",0.740955853601918
"V6",0.8386817635037
"V7",0.351131237577647
"V8",2.77718277741224
"V9",4.53080841526389
"V10",3.26638921070844
"V11",2.99762556981295
