"names","vals"
"Intercept",-9.16533118426334
"y",0.394427470630035
"V1",0.193925018422306
"V2",0.415952364914119
"V3",0.381276869913563
"V4",0.520164755173028
"V5",0.431463069980964
"V6",0.5889632855542
"V7",0.407508264994249
"V8",0.325942890718579
"V9",3.58679244294763
"V10",1.65267655067146
"V11",2.54384106118232
"V12",2.91183596104383
"V13",2.61906885355711
