"names","vals"
"Intercept",-1.76424407374114
"y",0.114429056178778
"V1",0.20897113904357
"V2",0.194755283882841
"V3",0.354152453830466
"V4",0.753147623734549
"V5",4.04054274316877
