"names","vals"
"Intercept",-2.44997148786206
"y",0.575951104052365
"V1",0.546414028387517
"V2",0.577073702123016
"V3",0.805320913903415
"V4",0.0195168699137866
"V5",1.88458827976137
