"names","vals"
"Intercept",-4.5996956717642
"y",0.339522225083783
"V1",0.893871089210734
"V2",0.0916352411732078
"V3",0.666183868190274
"V4",0.353393759112805
"V5",0.797428996069357
"V6",4.32447037566453
"V7",1.98852056451142
