"names","vals"
"Intercept",-7.05222478534561
"y",0.97590789408423
"V1",0.886558733182028
"V2",0.0038982555270195
"V3",0.668193289311603
"V4",0.907883095089346
"V5",0.123493360122666
"V6",0.682392937596887
"V7",1.75229975488037
"V8",4.2446112446487
"V9",2.33892298862338
