"names","vals"
"Intercept",-5.87511084939819
"y",0.779524724930525
"V1",0.457241611089557
"V2",0.0175252265762538
"V3",0.282022977480665
"V4",0.931850004242733
"V5",0.191033619223163
"V6",0.480652536498383
"V7",3.49068137723953
"V8",3.32179380673915
"V9",1.41346551664174
