"names","vals"
"Intercept",-5.30966960695805
"y",0.342855408787727
"V1",0.721777915721759
"V2",0.13164586154744
"V3",0.87655724468641
"V4",0.59065157501027
"V5",0.71503615193069
"V6",0.0661046111490577
"V7",0.768167063361034
"V8",2.14501456916332
"V9",1.97728812973946
"V10",1.65363138075918
"V11",1.04627276957035
