"names","vals"
"Intercept",-4.6943217835133
"y",0.983991597080603
"V1",0.66669997619465
"V2",0.0305633204989135
"V3",0.0412726562935859
"V4",0.230134477606043
"V5",0.974196011433378
"V6",2.8889704560861
"V7",2.38180643506348
