"names","vals"
"Intercept",-6.47767749971244
"y",0.260427943430841
"V1",0.361787508241832
"V2",0.952054318739101
"V3",0.448722873115912
"V4",0.296076259342954
"V5",0.446540099335834
"V6",3.38862757477909
"V7",2.76134811062366
