"names","vals"
"Intercept",-2.24884470750578
"y",0.445560790831223
"V1",0.819829134037718
"V2",0.00963911600410938
"V3",0.129266374045983
"V4",0.281810732092708
"V5",4.31916474644095
