"names","vals"
"Intercept",-5.8458201275859
"y",0.7834055905696
"V1",0.697422984056175
"V2",0.83630133420229
"V3",0.921739973127842
"V4",0.244789988733828
"V5",0.827039000112563
"V6",0.0229997308924794
"V7",0.650232088053599
"V8",4.060954968445
"V9",4.98159221187234
"V10",1.34914146456867
"V11",1.16425099689513
