"names","vals"
"Intercept",-7.33951400795486
"y",0.920590030495077
"V1",0.26491745072417
"V2",0.137966536916792
"V3",0.545433745952323
"V4",0.530448204372078
"V5",0.4967461891938
"V6",0.0715980809181929
"V7",0.151191735407338
"V8",1.60400730278343
"V9",2.99297156650573
"V10",2.40465266443789
"V11",2.28049897775054
