"names","vals"
"Intercept",-5.09963651282713
"y",0.0190224307589233
"V1",0.201631468487903
"V2",0.518121800618246
"V3",0.108376561198384
"V4",0.396992059191689
"V5",0.716620726743713
"V6",3.11169426236302
"V7",4.42084654141217
