"names","vals"
"Intercept",-3.22161827375181
"y",0.0892568326089531
"V1",0.869376551127061
"V2",0.644731049193069
"V3",0.0483554066158831
"V4",0.401196332648396
"V5",3.21741199027747
