"names","vals"
"Intercept",-13.5692859979346
"y",0.0754881256725639
"V1",0.993459538556635
"V2",0.608181444462389
"V3",0.682755012298003
"V4",0.73293239553459
"V5",0.833161857444793
"V6",0.122970173833892
"V7",3.54378078132868
"V8",4.18542909063399
"V9",4.63188816327602
