"names","vals"
"Intercept",-11.9542208167724
"y",0.0506022828631103
"V1",0.65087545174174
"V2",0.959915413754061
"V3",0.0937859516125172
"V4",0.94226382067427
"V5",0.661606658482924
"V6",0.239331313176081
"V7",0.00518242828547955
"V8",0.430696986615658
"V9",2.19918811134994
"V10",4.6609057597816
"V11",2.07219520490617
"V12",4.02057291846722
"V13",1.06186792999506
