"names","vals"
"Intercept",-2.87595262203831
"y",0.0576046057976782
"V1",0.627914295531809
"V2",0.84636035002768
"V3",0.127598395803943
"V4",0.353212681366131
"V5",4.81379483267665
