"names","vals"
"Intercept",-5.15879150893539
"y",0.644633529242128
"V1",0.235139750409871
"V2",0.198039107955992
"V3",0.728832258377224
"V4",0.278492594603449
"V5",0.0166258772369474
"V6",0.976895770756528
"V7",1.70800378080457
"V8",3.8213593410328
"V9",2.63211709074676
