"names","vals"
"Intercept",-5.78244855345693
"y",0.780186512507498
"V1",0.915040661580861
"V2",0.500267768744379
"V3",0.551286681322381
"V4",0.937227928778157
"V5",0.5847270663362
"V6",3.93859579414129
"V7",4.74523806199431
