"names","vals"
"Intercept",-14.0388948096079
"y",0.962478618370369
"V1",0.89533646707423
"V2",0.540467530721799
"V3",0.27066473593004
"V4",0.535312174353749
"V5",0.786076717777178
"V6",0.946940216235816
"V7",0.207653905730695
"V8",1.44343902915716
"V9",3.69756047148257
"V10",4.35232123546302
"V11",4.11655686143786
