"names","vals"
"Intercept",-1.75593881178647
"y",0.695516095031053
"V1",0.556875915033743
"V2",0.908249748172238
"V3",0.630946311401203
"V4",0.955147789558396
"V5",1.14812635164708
