"names","vals"
"Intercept",-5.94568925522035
"y",0.0482223518192768
"V1",0.734020926523954
"V2",0.145895000547171
"V3",0.73943784669973
"V4",0.25068835541606
"V5",0.1346567037981
"V6",0.67126210196875
"V7",2.70115350186825
"V8",1.44278303068131
"V9",2.84751486778259
