"names","vals"
"Intercept",-4.23773998131976
"y",0.672942715231329
"V1",0.671987174544483
"V2",0.710417373804376
"V3",0.199143236735836
"V4",0.746592843672261
"V5",0.760480041848496
"V6",1.71542128734291
"V7",2.40720864012837
