"names","vals"
"Intercept",-2.62474223888712
"y",0.0704308294225484
"V1",0.913254003040493
"V2",0.58860003715381
"V3",0.559360202867538
"V4",0.7804366692435
"V5",3.64362878538668
