"names","vals"
"Intercept",-6.36566064673243
"y",0.011271893279627
"V1",0.827813142677769
"V2",0.735197495901957
"V3",0.803156366338953
"V4",0.473300594603643
"V5",0.0989980413578451
"V6",0.982992092845961
"V7",0.375952954869717
"V8",0.591129973297939
"V9",4.99870182573795
"V10",4.40689350757748
"V11",4.2484405906871
"V12",2.71325951721519
"V13",1.06058458611369
