"names","vals"
"Intercept",-5.54337007840862
"y",0.60533415270038
"V1",0.10285252565518
"V2",0.939340149052441
"V3",0.145913248183206
"V4",0.536574418656528
"V5",0.222504711477086
"V6",0.298254957422614
"V7",0.952378629241139
"V8",3.07805795874447
"V9",4.08536010887474
"V10",2.38067812193185
"V11",1.37832181714475
