"names","vals"
"Intercept",-2.60930138790282
"y",0.187089475337416
"V1",0.480374970007688
"V2",0.825200435938314
"V3",0.65617898479104
"V4",0.431818029144779
"V5",0.429917468223721
"V6",2.73787072021514
"V7",1.01386081892997
