"names","vals"
"Intercept",-12.1790172520652
"y",0.758625662187114
"V1",0.495493728434667
"V2",0.346066486090422
"V3",0.710021404316649
"V4",0.549002081854269
"V5",0.3644227264449
"V6",0.0672668144106865
"V7",0.962978066410869
"V8",0.458053894108161
"V9",1.23875275533646
"V10",1.07787966635078
"V11",1.59668867662549
"V12",4.18918089941144
"V13",4.25394368451089
