"names","vals"
"Intercept",-2.63779944648268
"y",0.451646762900054
"V1",0.951678429031745
"V2",0.0248193971347064
"V3",0.483895467594266
"V4",0.962589361472055
"V5",2.79652089439332
