"names","vals"
"Intercept",-9.88913403940853
"y",0.669235941255465
"V1",0.904546990059316
"V2",0.349067936651409
"V3",0.909168495098129
"V4",0.873278934974223
"V5",0.043627200415358
"V6",0.823582425247878
"V7",0.765048133442178
"V8",0.122568656224757
"V9",1.77738672401756
"V10",3.52967422362417
"V11",3.76424842793494
"V12",1.64038412645459
"V13",1.38411032129079
