"names","vals"
"Intercept",-2.95087716961047
"y",0.270241688936949
"V1",0.951116813579574
"V2",0.456904672086239
"V3",0.00861163786612451
"V4",0.563257255125791
"V5",0.0135303924325854
"V6",1.29743621312082
"V7",1.2839449075982
