"names","vals"
"Intercept",-4.45478417310398
"y",0.112744123209268
"V1",0.478403467219323
"V2",0.265003407606855
"V3",0.91931978892535
"V4",0.848383984062821
"V5",0.983233580831438
"V6",2.84532280545682
"V7",1.07971835136414
