"names","vals"
"Intercept",-8.30752736832947
"y",0.416183256311342
"V1",0.257876014336944
"V2",0.95793050667271
"V3",0.347607751609758
"V4",0.109260322293267
"V5",0.195262392284349
"V6",0.762115252204239
"V7",0.655826464761049
"V8",1.18652046751231
"V9",3.26450757216662
"V10",4.18662794306874
"V11",1.84925040230155
