"names","vals"
"Intercept",-6.52498314633267
"y",0.131380111910403
"V1",0.684063249733299
"V2",0.228581646457314
"V3",0.212343881139532
"V4",0.465307570528239
"V5",0.742358097806573
"V6",0.904879118548706
"V7",0.729485596297309
"V8",0.81863780063577
"V9",1.59548559319228
"V10",4.0454510031268
"V11",1.5265682367608
"V12",2.32872506044805
"V13",4.60303000267595
