"names","vals"
"Intercept",-3.50346786851529
"y",0.374305406119674
"V1",0.332645026734099
"V2",0.00703846127726138
"V3",0.684174117166549
"V4",0.116164785809815
"V5",0.439769988646731
"V6",3.68996031582355
"V7",4.31898531131446
