"names","vals"
"Intercept",-7.10347194378264
"y",0.675856698071584
"V1",0.922805715585127
"V2",0.901026527397335
"V3",0.532826475799084
"V4",0.0938438009470701
"V5",0.31130480975844
"V6",0.0938682658597827
"V7",4.27476143278182
"V8",3.67485383618623
"V9",2.424574829638
