"names","vals"
"Intercept",-8.15827008756576
"y",0.0337281774263829
"V1",0.0595767982304096
"V2",0.480355160078034
"V3",0.55137437582016
"V4",0.392042385181412
"V5",0.355503999395296
"V6",4.91667076665908
"V7",2.4450940201059
