"names","vals"
"Intercept",-8.38213802749524
"y",0.697751150699332
"V1",0.269967390689999
"V2",0.122260798234493
"V3",0.346771609038115
"V4",0.96987077826634
"V5",0.832036637701094
"V6",0.322052575415
"V7",2.31986706145108
"V8",3.46695357840508
"V9",4.22898746840656
