"names","vals"
"Intercept",-7.66185368869919
"y",0.214077527401969
"V1",0.370858205249533
"V2",0.956721425522119
"V3",0.417956470046192
"V4",0.171977464808151
"V5",0.529132786905393
"V6",0.453916960395873
"V7",0.451126323547214
"V8",3.25009373296052
"V9",3.81687788385898
"V10",2.86576564982533
"V11",3.83860088605434
