"names","vals"
"Intercept",-6.58849994295742
"y",0.338204853469506
"V1",0.560815297998488
"V2",0.382014772854745
"V3",0.21353308740072
"V4",0.984759817132726
"V5",0.68457268178463
"V6",0.422936676302925
"V7",0.534494190709665
"V8",3.77384440042078
"V9",1.69572293478996
"V10",1.86831977125257
"V11",3.63712067622691
