"names","vals"
"Intercept",-2.76000233247178
"y",0.115565228741616
"V1",0.96369232609868
"V2",0.458993491949514
"V3",0.582861700095236
"V4",0.497432929230854
"V5",3.0696797920391
