"names","vals"
"Intercept",-6.5089375810558
"y",0.451924587832764
"V1",0.889852030435577
"V2",0.000694257440045476
"V3",0.228367408039048
"V4",0.719336960930377
"V5",4.5779044283554
