"names","vals"
"Intercept",-5.67518709748052
"y",0.39104277594015
"V1",0.0121442161034793
"V2",0.715706649702042
"V3",0.0595477989409119
"V4",0.7839059534017
"V5",0.866321398643777
"V6",0.615508442511782
"V7",3.89404501579702
"V8",2.64013997931033
"V9",2.24270540382713
