"names","vals"
"Intercept",-8.48624173863791
"y",0.715991061646491
"V1",0.492651811335236
"V2",0.518536723451689
"V3",0.767863901564851
"V4",0.29341807984747
"V5",0.659547328250483
"V6",0.964318544138223
"V7",0.222618530271575
"V8",0.529686057008803
"V9",1.18009526282549
"V10",4.53928138595074
"V11",1.17256261222064
"V12",1.45003314781934
"V13",1.61090223211795
