"names","vals"
"Intercept",-7.0874926961353
"y",0.329379845643416
"V1",0.697706460021436
"V2",0.632891526445746
"V3",0.0319318221881986
"V4",0.902052017161623
"V5",0.688330868026242
"V6",4.60530987381935
"V7",4.70067831967026
