"names","vals"
"Intercept",-7.27121202347102
"y",0.626783726969734
"V1",0.669679897138849
"V2",0.133908716728911
"V3",0.711661836830899
"V4",0.725475971819833
"V5",0.211863744538277
"V6",0.903197569772601
"V7",0.477087159641087
"V8",4.14707664120942
"V9",1.96652784850448
"V10",3.81001039687544
"V11",4.32743004430085
