"names","vals"
"Intercept",-3.81799814393744
"y",0.873733614338562
"V1",0.137688665650785
"V2",0.348677081754431
"V3",0.608114800881594
"V4",0.0778728970326483
"V5",0.384029708337039
"V6",0.805810183519498
"V7",4.59587563667446
"V8",1.16969903092831
"V9",3.08072870597243
