"names","vals"
"Intercept",-2.38363538677106
"y",0.0382939341943711
"V1",0.175366790732369
"V2",0.700649313395843
"V3",0.0194885607343167
"V4",0.53163686953485
"V5",0.0510977217927575
"V6",4.6991910431534
"V7",2.4990500556305
