"names","vals"
"Intercept",-3.68149768501054
"y",0.45499569317326
"V1",0.907907990505919
"V2",0.779724708292633
"V3",0.87501261709258
"V4",0.882188141345978
"V5",0.12824908667244
"V6",3.95837007276714
"V7",4.57995287701488
