"names","vals"
"Intercept",-7.87774479710031
"y",0.702223645057529
"V1",0.44320622109808
"V2",0.463019989198074
"V3",0.476689360337332
"V4",0.812580883037299
"V5",0.658851641463116
"V6",3.84587452095002
"V7",4.54152782913297
