"names","vals"
"Intercept",-5.26977457996923
"y",0.8593127457425
"V1",0.392078964272514
"V2",0.979599380865693
"V3",0.674472800223157
"V4",0.403152629034594
"V5",0.0723311523906887
"V6",2.31308837980032
"V7",3.33546227216721
