"names","vals"
"Intercept",-4.32955642944435
"y",0.185079588089138
"V1",0.819022877840325
"V2",0.466411357745528
"V3",0.171436613891274
"V4",0.320401598699391
"V5",0.843611974036321
"V6",2.50882108788937
"V7",2.4505597082898
