"names","vals"
"Intercept",-5.8276935096248
"y",0.180978324729949
"V1",0.107381494482979
"V2",0.794087398564443
"V3",0.74682967341505
"V4",0.922461681067944
"V5",0.601399603998289
"V6",2.1303960736841
"V7",2.27333060372621
