"names","vals"
"Intercept",-11.9100344148465
"y",0.0322053001727909
"V1",0.0775753930211067
"V2",0.293389349011704
"V3",0.578272273531184
"V4",0.528401531046256
"V5",0.299732545390725
"V6",0.601645533461124
"V7",4.95648893620819
"V8",4.26874849200249
"V9",2.23357088118792
