"names","vals"
"Intercept",-3.93578422399703
"y",0.642719653202221
"V1",0.470486812060699
"V2",0.76211143634282
"V3",0.549004099331796
"V4",0.295528222573921
"V5",2.75669830944389
