"names","vals"
"Intercept",-3.7954199731024
"y",0.491322527639568
"V1",0.294327041367069
"V2",0.156134030316025
"V3",0.593138834927231
"V4",0.945508576463908
"V5",0.927596960216761
"V6",2.34423465188593
"V7",2.15524903126061
