"names","vals"
"Intercept",-12.3943260968546
"y",0.0947306004818529
"V1",0.972164057660848
"V2",0.300681988010183
"V3",0.182210583472624
"V4",0.480792484944686
"V5",0.319249640917405
"V6",0.523482428165153
"V7",0.967670276993886
"V8",4.51926595624536
"V9",4.53678000438958
"V10",1.94485081918538
"V11",4.38201946672052
