"names","vals"
"Intercept",-6.55854431318119
"y",0.294529172824696
"V1",0.391201782273129
"V2",0.237786615733057
"V3",0.260844899574295
"V4",0.948860049014911
"V5",0.23578414414078
"V6",0.285362129332498
"V7",0.846219139173627
"V8",0.0409123091958463
"V9",3.1826772550121
"V10",1.29443249851465
"V11",3.06008523888886
"V12",2.02968110237271
"V13",1.28241210710257
