"names","vals"
"Intercept",-3.94806133022066
"y",0.0590386260300875
"V1",0.0569086102768779
"V2",0.517070978647098
"V3",0.33736502751708
"V4",0.76348724286072
"V5",0.746470188256353
"V6",0.28057724237442
"V7",3.80615297239274
"V8",4.43714246433228
"V9",1.87032530549914
