"names","vals"
"Intercept",-3.798816122266
"y",0.926579938270152
"V1",0.352709170430899
"V2",0.665951305534691
"V3",0.872717626858503
"V4",0.054960356792435
"V5",0.939999738475308
"V6",4.1867686919868
"V7",3.49913136847317
