"names","vals"
"Intercept",-8.80637275861343
"y",0.887668078299612
"V1",0.988481377484277
"V2",0.678541820961982
"V3",0.594984682509676
"V4",0.544147782493383
"V5",0.631143911276013
"V6",0.684980522375554
"V7",0.244314774405211
"V8",0.218183721182868
"V9",1.94000036641955
"V10",1.57141376566142
"V11",2.35267184861004
"V12",2.54214307945222
"V13",3.30767422448844
