"names","vals"
"Intercept",-8.46771626909031
"y",0.650805808138102
"V1",0.710254469420761
"V2",0.310176899656653
"V3",0.766463853651658
"V4",0.418634600238875
"V5",0.477556292200461
"V6",0.727671047672629
"V7",4.444654869847
"V8",2.88469924591482
"V9",1.50296963006258
