"names","vals"
"Intercept",-3.18199063878972
"y",0.272083430318162
"V1",0.0876987793017179
"V2",0.445701454300433
"V3",0.572750735562295
"V4",0.166679501067847
"V5",0.148680572165176
"V6",1.70943187735975
"V7",1.95636707078665
