"names","vals"
"Intercept",-9.5354840897792
"y",0.231471321545541
"V1",0.131636569742113
"V2",0.287413206417114
"V3",0.901924825506285
"V4",0.272151777753606
"V5",0.486514874035493
"V6",0.463368834462017
"V7",0.696973495883867
"V8",3.59630622249097
"V9",2.55450055748224
"V10",4.36965734604746
"V11",2.87738404516131
