"names","vals"
"Intercept",-7.79040384881198
"y",0.449345997767523
"V1",0.350732245715335
"V2",0.988721201429144
"V3",0.715004130732268
"V4",0.74254112248309
"V5",0.54164648684673
"V6",0.245506178820506
"V7",0.982666819356382
"V8",3.89800536539406
"V9",4.91805034503341
"V10",2.52314596716315
"V11",3.93168316408992
