"names","vals"
"Intercept",-2.65190470475936
"y",0.443320603342727
"V1",0.889570947736502
"V2",0.0917207456659526
"V3",0.321794561576098
"V4",0.674376400420442
"V5",2.09581870678812
