"names","vals"
"Intercept",-14.36256505528
"y",0.318432825384662
"V1",0.0492981986608356
"V2",0.748391801957041
"V3",0.969183855457231
"V4",0.849589485442266
"V5",0.661357306642458
"V6",0.787074639927596
"V7",0.625766411423683
"V8",0.576042188331485
"V9",2.83460183255374
"V10",4.84559286385775
"V11",2.30943868029863
"V12",2.1757943648845
"V13",1.56392040476203
