"names","vals"
"Intercept",-4.8121885587438
"y",0.386432982049882
"V1",0.562154298182577
"V2",0.330374773591757
"V3",0.639062650734559
"V4",0.631108244182542
"V5",4.63736085500568
