"names","vals"
"Intercept",-5.64992577104596
"y",0.331611236790195
"V1",0.514377743005753
"V2",0.527502343989909
"V3",0.421595345251262
"V4",0.987767186714336
"V5",0.906624083174393
"V6",0.959241153439507
"V7",1.96460272371769
"V8",2.14190056733787
"V9",2.12743117380887
