"names","vals"
"Intercept",-5.44657953879796
"y",0.140604418236762
"V1",0.152164899278432
"V2",0.474039324792102
"V3",0.617928211111575
"V4",0.174888540292159
"V5",0.709632519166917
"V6",1.3223985414952
"V7",4.52288598287851
