"names","vals"
"Intercept",-10.2271831065486
"y",0.619900483638048
"V1",0.35959447408095
"V2",0.810168829280883
"V3",0.618836696958169
"V4",0.716280630091205
"V5",0.826114374445751
"V6",0.386696157045662
"V7",0.149106516037136
"V8",0.296858299756423
"V9",3.72394902259111
"V10",2.7301595788449
"V11",1.58881616964936
"V12",1.5193785270676
"V13",1.23572644870728
