"names","vals"
"Intercept",-5.31782694294816
"y",0.850522803142667
"V1",0.193261092761531
"V2",0.21563239977695
"V3",0.391582201700658
"V4",0.315332266967744
"V5",0.180601991480216
"V6",0.437463792273775
"V7",4.18836397025734
"V8",3.45635688770562
"V9",1.9550195876509
