"names","vals"
"Intercept",-10.0084067542199
"y",0.775720750913024
"V1",0.759035877417773
"V2",0.880754285724834
"V3",0.232903618365526
"V4",0.906148325884715
"V5",0.546734676230699
"V6",0.645138412714005
"V7",0.0652862337883562
"V8",0.62162885023281
"V9",1.93722817488015
"V10",2.97088866122067
"V11",3.57363020349294
"V12",1.71435246430337
"V13",4.91767031885684
