"names","vals"
"Intercept",-5.2827768196119
"y",0.88144691567868
"V1",0.704924496356398
"V2",0.701126303058118
"V3",0.122646068688482
"V4",0.335195250110701
"V5",0.0549174149055034
"V6",0.366303992224857
"V7",0.236284266924486
"V8",2.03763335105032
"V9",4.12512980401516
"V10",2.90635991282761
"V11",4.82936072628945
