"names","vals"
"Intercept",-9.00937184813665
"y",0.596104035619646
"V1",0.726938283303753
"V2",0.278323512757197
"V3",0.717008685227484
"V4",0.442138723097742
"V5",0.264172218972817
"V6",0.0221434752456844
"V7",0.969102832954377
"V8",2.88940463867038
"V9",2.2336105927825
"V10",4.53885545767844
"V11",3.85679243970662
