"names","vals"
"Intercept",-5.6438880092185
"y",0.918193749152124
"V1",0.0615570966619998
"V2",0.605086402967572
"V3",0.0114419723395258
"V4",0.487028665840626
"V5",4.34385534003377
