"names","vals"
"Intercept",-2.01811447246466
"y",0.539251802721992
"V1",0.846381317591295
"V2",0.32013334822841
"V3",0.801065862877294
"V4",0.101471912814304
"V5",0.385734795359895
"V6",4.52302028890699
"V7",2.32534252293408
