"names","vals"
"Intercept",-6.29458663441474
"y",0.967967368429527
"V1",0.128849359694868
"V2",0.578678789781407
"V3",0.0743571298662573
"V4",0.219360551796854
"V5",0.977177717490122
"V6",0.570765550015494
"V7",0.85055012605153
"V8",1.46778129693121
"V9",2.17635639570653
"V10",1.98887136019766
"V11",4.8405920388177
