"names","vals"
"Intercept",-3.21798322886229
"y",0.934306025505066
"V1",0.114531609229743
"V2",0.92035065498203
"V3",0.490683928597718
"V4",0.671523774974048
"V5",0.207051327452064
"V6",1.11394285410643
"V7",3.82119858637452
