"names","vals"
"Intercept",-5.03790441051824
"y",0.137223495868966
"V1",0.164799615740776
"V2",0.122433481505141
"V3",0.902411810588092
"V4",0.838844826212153
"V5",0.0495095057412982
"V6",0.0351136587560177
"V7",0.313702817307785
"V8",4.98629780113697
"V9",4.4866307741031
"V10",2.56864552665502
"V11",2.61198721826077
