"names","vals"
"Intercept",-11.3893448926043
"y",0.880482490174472
"V1",0.909124073106796
"V2",0.752142416546121
"V3",0.173772080568597
"V4",0.0451956840697676
"V5",0.651371048763394
"V6",0.243938652798533
"V7",0.751616370864213
"V8",0.333583121420816
"V9",4.67034169472754
"V10",2.38190124742687
"V11",1.81323404796422
"V12",3.89628030918539
"V13",1.28230293933302
