"names","vals"
"Intercept",-3.53524207350565
"y",0.034202832961455
"V1",0.376762055326253
"V2",0.0236889007501304
"V3",0.086255798349157
"V4",0.92449928377755
"V5",0.687733224360272
"V6",0.49044412560761
"V7",0.0981950031127781
"V8",0.838604551041499
"V9",1.84413994476199
"V10",2.32704453822225
"V11",4.16389416716993
"V12",3.91464381292462
"V13",3.53260536119342
