"names","vals"
"Intercept",-8.41752328285947
"y",0.819522564765066
"V1",0.0456839026883245
"V2",0.385425509186462
"V3",0.511952155735344
"V4",0.867152315797284
"V5",0.902166928863153
"V6",0.712498227600008
"V7",0.649696672800928
"V8",3.26323567610234
"V9",1.13321122527122
"V10",2.15359411481768
"V11",1.07440593186766
