"names","vals"
"Intercept",-3.68925643173978
"y",0.429786740103737
"V1",0.632218062179163
"V2",0.876776503864676
"V3",0.672528590774164
"V4",0.95775312394835
"V5",2.17520562559366
