"names","vals"
"Intercept",-7.13822505389806
"y",0.419853685190901
"V1",0.636481340043247
"V2",0.862123070983216
"V3",0.762262929230928
"V4",0.680961322039366
"V5",0.262531522661448
"V6",0.120884029427543
"V7",0.421126620145515
"V8",3.64233720954508
"V9",2.50193239189684
"V10",1.42217818554491
"V11",2.13737534359097
