"names","vals"
"Intercept",-1.73675915989326
"y",0.210894209565595
"V1",0.110395877389237
"V2",0.985535193001851
"V3",0.45699156797491
"V4",0.230109104188159
"V5",2.9161182846874
