"names","vals"
"Intercept",-13.2126001458941
"y",0.824327714508399
"V1",0.244226798182353
"V2",0.498250849777833
"V3",0.651686339871958
"V4",0.538682172540575
"V5",0.352102446835488
"V6",0.876594725763425
"V7",0.694244624348357
"V8",3.40712958015501
"V9",2.66504165995866
"V10",4.39492398221046
"V11",4.58720203023404
