"names","vals"
"Intercept",-2.67946625637123
"y",0.039325927849859
"V1",0.363096121000126
"V2",0.403874793788418
"V3",0.623001386178657
"V4",0.490106748882681
"V5",0.314153493149206
"V6",1.40487450547516
"V7",2.09468261990696
