"names","vals"
"Intercept",-10.7730704333168
"y",0.354298387654126
"V1",0.125493248226121
"V2",0.30301027209498
"V3",0.739520436152816
"V4",0.815816466230899
"V5",0.293306059669703
"V6",0.509240804007277
"V7",0.970732866320759
"V8",3.66905127838254
"V9",4.44444949924946
"V10",2.70795328449458
"V11",2.22575741820037
