"names","vals"
"Intercept",-3.05848824246088
"y",0.0989258408080786
"V1",0.620694378158078
"V2",0.266947420313954
"V3",0.427109992131591
"V4",0.779314763378352
"V5",0.40377107122913
"V6",0.340927858138457
"V7",2.74368422105908
"V8",1.04994227737188
"V9",3.03188884630799
