"names","vals"
"Intercept",-1.2737719247723
"y",0.276886308798566
"V1",0.214441337389871
"V2",0.553005981724709
"V3",0.220528394449502
"V4",0.494643770623952
"V5",1.54492572695017
