"names","vals"
"Intercept",-8.41382356454851
"y",0.00671008438803256
"V1",0.519844452384859
"V2",0.921518323943019
"V3",0.140603700885549
"V4",0.0481390911154449
"V5",0.579580817837268
"V6",0.563129553105682
"V7",0.95083692856133
"V8",0.354263979243115
"V9",4.30171536281705
"V10",4.5144301969558
"V11",4.50532938819379
"V12",4.1044327635318
"V13",1.64578585885465
