"names","vals"
"Intercept",-10.4813784257043
"y",0.561516073998064
"V1",0.278782147914171
"V2",0.00412640068680048
"V3",0.759639953728765
"V4",0.0813781612087041
"V5",0.948941597947851
"V6",0.125364263774827
"V7",0.197242642752826
"V8",0.615099027287215
"V9",4.67139204032719
"V10",1.5795019660145
"V11",3.64165253099054
"V12",3.88196074031293
"V13",1.5435783425346
