"names","vals"
"Intercept",-2.28863541127648
"y",0.753925515105948
"V1",0.147005267208442
"V2",0.713572175474837
"V3",0.241301330272108
"V4",0.669096604455262
"V5",1.27394702471793
