"names","vals"
"Intercept",-5.09007353960304
"y",0.162785448133945
"V1",0.380519941216335
"V2",0.517902795225382
"V3",0.598640488693491
"V4",0.261298855068162
"V5",0.070897844620049
"V6",0.29563090740703
"V7",0.46466418588534
"V8",4.20961928833276
"V9",3.93159811757505
"V10",2.01904628332704
"V11",1.6942590540275
