"names","vals"
"Intercept",-1.4832972913282
"y",0.462245356291533
"V1",0.649370098253712
"V2",0.606576463207603
"V3",0.0313579679932445
"V4",0.280846048844978
"V5",3.87364636361599
