"names","vals"
"Intercept",-6.60492601489881
"y",0.456593750743195
"V1",0.807229903060943
"V2",0.331564984517172
"V3",0.620287452591583
"V4",0.975406875833869
"V5",0.52481477567926
"V6",0.693660840159282
"V7",0.803931373171508
"V8",0.33381183212623
"V9",2.60206407308578
"V10",1.42156676203012
"V11",1.63458219636232
"V12",1.69607010670006
"V13",3.07277015224099
