"names","vals"
"Intercept",-6.79933208027622
"y",0.916278862860054
"V1",0.474267706973478
"V2",0.713674942497164
"V3",0.166597862960771
"V4",0.11587969516404
"V5",0.333648172207177
"V6",0.238369380123913
"V7",2.83265490457416
"V8",3.20716974232346
"V9",4.95093152485788
