"names","vals"
"Intercept",-5.27981236241525
"y",0.900247484212741
"V1",0.557056363904849
"V2",0.625255939550698
"V3",0.207592238672078
"V4",0.861075612483546
"V5",0.481052235234529
"V6",0.800172620685771
"V7",0.979115601861849
"V8",1.56308207008988
"V9",2.21451162546873
"V10",2.50105175003409
"V11",1.24390921741724
