"names","vals"
"Intercept",-4.90511171093676
"y",0.651677177054808
"V1",0.782862853491679
"V2",0.845292543526739
"V3",0.148602123605087
"V4",0.693302446277812
"V5",0.96674720174633
"V6",4.87475758977234
"V7",1.58379331231117
