"names","vals"
"Intercept",-8.11214340669336
"y",0.02503034286201
"V1",0.685514134122059
"V2",0.214012648211792
"V3",0.136936761671677
"V4",0.87462040502578
"V5",0.761564210290089
"V6",0.881751045584679
"V7",4.18933348264545
"V8",4.47245583031327
"V9",4.70078532211483
