"names","vals"
"Intercept",-3.49747863748111
"y",0.263648147694767
"V1",0.802982511231676
"V2",0.792247550096363
"V3",0.272044859826565
"V4",0.834081267472357
"V5",0.371368603315204
"V6",0.620093584759161
"V7",2.24234630260617
"V8",1.69527758471668
"V9",1.35776107013226
