"names","vals"
"Intercept",-8.54870282925665
"y",0.834709388902411
"V1",0.394405846716836
"V2",0.971879953984171
"V3",0.898918411694467
"V4",0.990589310415089
"V5",0.638716286048293
"V6",0.604920140933245
"V7",0.639676054473966
"V8",2.23849995527416
"V9",2.44138685520738
"V10",1.31963681336492
"V11",2.13824719469994
