"names","vals"
"Intercept",-7.52868595459033
"y",0.760236804140732
"V1",0.931243093218654
"V2",0.750728803919628
"V3",0.652462806086987
"V4",0.276338501600549
"V5",0.269330129725859
"V6",0.837118441937491
"V7",3.73282928392291
"V8",2.18964013084769
"V9",2.06778442766517
