"names","vals"
"Intercept",-10.7276296320022
"y",0.791554985102266
"V1",0.429081242298707
"V2",0.723757588304579
"V3",0.658243139041588
"V4",0.943796725943685
"V5",0.312240112340078
"V6",0.264676581369713
"V7",0.691296841716394
"V8",4.96641858760267
"V9",3.74701850861311
"V10",4.28887669742107
"V11",1.50708143785596
