"names","vals"
"Intercept",-3.78586303060874
"y",0.832646351773292
"V1",0.133710188325495
"V2",0.693306605098769
"V3",0.0780921659898013
"V4",0.653720293892547
"V5",0.311117288889363
"V6",0.769150841515511
"V7",2.06654791068286
"V8",3.37117425631732
"V9",1.48018076084554
