"names","vals"
"Intercept",-6.56275467458414
"y",0.363133331993595
"V1",0.0657703229226172
"V2",0.283683558460325
"V3",0.100495194550604
"V4",0.0859191862400621
"V5",0.692911070305854
"V6",0.925935029052198
"V7",0.279061579611152
"V8",3.25308756064624
"V9",1.13652707077563
"V10",3.90250999759883
"V11",2.47715919651091
