"names","vals"
"Intercept",-3.28254411162343
"y",0.742101643932983
"V1",0.740643117111176
"V2",0.88565895659849
"V3",0.0691473507322371
"V4",0.277416459517553
"V5",0.238884361227974
"V6",1.62941097654402
"V7",4.64658170565963
