"names","vals"
"Intercept",-6.67961735694436
"y",0.964017307851464
"V1",0.376591362059116
"V2",0.0665374745149165
"V3",0.453658007318154
"V4",0.530374799622223
"V5",0.240728288656101
"V6",0.409843614324927
"V7",0.947999326046556
"V8",0.405842606443912
"V9",1.68944126646966
"V10",1.38666071742773
"V11",1.12871923670173
"V12",4.23155167326331
"V13",2.66112259309739
