"names","vals"
"Intercept",-2.2179603873333
"y",0.0551851561758667
"V1",0.967191526433453
"V2",0.925117922946811
"V3",0.537425956455991
"V4",0.939432790270075
"V5",2.12934960797429
