"names","vals"
"Intercept",-2.58268147549126
"y",0.601932417368516
"V1",0.383845157455653
"V2",0.988642914220691
"V3",0.534546460025012
"V4",0.570560593623668
"V5",1.69161184784025
