"names","vals"
"Intercept",-0.863605644362979
"y",0.171093712793663
"V1",0.271814898122102
"V2",0.589669914450496
"V3",0.783859816147014
"V4",0.42483758344315
"V5",1.65647927857935
