"names","vals"
"Intercept",-5.67869805159047
"y",0.375747885555029
"V1",0.359421946108341
"V2",0.967547171749175
"V3",0.828856781823561
"V4",0.978275262750685
"V5",0.148942287545651
"V6",2.47159674856812
"V7",3.85159522481263
