"names","vals"
"Intercept",-6.20237819191534
"y",0.723293933551759
"V1",0.953410128830001
"V2",0.465871873544529
"V3",0.0198338131885976
"V4",0.854453394887969
"V5",0.641481108730659
"V6",0.804984766757116
"V7",3.69051338080317
"V8",3.79505034070462
"V9",2.32205222081393
