"names","vals"
"Intercept",-8.62992363509256
"y",0.39614294981584
"V1",0.484031880274415
"V2",0.923365203430876
"V3",0.579344358062372
"V4",0.565979148959741
"V5",0.832023576367646
"V6",0.163074553245679
"V7",0.644702656427398
"V8",3.54973579663783
"V9",1.570491774939
"V10",1.71808598842472
"V11",4.05295513663441
