"names","vals"
"Intercept",-7.1376002309355
"y",0.265482581919059
"V1",0.523624035296962
"V2",0.847071919357404
"V3",0.724123574094847
"V4",0.975147886900231
"V5",0.38455182639882
"V6",0.718797859968618
"V7",0.0839544318150729
"V8",2.92733731027693
"V9",1.85044528357685
"V10",1.10208956804127
"V11",2.63051439262927
