"names","vals"
"Intercept",-10.2361993258819
"y",0.403525963891298
"V1",0.929744963534176
"V2",0.846470849355683
"V3",0.416743614012375
"V4",0.601782888872549
"V5",0.662832223810256
"V6",0.659978121053427
"V7",0.946605574572459
"V8",4.38834945764393
"V9",4.12903124000877
"V10",2.2901816284284
"V11",2.5039742924273
