"names","vals"
"Intercept",-5.37788439494325
"y",0.520388074917719
"V1",0.134251334937289
"V2",0.246468126773834
"V3",0.502676175907254
"V4",0.682737780734897
"V5",0.106595887104049
"V6",0.114362842869014
"V7",0.512075777398422
"V8",0.70184911810793
"V9",1.3362707355991
"V10",2.37579747382551
"V11",3.13521303702146
"V12",3.28577176108956
"V13",1.44196208380163
