"names","vals"
"Intercept",-13.132848867625
"y",0.515691972104833
"V1",0.106159484013915
"V2",0.90296198730357
"V3",0.579044577432796
"V4",0.731860880972818
"V5",0.151573901064694
"V6",0.427190251182765
"V7",0.287561199394986
"V8",0.603400772204623
"V9",3.8319266429171
"V10",2.38924264535308
"V11",3.02618939150125
"V12",4.88569013681263
"V13",4.10183088760823
