"names","vals"
"Intercept",-6.73844599653268
"y",0.620113654760644
"V1",0.874394095037133
"V2",0.815709694987163
"V3",0.279764843871817
"V4",0.458713280269876
"V5",0.672453819774091
"V6",0.236568135442212
"V7",0.102981055155396
"V8",0.397708781529218
"V9",1.54904702864587
"V10",1.79508051183075
"V11",1.76882886886597
"V12",1.89429995417595
"V13",4.68342366907746
