"names","vals"
"Intercept",-4.7337952525774
"y",0.800579575588927
"V1",0.593922714237124
"V2",0.0221541624050587
"V3",0.426728022517636
"V4",0.49291763571091
"V5",0.717819720041007
"V6",4.31903726048768
"V7",1.81253213714808
