"names","vals"
"Intercept",-4.24453965474386
"y",0.672496194485575
"V1",0.48368863016367
"V2",0.570805079769343
"V3",0.183977278415114
"V4",0.263316795229912
"V5",0.443924974184483
"V6",3.63316056597978
"V7",3.99461210984737
