"names","vals"
"Intercept",-3.16051834720885
"y",0.793502448126674
"V1",0.277654481353238
"V2",0.473922445904464
"V3",0.0205050713848323
"V4",0.811962716979906
"V5",0.538721586577594
"V6",0.659511578967795
"V7",0.786906890338287
"V8",1.78933540172875
"V9",3.69868291821331
"V10",1.24807544611394
"V11",1.11468886770308
