"names","vals"
"Intercept",-3.93516087922035
"y",0.335087881656364
"V1",0.601218938827515
"V2",0.844531019218266
"V3",0.630588558502495
"V4",0.0412456183694303
"V5",0.703092352487147
"V6",3.34771312493831
"V7",3.71764800604433
