"names","vals"
"Intercept",-9.51765255232807
"y",0.395844787126407
"V1",0.236041034106165
"V2",0.663036639336497
"V3",0.81359136197716
"V4",0.486162203829736
"V5",0.188231163425371
"V6",0.961235370719805
"V7",0.281334904721007
"V8",4.52198477089405
"V9",4.75307706464082
"V10",3.21336518228054
"V11",2.44194246828556
