"names","vals"
"Intercept",-5.98689840985462
"y",0.18070007674396
"V1",0.730646448442712
"V2",0.864027736941352
"V3",0.213368117809296
"V4",0.214471312705427
"V5",0.275048481533304
"V6",0.250652999617159
"V7",0.232261772966012
"V8",0.334686935413629
"V9",4.72500870376825
"V10",3.695969552733
"V11",4.15245442371815
"V12",1.8071062695235
"V13",4.57836334127933
