"names","vals"
"Intercept",-5.99065871156286
"y",0.814325453015044
"V1",0.16833296045661
"V2",0.650858762441203
"V3",0.487315701786429
"V4",0.957420783815905
"V5",0.200931609608233
"V6",3.30174123868346
"V7",2.90128527674824
