"names","vals"
"Intercept",-8.00187223291025
"y",0.764370685908943
"V1",0.260664211353287
"V2",0.935542998602614
"V3",0.868152053328231
"V4",0.135270458878949
"V5",0.56180024985224
"V6",0.509949192870408
"V7",1.52598578762263
"V8",3.28952777758241
"V9",2.86476965807378
