"names","vals"
"Intercept",-4.19723936905153
"y",0.920428638346493
"V1",0.777978854253888
"V2",0.249317060690373
"V3",0.197699604323134
"V4",0.81410347437486
"V5",0.88294592150487
"V6",0.49178842199035
"V7",0.0546357096172869
"V8",4.89504793379456
"V9",2.13544810097665
"V10",1.90801449865103
"V11",2.98799039982259
