"names","vals"
"Intercept",-9.70525969397277
"y",0.798416965408251
"V1",0.563285575481132
"V2",0.498580343089998
"V3",0.158069952391088
"V4",0.64634301722981
"V5",0.128660878399387
"V6",0.968585363589227
"V7",0.511905435472727
"V8",0.591720584081486
"V9",2.4251463310793
"V10",4.09492324572057
"V11",3.98849241808057
"V12",2.85018026083708
"V13",1.7247237926349
