"names","vals"
"Intercept",-4.81869110601489
"y",0.771607128204778
"V1",0.588178895646706
"V2",0.574526714393869
"V3",0.730800769757479
"V4",0.00103080435656011
"V5",0.579259233782068
"V6",0.28625260759145
"V7",0.28766521718353
"V8",0.897730942349881
"V9",4.96514980960637
"V10",1.63642909098417
"V11",2.30937488283962
"V12",3.2764124982059
"V13",1.76241196505725
