"names","vals"
"Intercept",-1.37675104612019
"y",0.774926505982876
"V1",0.0151711422950029
"V2",0.571445034816861
"V3",0.754042123444378
"V4",0.0953579195775092
"V5",1.41794185619801
