"names","vals"
"Intercept",-8.96592239600606
"y",0.844874599482864
"V1",0.696918952278793
"V2",0.414217055775225
"V3",0.612442212877795
"V4",0.31177375651896
"V5",0.445904079591855
"V6",0.169678071048111
"V7",0.275835761800408
"V8",3.81450918409973
"V9",4.81518369261175
"V10",1.7064322149381
"V11",4.06400677189231
