"names","vals"
"Intercept",-7.6553631059709
"y",0.716850975528359
"V1",0.597060058033094
"V2",0.036800242960453
"V3",0.959130543051288
"V4",0.759688103338704
"V5",0.168517910642549
"V6",0.782208641059697
"V7",0.985142849385738
"V8",3.06454146839678
"V9",4.18946015927941
"V10",3.35680087190121
"V11",2.50470811966807
