"names","vals"
"Intercept",-10.0742140883626
"y",0.700268079526722
"V1",0.262142112711444
"V2",0.359393845312297
"V3",0.650832154788077
"V4",0.354385121259838
"V5",0.371216070838273
"V6",0.838671966688707
"V7",0.813663236796856
"V8",1.08525530528277
"V9",3.69909819960594
"V10",1.88867315463722
"V11",3.48411275353283
