"names","vals"
"Intercept",-4.30302732395707
"y",0.867189061129466
"V1",0.228495385264978
"V2",0.480043696938083
"V3",0.423229546286166
"V4",0.240478589432314
"V5",0.700200414052233
"V6",4.82791856396943
"V7",3.11972572933882
