"names","vals"
"Intercept",-3.742484260723
"y",0.898478366667405
"V1",0.432917180238292
"V2",0.893405112670735
"V3",0.339301718398929
"V4",0.826740115648136
"V5",4.20647775102407
