"names","vals"
"Intercept",-1.73390451694373
"y",0.0059624295681715
"V1",0.909530095290393
"V2",0.768628837773576
"V3",0.511672544758767
"V4",0.108759712893516
"V5",0.876819726778194
"V6",1.22147910390049
"V7",1.61269927490503
