"names","vals"
"Intercept",-7.01949125516228
"y",0.383393215946853
"V1",0.479107522638515
"V2",0.304659359622747
"V3",0.367202402791008
"V4",0.930492330342531
"V5",0.812450658995658
"V6",4.72195367887616
"V7",4.35258286166936
