"names","vals"
"Intercept",-8.03864850423997
"y",0.652500494848937
"V1",0.869949348503724
"V2",0.798384413123131
"V3",0.401552163530141
"V4",0.555945030413568
"V5",0.831309507600963
"V6",0.146847964497283
"V7",4.8620100421831
"V8",4.54609325621277
"V9",4.24187545385212
