"names","vals"
"Intercept",-8.20637918569148
"y",0.785175086464733
"V1",0.37805705727078
"V2",0.861338799120858
"V3",0.439051372930408
"V4",0.0536116734147072
"V5",0.803544991184026
"V6",0.000340833095833659
"V7",0.666196078527719
"V8",0.528215344529599
"V9",2.21485257148743
"V10",1.35526107717305
"V11",4.48132937308401
"V12",2.35185976419598
"V13",4.39482058305293
