"names","vals"
"Intercept",-4.12734373718034
"y",0.921949569601566
"V1",0.463989304378629
"V2",0.86804187297821
"V3",0.813040054636076
"V4",0.221447748597711
"V5",0.9865391489584
"V6",0.834574236534536
"V7",1.38023162819445
"V8",3.12471592985094
"V9",3.9844483518973
