"names","vals"
"Intercept",-3.50767612246564
"y",0.24006131105125
"V1",0.250678197713569
"V2",0.213485993212089
"V3",0.370388981420547
"V4",0.156172195682302
"V5",4.65520290844142
