"names","vals"
"Intercept",-4.93943474578671
"y",0.772889136103913
"V1",0.46175824245438
"V2",0.510782544733956
"V3",0.518160885432735
"V4",0.86069598281756
"V5",3.976383022964
