"names","vals"
"Intercept",-2.9793186900951
"y",0.879826980875805
"V1",0.942386988550425
"V2",0.347868469078094
"V3",0.118439016165212
"V4",0.0153864801395684
"V5",0.85181324207224
"V6",0.873909140238538
"V7",1.4714436987415
"V8",2.67578621860594
"V9",1.97686482779682
