"names","vals"
"Intercept",-5.05819748978596
"y",0.167859096545726
"V1",0.165718598058447
"V2",0.800180839840323
"V3",0.238359032897279
"V4",0.774234244599938
"V5",0.0625415360555053
"V6",2.93318504653871
"V7",1.52597517892718
