"names","vals"
"Intercept",-7.84497533016838
"y",0.547441099537537
"V1",0.425137793412432
"V2",0.130492435302585
"V3",0.53782578301616
"V4",0.0196264525875449
"V5",0.911041907500476
"V6",0.963800044497475
"V7",4.56752257794142
"V8",3.7821860909462
"V9",4.05992190167308
