"names","vals"
"Intercept",-9.10897356914356
"y",0.738338036462665
"V1",0.0238690252881497
"V2",0.841390973888338
"V3",0.850458939559758
"V4",0.150187640450895
"V5",0.530344997998327
"V6",0.548818808048964
"V7",0.827188615454361
"V8",0.870343447430059
"V9",3.8736306624487
"V10",2.37694740761071
"V11",4.40144574735314
"V12",2.34802243672311
"V13",1.31257987953722
