"names","vals"
"Intercept",-7.42521197636379
"y",0.883829498663545
"V1",0.324828153010458
"V2",0.365463813301176
"V3",0.31960426340811
"V4",0.0531811027321965
"V5",0.279044774128124
"V6",0.0283281428273767
"V7",0.0681351898238063
"V8",0.656217148061842
"V9",2.06458377372473
"V10",4.1573256123811
"V11",4.7814271748066
"V12",2.62830714974552
"V13",2.91593704465777
