"names","vals"
"Intercept",-6.84713705941802
"y",0.711975873447955
"V1",0.18786691641435
"V2",0.181120411027223
"V3",0.888382959878072
"V4",0.725309564964846
"V5",0.890967556275427
"V6",0.874362813076004
"V7",1.70182061754167
"V8",3.42848231084645
"V9",3.64389690291137
