"names","vals"
"Intercept",-4.03967334169429
"y",0.990183148998767
"V1",0.742634661262855
"V2",0.0839275966864079
"V3",0.647650473983958
"V4",0.0995350175071508
"V5",4.69057829491794
