"names","vals"
"Intercept",-7.40119124623714
"y",0.452727012336254
"V1",0.728424429893494
"V2",0.456000438658521
"V3",0.34076792630367
"V4",0.946220355341211
"V5",0.0930625535547733
"V6",0.43035847065039
"V7",3.071239316836
"V8",1.98816389590502
"V9",3.49789319187403
