"names","vals"
"Intercept",-6.54976515757153
"y",0.862668729387224
"V1",0.691424041986465
"V2",0.766008306061849
"V3",0.677796013653278
"V4",0.813985212473199
"V5",0.333917662966996
"V6",0.63291558646597
"V7",4.13046052400023
"V8",3.67691800929606
"V9",1.40029404405504
