"names","vals"
"Intercept",-1.41923955732491
"y",0.46475082077086
"V1",0.263728879857808
"V2",0.222871577134356
"V3",0.827138285618275
"V4",0.141752973431721
"V5",2.49951725266874
