"names","vals"
"Intercept",-5.67593621803913
"y",0.524519575294107
"V1",0.893211564747617
"V2",0.167839735979214
"V3",0.356699723517522
"V4",0.123159891925752
"V5",0.858433113666251
"V6",0.974293039646
"V7",0.930514906765893
"V8",0.295041022123769
"V9",2.11888771690428
"V10",1.66506250854582
"V11",4.2351192375645
"V12",3.2149550775066
"V13",2.61629834305495
