"names","vals"
"Intercept",-3.36396316281753
"y",0.51631406112574
"V1",0.791704887989908
"V2",0.563443986466154
"V3",0.742039509117603
"V4",0.380132638150826
"V5",2.01205029524863
