"names","vals"
"Intercept",-7.49433989539975
"y",0.625023814383894
"V1",0.948327839840204
"V2",0.701646815752611
"V3",0.893196645192802
"V4",0.573682544287294
"V5",0.298373205820099
"V6",0.484044566052034
"V7",0.711587788769975
"V8",1.80759473983198
"V9",3.15181780233979
"V10",1.20398239884526
"V11",3.85116478987038
