"names","vals"
"Intercept",-4.69489268784877
"y",0.201279349857941
"V1",0.0130073884502053
"V2",0.264939278364182
"V3",0.124079702189192
"V4",0.449654271127656
"V5",0.608268449082971
"V6",0.737319431267679
"V7",0.840614780783653
"V8",1.32791468314826
"V9",4.72520618420094
"V10",1.58603056613356
"V11",1.38707960397005
