"names","vals"
"Intercept",-9.19683736649575
"y",0.776740501169115
"V1",0.605859214905649
"V2",0.910547480685636
"V3",0.0017330595292151
"V4",0.856659260811284
"V5",0.760070897638798
"V6",0.818294909782708
"V7",3.91638197284192
"V8",1.82930851355195
"V9",2.32746879290789
