"names","vals"
"Intercept",-11.2635639380105
"y",0.0622026759665459
"V1",0.747055458603427
"V2",0.302711396478117
"V3",0.554635641630739
"V4",0.737356802914292
"V5",0.421502839541063
"V6",0.52412136294879
"V7",0.453444259008393
"V8",3.45638643484563
"V9",3.89745556004345
"V10",3.14758495427668
"V11",2.95327565912157
