"names","vals"
"Intercept",-4.53578606850468
"y",0.607938879635185
"V1",0.407905831001699
"V2",0.169293175218627
"V3",0.916093351086602
"V4",0.0229597839061171
"V5",0.306321808602661
"V6",2.22565873991698
"V7",1.46635766886175
