"names","vals"
"Intercept",-6.31972313913982
"y",0.329493029043078
"V1",0.327561237616464
"V2",0.881835221545771
"V3",0.0780044428538531
"V4",0.0478735314682126
"V5",0.342580174328759
"V6",0.309143911581486
"V7",1.21231545973569
"V8",3.73560385592282
"V9",2.50286344066262
