"names","vals"
"Intercept",-2.34308452878147
"y",0.883967889472842
"V1",0.997455265838653
"V2",0.557031640550122
"V3",0.216468046884984
"V4",0.770626053214073
"V5",4.17363177239895
