"names","vals"
"Intercept",-9.16551276093815
"y",0.376839755102992
"V1",0.577812739647925
"V2",0.348422518931329
"V3",0.116249808110297
"V4",0.607648319331929
"V5",0.171103065134957
"V6",0.73418830963783
"V7",0.119890763889998
"V8",0.530768940225244
"V9",4.01720677409321
"V10",4.6974793728441
"V11",2.19862033519894
"V12",2.32090996950865
"V13",1.9354989444837
