"names","vals"
"Intercept",-4.68137565805577
"y",0.135503838537261
"V1",0.629466888261959
"V2",0.423494862159714
"V3",0.693898836849257
"V4",0.601347295334563
"V5",0.326338462764397
"V6",0.337386091705412
"V7",1.97490501962602
"V8",1.81149995978922
"V9",1.7666825754568
