"names","vals"
"Intercept",-8.79927170835435
"y",0.252126686973497
"V1",0.0961722054053098
"V2",0.28737054602243
"V3",0.638552513439208
"V4",0.90294872969389
"V5",0.454280242556706
"V6",0.132060480536893
"V7",0.659669159911573
"V8",0.806013892637566
"V9",3.67306151520461
"V10",2.34231870342046
"V11",2.24754453171045
"V12",2.2078941706568
"V13",2.79332544095814
