"names","vals"
"Intercept",-7.34431493744953
"y",0.995739434380084
"V1",0.12064951332286
"V2",0.847142539452761
"V3",0.258201442426071
"V4",0.494385319529101
"V5",0.337714205263183
"V6",0.0748079544864595
"V7",2.13483174983412
"V8",3.37376709189266
"V9",3.20454268436879
