"names","vals"
"Intercept",-3.68740236780373
"y",0.82232186337933
"V1",0.602824161760509
"V2",0.0236552050337195
"V3",0.566913549089804
"V4",0.557342283893377
"V5",0.511849449481815
"V6",3.03022918850183
"V7",1.74415171053261
