"names","vals"
"Intercept",-2.34584411058109
"y",0.727482983609661
"V1",0.159868241753429
"V2",0.363737580133602
"V3",0.123569036368281
"V4",0.338093939237297
"V5",0.479619984515011
"V6",1.74861958436668
"V7",1.24188823625445
