"names","vals"
"Intercept",-5.17244694672991
"y",0.613339779200032
"V1",0.13093417393975
"V2",0.823373495368287
"V3",0.421980075770989
"V4",0.723388972925022
"V5",0.7675922436174
"V6",4.31844805646688
"V7",1.27394634205848
