"names","vals"
"Intercept",-1.24641340337694
"y",0.170711173908785
"V1",0.193719423143193
"V2",0.149013120681047
"V3",0.355551183223724
"V4",0.575010349974036
"V5",2.18062804918736
