"names","vals"
"Intercept",-7.99012652604375
"y",0.343036508653313
"V1",0.247044220101088
"V2",0.553418189985678
"V3",0.353991886368021
"V4",0.721573826856911
"V5",0.863199562765658
"V6",0.916840441524982
"V7",3.24459947086871
"V8",3.92123886011541
"V9",3.06226778775454
