"names","vals"
"Intercept",-8.76801142365672
"y",0.887921886751428
"V1",0.996585414744914
"V2",0.571140789426863
"V3",0.931150032905862
"V4",0.809668427100405
"V5",0.965562772005796
"V6",0.117679739603773
"V7",0.784000684740022
"V8",2.13017178233713
"V9",2.01381301227957
"V10",1.81945076584816
"V11",4.40218991879374
