"names","vals"
"Intercept",-5.64366614779225
"y",0.74772012187168
"V1",0.500320749357343
"V2",0.083153115818277
"V3",0.302809505024925
"V4",0.552080788183957
"V5",0.997743258019909
"V6",0.872110799420625
"V7",3.09699941892177
"V8",2.46699886210263
"V9",2.86590598430485
