"names","vals"
"Intercept",-2.93121594959637
"y",0.304441253887489
"V1",0.696986628696322
"V2",0.0160639637615532
"V3",0.568326345644891
"V4",0.313568338518962
"V5",4.74535667989403
