"names","vals"
"Intercept",-6.0703900674847
"y",0.876751591684297
"V1",0.683479700470343
"V2",0.727299355203286
"V3",0.132489860057831
"V4",0.645672591170296
"V5",0.671615991042927
"V6",3.82876266166568
"V7",1.1829770738259
