"names","vals"
"Intercept",-1.13689725726843
"y",0.727606478845701
"V1",0.499145163921639
"V2",0.426335739670321
"V3",0.0757784757297486
"V4",0.102808780269697
"V5",4.21783508174121
