"names","vals"
"Intercept",-6.01643537901808
"y",0.67517685261555
"V1",0.135301714064553
"V2",0.100468453252688
"V3",0.188416463555768
"V4",0.18879458331503
"V5",0.801045569358394
"V6",0.635386685142294
"V7",1.73490963224322
"V8",2.48226147331297
"V9",3.04911118932068
