"names","vals"
"Intercept",-6.8347835979797
"y",0.625491057522595
"V1",0.176618096185848
"V2",0.921436241827905
"V3",0.415771367726848
"V4",0.967691260622814
"V5",0.565087892813608
"V6",0.0966102147940546
"V7",0.25497990520671
"V8",0.385275647044182
"V9",3.6317557124421
"V10",2.3704384919256
"V11",4.7938917549327
"V12",2.02791605982929
"V13",1.08531232178211
