"names","vals"
"Intercept",-11.7341167650186
"y",0.50662943162024
"V1",0.67390474374406
"V2",0.526366334175691
"V3",0.708784429822117
"V4",0.883517667651176
"V5",0.113546778447926
"V6",0.490149033488706
"V7",0.807121025864035
"V8",0.416958540678024
"V9",3.38956056907773
"V10",4.65737052913755
"V11",2.47646517213434
"V12",4.56689997203648
"V13",2.48784093279392
