"names","vals"
"Intercept",-8.63580465788255
"y",0.485457282979041
"V1",0.597552686696872
"V2",0.59466898208484
"V3",0.391844872850925
"V4",0.327402538154274
"V5",0.866123498883098
"V6",0.800090932287276
"V7",4.37196093890816
"V8",1.05989055149257
"V9",4.21384341642261
