"names","vals"
"Intercept",-7.60101344886934
"y",0.525348673574626
"V1",0.598192358855158
"V2",0.336116970749572
"V3",0.245183301158249
"V4",0.412199622485787
"V5",0.723722434137017
"V6",0.056163958273828
"V7",0.199997156159952
"V8",0.913789300713688
"V9",4.99509218614548
"V10",3.07932742312551
"V11",1.586260702461
"V12",3.20416649337858
"V13",2.56528965570033
