"names","vals"
"Intercept",-12.2560101454984
"y",0.455606709234416
"V1",0.64503938658163
"V2",0.368641522247344
"V3",0.840945394942537
"V4",0.107847301056609
"V5",0.318105465266854
"V6",0.643936125794426
"V7",0.616872573038563
"V8",0.977702383883297
"V9",2.44351208396256
"V10",3.07457841560245
"V11",2.47828820999712
"V12",2.28327446430922
"V13",1.74521209765226
