"names","vals"
"Intercept",-6.30775239897193
"y",0.126566650345922
"V1",0.569172441028059
"V2",0.480180142447352
"V3",0.419332924298942
"V4",0.589639574289322
"V5",0.939180000452325
"V6",0.757266356842592
"V7",3.88971127383411
"V8",4.45687350910157
"V9",2.25567203108221
