"names","vals"
"Intercept",-2.95411067200359
"y",0.18175438977778
"V1",0.713042514631525
"V2",0.673730749171227
"V3",0.229645086918026
"V4",0.0939691876992583
"V5",3.80245703086257
