"names","vals"
"Intercept",-3.74945274473866
"y",0.251346110831946
"V1",0.130871300119907
"V2",0.927829942433164
"V3",0.0407248199917376
"V4",0.975678523303941
"V5",0.393636073218659
"V6",0.766573420260102
"V7",1.39902625326067
"V8",4.02307032234967
"V9",3.71521223057061
