"names","vals"
"Intercept",-8.62343408131273
"y",0.0324781970120966
"V1",0.24474977212958
"V2",0.702210870338604
"V3",0.807539458619431
"V4",0.0131554333493114
"V5",0.570630092872307
"V6",0.947312745032832
"V7",0.745937913656235
"V8",3.7510541016236
"V9",4.76274185534567
"V10",1.32943811453879
"V11",4.9308481682092
