"names","vals"
"Intercept",-3.68355616533896
"y",0.47826521540992
"V1",0.147203182335943
"V2",0.216387138701975
"V3",0.216505809454247
"V4",0.852012782357633
"V5",0.621553214034066
"V6",2.16783402115107
"V7",2.12688826397061
