"names","vals"
"Intercept",-11.7563176422031
"y",0.547766225179657
"V1",0.122084821807221
"V2",0.763394405134022
"V3",0.583218213636428
"V4",0.519865085138008
"V5",0.270671555306762
"V6",0.154898506589234
"V7",0.0732227468397468
"V8",4.76824338641018
"V9",2.4904217524454
"V10",3.46845191344619
"V11",4.63636958599091
