"names","vals"
"Intercept",-3.84537393402308
"y",0.0823847963474691
"V1",0.513313538627699
"V2",0.796752529917285
"V3",0.52435662643984
"V4",0.294590604258701
"V5",4.95091230422258
