"names","vals"
"Intercept",-4.03479726821184
"y",0.596633846638724
"V1",0.495749420952052
"V2",0.140805878210813
"V3",0.303208463825285
"V4",0.461452800547704
"V5",0.993588217999786
"V6",0.349256159737706
"V7",1.63941710628569
"V8",2.23571339808404
"V9",3.01656725537032
