"names","vals"
"Intercept",-2.01534302086569
"y",0.730366934090853
"V1",0.202987400814891
"V2",0.349069963442162
"V3",0.0492749672848731
"V4",0.360751950880513
"V5",4.68503202311695
