"names","vals"
"Intercept",-9.01841440877179
"y",0.424459175905213
"V1",0.806971728801727
"V2",0.377366808708757
"V3",0.214586222544312
"V4",0.0759133221581578
"V5",0.0395850075874478
"V6",0.000449794111773372
"V7",0.420688218669966
"V8",4.55582201108336
"V9",2.13905843254179
"V10",1.07205954845995
"V11",4.69805430062115
