"names","vals"
"Intercept",-8.96138758854009
"y",0.176961612422019
"V1",0.3274425950367
"V2",0.783219317439944
"V3",0.100416677072644
"V4",0.139546962454915
"V5",0.674932739464566
"V6",0.777492127614096
"V7",0.0754092782735825
"V8",1.80559795349836
"V9",1.9056127788499
"V10",3.29777939338237
"V11",3.48035026434809
