"names","vals"
"Intercept",-1.58743414047873
"y",0.241495138267055
"V1",0.716080783400685
"V2",0.452858246862888
"V3",0.0112860542722046
"V4",0.854220601264387
"V5",0.256739563541487
"V6",4.50344249885529
"V7",3.21595020871609
