"names","vals"
"Intercept",-4.42923234174959
"y",0.908097881823778
"V1",0.0733615141361952
"V2",0.255958774359897
"V3",0.984285757876933
"V4",0.991660140454769
"V5",0.210743096424267
"V6",0.337061904137954
"V7",3.20963445492089
"V8",3.14482540544122
"V9",2.36491963360459
