"names","vals"
"Intercept",-8.06026217639446
"y",0.840988807845861
"V1",0.215030685300007
"V2",0.697462213691324
"V3",0.615190798882395
"V4",0.646526788827032
"V5",0.301393904024735
"V6",0.739533245097846
"V7",2.89261228311807
"V8",4.80917832348496
"V9",4.59425512235612
