"names","vals"
"Intercept",-14.5478412608011
"y",0.980885386932641
"V1",0.796020435635
"V2",0.989016989478841
"V3",0.607807827414945
"V4",0.862849512835965
"V5",0.0109851334709674
"V6",0.925893072038889
"V7",0.965318905189633
"V8",2.21792246028781
"V9",3.92982150521129
"V10",4.49780450388789
"V11",4.84914354607463
