"names","vals"
"Intercept",-4.88080386255169
"y",0.653919747564942
"V1",0.18388964026235
"V2",0.880591270513833
"V3",0.33858163561672
"V4",0.716844408074394
"V5",0.132888762047514
"V6",0.246132979635149
"V7",0.056207271059975
"V8",1.20618381444365
"V9",4.77519114036113
"V10",3.62527877930552
"V11",1.61482497211546
