"names","vals"
"Intercept",-4.92629291974939
"y",0.388708407524973
"V1",0.687751182587817
"V2",0.132678634021431
"V3",0.141916430555284
"V4",0.450006679398939
"V5",0.31565810344182
"V6",0.134060155134648
"V7",0.820611069211736
"V8",2.71205011382699
"V9",4.9869142267853
"V10",4.73616144061089
"V11",1.67459731642157
