"names","vals"
"Intercept",-1.47248537397245
"y",0.298815462738276
"V1",0.398674318566918
"V2",0.232667486416176
"V3",0.884621775709093
"V4",0.665646138368174
"V5",0.394067652989179
"V6",3.22257676534355
"V7",2.06052763573825
