"names","vals"
"Intercept",-4.67447879363783
"y",0.527277824003249
"V1",0.57989825354889
"V2",0.316033233422786
"V3",0.259514328557998
"V4",0.723081600386649
"V5",0.54457168164663
"V6",0.511559057049453
"V7",1.89764468930662
"V8",2.60486862901598
"V9",1.9396050022915
