"names","vals"
"Intercept",-4.37810724180425
"y",0.51084856595844
"V1",0.887163679115474
"V2",0.127921260660514
"V3",0.309227969730273
"V4",0.91091346880421
"V5",0.531102534150705
"V6",1.59320270456374
"V7",2.25138193182647
