"names","vals"
"Intercept",-11.4780116251716
"y",0.784736551111564
"V1",0.742456127190962
"V2",0.625181077746674
"V3",0.658206148073077
"V4",0.556129367323592
"V5",0.237666165921837
"V6",0.320897457422689
"V7",0.668620264623314
"V8",0.774487637914717
"V9",4.39719548821449
"V10",1.67110216803849
"V11",3.13901697937399
"V12",4.85832372028381
"V13",1.05305777397007
