"names","vals"
"Intercept",-8.47598836393096
"y",0.955239284783602
"V1",0.170333927962929
"V2",0.381004398921505
"V3",0.578700679121539
"V4",0.644509427016601
"V5",0.111189779592678
"V6",0.527553590713069
"V7",0.86806801892817
"V8",0.976370189106092
"V9",3.26952824741602
"V10",2.60760330595076
"V11",4.82518766541034
"V12",2.02066619694233
"V13",4.8390926932916
