"names","vals"
"Intercept",-4.77512502214871
"y",0.00822005560621619
"V1",0.9599054439459
"V2",0.233905559871346
"V3",0.165573425125331
"V4",0.965088004013523
"V5",0.465494286036119
"V6",0.354769286466762
"V7",0.673728689318523
"V8",0.67922847927548
"V9",1.01231102086604
"V10",2.12149551976472
"V11",1.11362419556826
"V12",3.18245489057153
"V13",3.07173549756408
