"names","vals"
"Intercept",-11.3605848527164
"y",0.384636962087825
"V1",0.141900217626244
"V2",0.85003115539439
"V3",0.596423754701391
"V4",0.811090291943401
"V5",0.56797609385103
"V6",0.610549947014078
"V7",0.23332641646266
"V8",3.51308276783675
"V9",1.05351316276938
"V10",4.20348561648279
"V11",4.68599894735962
