"names","vals"
"Intercept",-4.664315998042
"y",0.816364316968247
"V1",0.0421616868115962
"V2",0.647949191741645
"V3",0.886689309496433
"V4",0.558082036441192
"V5",0.25716199236922
"V6",2.85753999836743
"V7",1.95429367013276
