"names","vals"
"Intercept",-2.65561575969448
"y",0.970311479875818
"V1",0.163306512404233
"V2",0.190356849459931
"V3",0.48336392105557
"V4",0.335643467027694
"V5",2.91951429285109
