"names","vals"
"Intercept",-12.0214373197104
"y",0.273082405328751
"V1",0.761762144975364
"V2",0.84106737934053
"V3",0.0175020394381136
"V4",0.250209813471884
"V5",0.486796817043796
"V6",0.712188352365047
"V7",0.0573657094500959
"V8",0.77146868314594
"V9",3.18840123340487
"V10",1.9007061785087
"V11",4.83846096228808
"V12",4.31609381921589
"V13",2.2155044330284
