"names","vals"
"Intercept",-7.91302582810167
"y",0.236582921352237
"V1",0.172599636949599
"V2",0.848528180969879
"V3",0.625402042176574
"V4",0.840731969103217
"V5",0.0844892535824329
"V6",0.316474582767114
"V7",0.0917810765095055
"V8",0.92368722637184
"V9",4.47292455285788
"V10",4.46413211524487
"V11",4.44535376690328
"V12",3.16707076039165
"V13",2.45885210949928
