"names","vals"
"Intercept",-4.24206105596386
"y",0.835509475320578
"V1",0.752585110487416
"V2",0.272355077555403
"V3",0.272415165090933
"V4",0.309097193414345
"V5",4.08960000332445
