"names","vals"
"Intercept",-6.11444109663134
"y",0.655870190355927
"V1",0.818481465568766
"V2",0.655703819356859
"V3",0.34981078421697
"V4",0.214174945605919
"V5",0.424258323619142
"V6",0.0259697993751615
"V7",0.729787692660466
"V8",2.51058723963797
"V9",1.14214590098709
"V10",4.37275490909815
"V11",2.94146933313459
