"names","vals"
"Intercept",-3.55918961318675
"y",0.172928873682395
"V1",0.729892244096845
"V2",0.977300958940759
"V3",0.607392255216837
"V4",0.322373328963295
"V5",0.463558554882184
"V6",3.43228142987937
"V7",4.36191355995834
