"names","vals"
"Intercept",-3.86402433517855
"y",0.895599140319973
"V1",0.782810184871778
"V2",0.402214715024456
"V3",0.178513314342126
"V4",0.286567775765434
"V5",2.52995954174548
