"names","vals"
"Intercept",-7.86763267372735
"y",0.761721227318048
"V1",0.799592492636293
"V2",0.621612904360518
"V3",0.896154074696824
"V4",0.954210040392354
"V5",0.12101319921203
"V6",0.807094793766737
"V7",0.779270062921569
"V8",2.75110573321581
"V9",4.36883862596005
"V10",4.19065026193857
"V11",4.95567298680544
