"names","vals"
"Intercept",-3.89600020485232
"y",0.820825250819325
"V1",0.931543387938291
"V2",0.167850397760049
"V3",0.292206573067233
"V4",0.171297923196107
"V5",4.70545865129679
