"names","vals"
"Intercept",-9.53621562706306
"y",0.57521591335535
"V1",0.572896250523627
"V2",0.888809085357934
"V3",0.553515331586823
"V4",0.632869742577896
"V5",0.926713810535148
"V6",0.689775385661051
"V7",3.46994849387556
"V8",3.12508264370263
"V9",1.63760100863874
