"names","vals"
"Intercept",-4.20798143943539
"y",0.493620215915143
"V1",0.383836651453748
"V2",0.462630417197943
"V3",0.305363262305036
"V4",0.657902353443205
"V5",0.814734864979982
"V6",2.53268519975245
"V7",2.40122335962951
