"names","vals"
"Intercept",-7.55745958253741
"y",0.242097145179287
"V1",0.858709189342335
"V2",0.156236959854141
"V3",0.545321060577407
"V4",0.439415738685057
"V5",0.460355620831251
"V6",0.599770327564329
"V7",0.8644327246584
"V8",1.56388690136373
"V9",2.01403691619635
"V10",2.3471666648984
"V11",3.95669246278703
