"names","vals"
"Intercept",-5.92417267143028
"y",0.982533759437501
"V1",0.287454289849848
"V2",0.181192171294242
"V3",0.0626771715469658
"V4",0.94324367842637
"V5",0.372726734029129
"V6",0.217092440230772
"V7",4.53729809913784
"V8",3.17649777140468
"V9",3.70047768298537
