"names","vals"
"Intercept",-10.8969702014839
"y",0.226450909394771
"V1",0.367774276295677
"V2",0.345003178808838
"V3",0.74230897706002
"V4",0.939581006765366
"V5",0.923446200788021
"V6",0.00909833353944123
"V7",0.362375307595357
"V8",0.53011600417085
"V9",3.74799040239304
"V10",1.64938286785036
"V11",2.05128431227058
"V12",2.38578225113451
"V13",2.14639629609883
