"names","vals"
"Intercept",-11.3061312222714
"y",0.798817365663126
"V1",0.12245858181268
"V2",0.640512088080868
"V3",0.85577859194018
"V4",0.117287456756458
"V5",0.886447894852608
"V6",0.520509061170742
"V7",0.792659384431317
"V8",4.97172945830971
"V9",3.76843265630305
"V10",1.82894700672477
"V11",3.15023661218584
