"names","vals"
"Intercept",-1.49646666136105
"y",0.0514762415550649
"V1",0.151305580278859
"V2",0.616915235063061
"V3",0.415601059095934
"V4",0.683477032696828
"V5",4.24910146743059
