"names","vals"
"Intercept",-1.09840410253964
"y",0.417402338702232
"V1",0.582196899689734
"V2",0.130286070052534
"V3",0.00709160463884473
"V4",0.146650117589161
"V5",2.63065303489566
