"names","vals"
"Intercept",-4.37306227530818
"y",0.0225743306800723
"V1",0.897551908390597
"V2",0.877918777987361
"V3",0.516964045818895
"V4",0.685777938226238
"V5",3.98648418020457
