"names","vals"
"Intercept",-3.19687395612011
"y",0.177473550895229
"V1",0.750719787087291
"V2",0.356351792113855
"V3",0.0389565047807992
"V4",0.0724851198028773
"V5",0.913067221175879
"V6",0.0419977712444961
"V7",0.06136598973535
"V8",1.44752478692681
"V9",1.82015983760357
"V10",1.06095035374165
"V11",4.15779007133096
