"names","vals"
"Intercept",-3.83489450608613
"y",0.955488041974604
"V1",0.401045934297144
"V2",0.388724451884627
"V3",0.0996521988417953
"V4",0.114149369532242
"V5",0.996157337678596
"V6",0.594570041168481
"V7",1.4324336880818
"V8",4.21074179746211
"V9",3.68934166990221
