"names","vals"
"Intercept",-4.70957545399433
"y",0.590660530142486
"V1",0.177118884166703
"V2",0.386822108877823
"V3",0.50930316769518
"V4",0.541409849654883
"V5",0.502116227522492
"V6",0.130012667970732
"V7",4.08044916484505
"V8",4.61789034958929
"V9",1.60993289109319
