"names","vals"
"Intercept",-4.34996995795751
"y",0.392417099326849
"V1",0.804497614037246
"V2",0.251275636721402
"V3",0.000701709417626262
"V4",0.904001322109252
"V5",0.2204616505187
"V6",2.76300179865211
"V7",4.48808588273823
