"names","vals"
"Intercept",-2.47287231393857
"y",0.511697951471433
"V1",0.245299297384918
"V2",0.663236907916144
"V3",0.865976326400414
"V4",0.921708333073184
"V5",0.562850699294358
"V6",3.50067509617656
"V7",2.93775891140103
