"names","vals"
"Intercept",-8.56934011888225
"y",0.100859060883522
"V1",0.383167010731995
"V2",0.569082174217328
"V3",0.7950471683871
"V4",0.360922353575006
"V5",0.778614831389859
"V6",0.291523972526193
"V7",4.01131775043905
"V8",4.64044225215912
"V9",3.32452535908669
