"names","vals"
"Intercept",-10.1776929433132
"y",0.95238897530362
"V1",0.717376451240852
"V2",0.437336015980691
"V3",0.112623298773542
"V4",0.53224273910746
"V5",0.935566718922928
"V6",0.828029981581494
"V7",0.487421868834645
"V8",0.109011674299836
"V9",3.73750185128301
"V10",2.38405062351376
"V11",1.38202654663473
"V12",1.48097040876746
"V13",3.08562325686216
