"names","vals"
"Intercept",-2.84957880448084
"y",0.897265135543421
"V1",0.665797468740493
"V2",0.496836557518691
"V3",0.139139320701361
"V4",0.741097917314619
"V5",2.40276162326336
