"names","vals"
"Intercept",-2.79291323827114
"y",0.757662708871067
"V1",0.406981240725145
"V2",0.00308613898232579
"V3",0.310703863855451
"V4",0.185588287189603
"V5",3.33416285458952
