"names","vals"
"Intercept",-4.14811103232205
"y",0.131301639601588
"V1",0.0503347984049469
"V2",0.719394590239972
"V3",0.793198960600421
"V4",0.374811235582456
"V5",0.183727176394314
"V6",3.14841214288026
"V7",1.98709065187722
