"names","vals"
"Intercept",-4.3662021944928
"y",0.27898967359215
"V1",0.841966537991539
"V2",0.90827967505902
"V3",0.131115201860666
"V4",0.71737726801075
"V5",0.818365175276995
"V6",0.939849219052121
"V7",0.478040856309235
"V8",2.56370395421982
"V9",2.16742260847241
"V10",1.20439347159117
"V11",2.5506176976487
