"names","vals"
"Intercept",-7.11926564882742
"y",0.565086216200143
"V1",0.28732888167724
"V2",0.0921347551047802
"V3",0.15228511299938
"V4",0.29973179125227
"V5",0.643744201399386
"V6",0.472129032248631
"V7",0.640745699638501
"V8",3.58714803308249
"V9",1.38652693852782
"V10",1.72784881480038
"V11",4.24444481451064
