"names","vals"
"Intercept",-4.2703155319998
"y",0.59820428583771
"V1",0.276357980677858
"V2",0.281449952628464
"V3",0.465368999401107
"V4",0.855830719461665
"V5",0.249494828050956
"V6",2.60112312808633
"V7",3.11953415162861
