"names","vals"
"Intercept",-6.3190747718513
"y",0.124580119969323
"V1",0.341673084767535
"V2",0.03889533970505
"V3",0.811362379929051
"V4",0.367347005056217
"V5",0.691486640833318
"V6",0.895815921714529
"V7",0.00751853198744357
"V8",1.22675598599017
"V9",1.89567415323108
"V10",2.35735835134983
"V11",2.89843868650496
