"names","vals"
"Intercept",-8.30581557486439
"y",0.401049084262922
"V1",0.0280152335762978
"V2",0.746329077519476
"V3",0.378565884428099
"V4",0.420204838272184
"V5",0.498794700950384
"V6",0.320957203395665
"V7",0.349760901415721
"V8",0.667777301976457
"V9",3.38353476766497
"V10",2.68916961643845
"V11",3.72505767643452
"V12",3.81856966763735
"V13",3.91306753922254
