"names","vals"
"Intercept",-13.929686241704
"y",0.98571833781898
"V1",0.803582733031362
"V2",0.432487495942041
"V3",0.224996616132557
"V4",0.464713053312153
"V5",0.325102844974026
"V6",0.602158755529672
"V7",0.869424362201244
"V8",4.39654226694256
"V9",3.33828333113343
"V10",4.53718083165586
"V11",1.60668859723955
