"names","vals"
"Intercept",-15.2513140122406
"y",0.972023626323789
"V1",0.637256674701348
"V2",0.148538243258372
"V3",0.64796385820955
"V4",0.646268476033583
"V5",0.78131250734441
"V6",0.633601627778262
"V7",0.482260183896869
"V8",4.5379854189232
"V9",4.43473263923079
"V10",1.55639549251646
"V11",4.59747302532196
