"names","vals"
"Intercept",-8.46774294170085
"y",0.244407546473667
"V1",0.143697689753026
"V2",0.576692569535226
"V3",0.672852420015261
"V4",0.383724046172574
"V5",0.255755114834756
"V6",0.460866720881313
"V7",0.932533525163308
"V8",2.88362262677401
"V9",1.37641943339258
"V10",4.47972015850246
"V11",1.93814681190997
