"names","vals"
"Intercept",-4.40687981212279
"y",0.638707706704736
"V1",0.840441836975515
"V2",0.466113365720958
"V3",0.440457958960906
"V4",0.748073475202546
"V5",0.0551554276607931
"V6",0.167439924553037
"V7",0.85047348216176
"V8",1.99633152410388
"V9",1.29828841332346
"V10",1.03006744291633
"V11",4.91236279346049
