"names","vals"
"Intercept",-9.9413920796942
"y",0.462273445678875
"V1",0.516278693918139
"V2",0.463196751195937
"V3",0.726649295305833
"V4",0.205946961184964
"V5",0.173440165352076
"V6",0.251690659439191
"V7",0.729486050549895
"V8",4.9419681513682
"V9",4.53928641509265
"V10",3.96851165685803
"V11",2.4968824731186
