"names","vals"
"Intercept",-1.12263733878266
"y",0.518083926290274
"V1",0.0202652718871832
"V2",0.553762653376907
"V3",0.48435561126098
"V4",0.394841248169541
"V5",1.67756723612547
