"names","vals"
"Intercept",-5.47470936521422
"y",0.0968951964750886
"V1",0.871463037794456
"V2",0.0732619736809283
"V3",0.969071330502629
"V4",0.112418826203793
"V5",0.791776242200285
"V6",0.713472140254453
"V7",0.790652651106939
"V8",4.89822534006089
"V9",4.20943193230778
"V10",1.6753369756043
"V11",3.7158938460052
