"names","vals"
"Intercept",-4.08873003271874
"y",0.423356446204707
"V1",0.575961096677929
"V2",0.877216212917119
"V3",0.692738267360255
"V4",0.971778651932254
"V5",0.655072288587689
"V6",4.11855603847653
"V7",2.00489058718085
