"names","vals"
"Intercept",-3.11817651852034
"y",0.545600927667692
"V1",0.332090393640101
"V2",0.050245565129444
"V3",0.798730111913756
"V4",0.764581600436941
"V5",2.50546544976532
