"names","vals"
"Intercept",-12.9384449341334
"y",0.0909676428418607
"V1",0.15325920120813
"V2",0.253221002407372
"V3",0.789977336069569
"V4",0.772885841783136
"V5",0.159526346018538
"V6",0.540634147357196
"V7",0.424886899301782
"V8",0.159137059235945
"V9",2.42227658815682
"V10",4.89621020574123
"V11",4.13482799381018
"V12",4.99439038708806
"V13",3.98011963814497
