"names","vals"
"Intercept",-5.79574403822189
"y",0.0860969759523869
"V1",0.776085811667144
"V2",0.600217320490628
"V3",0.626483842730522
"V4",0.547415543580428
"V5",0.518396883271635
"V6",0.624733113916591
"V7",0.173596862703562
"V8",2.68099185824394
"V9",3.10881034377962
"V10",3.17763694096357
"V11",2.58967181481421
