"names","vals"
"Intercept",-7.3586895407876
"y",0.105174999684095
"V1",0.787312331842259
"V2",0.600999404676259
"V3",0.722460974007845
"V4",0.624883826356381
"V5",0.562345725949854
"V6",0.225839917548001
"V7",0.276047215098515
"V8",0.404776209732518
"V9",1.22143257874995
"V10",1.34260803367943
"V11",3.97059895284474
"V12",2.67693344317377
"V13",3.10518871247768
