"names","vals"
"Intercept",-5.50116885170341
"y",0.927118719788268
"V1",0.308821948245168
"V2",0.147299800300971
"V3",0.110146096907556
"V4",0.259772730525583
"V5",0.711704209214076
"V6",1.02750243991613
"V7",4.41932941507548
