"names","vals"
"Intercept",-9.4424826761568
"y",0.662873800843954
"V1",0.153006190666929
"V2",0.289171503158286
"V3",0.437277561519295
"V4",0.719072947278619
"V5",0.0077503256034106
"V6",0.277755818329751
"V7",3.80428517982364
"V8",1.66601004451513
"V9",4.27679425477982
