"names","vals"
"Intercept",-1.94632012133952
"y",0.787336509209126
"V1",0.423583452822641
"V2",0.158248133026063
"V3",0.188882446847856
"V4",0.485661809565499
"V5",2.11396685894579
