"names","vals"
"Intercept",-7.9398295936361
"y",0.0418688822537661
"V1",0.88558547059074
"V2",0.324363965773955
"V3",0.410111669683829
"V4",0.692609339719638
"V5",0.532866740832105
"V6",0.107086132513359
"V7",0.999685883522034
"V8",0.443467242876068
"V9",3.15304619725794
"V10",2.41869823820889
"V11",2.295779613778
"V12",3.54023570660502
"V13",2.56817009765655
