"names","vals"
"Intercept",-1.94738100226037
"y",0.81820035004057
"V1",0.214883933542296
"V2",0.558502875268459
"V3",0.189661089098081
"V4",0.974934411002323
"V5",4.16416697110981
