"names","vals"
"Intercept",-1.60094779744279
"y",0.594429088989273
"V1",0.63034806936048
"V2",0.238876502495259
"V3",0.888408474856988
"V4",0.232611129293218
"V5",2.85171076469123
