"names","vals"
"Intercept",-6.27119003767148
"y",0.636500499676913
"V1",0.817297745496035
"V2",0.874046065844595
"V3",0.201754758600146
"V4",0.574861587490886
"V5",0.431437784805894
"V6",4.75392993725836
"V7",3.26617142464966
