"names","vals"
"Intercept",-10.6225717642717
"y",0.142564139328897
"V1",0.155747217824683
"V2",0.921396523015574
"V3",0.0672197523526847
"V4",0.895276054274291
"V5",0.719241917366162
"V6",0.00535795395262539
"V7",0.357663281960413
"V8",0.140311048133299
"V9",2.76650828681886
"V10",3.06490291003138
"V11",3.2142257457599
"V12",2.2930596480146
"V13",2.87499722186476
