"names","vals"
"Intercept",-9.1343103461666
"y",0.965213587740436
"V1",0.658559827134013
"V2",0.369544538436458
"V3",0.996343160048127
"V4",0.864878544583917
"V5",0.782368244603276
"V6",0.421919433167204
"V7",0.0904369207564741
"V8",0.846898786723614
"V9",4.79200248140842
"V10",3.86116889957339
"V11",3.42185023706406
"V12",4.49371213652194
"V13",1.20224650762975
