"names","vals"
"Intercept",-9.8997681049048
"y",0.884168833261356
"V1",0.922635428607464
"V2",0.957626934396103
"V3",0.0403826658148319
"V4",0.454491649055853
"V5",0.42240087594837
"V6",0.825932254781947
"V7",0.937001176644117
"V8",2.25838387291878
"V9",4.02795696631074
"V10",4.02016068249941
"V11",2.17203961592168
