"names","vals"
"Intercept",-5.81696787301917
"y",0.10308110457845
"V1",0.496347442502156
"V2",0.683943890733644
"V3",0.682691920781508
"V4",0.409867174457759
"V5",0.0756921314168721
"V6",0.25981066073291
"V7",0.496579319005832
"V8",2.98806437384337
"V9",2.02025375328958
"V10",4.54331989958882
"V11",4.38888559676707
