"names","vals"
"Intercept",-3.32431336023146
"y",0.255101791815832
"V1",0.154812162509188
"V2",0.218639247585088
"V3",0.188070775941014
"V4",0.632887361105531
"V5",0.868320554960519
"V6",1.14724069740623
"V7",2.477638409473
