"names","vals"
"Intercept",-6.90283362744842
"y",0.411577605176717
"V1",0.6441485513933
"V2",0.769212876679376
"V3",0.782389848027378
"V4",0.416452649515122
"V5",0.566877311095595
"V6",0.783097243402153
"V7",1.90248876344413
"V8",2.17981866374612
"V9",2.26236108876765
