"names","vals"
"Intercept",-13.2452270961832
"y",0.259073371766135
"V1",0.559194659348577
"V2",0.0632453055586666
"V3",0.130450237542391
"V4",0.902146410895512
"V5",0.124275160720572
"V6",0.586550811771303
"V7",0.491005785763264
"V8",4.35859537683427
"V9",4.36004254687577
"V10",3.27036847453564
"V11",3.49966047611088
