"names","vals"
"Intercept",-2.87617990254657
"y",0.567276369780302
"V1",0.862873825710267
"V2",0.752927982248366
"V3",0.986217392841354
"V4",0.569411126431078
"V5",3.93301903549582
