"names","vals"
"Intercept",-8.18266136539169
"y",0.422306762309745
"V1",0.0999234728515148
"V2",0.180118281394243
"V3",0.664375531952828
"V4",0.153424927964807
"V5",0.887254227884114
"V6",0.0695740701630712
"V7",0.591558436164632
"V8",2.79797671642154
"V9",3.85838020127267
"V10",4.16157060861588
"V11",4.7927382774651
