"names","vals"
"Intercept",-5.69347827865742
"y",0.490365258650854
"V1",0.296457391930744
"V2",0.72147364821285
"V3",0.839093106100336
"V4",0.0694360183551908
"V5",0.807750018779188
"V6",0.509689348982647
"V7",3.27011954411864
"V8",4.88489878736436
"V9",3.22362451534718
