"names","vals"
"Intercept",-6.5518016771879
"y",0.861878963652998
"V1",0.500365357613191
"V2",0.20966289867647
"V3",0.755233939737082
"V4",0.00588541501201689
"V5",0.64786228700541
"V6",0.119784501148388
"V7",0.724123262334615
"V8",0.245841089636087
"V9",4.73346292134374
"V10",2.57690188102424
"V11",1.4172566216439
"V12",1.06626127008349
"V13",3.21839103661478
