"names","vals"
"Intercept",-6.31476481209509
"y",0.347359154606238
"V1",0.90113545418717
"V2",0.351804532343522
"V3",0.75330962636508
"V4",0.176455026958138
"V5",0.121955570532009
"V6",0.365871723275632
"V7",3.0724049275741
"V8",3.05311297718436
"V9",3.11192776821554
