"names","vals"
"Intercept",-2.98183779681101
"y",0.541835803538561
"V1",0.773561375681311
"V2",0.0769919652957469
"V3",0.0478788076434284
"V4",0.814151313854381
"V5",0.627643026411533
"V6",0.294245394878089
"V7",2.78266764245927
"V8",2.79911171272397
"V9",1.78474853280932
