"names","vals"
"Intercept",-7.76979354948271
"y",0.559643338434398
"V1",0.250169521663338
"V2",0.398409337736666
"V3",0.785123750334606
"V4",0.272544384701177
"V5",0.0983307175338268
"V6",0.979608190711588
"V7",0.834267064929008
"V8",0.217362861847505
"V9",2.95571671798825
"V10",1.3707473706454
"V11",3.02206208370626
"V12",1.16223615314811
"V13",2.50129074789584
