"names","vals"
"Intercept",-10.3661268987041
"y",0.948552794521675
"V1",0.354615831747651
"V2",0.549598840763792
"V3",0.456006039632484
"V4",0.511253051925451
"V5",0.212384402984753
"V6",0.0824231319129467
"V7",0.112935705808923
"V8",1.89904983248562
"V9",1.70527599193156
"V10",4.17952293809503
"V11",3.63844354078174
