"names","vals"
"Intercept",-9.96999645846663
"y",0.400132685201243
"V1",0.8862110292539
"V2",0.445102875120938
"V3",0.404540897579864
"V4",0.374184012878686
"V5",0.550202699378133
"V6",0.234562693862244
"V7",0.0570706916041672
"V8",0.0913451795931906
"V9",2.76364199537784
"V10",3.23966702353209
"V11",3.40332699753344
"V12",3.89271887019277
"V13",2.88289428129792
