"names","vals"
"Intercept",-1.64684256467735
"y",0.479741328628734
"V1",0.00510887033306062
"V2",0.421883776783943
"V3",0.581721791997552
"V4",0.981669215485454
"V5",2.10690370760858
