"names","vals"
"Intercept",-4.71407303949352
"y",0.205597459571436
"V1",0.720465834019706
"V2",0.469185184920207
"V3",0.977508854586631
"V4",0.732566123595461
"V5",4.13447128608823
