"names","vals"
"Intercept",-4.68901812618831
"y",0.651096467161551
"V1",0.328755696304142
"V2",0.184620230691507
"V3",0.644361575366929
"V4",0.172356149414554
"V5",0.979277305072173
"V6",0.0684637713711709
"V7",1.57191305141896
"V8",4.80253674928099
"V9",3.91654566116631
