"names","vals"
"Intercept",-5.87585806301096
"y",0.779559415532276
"V1",0.0727774982806295
"V2",0.837241634959355
"V3",0.100190558005124
"V4",0.19429419725202
"V5",0.426495880587026
"V6",0.680612977361307
"V7",0.716337278718129
"V8",0.226018203888088
"V9",4.4338133437559
"V10",1.45497408974916
"V11",2.12586673535407
"V12",2.61239236220717
"V13",2.77020405884832
