"names","vals"
"Intercept",-2.16287495518336
"y",0.302809954155236
"V1",0.127828243421391
"V2",0.522254265611991
"V3",0.780336869647726
"V4",0.26455195620656
"V5",0.733852626523003
"V6",1.38363117910922
"V7",1.9779503159225
