"names","vals"
"Intercept",-2.92885467008688
"y",0.0173828089609742
"V1",0.304403949528933
"V2",0.722811601357535
"V3",0.473481088643894
"V4",0.781977391801775
"V5",2.28423908445984
