"names","vals"
"Intercept",-2.13962846713839
"y",0.670302608748898
"V1",0.75692728231661
"V2",0.998805584618822
"V3",0.551715868059546
"V4",0.506347282091156
"V5",1.04096831101924
