"names","vals"
"Intercept",-5.27384707930963
"y",0.185301744379103
"V1",0.765893150586635
"V2",0.14877479779534
"V3",0.0551366179715842
"V4",0.349645358975977
"V5",0.217456163372844
"V6",0.0995092769153416
"V7",0.461225765990093
"V8",0.472712031099945
"V9",1.49378738738596
"V10",1.60125613864511
"V11",2.33825916517526
"V12",1.94059838913381
"V13",3.95033816341311
