"names","vals"
"Intercept",-7.43305711864494
"y",0.00641909521073103
"V1",0.130735286977142
"V2",0.788795364554971
"V3",0.588544626021758
"V4",0.260851536178961
"V5",0.183074683649465
"V6",0.0217725848779082
"V7",0.511805506888777
"V8",2.72799385618418
"V9",2.04239875264466
"V10",3.64992998633534
"V11",3.91224021464586
