"names","vals"
"Intercept",-3.46662855796749
"y",0.157124718418345
"V1",0.880644581047818
"V2",0.419250129023567
"V3",0.216903165448457
"V4",0.966885490808636
"V5",0.0861662738025188
"V6",3.46597060468048
"V7",3.91556092444807
