"names","vals"
"Intercept",-1.3827902084915
"y",0.817050708224997
"V1",0.790295633254573
"V2",0.376613872591406
"V3",0.839526153868064
"V4",0.367795998230577
"V5",3.49225408490747
