"names","vals"
"Intercept",-3.37108903668122
"y",0.447043979307637
"V1",0.648949472233653
"V2",0.772384178591892
"V3",0.482930682599545
"V4",0.0736791817471385
"V5",2.91413027513772
