"names","vals"
"Intercept",-3.69584177992307
"y",0.168193575693294
"V1",0.0173973387572914
"V2",0.223528339760378
"V3",0.925713620847091
"V4",0.44584337528795
"V5",0.382143804104999
"V6",0.939943340606987
"V7",2.7702371571213
"V8",1.81134873535484
"V9",1.73096904158592
