"names","vals"
"Intercept",-9.08926182098221
"y",0.586060417117551
"V1",0.945756817935035
"V2",0.560178078943864
"V3",0.896127333631739
"V4",0.665755489608273
"V5",0.231525353621691
"V6",0.204519404098392
"V7",0.938056392362341
"V8",3.39369484595954
"V9",1.21134615223855
"V10",4.69229557737708
"V11",4.28341909125447
