"names","vals"
"Intercept",-5.68490476178005
"y",0.62548458809033
"V1",0.782659695250914
"V2",0.62056127935648
"V3",0.280400122515857
"V4",0.298174521885812
"V5",0.104018296347931
"V6",0.521288742078468
"V7",1.35457658860832
"V8",2.54346590489149
"V9",2.49348118063062
