"names","vals"
"Intercept",-14.4017338444339
"y",0.625281051499769
"V1",0.438091115793213
"V2",0.122327612247318
"V3",0.135310224955902
"V4",0.525856821797788
"V5",0.990059436997399
"V6",0.675160405226052
"V7",0.0578440965618938
"V8",0.686623843153939
"V9",4.79213777184486
"V10",2.69914840441197
"V11",4.02024848200381
"V12",3.29289185535163
"V13",2.12485731393099
