"names","vals"
"Intercept",-1.07696101472247
"y",0.287542279111221
"V1",0.482630376704037
"V2",0.583951568230987
"V3",0.0795556011144072
"V4",0.58651984971948
"V5",2.49222581181675
