"names","vals"
"Intercept",-11.4535279345117
"y",0.133661970961839
"V1",0.919982668245211
"V2",0.563970994204283
"V3",0.950799567159265
"V4",0.187771022552624
"V5",0.847704929066822
"V6",0.828057057922706
"V7",0.730658647604287
"V8",0.235674683004618
"V9",1.79404591582716
"V10",3.53702308610082
"V11",3.60662343725562
"V12",3.38522879127413
"V13",2.13330256566405
