"names","vals"
"Intercept",-5.78478350144578
"y",0.434311748482287
"V1",0.761964531382546
"V2",0.781371213495731
"V3",0.727087131002918
"V4",0.441623918013647
"V5",0.761085551930591
"V6",1.81070657353848
"V7",1.15080701280385
