"names","vals"
"Intercept",-11.7666847261484
"y",0.831659039948136
"V1",0.308550172951072
"V2",0.134940226329491
"V3",0.830021010478958
"V4",0.0593126977328211
"V5",0.461235865484923
"V6",0.84418851765804
"V7",0.683756847400218
"V8",0.11562667414546
"V9",2.61005053948611
"V10",3.91931390203536
"V11",3.3644170537591
"V12",3.81118613947183
"V13",4.98003866616637
