"names","vals"
"Intercept",-12.3147119912622
"y",0.466253143036738
"V1",0.166305237216875
"V2",0.645056697307155
"V3",0.149691061349586
"V4",0.201457396615297
"V5",0.245658497093245
"V6",0.203359354985878
"V7",0.401431857608259
"V8",0.138335131807253
"V9",4.29490447137505
"V10",4.89990331605077
"V11",3.54963797703385
"V12",1.35431707650423
"V13",4.78593822848052
