"names","vals"
"Intercept",-4.62528576082084
"y",0.222673502052203
"V1",0.6440467198845
"V2",0.343996279872954
"V3",0.722126199165359
"V4",0.200275264447555
"V5",0.0469350239727646
"V6",4.67650176770985
"V7",4.61261742096394
