"names","vals"
"Intercept",-8.21900234558852
"y",0.61988212284632
"V1",0.691064351936802
"V2",0.176178634865209
"V3",0.550229938467965
"V4",0.679136368678883
"V5",0.686405023792759
"V6",0.351607293123379
"V7",0.335420080227777
"V8",3.8583619883284
"V9",3.49844290595502
"V10",3.43491599708796
"V11",2.21789144072682
