"names","vals"
"Intercept",-4.36084733646829
"y",0.210865244967863
"V1",0.788028973154724
"V2",0.925806385232136
"V3",0.01271962095052
"V4",0.703399972291663
"V5",0.0001960638910532
"V6",3.41552696656436
"V7",2.52794541418552
