"names","vals"
"Intercept",-8.75380192907061
"y",0.975747883087024
"V1",0.37543625338003
"V2",0.689724711002782
"V3",0.817402541870251
"V4",0.90604288643226
"V5",0.95499672414735
"V6",0.577793027507141
"V7",3.61050855834037
"V8",1.38953792583197
"V9",4.34146684873849
