"names","vals"
"Intercept",-4.757293925751
"y",0.192730279173702
"V1",0.837480318266898
"V2",0.760844811797142
"V3",0.502155979629606
"V4",0.616421909769997
"V5",0.813104561530054
"V6",0.438128237379715
"V7",2.78071075491607
"V8",1.33241778612137
"V9",2.96925344038755
