"names","vals"
"Intercept",-4.60415325938026
"y",0.467322329059243
"V1",0.260505197336897
"V2",0.808279455872253
"V3",0.420732441358268
"V4",0.255386563716456
"V5",3.96686688344926
