"names","vals"
"Intercept",-3.05344889285043
"y",0.688540909904987
"V1",0.516409738687798
"V2",0.299044104060158
"V3",0.446497176308185
"V4",0.520443766610697
"V5",0.16451169224456
"V6",4.49243988376111
"V7",3.11922230478376
