"names","vals"
"Intercept",-3.94912249007961
"y",0.422076371964067
"V1",0.250788080273196
"V2",0.997383719077334
"V3",0.521152357803658
"V4",0.972086540656164
"V5",0.885951331118122
"V6",2.38811226189137
"V7",2.17311404086649
