"names","vals"
"Intercept",-10.8545368909766
"y",0.830797680886462
"V1",0.217134913662449
"V2",0.923308632569388
"V3",0.963804811006412
"V4",0.481243426445872
"V5",0.660575429908931
"V6",0.91826875298284
"V7",0.460560662206262
"V8",4.83981616701931
"V9",3.46167991869152
"V10",1.50953220576048
"V11",2.67794392257929
