"names","vals"
"Intercept",-3.73270048837643
"y",0.32703445898369
"V1",0.613998520420864
"V2",0.812840526225045
"V3",0.330405724933371
"V4",0.99526784173213
"V5",4.50187646970153
