"names","vals"
"Intercept",-3.90499657326378
"y",0.415188335580751
"V1",0.361944852629676
"V2",0.81810150318779
"V3",0.821514799725264
"V4",0.359821366379037
"V5",2.58855782356113
