"names","vals"
"Intercept",-3.41536532887258
"y",0.500843768240884
"V1",0.224456108408049
"V2",0.742412989260629
"V3",0.14936188259162
"V4",0.648873660713434
"V5",4.84770016651601
