"names","vals"
"Intercept",-8.39192325900076
"y",0.273315246915445
"V1",0.594481961801648
"V2",0.174057540949434
"V3",0.00978614622727036
"V4",0.940371162490919
"V5",0.0160281863063574
"V6",0.512646875577047
"V7",0.393396445084363
"V8",4.71112337242812
"V9",1.4923644606024
"V10",2.18105713743716
"V11",4.71567389648408
