"names","vals"
"Intercept",-3.34963871538173
"y",0.235059405211359
"V1",0.776061879470944
"V2",0.862196272006258
"V3",0.0171557532157749
"V4",0.19233780214563
"V5",3.04702675994486
