"names","vals"
"Intercept",-9.45389661316294
"y",0.909657470881939
"V1",0.494981152703986
"V2",0.542907670373097
"V3",0.811700857244432
"V4",0.419304019538686
"V5",0.782047496410087
"V6",0.473238050239161
"V7",4.3792861616239
"V8",3.43952673301101
"V9",3.33400589134544
