"names","vals"
"Intercept",-4.38202393963002
"y",0.909660432720557
"V1",0.173150086775422
"V2",0.757299364777282
"V3",0.556871517561376
"V4",0.977927316911519
"V5",0.0393077479675412
"V6",1.6177508495748
"V7",1.11288493126631
