"names","vals"
"Intercept",-1.14402532696724
"y",0.760559813817963
"V1",0.883940361207351
"V2",0.64471618598327
"V3",0.305718215880916
"V4",0.701986334519461
"V5",3.85594398435205
