"names","vals"
"Intercept",-3.85776796800783
"y",0.845653083408251
"V1",0.581525925546885
"V2",0.618225936545059
"V3",0.748610063455999
"V4",0.725518430583179
"V5",0.905576416756958
"V6",2.61995497252792
"V7",3.32804713863879
