"names","vals"
"Intercept",-9.31399591650581
"y",0.62213981943205
"V1",0.596515019191429
"V2",0.226427055895329
"V3",0.801912312861532
"V4",0.885460121789947
"V5",0.327249909052625
"V6",0.900213616201654
"V7",0.889222891302779
"V8",2.3993931915611
"V9",4.52702832780778
"V10",3.30070854816586
"V11",4.55716006178409
