"names","vals"
"Intercept",-12.2599199335813
"y",0.122874643653631
"V1",0.676863676868379
"V2",0.351208600681275
"V3",0.267061515245587
"V4",0.992473265621811
"V5",0.440434081479907
"V6",0.936534378910437
"V7",0.426297077676281
"V8",0.92086528474465
"V9",4.14581981115043
"V10",2.38410439714789
"V11",3.9837448624894
"V12",3.9866098491475
"V13",4.46748035494238
