"names","vals"
"Intercept",-2.21440477950964
"y",0.777505127014592
"V1",0.134441066766158
"V2",0.198626131750643
"V3",0.731236367719248
"V4",0.34785646549426
"V5",2.40304305031896
