"names","vals"
"Intercept",-4.45034948855173
"y",0.308092776685953
"V1",0.807149620959535
"V2",0.66240989184007
"V3",0.13904031412676
"V4",0.23493807669729
"V5",0.251451451098546
"V6",0.975877482444048
"V7",4.90750135760754
"V8",4.54118092171848
"V9",1.72846820112318
