"names","vals"
"Intercept",-7.38022387431702
"y",0.290606995578855
"V1",0.299604223109782
"V2",0.612223531585187
"V3",0.466915828641504
"V4",0.420656281290576
"V5",0.0966212525963783
"V6",0.231993985595182
"V7",0.742880514124408
"V8",0.64259999175556
"V9",4.16139918658882
"V10",4.55928762443364
"V11",3.06056252028793
"V12",2.74641539435834
"V13",2.3779849242419
