"names","vals"
"Intercept",-11.340100378322
"y",0.602851155446842
"V1",0.0382152581587434
"V2",0.0183318632189184
"V3",0.0112058247905225
"V4",0.517225297866389
"V5",0.6297529542353
"V6",0.742164734518155
"V7",0.203736605355516
"V8",0.112219874048606
"V9",2.14599921461195
"V10",3.40219074208289
"V11",2.44849749654531
"V12",1.83982216846198
"V13",3.23403643630445
