"names","vals"
"Intercept",-9.66462402249221
"y",0.489886472467333
"V1",0.671846240060404
"V2",0.520488863810897
"V3",0.68263395759277
"V4",0.609592868713662
"V5",0.308855927083641
"V6",0.0521244273986667
"V7",0.738555420655757
"V8",2.92324269283563
"V9",3.67796196695417
"V10",4.85924532264471
"V11",2.04342004004866
