"names","vals"
"Intercept",-3.14492206550436
"y",0.311587090604007
"V1",0.980893462663516
"V2",0.617082403041422
"V3",0.107448500581086
"V4",0.943027189932764
"V5",0.681910940911621
"V6",3.49039658624679
"V7",1.0177793931216
