"names","vals"
"Intercept",-4.9176550705824
"y",0.036166334990412
"V1",0.547984324395657
"V2",0.786288669565693
"V3",0.219265450257808
"V4",0.0146576727274805
"V5",4.41991435457021
