"names","vals"
"Intercept",-4.17186593676452
"y",0.84192080446519
"V1",0.291884500533342
"V2",0.0333773854654282
"V3",0.858460888965055
"V4",0.868538355920464
"V5",0.745481810998172
"V6",3.92249875329435
"V7",1.66172520350665
