"names","vals"
"Intercept",-9.10936645231443
"y",0.161027189576998
"V1",0.102463999995962
"V2",0.93692778609693
"V3",0.0780399974901229
"V4",0.341381847159937
"V5",0.828195414505899
"V6",0.399780516512692
"V7",3.71241536829621
"V8",1.27685184590518
"V9",4.51472038961947
