"names","vals"
"Intercept",-10.7371594367875
"y",0.308464769506827
"V1",0.149022923083976
"V2",0.338801907142624
"V3",0.955460721859708
"V4",0.772787280380726
"V5",0.765457402216271
"V6",0.701705140294507
"V7",0.532562430016696
"V8",0.600719182752073
"V9",3.35980453249067
"V10",2.87254236638546
"V11",2.74534169677645
"V12",4.05179793201387
"V13",2.39008025452495
