"names","vals"
"Intercept",-7.04843859638786
"y",0.633963733911514
"V1",0.728790492052212
"V2",0.66609220020473
"V3",0.0363673486281186
"V4",0.330964527558535
"V5",0.905857883859426
"V6",0.454051552573219
"V7",0.276248256443068
"V8",1.56322347838432
"V9",2.15110514499247
"V10",1.11984289623797
"V11",2.70021050050855
