"names","vals"
"Intercept",-8.90790586595889
"y",0.201094113523141
"V1",0.372134818695486
"V2",0.478921229485422
"V3",0.900815922301263
"V4",0.960010561160743
"V5",0.893291100393981
"V6",0.628656513756141
"V7",0.17087238188833
"V8",2.5322738038376
"V9",3.42038837168366
"V10",1.45845198724419
"V11",4.17113274987787
