"names","vals"
"Intercept",-10.3080901686428
"y",0.356334250653163
"V1",0.853194182273
"V2",0.937786106951535
"V3",0.814899821765721
"V4",0.984220006270334
"V5",0.471759742358699
"V6",0.161732753738761
"V7",0.740284186322242
"V8",0.375171688385308
"V9",4.53894986584783
"V10",3.41341516934335
"V11",3.37793028354645
"V12",1.95378096960485
"V13",4.36445318162441
