"names","vals"
"Intercept",-4.36585925568361
"y",0.181334401480854
"V1",0.214309073518962
"V2",0.159243181813508
"V3",0.469421897316352
"V4",0.855493274051696
"V5",0.312453801045194
"V6",2.25689941924065
"V7",3.39303573034704
