"names","vals"
"Intercept",-4.15719152166974
"y",0.119292519520968
"V1",0.184966508997604
"V2",0.0274349087849259
"V3",0.28665183740668
"V4",0.587497252970934
"V5",4.57054598350078
