"names","vals"
"Intercept",-3.84196067326702
"y",0.388190127909184
"V1",0.0842247558757663
"V2",0.734066962264478
"V3",0.535239458084106
"V4",0.0957387166563421
"V5",0.151442977366969
"V6",0.922500177286565
"V7",1.05931048467755
"V8",4.56826736871153
"V9",3.27601710148156
