"names","vals"
"Intercept",-10.1547343859728
"y",0.562416393309832
"V1",0.961361959343776
"V2",0.0718358873855323
"V3",0.9080339751672
"V4",0.995654850732535
"V5",0.328821223462
"V6",0.777406133245677
"V7",0.0619075084105134
"V8",2.97362158074975
"V9",4.97308418154716
"V10",2.34938139189035
"V11",1.42838850431144
