"names","vals"
"Intercept",-9.77453410022426
"y",0.917006848845631
"V1",0.117727893171832
"V2",0.969628199003637
"V3",0.852141202194616
"V4",0.71226430661045
"V5",0.138308889931068
"V6",0.396879384061322
"V7",2.32192602753639
"V8",2.82351932674646
"V9",3.80508175585419
