"names","vals"
"Intercept",-13.7696487943362
"y",0.0262286728248
"V1",0.968992517562583
"V2",0.634096808964387
"V3",0.242300684796646
"V4",0.677834675880149
"V5",0.968700897181407
"V6",0.659342913655564
"V7",0.93902826635167
"V8",0.109403275186196
"V9",2.09771438967437
"V10",2.84178234357387
"V11",2.72725365869701
"V12",3.15952027682215
"V13",4.3231340656057
