"names","vals"
"Intercept",-3.15503370370017
"y",0.0786593351513147
"V1",0.353316463297233
"V2",0.692279115784913
"V3",0.544445741688833
"V4",0.0948251250665635
"V5",4.2894139373675
