"names","vals"
"Intercept",-2.46129362240434
"y",0.577647841069847
"V1",0.490015437826514
"V2",0.167243090691045
"V3",0.779993543867022
"V4",0.934150316985324
"V5",2.40058503672481
