"names","vals"
"Intercept",-2.35572029348463
"y",0.337711374741048
"V1",0.250026563415304
"V2",0.808248379966244
"V3",0.0893995203077793
"V4",0.361070019425824
"V5",4.79256326053292
