"names","vals"
"Intercept",-2.56079725888558
"y",0.814513430232182
"V1",0.115308319684118
"V2",0.985264582093805
"V3",0.105388158001006
"V4",0.980024056043476
"V5",1.403190898709
