"names","vals"
"Intercept",-11.1571662959922
"y",0.00956009747460485
"V1",0.536303411237895
"V2",0.0416081210132688
"V3",0.832652057753876
"V4",0.589173447340727
"V5",0.233312181662768
"V6",0.997671126155183
"V7",0.554167391732335
"V8",0.352970059029758
"V9",3.32038224581629
"V10",4.2518539391458
"V11",3.52220634836704
"V12",2.71061781235039
"V13",1.05446096509695
