"names","vals"
"Intercept",-3.99233943287982
"y",0.139249125495553
"V1",0.137884566560388
"V2",0.384643168887123
"V3",0.918599063297734
"V4",0.711347996490076
"V5",0.255758083192632
"V6",2.3365271370858
"V7",2.89622687827796
