"names","vals"
"Intercept",-6.37646371056326
"y",0.42203284916468
"V1",0.0331488053780049
"V2",0.586775109870359
"V3",0.399994308128953
"V4",0.589559585321695
"V5",0.230099196080118
"V6",0.487889136187732
"V7",1.72116789873689
"V8",3.62041807454079
"V9",2.74501409847289
