"names","vals"
"Intercept",-4.51795921574347
"y",0.348479294683784
"V1",0.968742288416252
"V2",0.848994960077107
"V3",0.310363145777956
"V4",0.139973042532802
"V5",0.211814149515703
"V6",0.660183082101867
"V7",0.13610782311298
"V8",0.296311877202243
"V9",3.39043250959367
"V10",1.60142301674932
"V11",1.67225235328078
"V12",1.58577082119882
"V13",1.28536382131279
