"names","vals"
"Intercept",-9.01722817158326
"y",0.0816705245524645
"V1",0.470174231100827
"V2",0.5559199845884
"V3",0.594932197127491
"V4",0.836318331072107
"V5",0.703746391227469
"V6",0.405193427577615
"V7",0.690397497266531
"V8",0.448636156739667
"V9",1.39040845446289
"V10",1.51551592350006
"V11",2.50200358405709
"V12",4.43988137785345
"V13",4.98053795937449
