"names","vals"
"Intercept",-5.01824266256299
"y",0.185083638411015
"V1",0.483754307031631
"V2",0.733748882543296
"V3",0.57661609724164
"V4",0.726035554427654
"V5",0.571358095854521
"V6",0.0193598405458033
"V7",3.11902612447739
"V8",4.20368218421936
"V9",1.53775465674698
