"names","vals"
"Intercept",-8.78820034257835
"y",0.307828485500067
"V1",0.807832691818476
"V2",0.846026635263115
"V3",0.0340021569281816
"V4",0.961248473264277
"V5",0.690040435642004
"V6",0.949860932538286
"V7",0.260368453105912
"V8",1.19600248429924
"V9",4.15632167551666
"V10",2.66633980348706
"V11",2.90463278163224
