"names","vals"
"Intercept",-1.33344146867748
"y",0.103052447084337
"V1",0.00990871759131551
"V2",0.685065692523494
"V3",0.150507167680189
"V4",0.143362959381193
"V5",1.90918493270874
