"names","vals"
"Intercept",-2.25398927407339
"y",0.7317046711687
"V1",0.417594054248184
"V2",0.348103113938123
"V3",0.214860970852897
"V4",0.408837547060102
"V5",4.44862092006952
