"names","vals"
"Intercept",-10.3131839637714
"y",0.346517149126157
"V1",0.258976359618828
"V2",0.78186923917383
"V3",0.894051891053095
"V4",0.992576870601624
"V5",0.282871026312932
"V6",0.10657296446152
"V7",0.777729332214221
"V8",0.0439839514438063
"V9",3.22407245635986
"V10",3.88113018963486
"V11",4.12311620078981
"V12",2.598772325553
"V13",4.82570047304034
