"names","vals"
"Intercept",-8.53191740490263
"y",0.278212271630764
"V1",0.865859796060249
"V2",0.868799518095329
"V3",0.527081825304776
"V4",0.422436265507713
"V5",0.660386770498008
"V6",0.889564357232302
"V7",0.179527131374925
"V8",0.0194117978680879
"V9",2.66317218448967
"V10",3.65122630167753
"V11",3.63202635478228
"V12",1.69710441119969
"V13",3.37891565542668
