"names","vals"
"Intercept",-2.96910142444074
"y",0.893317598616704
"V1",0.992117187241092
"V2",0.875020812731236
"V3",0.422680345131084
"V4",0.63173208781518
"V5",3.21776223834604
