"names","vals"
"Intercept",-4.62514910715399
"y",0.338403561618179
"V1",0.781494298949838
"V2",0.140468499390408
"V3",0.60532678803429
"V4",0.313287970144302
"V5",0.417302669258788
"V6",1.94973235577345
"V7",3.14835435431451
