"names","vals"
"Intercept",-7.19151862324216
"y",0.977785898372531
"V1",0.192617151187733
"V2",0.224391019437462
"V3",0.762374582700431
"V4",0.36720416136086
"V5",0.178906838409603
"V6",0.905737068038434
"V7",2.43214246816933
"V8",1.53255375474691
"V9",3.72551035508513
