"names","vals"
"Intercept",-8.35105483650696
"y",0.420048676431179
"V1",0.418230142910033
"V2",0.326513830572367
"V3",0.893258964875713
"V4",0.167437537107617
"V5",0.115755342645571
"V6",0.902807304635644
"V7",1.56508117821068
"V8",3.81414948124439
"V9",3.56366751529276
