"names","vals"
"Intercept",-8.97239448470529
"y",0.149679688969627
"V1",0.511708369944245
"V2",0.729081982048228
"V3",0.974125056993216
"V4",0.0465255791787058
"V5",0.89261620095931
"V6",0.525556755717844
"V7",0.192869629478082
"V8",3.33563123457134
"V9",1.18679778836668
"V10",3.481366164051
"V11",1.68766562454402
