"names","vals"
"Intercept",-2.51328528336016
"y",0.027763357385993
"V1",0.402364709414542
"V2",0.60540462192148
"V3",0.264265840873122
"V4",0.209125057561323
"V5",0.541517631383613
"V6",3.29945815447718
"V7",3.17674119211733
