"names","vals"
"Intercept",-10.8559397273604
"y",0.150607663439587
"V1",0.643395433668047
"V2",0.267032577190548
"V3",0.916405903873965
"V4",0.24127759411931
"V5",0.804952839855105
"V6",0.503643130185083
"V7",0.875943778082728
"V8",1.77301517408341
"V9",4.9500657338649
"V10",4.21096437331289
"V11",1.24515710771084
