"names","vals"
"Intercept",-4.16159139916999
"y",0.655543883796781
"V1",0.807289774762467
"V2",0.197972953086719
"V3",0.11438011424616
"V4",0.751338229747489
"V5",0.312504162779078
"V6",0.616876566782594
"V7",0.126582554075867
"V8",3.83973044529557
"V9",1.18261472973973
"V10",2.56009441241622
"V11",3.39543260447681
