"names","vals"
"Intercept",-7.21945654161973
"y",0.509393612388521
"V1",0.662590586114675
"V2",0.445788096636534
"V3",0.475315169198439
"V4",0.932239020243287
"V5",0.823682848829776
"V6",0.333998439833522
"V7",1.82713554613292
"V8",3.40488121006638
"V9",3.19529550243169
