"names","vals"
"Intercept",-9.17411421113647
"y",0.94909560540691
"V1",0.156310837250203
"V2",0.232040560804307
"V3",0.383442752528936
"V4",0.146669368492439
"V5",0.774832307361066
"V6",0.488347942009568
"V7",0.400197682669386
"V8",0.483014348894358
"V9",4.31589925847948
"V10",4.2952393963933
"V11",1.83226999547333
"V12",3.34230275824666
"V13",2.24667272344232
