"names","vals"
"Intercept",-8.91618275002576
"y",0.429709105519578
"V1",0.286677311407402
"V2",0.989700861275196
"V3",0.359460056526586
"V4",0.986695011146367
"V5",0.60681094811298
"V6",0.235806312179193
"V7",0.426498109940439
"V8",0.157863450469449
"V9",3.09991085529327
"V10",3.09848671779037
"V11",3.51909190788865
"V12",2.77449058368802
"V13",3.64025108143687
