"names","vals"
"Intercept",-3.35572182242293
"y",0.248951871879399
"V1",0.237246126867831
"V2",0.304932122817263
"V3",0.826368182431906
"V4",0.610918766120449
"V5",0.753085883101448
"V6",4.00252925325185
"V7",2.65651353728026
