"names","vals"
"Intercept",-1.74210485561285
"y",0.311022129142657
"V1",0.920321624726057
"V2",0.160127415088937
"V3",0.0197383766062558
"V4",0.179839215939865
"V5",1.49766858946532
