"names","vals"
"Intercept",-12.3145464192028
"y",0.569401788525283
"V1",0.834357742452994
"V2",0.00864340807311237
"V3",0.125252110650763
"V4",0.238395001506433
"V5",0.273183675482869
"V6",0.988504876149818
"V7",0.171681350562721
"V8",0.61121808248572
"V9",3.88672217261046
"V10",4.26327190175653
"V11",4.17292333953083
"V12",4.02749070525169
"V13",1.34144978504628
