"names","vals"
"Intercept",-4.93370323668933
"y",0.91130681312643
"V1",0.196114424383268
"V2",0.418530839961022
"V3",1.29162799566984e-05
"V4",0.620887051336467
"V5",0.103764762869105
"V6",1.09428758453578
"V7",2.90580376796424
