"names","vals"
"Intercept",-7.22248832777841
"y",0.0250473616179079
"V1",0.772354995831847
"V2",0.715350548736751
"V3",0.613460749620572
"V4",0.161546680610627
"V5",0.648882253328338
"V6",0.336541591910645
"V7",0.378424782305956
"V8",4.55489811487496
"V9",3.24945537466556
"V10",3.42315448168665
"V11",1.40316783450544
