"names","vals"
"Intercept",-12.0040840666974
"y",0.823435164056718
"V1",0.950747134862468
"V2",0.278522819746286
"V3",0.842859404860064
"V4",0.684807569952682
"V5",0.747746281791478
"V6",0.405067057814449
"V7",0.30024075997062
"V8",0.117240712279454
"V9",1.0401975819841
"V10",4.77769639063627
"V11",4.40061097126454
"V12",4.9567985907197
"V13",4.13672036677599
