"names","vals"
"Intercept",-5.79957790521905
"y",0.111270310124382
"V1",0.965286616468802
"V2",0.67586761363782
"V3",0.919799261493608
"V4",0.468729122774675
"V5",0.887460601050407
"V6",2.77025359589607
"V7",4.41107372008264
