"names","vals"
"Intercept",-6.68077221887652
"y",0.515243538655341
"V1",0.851529388921335
"V2",0.336467931279913
"V3",0.613731467165053
"V4",0.58208604156971
"V5",0.663156754570082
"V6",0.00634472188539803
"V7",4.78151125460863
"V8",1.58796604257077
"V9",3.5389091745019
