"names","vals"
"Intercept",-4.42366875950946
"y",0.595987174427137
"V1",0.864373765187338
"V2",0.37179365195334
"V3",0.217208261368796
"V4",0.955194731010124
"V5",3.83633888885379
