"names","vals"
"Intercept",-11.5096158831567
"y",0.0541668820660561
"V1",0.412138567073271
"V2",0.996013995725662
"V3",0.18764118803665
"V4",0.381969479378313
"V5",0.235287875402719
"V6",0.419037850107998
"V7",0.997104929760098
"V8",0.794797637267038
"V9",2.24961494095623
"V10",1.06168949883431
"V11",1.63381958939135
"V12",4.55079677049071
"V13",4.98720512166619
