"names","vals"
"Intercept",-11.5127384335687
"y",0.997218390461057
"V1",0.443077396601439
"V2",0.780391304753721
"V3",0.562364252051339
"V4",0.765240482985973
"V5",0.316183334449306
"V6",0.17773366603069
"V7",0.32976432191208
"V8",4.30244885478169
"V9",1.836515433155
"V10",4.01580990850925
"V11",3.05136568471789
