"names","vals"
"Intercept",-8.2001188799832
"y",0.997166997520253
"V1",0.591823757160455
"V2",0.874531261390075
"V3",0.860409759450704
"V4",0.47234006668441
"V5",0.459397978615016
"V6",0.00251244334504008
"V7",0.65748363127932
"V8",0.570810139877722
"V9",2.18556287884712
"V10",1.67646184097975
"V11",1.97607220895588
"V12",1.22673744242638
"V13",4.90891110152006
