"names","vals"
"Intercept",-14.8821303049801
"y",0.465484203072265
"V1",0.15338721498847
"V2",0.62680601538159
"V3",0.438298610039055
"V4",0.995447133202106
"V5",0.994925791863352
"V6",0.218023377237841
"V7",0.90470199030824
"V8",4.78349063452333
"V9",2.46389762777835
"V10",4.84673880506307
"V11",4.00807591248304
