"names","vals"
"Intercept",-10.7349726860528
"y",0.984117792453617
"V1",0.460426490521058
"V2",0.522275044815615
"V3",0.987325636204332
"V4",0.21608051750809
"V5",0.351189002860337
"V6",0.796785685233772
"V7",0.811618918320164
"V8",4.69028670527041
"V9",3.19410707708448
"V10",3.74408238194883
"V11",2.79509713500738
