"names","vals"
"Intercept",-11.6560472566402
"y",0.647217834368348
"V1",0.420193216763437
"V2",0.690123107051477
"V3",0.498557597165927
"V4",0.293581675272435
"V5",0.0234154001809657
"V6",0.0721774424891919
"V7",0.737428185530007
"V8",0.82560552447103
"V9",4.69610407669097
"V10",2.95955524686724
"V11",3.96155653242022
"V12",4.84150556474924
"V13",3.4282733919099
