"names","vals"
"Intercept",-12.3525739802001
"y",0.298366002505645
"V1",0.12097285175696
"V2",0.00354820024222136
"V3",0.251274567795917
"V4",0.561708454042673
"V5",0.648609867552295
"V6",0.0725478969980031
"V7",0.604569297283888
"V8",0.669751312118024
"V9",2.06023439299315
"V10",2.70194601174444
"V11",4.41893742512912
"V12",2.47950149420649
"V13",4.11092269979417
