"names","vals"
"Intercept",-10.198029865874
"y",0.383710865629837
"V1",0.152748130727559
"V2",0.774945939425379
"V3",0.00289795594289899
"V4",0.909294674638659
"V5",0.0692108108196408
"V6",0.946677040774375
"V7",0.848190490854904
"V8",2.38267632573843
"V9",4.34822645131499
"V10",3.57566264551133
"V11",2.07783595379442
