"names","vals"
"Intercept",-2.90765117292758
"y",0.78648989344947
"V1",0.452583729056641
"V2",0.907345286337659
"V3",0.20220395270735
"V4",0.571300608105958
"V5",0.0564821669831872
"V6",1.70384981110692
"V7",2.63924216199666
