"names","vals"
"Intercept",-4.75214618788101
"y",0.404325602110475
"V1",0.855593853164464
"V2",0.300256491173059
"V3",0.108421324985102
"V4",0.491447120439261
"V5",3.41816375870258
