"names","vals"
"Intercept",-3.25298613713123
"y",0.889585998374969
"V1",0.110408181324601
"V2",0.962076264433563
"V3",0.536249924683943
"V4",0.864644606597722
"V5",0.150908502982929
"V6",1.70878328569233
"V7",3.16335649136454
