"names","vals"
"Intercept",-3.17796684599016
"y",0.0300070981029421
"V1",0.227022974519059
"V2",0.935588326770812
"V3",0.504347272682935
"V4",0.829264673404396
"V5",0.579555606935173
"V6",3.24102208018303
"V7",2.33845083694905
