"names","vals"
"Intercept",-3.95855528703658
"y",0.0256907090079039
"V1",0.828721256460994
"V2",0.43214174034074
"V3",0.967121619032696
"V4",0.687957127112895
"V5",0.347593246027827
"V6",4.56891911756247
"V7",4.8927905652672
