"names","vals"
"Intercept",-3.13050180435646
"y",0.625831289449707
"V1",0.0917456035967916
"V2",0.45990955713205
"V3",0.676861415151507
"V4",0.78201825520955
"V5",0.694788587745279
"V6",3.54716663248837
"V7",4.71810189727694
