"names","vals"
"Intercept",-9.11021868218668
"y",0.467970979167148
"V1",0.380066299112514
"V2",0.00463954918086529
"V3",0.40401704935357
"V4",0.755409744335338
"V5",0.957259931368753
"V6",0.745066636707634
"V7",0.905472441576421
"V8",0.39816061896272
"V9",1.89831029996276
"V10",2.21481584943831
"V11",1.66720637306571
"V12",2.39566728752106
"V13",4.93112172186375
