"names","vals"
"Intercept",-3.56905065001221
"y",0.831384935183451
"V1",0.320867615751922
"V2",0.973424906842411
"V3",0.411978583550081
"V4",0.268072982784361
"V5",0.386802369495854
"V6",4.81382942665368
"V7",2.45034638606012
