"names","vals"
"Intercept",-11.1875324963359
"y",0.0638363766483963
"V1",0.507598904427141
"V2",0.0720995147712529
"V3",0.843610161682591
"V4",0.645450968528166
"V5",0.603741082362831
"V6",0.311480233678594
"V7",0.170708323596045
"V8",0.301301087951288
"V9",4.88580958824605
"V10",3.28996173478663
"V11",3.78001355752349
"V12",2.82996285427362
"V13",3.86643013637513
