"names","vals"
"Intercept",-7.65369975725655
"y",0.528760547516868
"V1",0.283068508375436
"V2",0.230989192612469
"V3",0.889911154052243
"V4",0.562871541595086
"V5",0.765510563272983
"V6",0.837412594351918
"V7",0.757560259895399
"V8",3.67324925400317
"V9",4.23209437169135
"V10",4.57144633680582
"V11",3.13351605460048
