"names","vals"
"Intercept",-13.3582097859355
"y",0.761848528170958
"V1",0.549447523197159
"V2",0.942850201157853
"V3",0.0248781216796488
"V4",0.340315057197586
"V5",0.0701411527115852
"V6",0.0553129897452891
"V7",0.0968602022621781
"V8",0.665244526928291
"V9",4.315125182271
"V10",2.57766585703939
"V11",4.26475807838142
"V12",3.98018743097782
"V13",4.52728046383709
