"names","vals"
"Intercept",-7.73303556124447
"y",0.195969689404592
"V1",0.177938913693652
"V2",0.126726848771796
"V3",0.677209445042536
"V4",0.401884196791798
"V5",0.00803060783073306
"V6",0.452006617793813
"V7",0.124440599931404
"V8",0.657963399076834
"V9",2.31909753289074
"V10",4.31420837435871
"V11",4.90316288452595
"V12",2.99605508800596
"V13",3.2437357744202
