"names","vals"
"Intercept",-5.74969447675394
"y",0.838951654732227
"V1",0.100450994679704
"V2",0.122169619891793
"V3",0.457860390190035
"V4",0.437343240017071
"V5",0.82224582368508
"V6",0.0763993333093822
"V7",0.0730606247670949
"V8",1.73086186405271
"V9",2.33226669859141
"V10",2.81270572450012
"V11",2.07000180333853
