"names","vals"
"Intercept",-1.77451694534393
"y",0.950453730998561
"V1",0.169748084386811
"V2",0.721757294842973
"V3",0.245000050170347
"V4",0.88047552248463
"V5",2.18191882967949
