"names","vals"
"Intercept",-7.3689033493516
"y",0.990861816564575
"V1",0.333223961293697
"V2",0.226211195345968
"V3",0.729319097474217
"V4",0.349483066936955
"V5",0.375981583027169
"V6",0.290763777913526
"V7",3.75343374814838
"V8",3.31462222151458
"V9",3.83006943203509
