"names","vals"
"Intercept",-7.41170071964152
"y",0.953305994626135
"V1",0.571538892108947
"V2",0.180169795872644
"V3",0.0738608853425831
"V4",0.185701417503878
"V5",0.660158146871254
"V6",0.208709111437201
"V7",0.0730181122198701
"V8",1.19780615251511
"V9",3.62291375361383
"V10",2.33218805119395
"V11",3.04379277769476
