"names","vals"
"Intercept",-1.90349960464053
"y",0.516012192936614
"V1",0.287415355211124
"V2",0.176768028642982
"V3",0.0319023062475026
"V4",0.10598643636331
"V5",3.91779098473489
