"names","vals"
"Intercept",-7.27762074144557
"y",0.889221240067855
"V1",0.30210843286477
"V2",0.402428801637143
"V3",0.3134092586115
"V4",0.460320485988632
"V5",0.585701615083963
"V6",0.823675974039361
"V7",4.04941966943443
"V8",2.57269199937582
"V9",4.72038468811661
