"names","vals"
"Intercept",-3.44284009801922
"y",0.501052273437381
"V1",0.108169302111492
"V2",0.238288123859093
"V3",0.598250148585066
"V4",0.785290806321427
"V5",0.759366596117616
"V6",0.536766747478396
"V7",1.60895254183561
"V8",1.20571198407561
"V9",1.36185216344893
