"names","vals"
"Intercept",-10.5870599897532
"y",0.96099744620733
"V1",0.785646870266646
"V2",0.655112908920273
"V3",0.118629541713744
"V4",0.29607864189893
"V5",0.699739694595337
"V6",0.614880423760042
"V7",0.0497666264418513
"V8",0.567872521933168
"V9",1.45283144898713
"V10",3.84463035129011
"V11",3.25697279442102
"V12",1.80523617286235
"V13",1.72705035284162
