"names","vals"
"Intercept",-4.00530481474008
"y",0.0550178829580545
"V1",0.216413272544742
"V2",0.282833561068401
"V3",0.585350789828226
"V4",0.776796734426171
"V5",4.34771938342601
