"names","vals"
"Intercept",-3.9496269604913
"y",0.381623932626098
"V1",0.162831227527931
"V2",0.257223497144878
"V3",0.543752775760368
"V4",0.867249145871028
"V5",0.470967306522653
"V6",4.31025708001107
"V7",1.23751331865788
