"names","vals"
"Intercept",-5.48933460407425
"y",0.876623166259378
"V1",0.408185023348778
"V2",0.667953876545653
"V3",0.777080650208518
"V4",0.866079909028485
"V5",0.088290001032874
"V6",4.71544486749917
"V7",1.71251173410565
