"names","vals"
"Intercept",-6.60187121984083
"y",0.664250791538507
"V1",0.545896770432591
"V2",0.56127417110838
"V3",0.7701234316919
"V4",0.644654777366668
"V5",0.621337356045842
"V6",0.737233873689547
"V7",0.391906710108742
"V8",3.03099874872714
"V9",3.37316419091076
"V10",1.14404326397926
"V11",3.54695187415928
