"names","vals"
"Intercept",-8.89306726733688
"y",0.685236333170906
"V1",0.905000971863046
"V2",0.462214270839468
"V3",0.843624343629926
"V4",0.591761496616527
"V5",0.813734767958522
"V6",0.78678488987498
"V7",0.271631106268615
"V8",2.41699616331607
"V9",3.98810461349785
"V10",2.31816897261888
"V11",3.17557069193572
