"names","vals"
"Intercept",-9.80575940341223
"y",0.760232838569209
"V1",0.288190281717107
"V2",0.175625203410164
"V3",0.384494445519522
"V4",0.917589457705617
"V5",0.769514290848747
"V6",0.0444185077212751
"V7",0.446736662648618
"V8",4.23084979131818
"V9",3.90651212632656
"V10",3.26905796304345
"V11",4.60505962278694
