"names","vals"
"Intercept",-0.875972859119065
"y",0.97222812846303
"V1",0.0424413396976888
"V2",0.651237615616992
"V3",0.955927759641781
"V4",0.295531646348536
"V5",4.84558845404536
