"names","vals"
"Intercept",-3.33570249478333
"y",0.800850624451414
"V1",0.644256574334577
"V2",0.414481738116592
"V3",0.72451083920896
"V4",0.0742110847495496
"V5",1.76361811626703
