"names","vals"
"Intercept",-2.4136867507454
"y",0.658411138923839
"V1",0.779760400066152
"V2",0.293646056437865
"V3",0.665618192404509
"V4",0.140715203480795
"V5",1.47796514630318
