"names","vals"
"Intercept",-1.3092844427051
"y",0.935792640317231
"V1",0.497866537189111
"V2",0.569908967008814
"V3",0.877017239341512
"V4",0.896541080903262
"V5",2.91834941226989
