"names","vals"
"Intercept",-12.3724233559752
"y",0.922697385307401
"V1",0.215383782051504
"V2",0.116564209572971
"V3",0.904007007367909
"V4",0.228308530291542
"V5",0.0666425742674619
"V6",0.357088091550395
"V7",0.72369862254709
"V8",0.126676106825471
"V9",4.38880752958357
"V10",3.25968637969345
"V11",4.02191985305399
"V12",1.0551397325471
"V13",2.72631478030235
