"names","vals"
"Intercept",-6.43281194128562
"y",0.951988303568214
"V1",0.356958186719567
"V2",0.205043376190588
"V3",0.0848772211465985
"V4",0.540038161445409
"V5",0.485878971405327
"V6",0.923022147966549
"V7",3.85741485469043
"V8",4.75217317603528
"V9",1.80962805263698
