"names","vals"
"Intercept",-15.9342323750467
"y",0.85965226101689
"V1",0.996237455867231
"V2",0.874811363406479
"V3",0.355559235438704
"V4",0.626875444548205
"V5",0.629564022878185
"V6",0.0200660761911422
"V7",0.513197874184698
"V8",0.54865849390626
"V9",4.52954465337098
"V10",4.38363192323595
"V11",1.67933187633753
"V12",2.33054721914232
"V13",2.1798811648041
