"names","vals"
"Intercept",-2.72191756527172
"y",0.230569188250229
"V1",0.0175232426263392
"V2",0.692259424598888
"V3",0.600368213606998
"V4",0.74217461491935
"V5",0.514857628382742
"V6",0.464510296937078
"V7",2.74443554412574
"V8",4.82623049709946
"V9",1.08761415444314
