"names","vals"
"Intercept",-10.2334449187014
"y",0.0478230945300311
"V1",0.812925727805123
"V2",0.748543026391417
"V3",0.663813252234831
"V4",0.93526114244014
"V5",0.648335672682151
"V6",0.151972398394719
"V7",0.867674125591293
"V8",0.57815417367965
"V9",3.66481938585639
"V10",3.70155641343445
"V11",3.1027983603999
"V12",1.43719185050577
"V13",3.94399121962488
