"names","vals"
"Intercept",-4.48173553510569
"y",0.600439817877486
"V1",0.575806804466993
"V2",0.493661571061239
"V3",0.317594195017591
"V4",0.0424924280960113
"V5",0.157372714718804
"V6",2.81115560792387
"V7",1.03289601113647
