"names","vals"
"Intercept",-2.10616510643158
"y",0.0421419332269579
"V1",0.997595604043454
"V2",0.347142183454707
"V3",0.408034216612577
"V4",0.847835139138624
"V5",3.83670673333108
