"names","vals"
"Intercept",-7.41346943983808
"y",0.0812379738781601
"V1",0.0118049422744662
"V2",0.905836718855426
"V3",0.18775169015862
"V4",0.399815352633595
"V5",0.366897485218942
"V6",0.650228732265532
"V7",0.208113965811208
"V8",2.73901848122478
"V9",2.86569261644036
"V10",2.53934066742659
"V11",3.4795411163941
