"names","vals"
"Intercept",-9.49110302960966
"y",0.709340651752427
"V1",0.294034278253093
"V2",0.951934849843383
"V3",0.159811835736036
"V4",0.826224016025662
"V5",0.704083708813414
"V6",0.0739245354197919
"V7",2.36329569015652
"V8",3.10239776223898
"V9",2.87747793458402
