"names","vals"
"Intercept",-3.71207461270969
"y",0.35410343715921
"V1",0.0673670631367713
"V2",0.522719916189089
"V3",0.971262722741812
"V4",0.438526227837428
"V5",2.72854161635041
