"names","vals"
"Intercept",-4.21861128018936
"y",0.234979707514867
"V1",0.528352017980069
"V2",0.374462658306584
"V3",0.331758247222751
"V4",0.936164480866864
"V5",4.2202755054459
