"names","vals"
"Intercept",-11.5145898336312
"y",0.744220583001152
"V1",0.573813821189106
"V2",0.643066516611725
"V3",0.108360694954172
"V4",0.475709019461647
"V5",0.86220345669426
"V6",0.881156734423712
"V7",0.0595460298936814
"V8",0.500831913901493
"V9",4.8628359651193
"V10",2.86763141024858
"V11",1.79061849415302
"V12",2.76205071713775
"V13",4.82494141254574
