"names","vals"
"Intercept",-5.17899042512523
"y",0.251010049134493
"V1",0.67655943823047
"V2",0.060517729492858
"V3",0.822065357118845
"V4",0.710348831955343
"V5",0.248897183220834
"V6",3.24636800400913
"V7",3.9650260861963
