"names","vals"
"Intercept",-2.85008345859824
"y",0.290227940771729
"V1",0.167646499117836
"V2",0.35524051100947
"V3",0.00140130124054849
"V4",0.37229728186503
"V5",0.445401190314442
"V6",3.04978434927762
"V7",4.86228058673441
