"names","vals"
"Intercept",-6.65007503750268
"y",0.935098021756858
"V1",0.358038653619587
"V2",0.94392007868737
"V3",0.22173830983229
"V4",0.87924756645225
"V5",0.435576746473089
"V6",0.627357051707804
"V7",0.559639906510711
"V8",1.95097925607115
"V9",1.94262535031885
"V10",1.11870550364256
"V11",3.02230333257467
