"names","vals"
"Intercept",-6.49693979702424
"y",0.538116617361084
"V1",0.518391613615677
"V2",0.474451469490305
"V3",0.525323842186481
"V4",0.0937788665760309
"V5",0.201287747127935
"V6",0.329144733259454
"V7",2.49722294602543
"V8",4.07890277914703
"V9",2.78219622280449
