"names","vals"
"Intercept",-2.05154213160276
"y",0.963039182825014
"V1",0.7853970953729
"V2",0.46496006497182
"V3",0.483323784079403
"V4",0.642359844176099
"V5",1.5559867657721
