"names","vals"
"Intercept",-7.10835987372091
"y",0.762619419489056
"V1",0.97330390685238
"V2",0.166475514415652
"V3",0.306807570159435
"V4",0.430875152116641
"V5",0.854676011018455
"V6",0.121967575978488
"V7",2.00197254866362
"V8",1.19262275844812
"V9",4.11820004694164
