"names","vals"
"Intercept",-5.89013190018479
"y",0.977685183985159
"V1",0.67865429725498
"V2",0.041947960620746
"V3",0.92073678271845
"V4",0.625114199705422
"V5",0.444274476496503
"V6",3.94805474579334
"V7",3.9419748801738
