"names","vals"
"Intercept",-9.23692610761151
"y",0.076717926422134
"V1",0.728257188340649
"V2",0.773463632445782
"V3",0.820075744763017
"V4",0.762311507947743
"V5",0.828293801518157
"V6",0.0743497991934419
"V7",0.686134863412008
"V8",0.220612542936578
"V9",3.18069043848664
"V10",2.04301781207323
"V11",4.87885258346796
"V12",1.55055089853704
"V13",3.13376604579389
