"names","vals"
"Intercept",-12.0629311122466
"y",0.902465902501717
"V1",0.0321834674105048
"V2",0.875905842753127
"V3",0.353012993000448
"V4",0.769298535306007
"V5",0.95604794495739
"V6",0.164260564837605
"V7",0.670291975140572
"V8",3.08612595032901
"V9",4.56126307230443
"V10",4.81965325493366
"V11",2.65596858039498
