"names","vals"
"Intercept",-7.4655528586125
"y",0.298739827703685
"V1",0.360766641562805
"V2",0.092005000449717
"V3",0.0601787264458835
"V4",0.490860029822215
"V5",0.240760053275153
"V6",0.623604375869036
"V7",3.99764005374163
"V8",3.08010102342814
"V9",3.35182946082205
