"names","vals"
"Intercept",-12.9622444572509
"y",0.17159230960533
"V1",0.774208925897256
"V2",0.695598039543256
"V3",0.666068301303312
"V4",0.262035909574479
"V5",0.449048009701073
"V6",0.0450847204774618
"V7",0.36109128431417
"V8",0.680620586499572
"V9",2.83459679502994
"V10",2.73715697415173
"V11",4.80942113418132
"V12",4.09172188770026
"V13",4.12510280311108
