"names","vals"
"Intercept",-5.74040459007025
"y",0.12348875333555
"V1",0.983552163466811
"V2",0.220184620702639
"V3",0.826682758051902
"V4",0.376800985075533
"V5",0.646460395073518
"V6",0.142054768279195
"V7",2.55273448489606
"V8",1.00737824290991
"V9",4.84991647582501
