"names","vals"
"Intercept",-10.925880694224
"y",0.40544723183848
"V1",0.0982692609541118
"V2",0.400962441926822
"V3",0.190948174800724
"V4",0.884300495032221
"V5",0.83965454553254
"V6",0.546722386032343
"V7",0.854186474345624
"V8",4.03604269493371
"V9",2.95842619985342
"V10",3.94174150750041
"V11",1.22188082244247
