"names","vals"
"Intercept",-1.58127681878395
"y",0.27428060467355
"V1",0.152008261531591
"V2",0.138642780249938
"V3",0.121258841827512
"V4",0.840263806050643
"V5",0.981428957777098
"V6",3.69062912091613
"V7",4.35124054830521
