"names","vals"
"Intercept",-4.96355196149088
"y",0.773901948006824
"V1",0.484931491781026
"V2",0.562559901503846
"V3",0.661254959646612
"V4",0.280074332142249
"V5",0.605630133999512
"V6",1.69774002209306
"V7",4.58648689091206
