"names","vals"
"Intercept",-7.43477687345119
"y",0.411351253977045
"V1",0.0968263575341552
"V2",0.305979243014008
"V3",0.48301302571781
"V4",0.37164913257584
"V5",0.268705797148868
"V6",0.0961675744038075
"V7",0.622751717222854
"V8",0.681123731425032
"V9",2.07450275495648
"V10",2.41130851674825
"V11",1.86295119673014
"V12",3.97507931478322
"V13",4.93247858993709
