"names","vals"
"Intercept",-4.60256386042573
"y",0.971455037593842
"V1",0.729253923520446
"V2",0.685859266435727
"V3",0.738821306498721
"V4",0.310000386554748
"V5",0.86927024833858
"V6",0.505145331146196
"V7",3.79409484099597
"V8",2.77794727031142
"V9",3.37846938241273
