"names","vals"
"Intercept",-5.02788671595277
"y",0.523566956166178
"V1",0.940006944118068
"V2",0.618261435069144
"V3",0.593598194420338
"V4",0.282291466370225
"V5",0.491938698105514
"V6",3.6267803972587
"V7",3.69765029195696
