"names","vals"
"Intercept",-5.37541351056425
"y",0.799987664446235
"V1",0.163332781987265
"V2",0.424371635075659
"V3",0.135350273456424
"V4",0.255468294257298
"V5",0.17015450168401
"V6",3.15810393542051
"V7",4.82442277483642
