"names","vals"
"Intercept",-3.91291759469314
"y",0.0107305785641074
"V1",0.93240914773196
"V2",0.877638062927872
"V3",0.860394707415253
"V4",0.21670717606321
"V5",0.240961457369849
"V6",0.699267405085266
"V7",1.10932460054755
"V8",4.96293634641916
"V9",2.78715408965945
