"names","vals"
"Intercept",-4.38174447803758
"y",0.996343230595812
"V1",0.168664383003488
"V2",0.0485728287603706
"V3",0.11084154760465
"V4",0.422965825302526
"V5",0.191605603322387
"V6",0.295001367339864
"V7",0.196298822294921
"V8",4.85937331710011
"V9",4.05282654613256
"V10",1.4733724668622
"V11",4.58452131412923
