"names","vals"
"Intercept",-6.71366976876743
"y",0.424444280099124
"V1",0.209427554393187
"V2",0.836850865744054
"V3",0.917352530173957
"V4",0.879020928638056
"V5",0.885486061219126
"V6",0.275338247418404
"V7",0.20629728701897
"V8",3.25547040533274
"V9",1.85298771038651
"V10",2.78305269032717
"V11",1.34102329611778
