"names","vals"
"Intercept",-13.3041442250181
"y",0.437254566000775
"V1",0.10983806848526
"V2",0.0992409787140787
"V3",0.643493187148124
"V4",0.136391506763175
"V5",0.722233893349767
"V6",0.944648704957217
"V7",0.888450532918796
"V8",0.571163976099342
"V9",4.92521114926785
"V10",1.51150553952903
"V11",4.69688342139125
"V12",1.46511686313897
"V13",3.50714284460992
