"names","vals"
"Intercept",-2.83994089874206
"y",0.0388797838240862
"V1",0.360920773586258
"V2",0.696621744893491
"V3",0.256419153185561
"V4",0.0656269004102796
"V5",0.21444287430495
"V6",3.88345307391137
"V7",2.30275068525225
