"names","vals"
"Intercept",-3.49334886866156
"y",0.348871634574607
"V1",0.0705080148763955
"V2",0.961001087445766
"V3",0.259448042837903
"V4",0.0338044469244778
"V5",0.0577753155957907
"V6",0.237245773430914
"V7",0.622681008884683
"V8",0.580805617850274
"V9",1.16930935811251
"V10",1.27287380769849
"V11",2.51664742082357
"V12",3.52734059095383
"V13",1.59899199754
