"names","vals"
"Intercept",-3.80648848806741
"y",0.284382910467684
"V1",0.479322428582236
"V2",0.0592444671783596
"V3",0.281148139387369
"V4",0.340618991525844
"V5",3.3123700581491
