"names","vals"
"Intercept",-11.1715290360851
"y",0.282495972234756
"V1",0.497748155845329
"V2",0.731677245814353
"V3",0.460762100992724
"V4",0.576484482968226
"V5",0.736637758789584
"V6",0.207468815846369
"V7",0.88382618338801
"V8",1.06205010414124
"V9",4.96803331095725
"V10",2.21218951512128
"V11",2.28583309054375
