"names","vals"
"Intercept",-12.6900903992937
"y",0.709665677510202
"V1",0.0879455099347979
"V2",0.0701344993431121
"V3",0.807306349044666
"V4",0.401461516041309
"V5",0.546121667139232
"V6",0.812220026738942
"V7",0.0970148050691932
"V8",0.0528221658896655
"V9",3.88743165321648
"V10",3.50599603634328
"V11",2.6547403363511
"V12",4.55175651330501
"V13",3.38059146795422
