"names","vals"
"Intercept",-2.97058372821193
"y",0.961281094467267
"V1",0.178990819491446
"V2",0.673051938414574
"V3",0.569402314722538
"V4",0.461198216304183
"V5",2.56762986816466
