"names","vals"
"Intercept",-6.9205081095174
"y",0.0981860898900777
"V1",0.613306559156626
"V2",0.11355332355015
"V3",0.267433681292459
"V4",0.823338081827387
"V5",0.341361601836979
"V6",2.76650130283087
"V7",4.45206536352634
