"names","vals"
"Intercept",-3.39973033982329
"y",0.538603122578934
"V1",0.792472341097891
"V2",0.0626900708302855
"V3",0.519541507121176
"V4",0.351311347680166
"V5",0.16322553390637
"V6",0.350395417073742
"V7",4.69268657173961
"V8",1.29974823724478
"V9",1.30546436831355
