"names","vals"
"Intercept",-8.35828490975546
"y",0.369629321852699
"V1",0.592249613255262
"V2",0.319035709835589
"V3",0.0298411170952022
"V4",0.390647589927539
"V5",0.570026142988354
"V6",0.247244415339082
"V7",0.621406357502565
"V8",3.32587128598243
"V9",1.67463489901274
"V10",4.15091654378921
"V11",2.93807138223201
