"names","vals"
"Intercept",-1.25962779026013
"y",0.0971019638236612
"V1",0.652823354350403
"V2",0.842392132617533
"V3",0.493421413935721
"V4",0.055495532695204
"V5",2.59103803150356
