"names","vals"
"Intercept",-11.1634588020854
"y",0.495922981994227
"V1",0.330712246941403
"V2",0.269121071323752
"V3",0.937344829784706
"V4",0.345512008992955
"V5",0.285859716590494
"V6",0.46847454784438
"V7",0.114611293422058
"V8",0.423601776827127
"V9",3.91311435028911
"V10",3.97938791383058
"V11",1.45950123574585
"V12",2.55404170509428
"V13",3.92247877456248
