"names","vals"
"Intercept",-2.86076207758859
"y",0.349032522877678
"V1",0.837164303287864
"V2",0.249432163080201
"V3",0.842167997499928
"V4",0.146313455188647
"V5",2.10833999421448
