"names","vals"
"Intercept",-3.25680228271056
"y",0.281165466411039
"V1",0.443958492949605
"V2",0.288439450319856
"V3",0.763570815091953
"V4",0.523115849820897
"V5",0.253485041903332
"V6",0.08637058082968
"V7",1.26991225872189
"V8",2.67126599512994
"V9",1.35340845026076
