"names","vals"
"Intercept",-8.33140694536269
"y",0.396064070751891
"V1",0.720719123026356
"V2",0.705096923280507
"V3",0.56215882441029
"V4",0.806845073588192
"V5",0.360343460459262
"V6",0.641064563300461
"V7",4.42974571790546
"V8",1.06412324402481
"V9",3.18660430423915
