"names","vals"
"Intercept",-5.64755129489349
"y",0.0681506767868996
"V1",0.745937845902517
"V2",0.866119966842234
"V3",0.663676711730659
"V4",0.556379052111879
"V5",0.793342994758859
"V6",3.57350947801024
"V7",2.42027805652469
