"names","vals"
"Intercept",-9.62433651271276
"y",0.300855605863035
"V1",0.624998395331204
"V2",0.384828341193497
"V3",0.175157346297055
"V4",0.31031017517671
"V5",0.171917122788727
"V6",0.558611109852791
"V7",0.569060096517205
"V8",2.93587404862046
"V9",3.63829047232866
"V10",4.76875791233033
"V11",4.46151622571051
