"names","vals"
"Intercept",-6.3777328804601
"y",0.929283998906612
"V1",0.890278809936717
"V2",0.194083753973246
"V3",0.202368568629026
"V4",0.608889972558245
"V5",0.446933281142265
"V6",1.35893388651311
"V7",4.94668642338365
