"names","vals"
"Intercept",-5.9165742944763
"y",0.442261972697452
"V1",0.737351012881845
"V2",0.953844150295481
"V3",0.648288257420063
"V4",0.981333877891302
"V5",4.97093230299652
