"names","vals"
"Intercept",-12.2181714864494
"y",0.818138132803142
"V1",0.430249903583899
"V2",0.0483218370936811
"V3",0.117440118920058
"V4",0.958589200861752
"V5",0.337898957077414
"V6",0.682284446200356
"V7",0.531914571067318
"V8",4.92023890838027
"V9",3.01619264017791
"V10",3.17062728479505
"V11",1.4691239790991
