"names","vals"
"Intercept",-4.6909770058468
"y",0.911026830319315
"V1",0.731732704676688
"V2",0.447138991672546
"V3",0.721258528064936
"V4",0.185129235032946
"V5",0.0836240367498249
"V6",1.07527978718281
"V7",1.99379474017769
