"names","vals"
"Intercept",-4.7934028890566
"y",0.131122461985797
"V1",0.601027633296326
"V2",0.313986215740442
"V3",0.331833631498739
"V4",0.122950149932876
"V5",0.462723286589608
"V6",0.140585456974804
"V7",1.59145765565336
"V8",4.18330755829811
"V9",2.22232931759208
