"names","vals"
"Intercept",-2.15509381896118
"y",0.412178738275543
"V1",0.242286060005426
"V2",0.87864084658213
"V3",0.807905941037461
"V4",0.424942356999964
"V5",1.68016878794879
