"names","vals"
"Intercept",-9.11746663127793
"y",0.446633005980402
"V1",0.962582395644858
"V2",0.529512304114178
"V3",0.83664611610584
"V4",0.57746032695286
"V5",0.908598392968997
"V6",0.53616297757253
"V7",0.519393537659198
"V8",1.82439155131578
"V9",2.00439802091569
"V10",1.60735018923879
"V11",4.35293289739639
