"names","vals"
"Intercept",-1.89886843040586
"y",0.796023781178519
"V1",0.520478238351643
"V2",0.38145548524335
"V3",0.177998214960098
"V4",0.234709978103638
"V5",0.976123167900369
"V6",1.00403813272715
"V7",2.04089211300015
