"names","vals"
"Intercept",-3.23547279210761
"y",0.113799489336088
"V1",0.0843961245846003
"V2",0.797387200174853
"V3",0.701913821743801
"V4",0.615981149720028
"V5",0.774400426540524
"V6",1.62902099918574
"V7",2.92062193248421
