"names","vals"
"Intercept",-0.643080395120196
"y",0.400526792509481
"V1",0.978891258127987
"V2",0.0314431150909513
"V3",0.370913120452315
"V4",0.056800260907039
"V5",4.66772640030831
