"names","vals"
"Intercept",-10.3941564620589
"y",0.68702904949896
"V1",0.703234432265162
"V2",0.207727727945894
"V3",0.0576176897156984
"V4",0.327226291410625
"V5",0.893448724411428
"V6",0.0176228387281299
"V7",0.718038979684934
"V8",0.93782368558459
"V9",3.76446688827127
"V10",2.77361848112196
"V11",1.57447621785104
"V12",3.14903591759503
"V13",2.519206806086
