"names","vals"
"Intercept",-4.10258361650165
"y",0.574498634552583
"V1",0.0960489541757852
"V2",0.728876285254955
"V3",0.260851125698537
"V4",0.676076719537377
"V5",0.487428232794628
"V6",0.553592398297042
"V7",3.38652378506958
"V8",1.26157103758305
"V9",1.77317892760038
