"names","vals"
"Intercept",-12.1338455377985
"y",0.382174427155405
"V1",0.835569912800565
"V2",0.774779294384643
"V3",0.192718108883128
"V4",0.865914741065353
"V5",0.700729605276138
"V6",0.893210011534393
"V7",0.189263088395819
"V8",4.22616335004568
"V9",3.17508763633668
"V10",4.83275233861059
"V11",4.38499340601265
