"names","vals"
"Intercept",-6.38116542115109
"y",0.87680341838859
"V1",0.824074463453144
"V2",0.530760196270421
"V3",0.575082970550284
"V4",0.0314493726473302
"V5",0.0528051001019776
"V6",0.1470700239297
"V7",0.228200073353946
"V8",3.14990868512541
"V9",2.44226468261331
"V10",2.00376270897686
"V11",1.92993546463549
