"names","vals"
"Intercept",-3.24734519139864
"y",0.93305463087745
"V1",0.444525497965515
"V2",0.262432378483936
"V3",0.928763996111229
"V4",0.768236938165501
"V5",3.55158686172217
