"names","vals"
"Intercept",-10.6531843302888
"y",0.397466401336715
"V1",0.0731486049480736
"V2",0.608168262289837
"V3",0.56468027131632
"V4",0.397550803376362
"V5",0.905830797972158
"V6",0.159029432805255
"V7",0.109053500229493
"V8",0.96914934553206
"V9",4.16648374032229
"V10",3.08381316717714
"V11",2.82702641747892
"V12",2.21218741871417
"V13",1.04661786835641
