"names","vals"
"Intercept",-9.62243095414247
"y",0.845287292264402
"V1",0.933883219957352
"V2",0.893665759125724
"V3",0.39556056051515
"V4",0.319446410052478
"V5",0.860815685940906
"V6",0.683110974961892
"V7",0.991156712872908
"V8",4.04566621873528
"V9",3.27361142914742
"V10",2.80709756538272
"V11",1.39244701713324
