"names","vals"
"Intercept",-8.21462901439518
"y",0.805851751938462
"V1",0.268927748082206
"V2",0.890447489451617
"V3",0.823646374046803
"V4",0.84344628546387
"V5",0.141077862819657
"V6",0.469491012161598
"V7",0.364988187560812
"V8",0.538113371003419
"V9",1.02507572900504
"V10",1.00303065124899
"V11",4.11515650805086
"V12",2.53155443165451
"V13",2.80116628762335
