"names","vals"
"Intercept",-4.47701772413682
"y",0.691185778938234
"V1",0.511595810530707
"V2",0.482404747977853
"V3",0.581891010748222
"V4",0.581199009669945
"V5",3.64157757721841
