"names","vals"
"Intercept",-9.01254084337037
"y",0.00554261542856693
"V1",0.363109146011993
"V2",0.0389995865989476
"V3",0.215936665190384
"V4",0.779827203135937
"V5",0.582854285370559
"V6",0.559523958247155
"V7",0.0333951262291521
"V8",0.0761759753804654
"V9",3.95154807530344
"V10",4.004415220581
"V11",1.97723891027272
"V12",4.34079362079501
"V13",1.40438524726778
