"names","vals"
"Intercept",-5.89872213409981
"y",0.0854137004353106
"V1",0.414226948982105
"V2",0.734100682893768
"V3",0.0917106615379453
"V4",0.967198664322495
"V5",4.52186738327146
