"names","vals"
"Intercept",-1.17426924897823
"y",0.342611768050119
"V1",0.599819059018046
"V2",0.975738519569859
"V3",0.0324885679874569
"V4",0.351557177957147
"V5",1.21213596314192
