"names","vals"
"Intercept",-8.47896140246885
"y",0.94625435071066
"V1",0.843068691436201
"V2",0.304912955267355
"V3",0.0325709516182542
"V4",0.759523183573037
"V5",0.498999391682446
"V6",0.336371633689851
"V7",0.607127670897171
"V8",0.634696003748104
"V9",1.69980419334024
"V10",4.99687987659127
"V11",2.38387870695442
"V12",2.70133689045906
"V13",1.78037222474813
