"names","vals"
"Intercept",-6.59864293875173
"y",0.98186402535066
"V1",0.224161540158093
"V2",0.772785301087424
"V3",0.0953366800677031
"V4",0.723371905041859
"V5",0.978289409540594
"V6",0.816146944882348
"V7",2.7255773851648
"V8",2.07973845023662
"V9",2.8992532659322
