"names","vals"
"Intercept",-12.3112982583093
"y",0.861801813123748
"V1",0.403848246205598
"V2",0.690770963672549
"V3",0.0269769325386733
"V4",0.584276287583634
"V5",0.354957535397261
"V6",0.6570778649766
"V7",0.503805530490354
"V8",0.506785633275285
"V9",3.83100345451385
"V10",3.56779202912003
"V11",2.95253109093755
"V12",3.73731822799891
"V13",3.89614523854107
