"names","vals"
"Intercept",-0.875549154034816
"y",0.527173318201676
"V1",0.602345130871981
"V2",0.0815337074454874
"V3",0.151893896050751
"V4",0.626006616046652
"V5",4.33513391297311
