"names","vals"
"Intercept",-8.65886112201028
"y",0.216941218124703
"V1",0.0258018735330552
"V2",0.735204266384244
"V3",0.392130679218099
"V4",0.177070115692914
"V5",0.313293914077803
"V6",0.300600012764335
"V7",0.375231696059927
"V8",0.303505869116634
"V9",3.98123010620475
"V10",2.94140875246376
"V11",2.44529348704964
"V12",4.50405723787844
"V13",3.05669781379402
