"names","vals"
"Intercept",-12.8007251854427
"y",0.597213614732027
"V1",0.809775134315714
"V2",0.475820005871356
"V3",0.914022395154461
"V4",0.154671544907615
"V5",0.621239301981404
"V6",0.389069159282371
"V7",0.417319635627791
"V8",0.594714043661952
"V9",4.97353537939489
"V10",2.80928973574191
"V11",2.88411036971956
"V12",4.45770515035838
"V13",2.07358125597239
