"names","vals"
"Intercept",-5.30814773778897
"y",0.39728958462365
"V1",0.663039254257455
"V2",0.350559666985646
"V3",0.292415608186275
"V4",0.872149256756529
"V5",0.884000632446259
"V6",0.560440383385867
"V7",0.988042617449537
"V8",1.46004042029381
"V9",2.991011637263
"V10",2.90861230622977
"V11",1.16726876236498
