"names","vals"
"Intercept",-4.55045349248685
"y",0.314660696778446
"V1",0.613750090356916
"V2",0.122375610750169
"V3",0.0415232973173261
"V4",0.192710914183408
"V5",0.552282569464296
"V6",0.795424495823681
"V7",1.22786778211594
"V8",3.82369385566562
"V9",4.4070978583768
