"names","vals"
"Intercept",-1.92283275716938
"y",0.0278267483226955
"V1",0.462755633052438
"V2",0.124433375895023
"V3",0.934830815065652
"V4",0.377204523188993
"V5",1.75100332219154
