"names","vals"
"Intercept",-11.6807974887127
"y",0.394923467654735
"V1",0.886073390254751
"V2",0.0782578040380031
"V3",0.140747123630717
"V4",0.193304137326777
"V5",0.632363867247477
"V6",0.653201890876517
"V7",0.260239864001051
"V8",0.242774792248383
"V9",4.39899926260114
"V10",3.09733102843165
"V11",2.82988157123327
"V12",3.95263031776994
"V13",4.87508179899305
