"names","vals"
"Intercept",-13.1065353913815
"y",0.175975668942556
"V1",0.470708123175427
"V2",0.0503904488869011
"V3",0.446910478640348
"V4",0.147452380741015
"V5",0.446165409171954
"V6",0.821252317400649
"V7",0.854052934097126
"V8",0.70980734960176
"V9",3.86419416591525
"V10",3.77955011930317
"V11",4.97616892494261
"V12",4.33590222336352
"V13",2.53723845537752
