"names","vals"
"Intercept",-1.98140020430787
"y",0.318977028364316
"V1",0.657242202665657
"V2",0.0238376392517239
"V3",0.700335565488786
"V4",0.552503049606457
"V5",3.98973800241947
