"names","vals"
"Intercept",-8.48040563405026
"y",0.846431982237846
"V1",0.784604525426403
"V2",0.0020000038202852
"V3",0.5874204847496
"V4",0.614451049128547
"V5",0.544829782797024
"V6",0.144408338004723
"V7",0.726309223799035
"V8",0.0148128555156291
"V9",3.50173388794065
"V10",2.69613690860569
"V11",4.25513992179185
"V12",1.00989008136094
"V13",1.42706580553204
