"names","vals"
"Intercept",-2.03652018375695
"y",0.596079312264919
"V1",0.629355335375294
"V2",0.441080449149013
"V3",0.564917083131149
"V4",0.123330899979919
"V5",0.463892022846267
"V6",2.09795860573649
"V7",1.82466018665582
