"names","vals"
"Intercept",-9.28690950864693
"y",0.0992112739477307
"V1",0.127300718333572
"V2",0.826086668530479
"V3",0.557678865268826
"V4",0.223950411891565
"V5",0.313307831063867
"V6",0.642116866074502
"V7",2.75335438922048
"V8",3.02697904407978
"V9",4.85104240849614
