"names","vals"
"Intercept",-8.36434306289302
"y",0.11330178915523
"V1",0.114674214972183
"V2",0.721841911785305
"V3",0.495328388176858
"V4",0.900437736418098
"V5",0.386447464348748
"V6",0.999565142439678
"V7",3.24450281076133
"V8",4.86599354539067
"V9",2.99225335475057
