"names","vals"
"Intercept",-14.5490577351442
"y",0.469333392335102
"V1",0.583384797442704
"V2",0.680719411000609
"V3",0.998414414236322
"V4",0.117712097475305
"V5",0.365940200397745
"V6",0.436852439306676
"V7",0.19491005782038
"V8",0.528089399682358
"V9",4.67809695750475
"V10",4.69009739160538
"V11",4.82664309907705
"V12",1.94947868492454
"V13",1.91646352503449
