"names","vals"
"Intercept",-10.9125920154201
"y",0.478269905084744
"V1",0.117833175929263
"V2",0.795963019831106
"V3",0.0484523982740939
"V4",0.602949575986713
"V5",0.0579692884348333
"V6",0.325224520172924
"V7",0.471980769885704
"V8",0.863458620617166
"V9",2.13780839554965
"V10",3.03141842968762
"V11",2.75279516354203
"V12",3.55334435403347
"V13",1.44931490905583
