"names","vals"
"Intercept",-13.6518483482022
"y",0.00489575695246458
"V1",0.0126993879675865
"V2",0.0903272121213377
"V3",0.744002123363316
"V4",0.761727701406926
"V5",0.833276011748239
"V6",0.34610633039847
"V7",0.776129093253985
"V8",0.490652588428929
"V9",4.95323389489204
"V10",2.02647391147912
"V11",3.5454144384712
"V12",3.93975346721709
"V13",2.91980827320367
