"names","vals"
"Intercept",-4.60206390508916
"y",0.74089516676031
"V1",0.433663760079071
"V2",0.20106266066432
"V3",0.489899402251467
"V4",0.45064902305603
"V5",0.333006333559752
"V6",4.83435443043709
"V7",3.54243408422917
