"names","vals"
"Intercept",-6.74183229711838
"y",0.824706364190206
"V1",0.460101705510169
"V2",0.111659426940605
"V3",0.803089523687959
"V4",0.925126226153225
"V5",0.232967658434063
"V6",0.832185330567881
"V7",0.919717525364831
"V8",2.26059467159212
"V9",1.93609253317118
"V10",2.15538248140365
"V11",2.74928649235517
