"names","vals"
"Intercept",-6.29840168380644
"y",0.301335483323783
"V1",0.0700276482384652
"V2",0.116190914064646
"V3",0.75469658547081
"V4",0.261117804097012
"V5",0.255666440352798
"V6",0.785431977361441
"V7",0.658351500751451
"V8",0.2557539769914
"V9",2.2829733081162
"V10",2.25154858548194
"V11",3.33378997258842
"V12",4.81997064128518
"V13",2.79439545422792
