"names","vals"
"Intercept",-4.56379593606107
"y",0.119300069287419
"V1",0.982009496539831
"V2",0.777527325320989
"V3",0.0748621367383748
"V4",0.100722493370995
"V5",0.809272086014971
"V6",0.0792625700123608
"V7",3.25085228867829
"V8",1.30642914772034
"V9",2.40389333385974
