"names","vals"
"Intercept",-7.24562197748106
"y",0.89942911430262
"V1",0.364383164327592
"V2",0.365618376992643
"V3",0.469400848960504
"V4",0.0825999290682375
"V5",0.118638956453651
"V6",0.90678099845536
"V7",0.82237738231197
"V8",0.177043155068532
"V9",4.7111188089475
"V10",2.77935634180903
"V11",3.95582431461662
"V12",4.09006516076624
"V13",1.78737557679415
