"names","vals"
"Intercept",-1.34939336142503
"y",0.52503933897242
"V1",0.435663394164294
"V2",0.779885448049754
"V3",0.582026342628524
"V4",0.226730722934008
"V5",3.05362510867417
