"names","vals"
"Intercept",-1.63281339744339
"y",0.71594594209455
"V1",0.983212276827544
"V2",0.240272196242586
"V3",0.141053192783147
"V4",0.31447386322543
"V5",1.10445429384708
