"names","vals"
"Intercept",-10.5097669735784
"y",0.761925496859476
"V1",0.856856126338243
"V2",0.336440242594108
"V3",0.961059473454952
"V4",0.85493770451285
"V5",0.403578038793057
"V6",0.409704706864432
"V7",0.0943060605786741
"V8",0.693986611207947
"V9",1.56865129899234
"V10",1.78602457325906
"V11",1.54972053878009
"V12",2.7074762089178
"V13",1.7412465242669
