"names","vals"
"Intercept",-3.72397843758808
"y",0.255424418486655
"V1",0.211870323168114
"V2",0.550520177930593
"V3",0.160962708527222
"V4",0.261444253614172
"V5",0.0662181896623224
"V6",0.132568897446617
"V7",2.08316095825285
"V8",1.87667452357709
"V9",3.45132208522409
