"names","vals"
"Intercept",-4.04436193600995
"y",0.787400581641123
"V1",0.809509464539587
"V2",0.153731300495565
"V3",0.661344181746244
"V4",0.880553544731811
"V5",0.981959905475378
"V6",0.906133378855884
"V7",1.16002942062914
"V8",2.11995707638562
"V9",1.47066094633192
