"names","vals"
"Intercept",-8.57100039907265
"y",0.209581831237301
"V1",0.258770636050031
"V2",0.450861040968448
"V3",0.53170580114238
"V4",0.302138317143545
"V5",0.875994456699118
"V6",0.842729539610445
"V7",0.408247532323003
"V8",0.606421998469159
"V9",4.05394677259028
"V10",1.2163543459028
"V11",2.90104205347598
"V12",3.65468666795641
"V13",4.6858703494072
