"names","vals"
"Intercept",-5.00185390157625
"y",0.0780038174707443
"V1",0.334219268988818
"V2",0.562585657928139
"V3",0.671249057166278
"V4",0.76108650257811
"V5",0.315821357769892
"V6",4.88598010782152
"V7",3.89619862753898
