"names","vals"
"Intercept",-5.58168012671405
"y",0.875378344906494
"V1",0.379546532640234
"V2",0.463657573563978
"V3",0.0193826060276479
"V4",0.940572899067774
"V5",0.902758256299421
"V6",2.96526999864727
"V7",1.49152216687799
