"names","vals"
"Intercept",-5.60660434709862
"y",0.0309288576245308
"V1",0.806647300021723
"V2",0.972364440560341
"V3",0.105089689837769
"V4",0.683603644138202
"V5",0.881166289094836
"V6",0.170085883466527
"V7",3.68571833986789
"V8",2.25633685197681
"V9",2.27669995464385
