"names","vals"
"Intercept",-6.25520817133132
"y",0.224463540827855
"V1",0.0676354335155338
"V2",0.0236519619356841
"V3",0.00915496004745364
"V4",0.566639663418755
"V5",0.32810698193498
"V6",0.676493558101356
"V7",0.302226309431717
"V8",0.542455958435312
"V9",2.59952790290117
"V10",3.04596365988255
"V11",2.10403508972377
"V12",4.77234794199467
"V13",4.21603641565889
