"names","vals"
"Intercept",-4.55118280992378
"y",0.368776588933542
"V1",0.531618971377611
"V2",0.766075228806585
"V3",0.315419289050624
"V4",0.336279714480042
"V5",4.92130609322339
