"names","vals"
"Intercept",-4.12378572140355
"y",0.14131143479608
"V1",0.30457754037343
"V2",0.677653824910522
"V3",0.797623690450564
"V4",0.769671771442518
"V5",3.02806564606726
