"names","vals"
"Intercept",-6.37139134997036
"y",0.24681656062603
"V1",0.4790104534477
"V2",0.788068936439231
"V3",0.489077629055828
"V4",0.259190305834636
"V5",0.174370049964637
"V6",0.075939827831462
"V7",0.0889803902246058
"V8",0.131257286760956
"V9",1.96520375832915
"V10",1.93106437008828
"V11",1.68182201869786
"V12",4.05934193916619
"V13",2.85287248715758
