"names","vals"
"Intercept",-9.0751345427474
"y",0.751649580197409
"V1",0.668947351165116
"V2",0.261326412903145
"V3",0.753488263115287
"V4",0.503548749256879
"V5",0.480822420446202
"V6",0.335346610983834
"V7",0.703697003889829
"V8",0.849470007698983
"V9",2.59287901595235
"V10",4.34879626054317
"V11",2.96207643300295
"V12",3.91476841829717
"V13",1.69194823037833
