"names","vals"
"Intercept",-12.1659071345231
"y",0.966083967825398
"V1",0.555127374827862
"V2",0.143001330317929
"V3",0.623817840358242
"V4",0.561226568650454
"V5",0.560044106096029
"V6",0.427145963301882
"V7",0.434849100885913
"V8",3.27473067957908
"V9",4.53705930616707
"V10",3.19323879759759
"V11",3.45041829254478
