"names","vals"
"Intercept",-10.1901751092682
"y",0.0466930638067424
"V1",0.00777650601230562
"V2",0.657760626403615
"V3",0.809340260224417
"V4",0.187767227878794
"V5",0.0253172439988703
"V6",0.318992287153378
"V7",0.719612896908075
"V8",1.69892262667418
"V9",4.40991179272532
"V10",1.66058961674571
"V11",4.85459385160357
