"names","vals"
"Intercept",-11.6050221945508
"y",0.275319056585431
"V1",0.141984576359391
"V2",0.00194236636161804
"V3",0.351921768626198
"V4",0.134282969869673
"V5",0.937690955353901
"V6",0.992062232689932
"V7",0.72274191211909
"V8",0.981371977599338
"V9",3.36192511674017
"V10",1.82270359061658
"V11",1.48786801192909
"V12",4.41258832812309
"V13",4.46584746334702
