"names","vals"
"Intercept",-4.64046660563443
"y",0.541790576651692
"V1",0.656786213163286
"V2",0.344172498676926
"V3",0.44789497856982
"V4",0.721904902486131
"V5",4.10789690632373
