"names","vals"
"Intercept",-8.69286484768148
"y",0.0799757367931306
"V1",0.433139261323959
"V2",0.72839499427937
"V3",0.478920668596402
"V4",0.654536294750869
"V5",0.370146012166515
"V6",0.631628407165408
"V7",0.985141382552683
"V8",1.16736021544784
"V9",1.67164253909141
"V10",4.16764002293348
"V11",4.53797032684088
