"names","vals"
"Intercept",-2.92066857650643
"y",0.422788365045562
"V1",0.336954844649881
"V2",0.990375737193972
"V3",0.545304001541808
"V4",0.305850460659713
"V5",0.633149731671438
"V6",1.36916612833738
"V7",1.48546600341797
