"names","vals"
"Intercept",-8.04750200084411
"y",0.960792077472433
"V1",0.795323760481551
"V2",0.577923039672896
"V3",0.256592136574909
"V4",0.466552629834041
"V5",0.231877867365256
"V6",0.162454068427905
"V7",0.890418815193698
"V8",0.249999577179551
"V9",1.07470095623285
"V10",2.48950883280486
"V11",1.55429073423147
"V12",1.23168219346553
"V13",4.7149115614593
