"names","vals"
"Intercept",-6.74234614681918
"y",0.0202963463962078
"V1",0.314861628459767
"V2",0.346541587030515
"V3",0.719764379318804
"V4",0.732292384840548
"V5",0.378624947741628
"V6",0.733748762635514
"V7",0.384827020810917
"V8",0.634409467456862
"V9",1.16295308806002
"V10",3.8919030148536
"V11",4.16030647978187
"V12",1.31068062409759
"V13",3.3021934852004
