"names","vals"
"Intercept",-5.3505547551671
"y",0.595677184639499
"V1",0.687361550983042
"V2",0.319022132549435
"V3",0.0527772530913353
"V4",0.582011339720339
"V5",0.310720978304744
"V6",4.50139374379069
"V7",4.83078640233725
