"names","vals"
"Intercept",-7.24793117222376
"y",0.487848254153505
"V1",0.258544803829864
"V2",0.13302878011018
"V3",0.865397466346622
"V4",0.828569293254986
"V5",0.322640349157155
"V6",0.20820913859643
"V7",0.158576737623662
"V8",0.630596186732873
"V9",4.8082109503448
"V10",2.96086078882217
"V11",1.91977296210825
"V12",1.40156290307641
"V13",1.50970011949539
