"names","vals"
"Intercept",-1.64918725522002
"y",0.13359076785855
"V1",0.053480276837945
"V2",0.15325916535221
"V3",0.599293864797801
"V4",0.602010835893452
"V5",0.0609097522683442
"V6",3.11134340427816
"V7",1.58810581546277
