"names","vals"
"Intercept",-9.80007664988749
"y",0.995509430533275
"V1",0.93057173024863
"V2",0.372310663573444
"V3",0.0301074301823974
"V4",0.658421316882595
"V5",0.225587928434834
"V6",0.37686035153456
"V7",0.844953587511554
"V8",4.4553783936426
"V9",3.14160533063114
"V10",3.78437980171293
"V11",3.19291788525879
