"names","vals"
"Intercept",-4.57297662549187
"y",0.803861467866227
"V1",0.533518916228786
"V2",0.440378238912672
"V3",0.761059631127864
"V4",0.234138041036204
"V5",0.447638235520571
"V6",0.471985212760046
"V7",2.37634827103466
"V8",3.70866150502115
"V9",2.51257488131523
