"names","vals"
"Intercept",-6.90116690575378
"y",0.565164861036465
"V1",0.866190108004957
"V2",0.20659114071168
"V3",0.832379340659827
"V4",0.0841755708679557
"V5",0.68527734093368
"V6",2.90562406927347
"V7",4.86290976032615
