"names","vals"
"Intercept",-10.5062869979301
"y",0.429851396009326
"V1",0.939480585744604
"V2",0.19883133447729
"V3",0.649580381345004
"V4",0.836951958481222
"V5",0.441625989275053
"V6",0.517988296924159
"V7",0.186824635835364
"V8",0.709345164708793
"V9",1.50063295196742
"V10",4.45816327352077
"V11",4.93923214171082
"V12",2.72261011879891
"V13",2.69165015034378
