"names","vals"
"Intercept",-10.2309223987139
"y",0.698192931944504
"V1",0.46546080103144
"V2",0.492899789474905
"V3",0.35013023018837
"V4",0.691669358871877
"V5",0.656301857437938
"V6",0.369631633162498
"V7",0.822763359872624
"V8",4.90131134912372
"V9",1.17701375670731
"V10",4.57059795502573
"V11",2.33633745182306
