"names","vals"
"Intercept",-9.92465812254231
"y",0.42404029588215
"V1",0.0961765139363706
"V2",0.763826762791723
"V3",0.307956097414717
"V4",0.61266370373778
"V5",0.796893597114831
"V6",0.80232388433069
"V7",0.701556874671951
"V8",0.0930942473933101
"V9",3.84613312967122
"V10",3.4979699794203
"V11",4.8642079019919
"V12",4.47432265151292
"V13",1.75009802542627
