"names","vals"
"Intercept",-3.07455070401775
"y",0.779693558812141
"V1",0.822231013560668
"V2",0.36672737589106
"V3",0.827422577887774
"V4",0.767017097910866
"V5",2.68009330146015
