"names","vals"
"Intercept",-8.86532861347077
"y",0.427256839582697
"V1",0.757936961948872
"V2",0.851346996612847
"V3",0.927935290150344
"V4",0.0215967646799982
"V5",0.71768694370985
"V6",0.418937898240983
"V7",0.91255632112734
"V8",2.73720029462129
"V9",3.71161479037255
"V10",4.22314990125597
"V11",4.5118477512151
