"names","vals"
"Intercept",-9.58252316689584
"y",0.657468237215653
"V1",0.702447090065107
"V2",0.62777236639522
"V3",0.360162113094702
"V4",0.406677098246291
"V5",0.247746987268329
"V6",4.53932049684227
"V7",3.7869239738211
