"names","vals"
"Intercept",-6.76061306375777
"y",0.38774077524431
"V1",0.367042332654819
"V2",0.771669814363122
"V3",0.784619009355083
"V4",0.415936837205663
"V5",0.789299758849666
"V6",0.183127518976107
"V7",2.3078999882564
"V8",4.00205719377846
"V9",2.55465324502438
