"names","vals"
"Intercept",-3.23206027138513
"y",0.69083097577095
"V1",0.290723219281062
"V2",0.277722534490749
"V3",0.438164941966534
"V4",0.0816721075680107
"V5",0.923368409508839
"V6",4.774612987414
"V7",2.38335569296032
