"names","vals"
"Intercept",-3.13968427119544
"y",0.9051776942797
"V1",0.509892393136397
"V2",0.624932994600385
"V3",0.0987465784419328
"V4",0.287355932407081
"V5",0.179293628083542
"V6",1.64686517324299
"V7",1.94286475982517
