"names","vals"
"Intercept",-7.76393385494128
"y",0.250527344411239
"V1",0.0545921369921416
"V2",0.305889484938234
"V3",0.569181128637865
"V4",0.0204845541156828
"V5",0.350008993875235
"V6",0.549650926375762
"V7",0.135850458638743
"V8",0.064909917768091
"V9",1.07987375557423
"V10",2.44541677366942
"V11",4.87140522804111
"V12",2.73969343677163
"V13",2.47525754850358
