"names","vals"
"Intercept",-4.22902265476994
"y",0.499952323967591
"V1",0.539848692249507
"V2",0.267203854396939
"V3",0.892564125126228
"V4",0.732167171314359
"V5",0.739344656933099
"V6",3.73730778880417
"V7",1.11674880143255
