"names","vals"
"Intercept",-8.43075956652872
"y",0.395235295640305
"V1",0.783298120368272
"V2",0.00563660729676485
"V3",0.529502419522032
"V4",0.819828323088586
"V5",0.812641141703352
"V6",0.804649229627103
"V7",0.385647257324308
"V8",0.61368577554822
"V9",2.08308846130967
"V10",1.91420247126371
"V11",4.8619632255286
"V12",1.92119426745921
"V13",3.7365075936541
