"names","vals"
"Intercept",-1.85426791610662
"y",0.0339492964558303
"V1",0.447786233853549
"V2",0.523409205954522
"V3",0.100959031144157
"V4",0.273353228811175
"V5",3.56801656354219
