"names","vals"
"Intercept",-2.58311813242268
"y",0.584622527472675
"V1",0.36569283879362
"V2",0.397594867274165
"V3",0.0999649078585207
"V4",0.871468604076654
"V5",0.566020094789565
"V6",0.250566034344956
"V7",1.34769065584987
"V8",2.9501743670553
"V9",1.95975863281637
