"names","vals"
"Intercept",-7.86598029188812
"y",0.274938877439126
"V1",0.836390862939879
"V2",0.555850222473964
"V3",0.679647465003654
"V4",0.772742614150047
"V5",0.819631455233321
"V6",0.90948532614857
"V7",2.29428487736732
"V8",4.72997012641281
"V9",1.60907928925008
