"names","vals"
"Intercept",-4.40730128856376
"y",0.864806095603853
"V1",0.281875230139121
"V2",0.88210271904245
"V3",0.929914712673053
"V4",0.996643074089661
"V5",1.96053938008845
