"names","vals"
"Intercept",-1.04441934684291
"y",0.0111637096852064
"V1",0.0188779637683183
"V2",0.86294017592445
"V3",0.0253923719283193
"V4",0.671517830342054
"V5",2.20850642863661
