"names","vals"
"Intercept",-10.9250124246767
"y",0.152432085946202
"V1",0.954120285343379
"V2",0.646848194301128
"V3",0.617872795788571
"V4",0.283357689157128
"V5",0.93182185292244
"V6",0.191998906666413
"V7",0.913035403005779
"V8",4.74189594667405
"V9",2.19528900831938
"V10",4.57610228285193
"V11",1.49430288467556
