"names","vals"
"Intercept",-2.50205288442085
"y",0.530005612177774
"V1",0.754018677864224
"V2",0.405770584242418
"V3",0.161502536386251
"V4",0.16328533901833
"V5",0.187634455505759
"V6",1.16000887658447
"V7",4.43105214834213
