"names","vals"
"Intercept",-6.23680637167767
"y",0.0553204040043056
"V1",0.886309070978314
"V2",0.316252409247681
"V3",0.917842391179875
"V4",0.798388643655926
"V5",4.85736394207925
