"names","vals"
"Intercept",-12.0235109724198
"y",0.412349944934249
"V1",0.132623405894265
"V2",0.468715597409755
"V3",0.947193232132122
"V4",0.596494362223893
"V5",0.216609237482771
"V6",0.309514356311411
"V7",0.111072506289929
"V8",0.52714397595264
"V9",1.62331254128367
"V10",2.88847202807665
"V11",1.26562383212149
"V12",4.84528248943388
"V13",2.8124403199181
