"names","vals"
"Intercept",-3.14061118984828
"y",0.119152626255527
"V1",0.339726101839915
"V2",0.96179525507614
"V3",0.160151621093974
"V4",0.200309453066438
"V5",2.60286888852715
