"names","vals"
"Intercept",-11.9709944627574
"y",0.70412410562858
"V1",0.142553650774062
"V2",0.397806673077866
"V3",0.975008483976126
"V4",0.411596782272682
"V5",0.262944136979058
"V6",0.677188817644492
"V7",0.753876538248733
"V8",0.383844712050632
"V9",4.75477288570255
"V10",2.24716036953032
"V11",2.70780064538121
"V12",4.78282475098968
"V13",4.71355580259115
