"names","vals"
"Intercept",-11.8732915123692
"y",0.687145911622792
"V1",0.801052521681413
"V2",0.466635199729353
"V3",0.518395994789898
"V4",0.0411947553511709
"V5",0.403085003839806
"V6",0.228214867413044
"V7",0.220829824218526
"V8",4.76579018309712
"V9",2.95073063112795
"V10",3.98789220117033
"V11",3.3261102810502
