"names","vals"
"Intercept",-2.45905680551892
"y",0.706266191322356
"V1",0.137311204569414
"V2",0.255493122618645
"V3",0.932352038798854
"V4",0.462611499940977
"V5",0.748317877296358
"V6",3.44097019918263
"V7",1.62885455414653
