"names","vals"
"Intercept",-6.79107850863133
"y",0.00501193734817207
"V1",0.577686262084171
"V2",0.330328982090577
"V3",0.538345286156982
"V4",0.161926661152393
"V5",0.896502956515178
"V6",3.93317773751915
"V7",4.57287911232561
