"names","vals"
"Intercept",-4.89361346132122
"y",0.483558397274464
"V1",0.901130267418921
"V2",0.517774984939024
"V3",0.0156645791139454
"V4",0.513521457556635
"V5",0.69614978437312
"V6",4.60066904406995
"V7",3.2542248275131
