"names","vals"
"Intercept",-15.4910535443155
"y",0.149716869927943
"V1",0.94832238345407
"V2",0.90740830055438
"V3",0.182317020604387
"V4",0.605851861881092
"V5",0.52542539825663
"V6",0.459771474590525
"V7",0.640535323647782
"V8",4.88287925720215
"V9",3.86661281250417
"V10",3.74420448113233
"V11",3.84583388827741
