"names","vals"
"Intercept",-11.1706014205515
"y",0.0686510847881436
"V1",0.0174025762826204
"V2",0.713086389238015
"V3",0.904293654719368
"V4",0.368337974185124
"V5",0.76755402982235
"V6",0.837011520052329
"V7",0.703993003582582
"V8",4.75569196976721
"V9",4.18784142564982
"V10",1.89358373265713
"V11",1.94179223664105
