"names","vals"
"Intercept",-2.1554731934797
"y",0.935945961857215
"V1",0.489496224327013
"V2",0.940534030320123
"V3",0.479654449503869
"V4",0.0455516322981566
"V5",1.26169521454722
