"names","vals"
"Intercept",-7.9211486657965
"y",0.210864989319816
"V1",0.38892514561303
"V2",0.590621983399615
"V3",0.47896070801653
"V4",0.190894022816792
"V5",0.280527158640325
"V6",0.244990797247738
"V7",0.641339706722647
"V8",2.28065839409828
"V9",4.28952972777188
"V10",1.47496094182134
"V11",2.07028375007212
