"names","vals"
"Intercept",-1.66623723050579
"y",0.780835950281471
"V1",0.1218976106029
"V2",0.36849376745522
"V3",0.238006620435044
"V4",0.495799420168623
"V5",2.43518975097686
