"names","vals"
"Intercept",-5.49707010360435
"y",0.252940043574199
"V1",0.864008527016267
"V2",0.694739017169923
"V3",0.135594789171591
"V4",0.273701119236648
"V5",0.110320286126807
"V6",4.66329560615122
"V7",2.25891082268208
