"names","vals"
"Intercept",-3.93070705322549
"y",0.95697111915797
"V1",0.517577333608642
"V2",0.406266478355974
"V3",0.6702541266568
"V4",0.396138409385458
"V5",4.58568916004151
