"names","vals"
"Intercept",-5.83300191497896
"y",0.519724285695702
"V1",0.591975825140253
"V2",0.96921039512381
"V3",0.896167256636545
"V4",0.359519381774589
"V5",0.634822644526139
"V6",0.495533232111484
"V7",1.56528360024095
"V8",3.35959606338292
"V9",3.57329398579895
