"names","vals"
"Intercept",-2.04154168665875
"y",0.564250702504069
"V1",0.0815153087023646
"V2",0.702470094896853
"V3",0.630775655852631
"V4",0.959652064600959
"V5",1.80954405013472
