"names","vals"
"Intercept",-13.0990026129363
"y",0.418304935796186
"V1",0.902726782951504
"V2",0.274155581369996
"V3",0.772345908451825
"V4",0.301600899547338
"V5",0.564681131159887
"V6",0.802272957982495
"V7",0.438351152697578
"V8",0.810980374924839
"V9",3.72305183019489
"V10",4.8352851672098
"V11",1.88614540267736
"V12",2.19280360452831
"V13",2.69073275569826
