"names","vals"
"Intercept",-7.70542175312061
"y",0.071333144325763
"V1",0.611701218876988
"V2",0.965380265144631
"V3",0.612546018324792
"V4",0.519229874480516
"V5",0.154061004752293
"V6",0.641897612484172
"V7",0.441475255880505
"V8",2.85558537300676
"V9",1.64500366244465
"V10",1.46988761331886
"V11",2.4256805377081
