"names","vals"
"Intercept",-7.65368645525072
"y",0.667116769356653
"V1",0.410227317828685
"V2",0.172471248777583
"V3",0.397610460408032
"V4",0.889529251260683
"V5",0.687934981426224
"V6",0.803872160380706
"V7",4.83017226215452
"V8",1.09813790675253
"V9",3.89513274747878
