"names","vals"
"Intercept",-4.92919045674615
"y",0.701465447666124
"V1",0.23043609270826
"V2",0.573544154176489
"V3",0.80565932020545
"V4",0.293002924649045
"V5",0.130052610067651
"V6",3.58633565157652
"V7",1.83646355848759
