"names","vals"
"Intercept",-8.23922420239542
"y",0.73240447207354
"V1",0.94092014990747
"V2",0.958265341119841
"V3",0.989883455447853
"V4",0.152318851556629
"V5",0.292757648508996
"V6",0.05942935612984
"V7",0.149956227745861
"V8",0.534291853196919
"V9",1.73748352751136
"V10",1.04897180665284
"V11",1.27384200226516
"V12",4.9552606549114
"V13",1.93718455452472
