"names","vals"
"Intercept",-11.4328925998206
"y",0.0828359185252339
"V1",0.0195908963214606
"V2",0.610150840133429
"V3",0.734000105410814
"V4",0.835854802047834
"V5",0.165400720434263
"V6",0.952109652804211
"V7",0.510721882339567
"V8",0.533945670351386
"V9",4.21780894696712
"V10",2.03926487639546
"V11",4.77366200182587
"V12",3.76788453571498
"V13",2.46888857521117
