"names","vals"
"Intercept",-9.80532663080376
"y",0.978002715623006
"V1",0.602147102821618
"V2",0.222324916161597
"V3",0.460230873897672
"V4",0.235480078496039
"V5",0.518728621769696
"V6",0.681975333951414
"V7",3.73002680018544
"V8",4.47267465852201
"V9",2.3977003544569
