"names","vals"
"Intercept",-8.33908669041935
"y",0.263867893489078
"V1",0.46075292956084
"V2",0.375789046520367
"V3",0.705820910865441
"V4",0.159739562310278
"V5",0.197787377052009
"V6",0.153374822577462
"V7",0.337180303642526
"V8",0.236756271449849
"V9",4.08258005883545
"V10",2.43185613583773
"V11",4.88837595004588
"V12",4.1585738658905
"V13",3.46802368853241
