"names","vals"
"Intercept",-12.5686639351863
"y",0.562280672136694
"V1",0.636398015776649
"V2",0.825981905218214
"V3",0.0842762643005699
"V4",0.352314414223656
"V5",0.0380148075055331
"V6",0.351789142005146
"V7",0.0570957714226097
"V8",0.937295381678268
"V9",1.33643874153495
"V10",1.8269745670259
"V11",3.68112617358565
"V12",4.43987297918648
"V13",3.67274233326316
