"names","vals"
"Intercept",-4.69397011891706
"y",0.319976818049327
"V1",0.00228791008703411
"V2",0.140010932693258
"V3",0.348479344975203
"V4",0.00309237721376121
"V5",0.250752889318392
"V6",0.208082065917552
"V7",2.43953914288431
"V8",2.34851160552353
"V9",2.36205966863781
