"names","vals"
"Intercept",-5.56850936335512
"y",0.132128359982744
"V1",0.898492390522733
"V2",0.0606264690868556
"V3",0.838079449953511
"V4",0.997339276829734
"V5",0.20942030637525
"V6",0.544413689291105
"V7",2.77640218380839
"V8",2.93934073857963
"V9",2.76962904818356
