"names","vals"
"Intercept",-6.78690506506246
"y",0.999879410257563
"V1",0.82286395598203
"V2",0.813726562308148
"V3",0.752712951274589
"V4",0.980907278833911
"V5",0.0685291071422398
"V6",0.842297966592014
"V7",3.77968406770378
"V8",4.17074094805866
"V9",1.89311166945845
