"names","vals"
"Intercept",-10.1921218801755
"y",0.176650553708896
"V1",0.907205703668296
"V2",0.893824469996616
"V3",0.813880141591653
"V4",0.0713727900292724
"V5",0.672118678689003
"V6",0.322570749558508
"V7",0.615485519636422
"V8",3.14604952000082
"V9",1.52798827644438
"V10",2.61906470451504
"V11",2.705536628142
