"names","vals"
"Intercept",-7.31712889546528
"y",0.102872302755713
"V1",0.0224996216129512
"V2",0.277135920943692
"V3",0.765779224224389
"V4",0.394715166417882
"V5",0.246791260084137
"V6",0.777277325512841
"V7",0.861302330624312
"V8",0.326609099749476
"V9",1.37279054988176
"V10",1.49811968114227
"V11",4.31251974124461
"V12",4.82038271334022
"V13",3.30345840938389
