"names","vals"
"Intercept",-5.02899970231112
"y",0.266101091401652
"V1",0.700344926910475
"V2",0.311843907693401
"V3",0.987922558095306
"V4",0.748498235363513
"V5",0.655355579452589
"V6",0.568455120548606
"V7",0.543897971743718
"V8",2.53817894961685
"V9",4.33084626030177
"V10",2.07222867570817
"V11",1.19217063672841
