"names","vals"
"Intercept",-5.42171912138117
"y",0.41861966997385
"V1",0.806481033097953
"V2",0.152033862425014
"V3",0.729976369766518
"V4",0.213324677664787
"V5",0.801776792854071
"V6",0.464971952373162
"V7",1.99847438372672
"V8",1.89857916906476
"V9",2.8431047834456
