"names","vals"
"Intercept",-5.31318716589594
"y",0.0741325404960662
"V1",0.319889167090878
"V2",0.916284975362942
"V3",0.160567208891734
"V4",0.508203197037801
"V5",0.503556182375178
"V6",0.450608641840518
"V7",2.56776553299278
"V8",3.49090138729662
"V9",3.58309810515493
