"names","vals"
"Intercept",-5.92667994504329
"y",0.51437251851894
"V1",0.844590462744236
"V2",0.701145558152348
"V3",0.194535965332761
"V4",0.924421893898398
"V5",0.191663509234786
"V6",0.849469720385969
"V7",4.88611075282097
"V8",4.04307005368173
"V9",4.78705035336316
