"names","vals"
"Intercept",-8.5861968828924
"y",0.493244459619746
"V1",0.766660003690049
"V2",0.455501307733357
"V3",0.429993534227833
"V4",0.586306707933545
"V5",0.589974504895508
"V6",0.749940382549539
"V7",4.91089926473796
"V8",3.47547731548548
"V9",4.07794268801808
