"names","vals"
"Intercept",-7.97577075291192
"y",0.926004697335884
"V1",0.155261803185567
"V2",0.962582894368097
"V3",0.948226185748354
"V4",0.481433609034866
"V5",0.775069802068174
"V6",0.298566518584266
"V7",0.774511767085642
"V8",0.320619703037664
"V9",3.97371426317841
"V10",2.66606285702437
"V11",1.04229804314673
"V12",1.91513132862747
"V13",2.7021755753085
