"names","vals"
"Intercept",-5.74175444706343
"y",0.147385859396309
"V1",0.784844937501475
"V2",0.616882703267038
"V3",0.521834484767169
"V4",0.757613654714078
"V5",0.439210649579763
"V6",2.1092381477356
"V7",2.95370267145336
