"names","vals"
"Intercept",-3.7008032687474
"y",0.923537636874244
"V1",0.440888595301658
"V2",0.462707384722307
"V3",0.955821313895285
"V4",0.022368959384039
"V5",3.77953029517084
