"names","vals"
"Intercept",-9.66066813165322
"y",0.640932538546622
"V1",0.992461116984487
"V2",0.358495366293937
"V3",0.676416352391243
"V4",0.196096683619544
"V5",0.310844597872347
"V6",0.942108267452568
"V7",0.454023180529475
"V8",0.700943058356643
"V9",4.64179493673146
"V10",3.6026351833716
"V11",2.34895503241569
"V12",2.33793217130005
"V13",2.44274551793933
