"names","vals"
"Intercept",-8.26744752625935
"y",0.555641548940912
"V1",0.248194735730067
"V2",0.935939480084926
"V3",0.675132872769609
"V4",0.721985205542296
"V5",0.339154130546376
"V6",0.189185033785179
"V7",0.598257866920903
"V8",2.70243114419281
"V9",4.32369970809668
"V10",1.42627984564751
"V11",4.25500770565122
