"names","vals"
"Intercept",-5.32421809157589
"y",0.740606653736904
"V1",0.0507320377510041
"V2",0.93724849075079
"V3",0.136542179156095
"V4",0.525808993494138
"V5",0.206893677823246
"V6",0.350371568929404
"V7",0.737283661263064
"V8",0.353898689383641
"V9",1.14502643048763
"V10",1.32942684739828
"V11",2.84932314883918
"V12",1.91955520398915
"V13",4.42843461688608
