"names","vals"
"Intercept",-7.79910790992901
"y",0.144540668465197
"V1",0.813484727172181
"V2",0.76362571795471
"V3",0.536621606443077
"V4",0.58183506410569
"V5",0.967466531088576
"V6",0.495088255731389
"V7",0.420590256573632
"V8",2.86236676946282
"V9",2.2948839738965
"V10",1.35178714524955
"V11",2.12520093098283
