"names","vals"
"Intercept",-1.30684947403613
"y",0.689124080352485
"V1",0.254680335521698
"V2",0.832885973388329
"V3",0.265062137739733
"V4",0.16590826283209
"V5",0.242483318783343
"V6",1.24160518217832
"V7",1.31215949263424
