"names","vals"
"Intercept",-6.10603590233019
"y",0.117576195392758
"V1",0.720527017256245
"V2",0.871582300635055
"V3",0.46491721784696
"V4",0.993617797503248
"V5",0.654872090788558
"V6",2.542465088889
"V7",4.24683287274092
