"names","vals"
"Intercept",-8.67203232082538
"y",0.269958566408604
"V1",0.742751271696761
"V2",0.921038753353059
"V3",0.760348464362323
"V4",0.273003309266642
"V5",0.137674750760198
"V6",0.744854882359505
"V7",2.82487686816603
"V8",4.46597287151963
"V9",2.38037097081542
