"names","vals"
"Intercept",-2.76698910908308
"y",0.209183763945475
"V1",0.674010101240128
"V2",0.967824797378853
"V3",0.737262883689255
"V4",0.467598490882665
"V5",2.29333077836782
