"names","vals"
"Intercept",-10.4407276487444
"y",0.397186078829691
"V1",0.316974489483982
"V2",0.198311037151143
"V3",0.395821588346735
"V4",0.432090162299573
"V5",0.604984265984967
"V6",0.151396548375487
"V7",0.980832850327715
"V8",0.12532957457006
"V9",1.83083252143115
"V10",1.78566436003894
"V11",3.90776406694204
"V12",1.93084338586777
"V13",3.09296543430537
