"names","vals"
"Intercept",-2.96993009358644
"y",0.181708054151386
"V1",0.211474999552593
"V2",0.118022720562294
"V3",0.405421470757574
"V4",0.809074607212096
"V5",0.641341114649549
"V6",0.465737270889804
"V7",1.66961259581149
"V8",3.99118536710739
"V9",1.4706636974588
