"names","vals"
"Intercept",-3.66944865819532
"y",0.466544395312667
"V1",0.183613529196009
"V2",0.0967064446303993
"V3",0.00604982022196054
"V4",0.897003818303347
"V5",0.181985673494637
"V6",2.4128729775548
"V7",1.56425358448178
