"names","vals"
"Intercept",-5.2862788914144
"y",0.996954897651449
"V1",0.703815348446369
"V2",0.263091905741021
"V3",0.380787952104583
"V4",0.903063217643648
"V5",0.204699425259605
"V6",3.88869262766093
"V7",2.47428535949439
