"names","vals"
"Intercept",-1.73630520317238
"y",0.606401546159759
"V1",0.747011474566534
"V2",0.395941588096321
"V3",0.034747259458527
"V4",0.932631932664663
"V5",4.89666947349906
