"names","vals"
"Intercept",-6.16949507029261
"y",0.334056091262028
"V1",0.207208999432623
"V2",0.262454161886126
"V3",0.0505438256077468
"V4",0.269722961587831
"V5",0.00607377523556352
"V6",0.15388888027519
"V7",0.842966435477138
"V8",4.10109015740454
"V9",4.5454225493595
"V10",1.67428324371576
"V11",1.34996665082872
