"names","vals"
"Intercept",-5.36565266667865
"y",0.426320533268154
"V1",0.461866910103709
"V2",0.547960699070245
"V3",0.282664345577359
"V4",0.176558820763603
"V5",0.819719148334116
"V6",0.946025425102562
"V7",4.86167126893997
"V8",2.10202970076352
"V9",3.35219069570303
