"names","vals"
"Intercept",-8.80822861372726
"y",0.0135196351911873
"V1",0.064932594075799
"V2",0.570307466899976
"V3",0.935156875988469
"V4",0.0853636218234897
"V5",0.0432635371107608
"V6",0.6782124734018
"V7",0.942986431764439
"V8",0.734382949536666
"V9",3.53005096502602
"V10",3.70607114862651
"V11",3.22974545136094
"V12",2.73599976859987
"V13",2.37349702976644
