"names","vals"
"Intercept",-7.03770357402042
"y",0.00549335335381329
"V1",0.664266181178391
"V2",0.993043941212818
"V3",0.722778580151498
"V4",0.0100041835103184
"V5",0.154553649947047
"V6",0.975957662332803
"V7",1.17902929987758
"V8",3.33074455708265
"V9",3.99180587101728
