"names","vals"
"Intercept",-8.72878811463248
"y",0.493450003443286
"V1",0.36629596655257
"V2",0.282179709291086
"V3",0.551797548541799
"V4",0.607717817416415
"V5",0.982406650669873
"V6",0.671854728832841
"V7",0.329631437081844
"V8",1.57681485451758
"V9",4.89341080468148
"V10",1.89473654981703
"V11",3.82521516270936
