"names","vals"
"Intercept",-4.86949191694381
"y",0.467529611894861
"V1",0.753274025861174
"V2",0.972126216860488
"V3",0.191213664598763
"V4",0.695720126153901
"V5",0.0194133252371103
"V6",0.191620977362618
"V7",1.83187084738165
"V8",1.41707376856357
"V9",2.03554926067591
