"names","vals"
"Intercept",-9.01948368017096
"y",0.442513935035095
"V1",0.845659589394927
"V2",0.898978718090802
"V3",0.639961904613301
"V4",0.54574585519731
"V5",0.252975918119773
"V6",0.886146052507684
"V7",0.221131491241977
"V8",4.76150095555931
"V9",2.97459630016237
"V10",2.06680361926556
"V11",4.88246278092265
