"names","vals"
"Intercept",-4.86530581229832
"y",0.318029017187655
"V1",0.643631562357768
"V2",0.24005845352076
"V3",0.469640926690772
"V4",0.180211320519447
"V5",0.820971575332806
"V6",0.326654867967591
"V7",3.96943751722574
"V8",3.70847071520984
"V9",3.39397686440498
