"names","vals"
"Intercept",-1.68419921757188
"y",0.315643034176901
"V1",0.648981833597645
"V2",0.821596367983148
"V3",0.14740454708226
"V4",0.630345115670934
"V5",1.32005855441093
