"names","vals"
"Intercept",-11.608519443376
"y",0.0553202230948955
"V1",0.328319858526811
"V2",0.879269936354831
"V3",0.203127169283107
"V4",0.931923752417788
"V5",0.554376638261601
"V6",0.383767379680648
"V7",0.901473029283807
"V8",0.399235896766186
"V9",4.84034884069115
"V10",4.14290930330753
"V11",4.06821921467781
"V12",3.56428807228804
"V13",3.86523977387697
