"names","vals"
"Intercept",-7.44564576574136
"y",0.489587873453274
"V1",0.32815897394903
"V2",0.0300621462520212
"V3",0.0143908124882728
"V4",0.574191152118146
"V5",0.453394545707852
"V6",0.142988442210481
"V7",2.44733263365924
"V8",1.52438952960074
"V9",4.69020804110914
