"names","vals"
"Intercept",-7.06571540596196
"y",0.658052653074265
"V1",0.870808311970904
"V2",0.697008959483355
"V3",0.333835789933801
"V4",0.447553841164336
"V5",0.470849836245179
"V6",0.832867459394038
"V7",0.87158236419782
"V8",0.894725128542632
"V9",3.48005823418498
"V10",3.39282183162868
"V11",2.3011197289452
"V12",3.87015231326222
"V13",3.91093126684427
