"names","vals"
"Intercept",-11.4600231012679
"y",0.865938552422449
"V1",0.505879916716367
"V2",0.348473159363493
"V3",0.820731045911089
"V4",0.964757910231128
"V5",0.826736253686249
"V6",0.528158801840618
"V7",0.427923216018826
"V8",0.721105403266847
"V9",3.45282557141036
"V10",2.85897967033088
"V11",4.55950481630862
"V12",1.23347766324878
"V13",1.54310033190995
