"names","vals"
"Intercept",-2.30121241563931
"y",0.578615399077535
"V1",0.733864628709853
"V2",0.833353517577052
"V3",0.269735470414162
"V4",0.0275939563289285
"V5",1.50381254218519
