"names","vals"
"Intercept",-1.70565462918952
"y",0.501875274581835
"V1",0.67156239436008
"V2",0.601795254042372
"V3",0.650136605137959
"V4",0.140197789063677
"V5",1.63469055760652
