"names","vals"
"Intercept",-2.47724978483049
"y",0.743923488771543
"V1",0.437770530814305
"V2",0.771043199114501
"V3",0.0586291465442628
"V4",0.965981079265475
"V5",0.469886831473559
"V6",3.76242150831968
"V7",4.89540538843721
