"names","vals"
"Intercept",-8.03581965110498
"y",0.354737764922902
"V1",0.733181918505579
"V2",0.384793764445931
"V3",0.931776834651828
"V4",0.651075050467625
"V5",0.734396259300411
"V6",0.684882358415052
"V7",1.83337479643524
"V8",4.8628089427948
"V9",3.54543091915548
