"names","vals"
"Intercept",-6.06740083158948
"y",0.637773241847754
"V1",0.773650687886402
"V2",0.345106338150799
"V3",0.759180310415104
"V4",0.436555005609989
"V5",0.0239499935414642
"V6",1.74585204944015
"V7",4.27312699146569
