"names","vals"
"Intercept",-7.22255393292755
"y",0.668871467234567
"V1",0.0874741638544947
"V2",0.200059269787744
"V3",0.000301338499411941
"V4",0.357972418656573
"V5",0.21824560011737
"V6",0.0850199698470533
"V7",3.04223303403705
"V8",2.91181711386889
"V9",3.89143490977585
