"names","vals"
"Intercept",-7.81374295514543
"y",0.380621404619887
"V1",0.969836223404855
"V2",0.173381046392024
"V3",0.826828813180327
"V4",0.671958819264546
"V5",0.882987669436261
"V6",0.322661937214434
"V7",0.451968811685219
"V8",0.192067496711388
"V9",2.82035396061838
"V10",1.45860882755369
"V11",3.09592238534242
"V12",1.6295029008761
"V13",4.03338649682701
