"names","vals"
"Intercept",-1.93935500261141
"y",0.091152093373239
"V1",0.689445681869984
"V2",0.955054032150656
"V3",0.3062415830791
"V4",0.165895593585446
"V5",3.06966952327639
