"names","vals"
"Intercept",-4.13086982641369
"y",0.911428202409297
"V1",0.0262524562422186
"V2",0.410815385635942
"V3",0.250822811387479
"V4",0.682359335478395
"V5",3.30485400184989
