"names","vals"
"Intercept",-4.42877237075008
"y",0.249836704228073
"V1",0.660976716317236
"V2",0.927082820096985
"V3",0.955766033846885
"V4",0.997160831699148
"V5",0.238625589758158
"V6",2.97120111901313
"V7",1.77170208096504
