"names","vals"
"Intercept",-2.43251962836366
"y",0.461376899387687
"V1",0.158895944710821
"V2",0.00950218853540719
"V3",0.255295536713675
"V4",0.457750629168004
"V5",0.357070228317752
"V6",0.63545681280084
"V7",4.61020814534277
"V8",4.34973790682852
"V9",1.35119483526796
