"names","vals"
"Intercept",-2.64287943385541
"y",0.216287058545277
"V1",0.643274919362739
"V2",0.837730025174096
"V3",0.445851976983249
"V4",0.548944145673886
"V5",1.04223174694926
