"names","vals"
"Intercept",-8.47736082432792
"y",0.975112733663991
"V1",0.997281543444842
"V2",0.347773735411465
"V3",0.86908590560779
"V4",0.5618178229779
"V5",0.50370400166139
"V6",0.54629852483049
"V7",0.732948121149093
"V8",1.87825130764395
"V9",4.12542052008212
"V10",3.40231308992952
"V11",4.54628019593656
