"names","vals"
"Intercept",-7.87962434194516
"y",0.359793827868998
"V1",0.584645370254293
"V2",0.844708187272772
"V3",0.342156360158697
"V4",0.7902251414489
"V5",0.290115606738254
"V6",0.973304099636152
"V7",0.432848329888657
"V8",3.88097573816776
"V9",3.22226964402944
"V10",2.4926146781072
"V11",4.72837191354483
