"names","vals"
"Intercept",-1.39312385800295
"y",0.0732227507978678
"V1",0.935175253544003
"V2",0.301129640778527
"V3",0.40496916230768
"V4",0.275537543231621
"V5",4.59675802383572
