"names","vals"
"Intercept",-3.38663620335516
"y",0.649321764940396
"V1",0.205845832359046
"V2",0.306971401441842
"V3",0.721397899091244
"V4",0.735370366135612
"V5",0.530984186567366
"V6",0.197338940110058
"V7",1.05533808190376
"V8",1.51599000301212
"V9",2.33630922529846
