"names","vals"
"Intercept",-10.0183068744023
"y",0.685674075270072
"V1",0.772575797280297
"V2",0.820620727725327
"V3",0.593231803970411
"V4",0.153626968152821
"V5",0.727308908011764
"V6",0.666683979099616
"V7",0.823366888100281
"V8",4.10579277481884
"V9",3.20543964300305
"V10",1.77764172852039
"V11",1.69819526188076
