"names","vals"
"Intercept",-15.8193040809128
"y",0.358014872530475
"V1",0.308993096463382
"V2",0.86250465339981
"V3",0.391140619525686
"V4",0.922902084887028
"V5",0.37931564077735
"V6",0.736983292968944
"V7",0.31348835513927
"V8",0.545630503911525
"V9",4.88407518621534
"V10",4.40674060862511
"V11",1.94028936047107
"V12",4.00910965912044
"V13",4.79491295292974
