"names","vals"
"Intercept",-8.72109231743962
"y",0.695901749422774
"V1",0.308437253348529
"V2",0.66856932383962
"V3",0.473629291169345
"V4",0.801249285694212
"V5",0.222858055960387
"V6",0.510297883534804
"V7",4.64466221351177
"V8",4.98621593881398
"V9",2.65266275685281
