"names","vals"
"Intercept",-2.47507230589166
"y",0.743597839027643
"V1",0.525832533836365
"V2",0.447088709101081
"V3",0.460990797961131
"V4",0.63759155664593
"V5",2.53832000494003
