"names","vals"
"Intercept",-13.2561272154562
"y",0.366350451484323
"V1",0.651867277454585
"V2",0.527391990879551
"V3",0.900577553547919
"V4",0.609881815500557
"V5",0.355442720465362
"V6",0.669038945343345
"V7",0.490390848834068
"V8",4.8037566030398
"V9",2.11583824269474
"V10",4.44319381099194
"V11",4.96471358183771
