"names","vals"
"Intercept",-5.55461644780589
"y",0.937902807025239
"V1",0.861375234788284
"V2",0.488967207027599
"V3",0.345629277639091
"V4",0.231731990817934
"V5",0.106147828977555
"V6",4.61350364144892
"V7",2.36440360732377
