"names","vals"
"Intercept",-8.13602534780512
"y",0.527361522661522
"V1",0.885629907017574
"V2",0.00897357193753123
"V3",0.568361852318048
"V4",0.117132828803733
"V5",0.798312410712242
"V6",0.878456966252998
"V7",0.311032413272187
"V8",4.88463615067303
"V9",2.80276349745691
"V10",1.39014518167824
"V11",1.58480547834188
