"names","vals"
"Intercept",-5.62398769632913
"y",0.175429136725143
"V1",0.616398696554825
"V2",0.483621409861371
"V3",0.914571575820446
"V4",0.497053279541433
"V5",0.89093211106956
"V6",4.64508884586394
"V7",3.07453166972846
