"names","vals"
"Intercept",-4.49464803987881
"y",0.932644715765491
"V1",0.110599889187142
"V2",0.355966369388625
"V3",0.260337175801396
"V4",0.0482091174926609
"V5",0.554590603569523
"V6",0.702099732123315
"V7",2.05147519800812
"V8",4.61159183736891
"V9",3.5365764433518
