"names","vals"
"Intercept",-2.41215172266122
"y",0.135145143605769
"V1",0.929965718882158
"V2",0.373007967602462
"V3",0.183525695465505
"V4",0.160479289013892
"V5",0.25614561047405
"V6",0.521280956687406
"V7",0.0815049284137785
"V8",0.221122147981077
"V9",1.17294391430914
"V10",1.2749390155077
"V11",1.12031868472695
"V12",1.08782526198775
"V13",3.52641382999718
