"names","vals"
"Intercept",-1.84573056660593
"y",0.279753196751699
"V1",0.465278977062553
"V2",0.13262317283079
"V3",0.457198611926287
"V4",0.0191162705887109
"V5",3.00364420562983
