"names","vals"
"Intercept",-12.6270290370332
"y",0.878595030168071
"V1",0.901552970288321
"V2",0.257415856234729
"V3",0.910563680808991
"V4",0.289246293250471
"V5",0.608015113975853
"V6",0.682561818044633
"V7",0.00519431033171713
"V8",3.69342502765357
"V9",1.99658137839288
"V10",3.60170826874673
"V11",4.7981336992234
