"names","vals"
"Intercept",-2.70268610148225
"y",0.285858036950231
"V1",0.812851399881765
"V2",0.062986041419208
"V3",0.510059990687296
"V4",0.436154074268416
"V5",0.812691873405129
"V6",0.458708811551332
"V7",1.07107723876834
"V8",2.65384444501251
"V9",3.50088236294687
