"names","vals"
"Intercept",-14.7354339444079
"y",0.102499052882195
"V1",0.474553189240396
"V2",0.549829802243039
"V3",0.00776394549757242
"V4",0.933923598378897
"V5",0.280870845541358
"V6",0.942025064025074
"V7",0.00870586093515158
"V8",0.67612550733611
"V9",4.62430554255843
"V10",4.9545829705894
"V11",4.10433704871684
"V12",4.16267220117152
"V13",3.59635487757623
