"names","vals"
"Intercept",-4.32596224708483
"y",0.356503062183037
"V1",0.991915475809947
"V2",0.821254273876548
"V3",0.791193994227797
"V4",0.987618284067139
"V5",0.728774425806478
"V6",0.114555226871744
"V7",0.518442453816533
"V8",1.21870592981577
"V9",4.57511265110224
"V10",1.46961250156164
"V11",3.13614285737276
