"names","vals"
"Intercept",-8.13302783698309
"y",0.775800237432122
"V1",0.219289406668395
"V2",0.535504617262632
"V3",0.324036891339347
"V4",0.01715397532098
"V5",0.8027640839573
"V6",0.478777947137132
"V7",1.49083983898163
"V8",3.10956648178399
"V9",3.44938152842224
