"names","vals"
"Intercept",-9.6649821691215
"y",0.690757986623794
"V1",0.556261052144691
"V2",0.283877722220495
"V3",0.174940379569307
"V4",0.256390304304659
"V5",0.995866504963487
"V6",0.153497848659754
"V7",0.766209964174777
"V8",1.19533995352685
"V9",3.26977831497788
"V10",4.4267725078389
"V11",1.44438779167831
