"names","vals"
"Intercept",-7.12743515794165
"y",0.245766500942409
"V1",0.636540671344846
"V2",0.247456716140732
"V3",0.503188703209162
"V4",0.485333506250754
"V5",0.323252484435216
"V6",0.153368673985824
"V7",0.23418303555809
"V8",0.731234647333622
"V9",3.8915436770767
"V10",3.32117467187345
"V11",1.70215115882456
"V12",3.4256999893114
"V13",2.51714862696826
