"names","vals"
"Intercept",-4.35391632449348
"y",0.516890182858333
"V1",0.715695309685543
"V2",0.717258981894702
"V3",0.481771661899984
"V4",0.405877630691975
"V5",0.857806263491511
"V6",1.57639996521175
"V7",1.42364449799061
