"names","vals"
"Intercept",-3.5161490535317
"y",0.591542176669464
"V1",0.887359415646642
"V2",0.48527396703139
"V3",0.010757460957393
"V4",0.634954631794244
"V5",0.988194606034085
"V6",2.85025752801448
"V7",1.51302659697831
