"names","vals"
"Intercept",-4.01704413660802
"y",0.959071086486802
"V1",0.336551743559539
"V2",0.702681342372671
"V3",0.827203230001032
"V4",0.788700067903847
"V5",0.508168433327228
"V6",1.92196153383702
"V7",1.42437504325062
