"names","vals"
"Intercept",-4.32369006915251
"y",0.472481347387657
"V1",0.874383467948064
"V2",0.159867418697104
"V3",0.599610320525244
"V4",0.764075485058129
"V5",0.921083183726296
"V6",4.94537495821714
"V7",4.60864029172808
