"names","vals"
"Intercept",-6.79029371673241
"y",0.590506701730192
"V1",0.803785484749824
"V2",0.318346640560776
"V3",0.560613630106673
"V4",0.961118389153853
"V5",0.0254513428080827
"V6",4.12459968775511
"V7",2.16759359929711
