"names","vals"
"Intercept",-3.00162467536051
"y",0.00630218931473792
"V1",0.792446802835912
"V2",0.0690902988426387
"V3",0.748986329650506
"V4",0.456892556976527
"V5",1.69628479145467
