"names","vals"
"Intercept",-5.85128492093645
"y",0.507206929614767
"V1",0.620599277317524
"V2",0.688205043319613
"V3",0.0199617021717131
"V4",0.233194860862568
"V5",0.170205299509689
"V6",3.06074180826545
"V7",3.59822812210768
