"names","vals"
"Intercept",-9.522305007861
"y",0.0348139752168208
"V1",0.645566726801917
"V2",0.706839051796123
"V3",0.6977857388556
"V4",0.13349758903496
"V5",0.0105583528056741
"V6",0.015911748399958
"V7",0.42866038903594
"V8",4.65025225374848
"V9",3.28078704513609
"V10",3.36417255271226
"V11",2.79334617778659
