"names","vals"
"Intercept",-3.77188309930498
"y",0.287376531166956
"V1",0.760625090682879
"V2",0.0265482233371586
"V3",0.64527966408059
"V4",0.545812831725925
"V5",0.149859139695764
"V6",3.74464576411992
"V7",2.8047114033252
