"names","vals"
"Intercept",-2.60606953685638
"y",0.199756490765139
"V1",0.411120374919847
"V2",0.027892904356122
"V3",0.0510595017112792
"V4",0.563717731740326
"V5",4.3032193928957
