"names","vals"
"Intercept",-3.33827061441727
"y",0.00610855803824961
"V1",0.490494113182649
"V2",0.343897629529238
"V3",0.963867974467576
"V4",0.102194470586255
"V5",2.97059432417154
