"names","vals"
"Intercept",-2.66054435225669
"y",0.584836879745126
"V1",0.547754432773218
"V2",0.252530146157369
"V3",0.0773320253938437
"V4",0.460416381480172
"V5",3.71008439268917
