"names","vals"
"Intercept",-5.51199368356029
"y",0.711865173652768
"V1",0.100156848784536
"V2",0.934412498725578
"V3",0.784123137127608
"V4",0.761952661676332
"V5",4.77573105413467
