"names","vals"
"Intercept",-7.06575445427559
"y",0.536588710732758
"V1",0.614006369374692
"V2",0.795521677471697
"V3",0.394590037409216
"V4",0.357232441194355
"V5",0.120715423952788
"V6",0.0712355824653059
"V7",0.177403146401048
"V8",0.990307520143688
"V9",1.53043435420841
"V10",1.88470919430256
"V11",1.67149649653584
"V12",4.62129066511989
"V13",2.19965546857566
