"names","vals"
"Intercept",-11.7999252774473
"y",0.0587851137388498
"V1",0.313908226555213
"V2",0.444800608791411
"V3",0.528287317836657
"V4",0.860695058945566
"V5",0.268019107636064
"V6",0.492531951051205
"V7",0.933078383561224
"V8",0.85780611098744
"V9",4.52191276662052
"V10",3.97539859823883
"V11",1.5166907357052
"V12",4.08355384785682
"V13",4.68011650908738
