"names","vals"
"Intercept",-15.9737125832913
"y",0.59727489342913
"V1",0.500238322420046
"V2",0.401158201042563
"V3",0.407192326616496
"V4",0.957080779597163
"V5",0.879022523527965
"V6",0.697518813190982
"V7",0.032237900653854
"V8",0.497403413290158
"V9",4.12166289705783
"V10",3.84618528280407
"V11",4.85116361640394
"V12",3.76035982370377
"V13",4.84565046895295
