"names","vals"
"Intercept",-2.96282982409466
"y",0.148144874954596
"V1",0.938109776703641
"V2",0.791035464731976
"V3",0.418231429765001
"V4",0.77484588464722
"V5",2.22624444775283
