"names","vals"
"Intercept",-4.54722776824143
"y",0.255572297144681
"V1",0.0458664118777961
"V2",0.914391636382788
"V3",0.0493634189479053
"V4",0.524577790871263
"V5",0.271627816837281
"V6",3.64154009241611
"V7",1.87065623421222
