"names","vals"
"Intercept",-6.62008536992129
"y",0.0325893338304013
"V1",0.657439571339637
"V2",0.216171767096967
"V3",0.535687342053279
"V4",0.509575291303918
"V5",0.397137810243294
"V6",0.553983498364687
"V7",0.853692716220394
"V8",0.313637599581853
"V9",1.94102490693331
"V10",1.37811135221273
"V11",3.45171957276762
"V12",2.18223073426634
"V13",2.66842126101255
