"names","vals"
"Intercept",-1.548541949098
"y",0.643794529372826
"V1",0.290930448099971
"V2",0.380664893426001
"V3",0.0969208450987935
"V4",0.642266707494855
"V5",4.35937687009573
