"names","vals"
"Intercept",-7.30293587187305
"y",0.383846531389281
"V1",0.185112349456176
"V2",0.538369167596102
"V3",0.390541414730251
"V4",0.430894704302773
"V5",0.777916332473978
"V6",0.163504182128236
"V7",3.93391043320298
"V8",1.22920466493815
"V9",4.81804573349655
