"names","vals"
"Intercept",-7.99403245784342
"y",0.836411704309285
"V1",0.323802721919492
"V2",0.756017905659974
"V3",0.418611176777631
"V4",0.322850866010413
"V5",0.876255202107131
"V6",2.43946996424347
"V7",4.5891116084531
