"names","vals"
"Intercept",-10.2496945855813
"y",0.602765979012474
"V1",0.230876376619563
"V2",0.287749167764559
"V3",0.307264015078545
"V4",0.176283089909703
"V5",0.870844737160951
"V6",0.684298550710082
"V7",0.778296458767727
"V8",0.155108229024336
"V9",1.39902672637254
"V10",3.26935913227499
"V11",3.00111695565283
"V12",3.52360005024821
"V13",3.65453232359141
