"names","vals"
"Intercept",-7.80744935484836
"y",0.0706324218772352
"V1",0.193253838689998
"V2",0.976378239225596
"V3",0.46918334136717
"V4",0.393205797765404
"V5",0.959400439402089
"V6",0.127565615810454
"V7",1.63477392680943
"V8",3.52789343055338
"V9",4.20365459378809
