"names","vals"
"Intercept",-4.18539919417351
"y",0.696673749713227
"V1",0.530389375751838
"V2",0.47133282921277
"V3",0.659062265884131
"V4",0.965657550375909
"V5",3.50355623476207
