"names","vals"
"Intercept",-9.70609745688271
"y",0.151224256260321
"V1",0.63025203673169
"V2",0.124663526657969
"V3",0.141550681786612
"V4",0.204527172027156
"V5",0.795256681740284
"V6",0.0619852205272764
"V7",0.565130081493407
"V8",2.03682385012507
"V9",3.37114136014134
"V10",3.74154119752347
"V11",4.85617659799755
