"names","vals"
"Intercept",-4.10425090756034
"y",0.481883524218574
"V1",0.612616784870625
"V2",0.452950994018465
"V3",0.524213424185291
"V4",0.818406021920964
"V5",2.76949075981975
