"names","vals"
"Intercept",-1.6095168189425
"y",0.798520734533668
"V1",0.651301139499992
"V2",0.235615163110197
"V3",0.975680061150342
"V4",0.47477978351526
"V5",1.62858906202018
