"names","vals"
"Intercept",-2.55716608723393
"y",0.459000813541934
"V1",0.304150510812178
"V2",0.15996401431039
"V3",0.351087130606174
"V4",0.688981226179749
"V5",2.24261484388262
