"names","vals"
"Intercept",-5.23293005048297
"y",0.281201049219817
"V1",0.831808827118948
"V2",0.208172205137089
"V3",0.440514988033101
"V4",0.70960556762293
"V5",0.0364973514806479
"V6",3.84064912144095
"V7",3.52792492136359
