"names","vals"
"Intercept",-5.03588686164003
"y",0.482129176845774
"V1",0.842101346468553
"V2",0.192076493985951
"V3",0.796288954326883
"V4",0.881082145962864
"V5",0.0068378783762455
"V6",1.8045282959938
"V7",2.3355906130746
