"names","vals"
"Intercept",-3.88386862117331
"y",0.58162109926343
"V1",0.261013136478141
"V2",0.883769102860242
"V3",0.783931329380721
"V4",0.722436437616125
"V5",0.095094581367448
"V6",0.497310576960444
"V7",1.34320719260722
"V8",3.08190676383674
"V9",4.45867516193539
