"names","vals"
"Intercept",-12.5681077374727
"y",0.499359280103818
"V1",0.306229116395116
"V2",0.506508918944746
"V3",0.36018037237227
"V4",0.905992218991742
"V5",0.86121282633394
"V6",0.438655360369012
"V7",0.2936025778763
"V8",2.2247621351853
"V9",3.91796019673347
"V10",4.3234732542187
"V11",2.36434269230813
