"names","vals"
"Intercept",-2.31308218670078
"y",0.784328351262957
"V1",0.0690956751350313
"V2",0.562806500820443
"V3",0.0256624966859818
"V4",0.122092788340524
"V5",0.573814190225676
"V6",1.56432188302279
"V7",1.24805653840303
