"names","vals"
"Intercept",-3.06623163972516
"y",0.428714796435088
"V1",0.655170582002029
"V2",0.789076147833839
"V3",0.249675491126254
"V4",0.925242779077962
"V5",2.99641893617809
