"names","vals"
"Intercept",-5.75457573585212
"y",0.325481951003894
"V1",0.716091194888577
"V2",0.514755560550839
"V3",0.747569504426792
"V4",0.49605680978857
"V5",0.975395460613072
"V6",0.382456228137016
"V7",0.18523639626801
"V8",1.39841588586569
"V9",3.7317909989506
"V10",2.96460044104606
"V11",2.93938764743507
