"names","vals"
"Intercept",-6.63143238453195
"y",0.99235457717441
"V1",0.290141154080629
"V2",0.499867430888116
"V3",0.657669789157808
"V4",0.566220464883372
"V5",0.590962073765695
"V6",3.68694343417883
"V7",2.13829412031919
