"names","vals"
"Intercept",-10.0302785849664
"y",0.96662127203308
"V1",0.536870699608698
"V2",0.993938782950863
"V3",0.733702837722376
"V4",0.455734981922433
"V5",0.575347317615524
"V6",0.958199929213151
"V7",0.772750478005037
"V8",0.54977739485912
"V9",3.85071912035346
"V10",3.33119463175535
"V11",3.13587480224669
"V12",1.40213518496603
"V13",2.4764204248786
