"names","vals"
"Intercept",-8.03154317303095
"y",0.0408002054318786
"V1",0.372269634157419
"V2",0.95254765660502
"V3",0.63866561325267
"V4",0.149604352423921
"V5",0.269464662997052
"V6",0.164719038642943
"V7",0.380391979124397
"V8",0.638224228285253
"V9",3.40634779445827
"V10",3.61965723801404
"V11",4.02085037622601
"V12",3.21432067453861
"V13",2.49125603679568
