"names","vals"
"Intercept",-10.903961862321
"y",0.852079251082614
"V1",0.507097136694938
"V2",0.532327083172277
"V3",0.022767695132643
"V4",0.062378877773881
"V5",0.264052304672077
"V6",0.676176802255213
"V7",0.217052230145782
"V8",0.902148821158335
"V9",4.33238954842091
"V10",4.11661699321121
"V11",2.93696390837431
"V12",1.25068628694862
"V13",2.62116659339517
