"names","vals"
"Intercept",-4.49304699714994
"y",0.980927543248981
"V1",0.467891286127269
"V2",0.262849250342697
"V3",0.115691622486338
"V4",0.0723938094452024
"V5",0.524399063084275
"V6",0.241654597455636
"V7",2.39092763978988
"V8",2.19041367806494
"V9",1.42229460179806
