"names","vals"
"Intercept",-2.38017794265179
"y",0.13948435545899
"V1",0.341625253902748
"V2",0.34672660427168
"V3",0.295868516666815
"V4",0.425340014742687
"V5",0.818150470266119
"V6",4.8460325775668
"V7",2.79145559854805
