"names","vals"
"Intercept",-7.26875046133064
"y",0.217658404959366
"V1",0.367672899737954
"V2",0.588606304954737
"V3",0.383410668931901
"V4",0.90810734918341
"V5",0.8120024765376
"V6",0.213313599815592
"V7",0.512592979473993
"V8",3.22342132590711
"V9",1.2102281479165
"V10",1.2649674937129
"V11",4.46716490015388
