"names","vals"
"Intercept",-14.5648101822915
"y",0.957655439618975
"V1",0.0896479820366949
"V2",0.139623716007918
"V3",0.83758719265461
"V4",0.330745381303132
"V5",0.125177452573553
"V6",0.537971266778186
"V7",0.925264748511836
"V8",4.89659002888948
"V9",2.90890508145094
"V10",3.51398378424346
"V11",4.17971003241837
