"names","vals"
"Intercept",-1.6978092573816
"y",0.0988455009646714
"V1",0.218937335768715
"V2",0.451936956029385
"V3",0.0516831723507494
"V4",0.989145620493218
"V5",0.156753134448081
"V6",2.36840983852744
"V7",4.9762636013329
