"names","vals"
"Intercept",-8.71139415270882
"y",0.171902057249099
"V1",0.0146307374816388
"V2",0.0796556987334043
"V3",0.842600776581094
"V4",0.237432409776375
"V5",0.992779735475779
"V6",0.231032432289794
"V7",3.00689646415412
"V8",3.68130546528846
"V9",3.52662036567926
