"names","vals"
"Intercept",-4.98958055497147
"y",0.327798762125894
"V1",0.913827504729852
"V2",0.921450635883957
"V3",0.479306832421571
"V4",0.819779803976417
"V5",0.318452865118161
"V6",0.166280961828306
"V7",1.60959092341363
"V8",4.73195186816156
"V9",2.01219792477787
