"names","vals"
"Intercept",-5.84260088268202
"y",0.614139275858179
"V1",0.352542333770543
"V2",0.978596236091107
"V3",0.443418670678511
"V4",0.042305996408686
"V5",0.41440475336276
"V6",3.60129228979349
"V7",4.48490481451154
