"names","vals"
"Intercept",-6.3562320252182
"y",0.522337113274261
"V1",0.376862562727183
"V2",0.894290226278827
"V3",0.308731678174809
"V4",0.404836143599823
"V5",0.530900784302503
"V6",0.88537969859317
"V7",1.92488804738969
"V8",2.60903123300523
"V9",2.28751318342984
