"names","vals"
"Intercept",-5.47248579056468
"y",0.323136048391461
"V1",0.739751317771152
"V2",0.99522970081307
"V3",0.49150329362601
"V4",0.0748874959535897
"V5",0.0654475830961019
"V6",0.322817068779841
"V7",2.82344759535044
"V8",1.7208454227075
"V9",4.97309287637472
