"names","vals"
"Intercept",-1.44256592283491
"y",0.444218345219269
"V1",0.331340143457055
"V2",0.806420242181048
"V3",0.900228566722944
"V4",0.215748748509213
"V5",3.63130041584373
