"names","vals"
"Intercept",-4.44669214049354
"y",0.635805561207235
"V1",0.0100662116892636
"V2",0.85509211407043
"V3",0.510579882189631
"V4",0.443409137660637
"V5",0.526329391868785
"V6",4.8029522690922
"V7",3.15957281459123
