"names","vals"
"Intercept",-8.07832338982494
"y",0.513494311599061
"V1",0.0625365562736988
"V2",0.157197561115026
"V3",0.0664160442538559
"V4",0.884868237189949
"V5",0.542751393746585
"V6",0.0902223316952586
"V7",0.156048323493451
"V8",3.75109579414129
"V9",1.36204391252249
"V10",1.9815885387361
"V11",4.91527912858874
