"names","vals"
"Intercept",-5.75489771490684
"y",0.959666187409312
"V1",0.988422867842019
"V2",0.165511019295081
"V3",0.605190836358815
"V4",0.546694523887709
"V5",4.11341814603657
