"names","vals"
"Intercept",-8.57648919225903
"y",0.185344510246068
"V1",0.256528438068926
"V2",0.182356604374945
"V3",0.0244261617772281
"V4",0.723316338146105
"V5",0.80918539641425
"V6",0.366989550879225
"V7",0.234757404308766
"V8",3.0888568200171
"V9",4.24582278542221
"V10",1.1317701395601
"V11",1.09015151299536
