"names","vals"
"Intercept",-2.67122153538279
"y",0.76357849384658
"V1",0.956474332837388
"V2",0.921841469360515
"V3",0.0857706998940557
"V4",0.380615700036287
"V5",2.84428138006479
