"names","vals"
"Intercept",-6.62797233809717
"y",0.880609274376184
"V1",0.284525717608631
"V2",0.377069098409265
"V3",0.716982843587175
"V4",0.735052891075611
"V5",0.63324348651804
"V6",2.84425133001059
"V7",2.11397308763117
