"names","vals"
"Intercept",-5.37602698264178
"y",0.870199691271409
"V1",0.494274721480906
"V2",0.902273479150608
"V3",0.879109585890546
"V4",0.820938161341473
"V5",3.6676525156945
