"names","vals"
"Intercept",-11.1453029484581
"y",0.793661775998771
"V1",0.312134018400684
"V2",0.279718495439738
"V3",0.544450469547883
"V4",0.143602629657835
"V5",0.223896897863597
"V6",0.339246651623398
"V7",0.000841252505779266
"V8",0.75358866667375
"V9",4.92899520136416
"V10",3.51152141392231
"V11",3.80331872869283
"V12",4.39476698823273
"V13",2.89505133591592
