"names","vals"
"Intercept",-4.242441307134
"y",0.253155565122142
"V1",0.0324735415633768
"V2",0.669139764038846
"V3",0.0255808136425912
"V4",0.25537615432404
"V5",0.879920372273773
"V6",0.924894033931196
"V7",0.298968406161293
"V8",1.87860524933785
"V9",3.00139473471791
"V10",3.23921720124781
"V11",1.99113415647298
