"names","vals"
"Intercept",-3.97741388727911
"y",0.146906771697104
"V1",0.567142215790227
"V2",0.467770454706624
"V3",0.566880802623928
"V4",0.91465113661252
"V5",2.86882388219237
