"names","vals"
"Intercept",-14.8061790023278
"y",0.0605267211794853
"V1",0.762000401038677
"V2",0.716268145246431
"V3",0.605164931388572
"V4",0.413102354854345
"V5",0.954067507525906
"V6",0.852210181066766
"V7",0.15427871257998
"V8",0.517194749554619
"V9",3.93538282439113
"V10",4.12097572535276
"V11",1.4711467307061
"V12",3.81159170065075
"V13",3.16551654227078
