"names","vals"
"Intercept",-11.7221437051427
"y",0.421456787036732
"V1",0.160355119034648
"V2",0.588595481356606
"V3",0.581503755180165
"V4",0.665808394085616
"V5",0.748571539763361
"V6",0.545004089828581
"V7",0.521525172749534
"V8",0.662804641062394
"V9",4.49491410981864
"V10",2.71619459800422
"V11",4.41558958683163
"V12",3.01382745523006
"V13",3.82496551051736
