"names","vals"
"Intercept",-10.4940080794273
"y",0.00384419620968401
"V1",0.357106126844883
"V2",0.439878579229116
"V3",0.991429194575176
"V4",0.902584309224039
"V5",0.160777094773948
"V6",0.910629122518003
"V7",0.0976634446997195
"V8",0.335891063557938
"V9",3.61096698511392
"V10",2.85481219366193
"V11",1.2670408859849
"V12",4.63526004739106
"V13",1.75207048095763
