"names","vals"
"Intercept",-2.37937970557716
"y",0.945546974195167
"V1",0.297918769530952
"V2",0.580164784565568
"V3",0.8383118880447
"V4",0.450677520595491
"V5",2.52738967258483
