"names","vals"
"Intercept",-4.90488810388837
"y",0.845030788332224
"V1",0.820129410829395
"V2",0.996954820817336
"V3",0.91601894563064
"V4",0.87904539029114
"V5",0.112807229394093
"V6",2.87397857196629
"V7",4.00107862427831
