"names","vals"
"Intercept",-6.08887268726248
"y",0.63593812379986
"V1",0.657080471748486
"V2",0.440816277405247
"V3",0.457115466706455
"V4",0.0585441999137402
"V5",0.500819128239527
"V6",0.0987697406671941
"V7",0.197633100906387
"V8",3.28146026469767
"V9",3.33158955723047
"V10",1.84808188304305
"V11",3.32321999128908
