"names","vals"
"Intercept",-5.58350829674862
"y",0.820559093728662
"V1",0.432692378526554
"V2",0.676527944626287
"V3",0.656509830150753
"V4",0.602610427653417
"V5",4.33660286013037
