"names","vals"
"Intercept",-3.62022998412838
"y",0.762067535193637
"V1",0.592783111613244
"V2",0.205237606540322
"V3",0.43428227561526
"V4",0.751863048179075
"V5",0.245125897228718
"V6",3.37519107665867
"V7",1.64347896445543
