"names","vals"
"Intercept",-5.09215291546658
"y",0.631735069444403
"V1",0.725064782192931
"V2",0.034120042109862
"V3",0.750663438811898
"V4",0.563814217690378
"V5",0.90130033204332
"V6",0.991670002229512
"V7",2.06113224104047
"V8",1.38521831668913
"V9",2.19703311659396
