"names","vals"
"Intercept",-8.96937149481382
"y",0.647185754263774
"V1",0.867353914771229
"V2",0.330111709656194
"V3",0.587530921911821
"V4",0.799736617598683
"V5",0.263276991201565
"V6",0.690651719458401
"V7",0.984922297066078
"V8",2.27318741008639
"V9",3.98013674560934
"V10",4.04935349151492
"V11",3.48454657103866
