"names","vals"
"Intercept",-1.67843413378578
"y",0.678579174447805
"V1",0.954500322695822
"V2",0.0126401805318892
"V3",0.208917545853183
"V4",0.158218924654648
"V5",1.2427899511531
