"names","vals"
"Intercept",-1.70456137215951
"y",0.626521492144093
"V1",0.078495767666027
"V2",0.738589960848913
"V3",0.345579863991588
"V4",0.528873562347144
"V5",1.49365105759352
