"names","vals"
"Intercept",-4.75613442881731
"y",0.764804953476414
"V1",0.302404695656151
"V2",0.648690314497799
"V3",0.532741346163675
"V4",0.387059416621923
"V5",0.2038880714681
"V6",0.438076132442802
"V7",4.61555592995137
"V8",2.77337037213147
"V9",1.76299106981605
