"names","vals"
"Intercept",-4.12907818087609
"y",0.520674514584243
"V1",0.401819030055776
"V2",0.478822298580781
"V3",0.394901629304513
"V4",0.252186101861298
"V5",3.4017389183864
