"names","vals"
"Intercept",-4.80433433505706
"y",0.471694047795609
"V1",0.513719466514885
"V2",0.530702374875546
"V3",0.105609953170642
"V4",0.097638140199706
"V5",0.438643115572631
"V6",0.600502343382686
"V7",2.70916870515794
"V8",1.39432318881154
"V9",1.10238461382687
