"names","vals"
"Intercept",-4.28885366227943
"y",0.516923866700381
"V1",0.945379315176979
"V2",0.477727472316474
"V3",0.496350277215242
"V4",0.633229784900323
"V5",3.50188298616558
