"names","vals"
"Intercept",-1.61998864057241
"y",0.0668722991831601
"V1",0.351639369502664
"V2",0.872165207285434
"V3",0.656469464302063
"V4",0.24068759358488
"V5",2.26904644537717
