"names","vals"
"Intercept",-1.91539607047103
"y",0.806417429121211
"V1",0.488520961487666
"V2",0.422436026856303
"V3",0.376881947275251
"V4",0.775884163100272
"V5",1.07315768860281
