"names","vals"
"Intercept",-0.473820861177519
"y",0.15675973938778
"V1",0.332941111642867
"V2",0.328955734381452
"V3",0.909699993906543
"V4",0.413715589093044
"V5",2.42365699075162
