"names","vals"
"Intercept",-9.08963812036905
"y",0.970274236984551
"V1",0.271534277591854
"V2",0.00328724808059633
"V3",0.834247418446466
"V4",0.946395500795916
"V5",0.443767596501857
"V6",0.707698158686981
"V7",0.669843105366454
"V8",0.430115058785304
"V9",1.56569683924317
"V10",1.97091957367957
"V11",4.65794419217855
"V12",1.7554472880438
"V13",1.13946618139744
