"names","vals"
"Intercept",-6.50934969014954
"y",0.938214695546776
"V1",0.0578411454334855
"V2",0.59277142258361
"V3",0.232230983441696
"V4",0.242329876637086
"V5",0.501170779811218
"V6",0.230861126212403
"V7",0.124102579895407
"V8",3.18272488098592
"V9",1.55842654965818
"V10",3.84530944470316
"V11",3.0919644376263
