"names","vals"
"Intercept",-2.65819394770078
"y",0.719024840043858
"V1",0.751066959928721
"V2",0.36678329622373
"V3",0.64791445620358
"V4",0.309619136620313
"V5",1.49068873934448
