"names","vals"
"Intercept",-3.90092061436735
"y",0.917951749404892
"V1",0.969115080079064
"V2",0.475418970221654
"V3",0.112986759515479
"V4",0.838899277150631
"V5",0.482211074093357
"V6",0.314756825333461
"V7",0.545796933816746
"V8",1.42900911625475
"V9",4.08448262326419
"V10",2.08446739241481
"V11",1.93406356219202
