"names","vals"
"Intercept",-7.92223607205786
"y",0.677933344617486
"V1",0.403390627820045
"V2",0.664671204984188
"V3",0.511524531291798
"V4",0.621703918557614
"V5",0.128888123901561
"V6",0.0567448022775352
"V7",0.80379506922327
"V8",0.727157994406298
"V9",1.84235184919089
"V10",1.88885511644185
"V11",1.69275288470089
"V12",2.17800928000361
"V13",3.16240940894932
