"names","vals"
"Intercept",-1.54636830605101
"y",0.0264240074902773
"V1",0.415152796078473
"V2",0.632064298493788
"V3",0.0502309049479663
"V4",0.865484978072345
"V5",3.37182435393333
