"names","vals"
"Intercept",-6.57210083560785
"y",0.260064613772556
"V1",0.0519925854168832
"V2",0.354505587136373
"V3",0.697355921147391
"V4",0.343569679185748
"V5",0.384103762218729
"V6",0.874720480758697
"V7",0.0639345999807119
"V8",2.80829210299999
"V9",4.28804120980203
"V10",4.55257062520832
"V11",2.02815443836153
