"names","vals"
"Intercept",-7.27992212811951
"y",0.519412044202909
"V1",0.599802738521248
"V2",0.35753191052936
"V3",0.43955327081494
"V4",0.966647260123864
"V5",0.943335074465722
"V6",3.32660232018679
"V7",3.84656422864646
