"names","vals"
"Intercept",-11.0925214385753
"y",0.422742459923029
"V1",0.79084464465268
"V2",0.808255318552256
"V3",0.140098224394023
"V4",0.793311409419402
"V5",0.512614123523235
"V6",0.383108078036457
"V7",0.886048112297431
"V8",2.70070177689195
"V9",2.4257622314617
"V10",4.16321848146617
"V11",4.25085439532995
