"names","vals"
"Intercept",-0.814059669114649
"y",0.0200191747862846
"V1",0.62568133417517
"V2",0.203688827576116
"V3",0.564782419474795
"V4",0.613686247263104
"V5",4.26996076107025
