"names","vals"
"Intercept",-6.60765603395179
"y",0.826544788200408
"V1",0.407700602896512
"V2",0.0372311323881149
"V3",0.99803737574257
"V4",0.200815913965926
"V5",0.882114252308384
"V6",3.62020835839212
"V7",3.51447491161525
