"names","vals"
"Intercept",-2.52479955591727
"y",0.102731213904917
"V1",0.000554046127945185
"V2",0.301487599033862
"V3",0.174305139575154
"V4",0.71252532186918
"V5",0.61912660067901
"V6",4.994369328022
"V7",3.62397363316268
