"names","vals"
"Intercept",-14.2198614014685
"y",0.245105699170381
"V1",0.606145645491779
"V2",0.881732791662216
"V3",0.706833572359756
"V4",0.189102313481271
"V5",0.159834552090615
"V6",0.921740134246647
"V7",0.830338409869
"V8",0.0165579887107015
"V9",4.6831369753927
"V10",2.96867859456688
"V11",4.73393585532904
"V12",2.8650896763429
"V13",3.04472827445716
