"names","vals"
"Intercept",-4.62227607261855
"y",0.501505450345576
"V1",0.311743069207296
"V2",0.36650453065522
"V3",0.464561834931374
"V4",0.505488540045917
"V5",0.755746283102781
"V6",0.993678390979767
"V7",2.96312162000686
"V8",2.8369757225737
"V9",4.43367003742605
