"names","vals"
"Intercept",-6.67634804862784
"y",0.67788276122883
"V1",0.557523130439222
"V2",0.769280183129013
"V3",0.192251196596771
"V4",0.559546218952164
"V5",0.754275518935174
"V6",0.0698353240732104
"V7",0.134641609620303
"V8",2.0756159722805
"V9",1.82225190382451
"V10",3.91337017528713
"V11",2.32235612999648
