"names","vals"
"Intercept",-7.30354853301542
"y",0.138097587041557
"V1",0.686233373126015
"V2",0.925319069297984
"V3",0.947380348108709
"V4",0.54796710726805
"V5",0.814555288758129
"V6",0.807789669139311
"V7",1.16315077524632
"V8",2.87364794500172
"V9",4.53525649942458
