"names","vals"
"Intercept",-6.29798033811385
"y",0.667810281505808
"V1",0.353717161342502
"V2",0.527101503452286
"V3",0.216904249740764
"V4",0.218984620412812
"V5",0.105758821358904
"V6",0.49235977884382
"V7",3.42394979298115
"V8",1.76872474979609
"V9",2.64512902218848
