"names","vals"
"Intercept",-9.86924379246542
"y",0.803427540464327
"V1",0.198790098540485
"V2",0.56171621219255
"V3",0.494763947091997
"V4",0.214419762836769
"V5",0.989431884372607
"V6",0.379556375090033
"V7",0.316410789499059
"V8",0.144396586576477
"V9",1.7482748311013
"V10",1.99433579668403
"V11",1.65597855113447
"V12",4.10317099187523
"V13",1.41174322925508
