"names","vals"
"Intercept",-5.58353970995173
"y",0.436163057340309
"V1",0.013668138301
"V2",0.706602913560346
"V3",0.875730813015252
"V4",0.804906739620492
"V5",0.63291858159937
"V6",3.64983568992466
"V7",3.93400854151696
