"names","vals"
"Intercept",-3.68251923854696
"y",0.321251582819968
"V1",0.640349447261542
"V2",0.124205687316135
"V3",0.587673852220178
"V4",0.380661101778969
"V5",0.576027112081647
"V6",1.87070662528276
"V7",2.52306311670691
