"names","vals"
"Intercept",-1.60566591620678
"y",0.492685714969411
"V1",0.00883733038790524
"V2",0.747218461940065
"V3",0.218381498008966
"V4",0.658050536178052
"V5",0.487933913944289
"V6",1.01399131119251
"V7",3.88500073272735
