"names","vals"
"Intercept",-11.2400866942131
"y",0.32328146067448
"V1",0.566222929162905
"V2",0.646017170278355
"V3",0.233669034903869
"V4",0.909274455625564
"V5",0.33163064555265
"V6",0.165885961381719
"V7",0.975226479116827
"V8",0.295144480187446
"V9",2.00539354234934
"V10",4.47685790341347
"V11",4.10765841975808
"V12",3.07700087688863
"V13",1.2778154052794
