"names","vals"
"Intercept",-6.60378847436048
"y",0.743555556517094
"V1",0.118268970632926
"V2",0.517800332978368
"V3",0.788532347185537
"V4",0.260729899862781
"V5",0.522647336591035
"V6",0.796124639455229
"V7",0.18363620666787
"V8",1.74492989107966
"V9",2.98977447580546
"V10",1.4686214486137
"V11",2.94732094649225
