"names","vals"
"Intercept",-8.3252004200127
"y",0.408642247784883
"V1",0.112911757547408
"V2",0.232809826266021
"V3",0.610673193121329
"V4",0.794362144544721
"V5",0.834883100818843
"V6",0.807374191936105
"V7",0.15496845333837
"V8",1.87674984522164
"V9",3.83504443150014
"V10",2.05588876176625
"V11",1.05690426845104
