"names","vals"
"Intercept",-5.53650930174626
"y",0.0558930255938321
"V1",0.191530312178656
"V2",0.721389372833073
"V3",0.574760735500604
"V4",0.847046962706372
"V5",0.35879172780551
"V6",3.1413939408958
"V7",4.05979877989739
