"names","vals"
"Intercept",-8.50062757935375
"y",0.160436574369669
"V1",0.398320443695411
"V2",0.369746005861089
"V3",0.824725569691509
"V4",0.0585962468758225
"V5",0.347444858169183
"V6",0.61826516315341
"V7",0.327753889141604
"V8",0.0374995886813849
"V9",3.48736788704991
"V10",4.31605063099414
"V11",1.68056891020387
"V12",3.50274696014822
"V13",3.25757883302867
