"names","vals"
"Intercept",-4.04532924861182
"y",0.326511838240549
"V1",0.771845055278391
"V2",0.348445796407759
"V3",0.423848817124963
"V4",0.789415212115273
"V5",0.57344878045842
"V6",2.84388136304915
"V7",1.24807896930724
