"names","vals"
"Intercept",-6.56166783001972
"y",0.630868562031537
"V1",0.43157760403119
"V2",0.927896185778081
"V3",0.894452203763649
"V4",0.66169809224084
"V5",0.684803538722917
"V6",0.344909697771072
"V7",0.545244974317029
"V8",2.28670141100883
"V9",4.92225759848952
"V10",1.53413524106145
"V11",2.47933219838887
