"names","vals"
"Intercept",-13.4384698153054
"y",0.410974888829514
"V1",0.146300027379766
"V2",0.366784467594698
"V3",0.408001268282533
"V4",0.40584470727481
"V5",0.637614799896255
"V6",0.38958534039557
"V7",0.612315493403003
"V8",0.715505085885525
"V9",1.88585963752121
"V10",4.70723020657897
"V11",2.09410791657865
"V12",1.90224387124181
"V13",4.96887374017388
