"names","vals"
"Intercept",-4.93506500463467
"y",0.668852614006028
"V1",0.333266811911017
"V2",0.459986513014883
"V3",0.716489405371249
"V4",0.131490182830021
"V5",0.954045721096918
"V6",4.05500040855259
"V7",3.42817820608616
