"names","vals"
"Intercept",-1.43735421011224
"y",0.539997628191486
"V1",0.999235068913549
"V2",0.457981471437961
"V3",0.752539826091379
"V4",0.457062223693356
"V5",3.61674152128398
