"names","vals"
"Intercept",-3.16561139176367
"y",0.557917509693652
"V1",0.0644265853334218
"V2",0.522439165739343
"V3",0.639783875551075
"V4",0.96332256635651
"V5",1.92674966901541
