"names","vals"
"Intercept",-7.9185837349738
"y",0.0515805578324944
"V1",0.283188656903803
"V2",0.715445964597166
"V3",0.9919337190222
"V4",0.898908816743642
"V5",0.463167400564998
"V6",0.508955266093835
"V7",0.421291795326397
"V8",0.734248463297263
"V9",1.18165797926486
"V10",2.21459560189396
"V11",4.38080936856568
"V12",3.22616086527705
"V13",2.68165851105005
