"names","vals"
"Intercept",-9.41319088585442
"y",0.132581101031974
"V1",0.648016097256914
"V2",0.944806500570849
"V3",0.902433952316642
"V4",0.11158518656157
"V5",0.264315935317427
"V6",0.349462687270716
"V7",0.610698188655078
"V8",0.120428640628234
"V9",4.95307521242648
"V10",4.15854410268366
"V11",4.78706010058522
"V12",4.74234990216792
"V13",3.12949215527624
