"names","vals"
"Intercept",-3.29258526627673
"y",0.414703067392111
"V1",0.104833960300311
"V2",0.865775829181075
"V3",0.465430332580581
"V4",0.848915074719116
"V5",0.0410083893220872
"V6",0.0997293612454087
"V7",2.77110901102424
"V8",1.30099948588759
"V9",1.43097034096718
