"names","vals"
"Intercept",-6.32483984500635
"y",0.235352677525952
"V1",0.0551935031544417
"V2",0.07705223467201
"V3",0.402928130934015
"V4",0.333865212742239
"V5",0.669984319247305
"V6",0.984651174861938
"V7",3.02786553557962
"V8",1.09421508386731
"V9",3.0400599623099
