"names","vals"
"Intercept",-3.07264037983259
"y",0.167470350395888
"V1",0.609796708915383
"V2",0.982025113422424
"V3",0.479510092409328
"V4",0.353046886390075
"V5",2.09177050180733
