"names","vals"
"Intercept",-5.45326241237111
"y",0.817739858292043
"V1",0.698928895406425
"V2",0.91589741082862
"V3",0.450786038069054
"V4",0.151343335630372
"V5",0.539222738007084
"V6",0.802056816406548
"V7",3.68457371089607
"V8",2.63438507821411
"V9",3.25901695154607
