"names","vals"
"Intercept",-5.65414528970141
"y",0.697429314721376
"V1",0.525663878535852
"V2",0.0242970329709351
"V3",0.933697164990008
"V4",0.443737561814487
"V5",0.63685848750174
"V6",0.921221438329667
"V7",1.97947504464537
"V8",2.53805627953261
"V9",2.56673455517739
