"names","vals"
"Intercept",-1.20735729821958
"y",0.37484437180683
"V1",0.845637580379844
"V2",0.211709074210376
"V3",0.130147975869477
"V4",0.536551251774654
"V5",1.31297849304974
