"names","vals"
"Intercept",-2.02738258999772
"y",0.487196507398039
"V1",0.248888751724735
"V2",0.552349776728079
"V3",0.732683052541688
"V4",0.761928941123188
"V5",2.63301005400717
