"names","vals"
"Intercept",-7.3924149781419
"y",0.718045305693522
"V1",0.504368469817564
"V2",0.665629198309034
"V3",0.391179696423933
"V4",0.97336234129034
"V5",0.957662575878203
"V6",0.554514752700925
"V7",2.58796173613518
"V8",1.97508622892201
"V9",4.05302328057587
