"names","vals"
"Intercept",-6.66908623826457
"y",0.697518662083894
"V1",0.155686742858961
"V2",0.239734524395317
"V3",0.759426888078451
"V4",0.328096095472574
"V5",0.536456546513364
"V6",0.0353991722222418
"V7",4.91018379945308
"V8",3.9279553880915
"V9",1.66177667491138
