"names","vals"
"Intercept",-5.45702662664698
"y",0.06932213017717
"V1",0.406787446234375
"V2",0.949295512167737
"V3",0.578419434372336
"V4",0.3781197455246
"V5",0.687974946340546
"V6",1.17106497474015
"V7",4.5818520532921
