"names","vals"
"Intercept",-6.40711572427535
"y",0.947481946554035
"V1",0.880745586473495
"V2",0.513434073189273
"V3",0.00461563328281045
"V4",0.191772148711607
"V5",0.493137352401391
"V6",0.225804486544803
"V7",0.192071831552312
"V8",2.27271293941885
"V9",1.1530576730147
"V10",4.44962984975427
"V11",3.93789470940828
