"names","vals"
"Intercept",-9.30306727510411
"y",0.62511508539319
"V1",0.296057463623583
"V2",0.279201571131125
"V3",0.209626661846414
"V4",0.336770658846945
"V5",0.689061137381941
"V6",0.0325070216786116
"V7",0.256832803366706
"V8",0.714131518965587
"V9",3.93677425291389
"V10",4.42667331639677
"V11",1.21892843954265
"V12",3.49284912180156
"V13",4.07777750398964
