"names","vals"
"Intercept",-1.56344483828871
"y",0.731970848282799
"V1",0.583131336374208
"V2",0.219570563640445
"V3",0.568992422660813
"V4",0.72302048210986
"V5",2.41076930705458
