"names","vals"
"Intercept",-1.80609348915517
"y",0.503735825885087
"V1",0.0842056069523096
"V2",0.314565994776785
"V3",0.448502783663571
"V4",0.459184900391847
"V5",0.993414132623002
"V6",1.50412547774613
"V7",1.28658551350236
