"names","vals"
"Intercept",-6.79481479333248
"y",0.203280336922035
"V1",0.304737848462537
"V2",0.139255501329899
"V3",0.367990197613835
"V4",0.45752150611952
"V5",0.0820725187659264
"V6",4.25485483650118
"V7",4.15243381913751
