"names","vals"
"Intercept",-6.72144570269156
"y",0.514932004967704
"V1",0.567412132397294
"V2",0.965905334800482
"V3",0.832240949617699
"V4",0.439785696100444
"V5",0.044334472855553
"V6",0.499945540679619
"V7",0.865130623104051
"V8",0.64025360532105
"V9",3.83716597501189
"V10",2.33885546494275
"V11",3.29171513300389
"V12",1.88955204654485
"V13",4.82345665432513
