"names","vals"
"Intercept",-6.53033529624809
"y",0.925041585462168
"V1",0.881494230823591
"V2",0.106505847303197
"V3",0.177564839832485
"V4",0.601803824305534
"V5",0.447321609128267
"V6",0.386746083619073
"V7",2.26345454715192
"V8",1.85180645342916
"V9",2.6038470081985
