"names","vals"
"Intercept",-3.18238016805379
"y",0.388462852220982
"V1",0.996940229320899
"V2",0.634337262250483
"V3",0.339370652567595
"V4",0.88215579255484
"V5",0.307486786972731
"V6",2.77894570399076
"V7",3.88030847813934
