"names","vals"
"Intercept",-6.41281497702235
"y",0.496549461269751
"V1",0.76084340410307
"V2",0.550680396147072
"V3",0.339375443058088
"V4",0.231435999972746
"V5",0.942052338505164
"V6",0.385240135947242
"V7",0.61205002758652
"V8",4.29039718490094
"V9",4.99449773598462
"V10",1.47245806735009
"V11",2.59829248394817
