"names","vals"
"Intercept",-6.85231436856324
"y",0.0833461775910109
"V1",0.390398721443489
"V2",0.439672161825001
"V3",0.144298407481983
"V4",0.933634802000597
"V5",0.638851872412488
"V6",0.971389399375767
"V7",0.959046677919105
"V8",0.0818703195545822
"V9",3.38778851553798
"V10",2.27992595359683
"V11",2.03814674075693
"V12",3.65040171984583
"V13",2.69537989329547
