"names","vals"
"Intercept",-2.19114308361895
"y",0.597377054858953
"V1",0.88430293975398
"V2",0.880272683687508
"V3",0.500988830812275
"V4",0.613911803346127
"V5",2.48727694991976
