"names","vals"
"Intercept",-4.73870328075252
"y",0.564029476139694
"V1",0.781613428378478
"V2",0.0330103868618608
"V3",0.0666024014353752
"V4",0.952681802213192
"V5",0.338306597666815
"V6",0.0960538678336889
"V7",3.85931360442191
"V8",4.88194822426885
"V9",2.1610950101167
