"names","vals"
"Intercept",-5.01831677175127
"y",0.0907300780527294
"V1",0.252381052123383
"V2",0.423908670200035
"V3",0.2793770134449
"V4",0.662838441785425
"V5",0.20015204558149
"V6",3.38406662363559
"V7",3.45031771250069
