"names","vals"
"Intercept",-1.68480986285023
"y",0.433267163578421
"V1",0.633981461171061
"V2",0.961824606638402
"V3",0.616218411130831
"V4",0.931715099606663
"V5",1.07702472619712
