"names","vals"
"Intercept",-6.83277206728235
"y",0.43825955549255
"V1",0.121167513774708
"V2",0.843245293945074
"V3",0.456782285124063
"V4",0.563181354664266
"V5",0.402848756406456
"V6",0.33884976664558
"V7",0.887716525234282
"V8",1.89687789324671
"V9",4.0818560551852
"V10",3.20081794261932
"V11",2.35975529626012
