"names","vals"
"Intercept",-1.12749504949665
"y",0.00315347616560757
"V1",0.940786880906671
"V2",0.757471853401512
"V3",0.191634024726227
"V4",0.0980250746943057
"V5",4.6580798048526
