"names","vals"
"Intercept",-7.7269458080898
"y",0.822398289805278
"V1",0.917402871418744
"V2",0.535145374480635
"V3",0.228757601464167
"V4",0.652715949108824
"V5",0.856423162622377
"V6",0.496513816760853
"V7",4.20655686501414
"V8",3.52232455182821
"V9",1.32120509818196
