"names","vals"
"Intercept",-10.2914680881426
"y",0.376421292545274
"V1",0.645974094979465
"V2",0.601484707789496
"V3",0.90990326157771
"V4",0.713895005639642
"V5",0.321492565097287
"V6",0.198022093391046
"V7",3.03236667718738
"V8",4.91199460905045
"V9",3.27493037376553
