"names","vals"
"Intercept",-6.28346649838146
"y",0.212638995610178
"V1",0.847746997140348
"V2",0.744399228598922
"V3",0.130551090231165
"V4",0.222441687947139
"V5",0.209289326798171
"V6",0.116140187252313
"V7",2.39709509629756
"V8",3.11564808525145
"V9",1.14713660907
