"names","vals"
"Intercept",-4.23958311423194
"y",0.993959213141352
"V1",0.0332199519034475
"V2",0.459066378185526
"V3",0.606327997287735
"V4",0.552920122398064
"V5",3.59227002132684
