"names","vals"
"Intercept",-4.81426359661389
"y",0.713816326810047
"V1",0.0690397655125707
"V2",0.698383477749303
"V3",0.88715469557792
"V4",0.498479146510363
"V5",0.315200546290725
"V6",2.72555939201266
"V7",3.95424430537969
