"names","vals"
"Intercept",-1.90845868815668
"y",0.956491489661857
"V1",0.214984460035339
"V2",0.835089940810576
"V3",0.212729892227799
"V4",0.934007884236053
"V5",1.56858575344086
