"names","vals"
"Intercept",-3.69539479447994
"y",0.703255269210786
"V1",0.949660482816398
"V2",0.365183467511088
"V3",0.289246027823538
"V4",0.74968781764619
"V5",0.819242860889062
"V6",2.11000844184309
"V7",2.5497317276895
