"names","vals"
"Intercept",-6.90644513764186
"y",0.209461664780974
"V1",0.285198855213821
"V2",0.978274922352284
"V3",0.800652601523325
"V4",0.409319684840739
"V5",0.311910742660984
"V6",3.56186690274626
"V7",4.56474612746388
