"names","vals"
"Intercept",-3.38569096049294
"y",0.932725203922018
"V1",0.902138800127432
"V2",0.640888169407845
"V3",0.0544116809032857
"V4",0.877849516225979
"V5",2.49021326750517
