"names","vals"
"Intercept",-1.61960178105161
"y",0.896709727821872
"V1",0.117212125333026
"V2",0.826714201131836
"V3",0.421687291236594
"V4",0.255497050238773
"V5",1.28271864447743
