"names","vals"
"Intercept",-3.7948153559817
"y",0.451605157926679
"V1",0.732401020824909
"V2",0.0914935558103025
"V3",0.517495586769655
"V4",0.237326950533316
"V5",0.308219857048243
"V6",0.0339563756715506
"V7",1.98885093256831
"V8",1.54925603047013
"V9",3.77655918523669
