"names","vals"
"Intercept",-12.8929049135512
"y",0.514740515733138
"V1",0.852521010907367
"V2",0.26032610796392
"V3",0.269383348990232
"V4",0.0754058002494276
"V5",0.833851628471166
"V6",0.168421240290627
"V7",0.984056378016248
"V8",0.790590045973659
"V9",3.3889049673453
"V10",3.93435494415462
"V11",4.89092694409192
"V12",2.29744916968048
"V13",4.93304096348584
