"names","vals"
"Intercept",-3.33396021156106
"y",0.49344811681658
"V1",0.866250188322738
"V2",0.471204284345731
"V3",0.444472610717639
"V4",0.446545545011759
"V5",0.220509477658197
"V6",1.02077547088265
"V7",2.20222647115588
