"names","vals"
"Intercept",-9.97180240588263
"y",0.829773404635489
"V1",0.397534230258316
"V2",0.529405505629256
"V3",0.8011975067202
"V4",0.910474956966937
"V5",0.399219694314525
"V6",0.141454144380987
"V7",0.0979970223270357
"V8",4.30967972241342
"V9",3.11465682182461
"V10",4.97802763991058
"V11",3.58819941803813
