"names","vals"
"Intercept",-7.71738720812136
"y",0.113842921098694
"V1",0.945343210594729
"V2",0.269347220426425
"V3",0.494013460818678
"V4",0.083471866324544
"V5",0.738944289274514
"V6",0.425262488657609
"V7",4.83987135719508
"V8",2.53399575687945
"V9",4.66591749899089
