"names","vals"
"Intercept",-2.06670397476293
"y",0.764507886487991
"V1",0.301233182428405
"V2",0.093565714545548
"V3",0.294848003424704
"V4",0.00946521013975143
"V5",4.74425002746284
