"names","vals"
"Intercept",-3.5775823586341
"y",0.760804940015078
"V1",0.220259838039055
"V2",0.548590560210869
"V3",0.468695684336126
"V4",0.542952944524586
"V5",0.495860919822007
"V6",0.103898171335459
"V7",3.45851528737694
"V8",2.96219827700406
"V9",1.15693591628224
