"names","vals"
"Intercept",-3.39834315349581
"y",0.257220995379612
"V1",0.651603402802721
"V2",0.568120623007417
"V3",0.731277156155556
"V4",0.098986090393737
"V5",0.478231270099059
"V6",0.662584270816296
"V7",3.97514268755913
"V8",2.30304436292499
"V9",1.05559025984257
