"names","vals"
"Intercept",-7.21750828297576
"y",0.994250378105789
"V1",0.0535525751765817
"V2",0.0749485411215574
"V3",0.934288582066074
"V4",0.874589115846902
"V5",0.40980122727342
"V6",0.108388844644651
"V7",4.73561422806233
"V8",4.09295357950032
"V9",4.47461702488363
