"names","vals"
"Intercept",-7.45701210194966
"y",0.605431102216244
"V1",0.926412306260318
"V2",0.467037189519033
"V3",0.416271658148617
"V4",0.371934013441205
"V5",0.583645778009668
"V6",0.898096077144146
"V7",0.087420261465013
"V8",1.96344478055835
"V9",1.05572480894625
"V10",1.37568945065141
"V11",1.75507410336286
