"names","vals"
"Intercept",-7.48046005274169
"y",0.989751135930419
"V1",0.693911645794287
"V2",0.162895989837125
"V3",0.594072743784636
"V4",0.024373663822189
"V5",0.810993201099336
"V6",0.376443688524887
"V7",3.651123306714
"V8",4.08227772451937
"V9",4.10748792532831
