"names","vals"
"Intercept",-2.98283384540118
"y",0.191421860130504
"V1",0.0322910523973405
"V2",0.740835205186158
"V3",0.414492026204243
"V4",0.112275240011513
"V5",0.348363558994606
"V6",2.05608711205423
"V7",3.99585439171642
