"names","vals"
"Intercept",-8.80012781365775
"y",0.121818754356354
"V1",0.622120288200676
"V2",0.633958643767983
"V3",0.10626031528227
"V4",0.406835458008572
"V5",0.609678449109197
"V6",0.692954936530441
"V7",3.28650099597871
"V8",3.95366291422397
"V9",2.45525426417589
