"names","vals"
"Intercept",-4.66394321148051
"y",0.354301643325016
"V1",0.694057860877365
"V2",0.0498662304598838
"V3",0.890300274360925
"V4",0.908567714272067
"V5",0.875169422244653
"V6",1.65154594089836
"V7",1.79415039625019
