"names","vals"
"Intercept",-4.31933341141557
"y",0.404273321619257
"V1",0.581563861109316
"V2",0.06100705685094
"V3",0.132436717161909
"V4",0.882954807253554
"V5",0.0765669594984502
"V6",3.91487496905029
"V7",1.67291701864451
