"names","vals"
"Intercept",-8.22582564373035
"y",0.371330138994381
"V1",0.916254975600168
"V2",0.546809627907351
"V3",0.0580545493867248
"V4",0.0752259134314954
"V5",0.678696425631642
"V6",0.649758586892858
"V7",3.6374423224479
"V8",1.45938380435109
"V9",3.23380332626402
