"names","vals"
"Intercept",-8.57214871833799
"y",0.816702330950648
"V1",0.0717916160356253
"V2",0.683859569486231
"V3",0.714960972545668
"V4",0.163222027244046
"V5",0.912324864882976
"V6",0.5422622570768
"V7",4.58294057194144
"V8",1.7296005319804
"V9",3.87784469686449
