"names","vals"
"Intercept",-5.08677521482576
"y",0.479692948516458
"V1",0.994019727222621
"V2",0.180006312206388
"V3",0.903105742530897
"V4",0.325922277523205
"V5",0.806043703574687
"V6",0.401529849972576
"V7",0.0691768350079656
"V8",4.99254735000432
"V9",4.5079765226692
"V10",3.65520140808076
"V11",1.90088742505759
