"names","vals"
"Intercept",-5.77548690133495
"y",0.15387748926878
"V1",0.450425714952871
"V2",0.275263915769756
"V3",0.413527886150405
"V4",0.476477953605354
"V5",0.263327704044059
"V6",4.98486376367509
"V7",4.52821938507259
