"names","vals"
"Intercept",-9.77176349211019
"y",0.264041704591364
"V1",0.874431983800605
"V2",0.315211908658966
"V3",0.909911409718916
"V4",0.172926436411217
"V5",0.226941769011319
"V6",0.902630603639409
"V7",0.158990959404036
"V8",3.07731992844492
"V9",4.0472991829738
"V10",4.4893662892282
"V11",4.19308635313064
