"names","vals"
"Intercept",-9.85644956564996
"y",0.605351616861299
"V1",0.999668194679543
"V2",0.333966625155881
"V3",0.409002409316599
"V4",0.986149071948603
"V5",0.392317823832855
"V6",0.460848758462816
"V7",0.554289490450174
"V8",0.787311330670491
"V9",3.00874330662191
"V10",4.40231736004353
"V11",1.91589279752225
"V12",4.52818092890084
"V13",4.58662614692003
