"names","vals"
"Intercept",-1.54684077746933
"y",0.852597083663568
"V1",0.218322232598439
"V2",0.229888015659526
"V3",0.404664670582861
"V4",0.451723990496248
"V5",1.18755240179598
