"names","vals"
"Intercept",-9.26411346112844
"y",0.182063247077167
"V1",0.179137627827004
"V2",0.834181469865143
"V3",0.147080145776272
"V4",0.358927889727056
"V5",0.286723061930388
"V6",0.075762708671391
"V7",0.609232040587813
"V8",4.71595228277147
"V9",3.18603552691638
"V10",2.63730639405549
"V11",1.35475771967322
