"names","vals"
"Intercept",-6.26012328725774
"y",0.886639082571492
"V1",0.595986653119326
"V2",0.240183230955154
"V3",0.0905208450276405
"V4",0.628710817778483
"V5",4.4980657491833
