"names","vals"
"Intercept",-7.59570334962569
"y",0.625311786308885
"V1",0.615011762129143
"V2",0.322690101806074
"V3",0.923015673179179
"V4",0.528423193376511
"V5",0.533421100350097
"V6",0.762831660686061
"V7",0.436504834098741
"V8",0.369470536708832
"V9",4.3663016660139
"V10",1.89455210510641
"V11",2.73181535489857
"V12",3.8166964314878
"V13",2.41535250470042
