"names","vals"
"Intercept",-4.48865307054715
"y",0.298619661247358
"V1",0.126530735287815
"V2",0.858380197314546
"V3",0.104295867495239
"V4",0.601548047969118
"V5",0.0830870983190835
"V6",0.703141606645659
"V7",0.839360803598538
"V8",4.34501200728118
"V9",1.89599937479943
"V10",1.39001867454499
"V11",4.49619890470058
