"names","vals"
"Intercept",-8.78455329982098
"y",0.175094902282581
"V1",0.517023574560881
"V2",0.753300235839561
"V3",0.442132406169549
"V4",0.13548834156245
"V5",0.743527421029285
"V6",0.276119349058717
"V7",2.60649421997368
"V8",4.96518665365875
"V9",2.72641682811081
