"names","vals"
"Intercept",-3.96926602007821
"y",0.711267795646563
"V1",0.139857806731015
"V2",0.584082072367892
"V3",0.234486790606752
"V4",0.625141661148518
"V5",0.281965722329915
"V6",1.5091575300321
"V7",2.38841304276139
