"names","vals"
"Intercept",-2.69293641131837
"y",0.536591357085854
"V1",0.19240092812106
"V2",0.31320741889067
"V3",0.855008695973083
"V4",0.927985407644883
"V5",0.806267432402819
"V6",4.23781435098499
"V7",2.48680766113102
