"names","vals"
"Intercept",-3.94167692562332
"y",0.74038980086334
"V1",0.188730047550052
"V2",0.0137411311734468
"V3",0.915111975744367
"V4",0.490473694633693
"V5",0.954561246326193
"V6",1.88601908180863
"V7",1.03919308446348
