"names","vals"
"Intercept",-5.24562170063844
"y",0.0909350223373622
"V1",0.961179664358497
"V2",0.853807273088023
"V3",0.114010410150513
"V4",0.907526230206713
"V5",0.503412571502849
"V6",0.335181839764118
"V7",1.02663909737021
"V8",3.75391150265932
"V9",3.95774373319
