"names","vals"
"Intercept",-6.61003691533115
"y",0.398857998428866
"V1",0.0564453809056431
"V2",0.515771798789501
"V3",0.777745060855523
"V4",0.127576611703262
"V5",0.722513551590964
"V6",0.352615111973137
"V7",0.485515203326941
"V8",1.1939126541838
"V9",4.10047427564859
"V10",1.09021928999573
"V11",3.27267201524228
