"names","vals"
"Intercept",-5.86233486338984
"y",0.230158603983
"V1",0.330584803130478
"V2",0.389567469246686
"V3",0.0180598746519536
"V4",0.666599216172472
"V5",0.263558383332565
"V6",0.452668266138062
"V7",3.46163381729275
"V8",4.48852199595422
"V9",3.36735802609473
