"names","vals"
"Intercept",-4.58551794685889
"y",0.733218564186245
"V1",0.411178608890623
"V2",0.215524535859004
"V3",0.136224381625652
"V4",0.176958021242172
"V5",0.498786822194234
"V6",2.91936892643571
"V7",3.09499230980873
