"names","vals"
"Intercept",-7.04327334552538
"y",0.231892902636901
"V1",0.674861769657582
"V2",0.894481597002596
"V3",0.0431155536789447
"V4",0.565799330361187
"V5",0.763696563895792
"V6",4.96841483656317
"V7",4.11669131182134
