"names","vals"
"Intercept",-6.36915422334336
"y",0.21190482378006
"V1",0.850915733259171
"V2",0.591137625277042
"V3",0.233011613367125
"V4",0.252928122878075
"V5",0.060671734623611
"V6",2.23700556065887
"V7",4.75770975649357
