"names","vals"
"Intercept",-7.47083277904894
"y",0.220078155165538
"V1",0.149472374469042
"V2",0.315028726123273
"V3",0.92433854774572
"V4",0.535558376461267
"V5",0.309903635177761
"V6",0.759461590787396
"V7",1.4551899926737
"V8",4.67374958191067
"V9",1.91705075278878
