"names","vals"
"Intercept",-7.28769361019135
"y",0.334789445158094
"V1",0.0457644949201494
"V2",0.42786110797897
"V3",0.319036040222272
"V4",0.399096944136545
"V5",0.0350739408750087
"V6",0.158879863563925
"V7",0.958554605022073
"V8",4.24622160661966
"V9",4.21115881949663
"V10",3.86709825135767
"V11",4.02159131504595
