"names","vals"
"Intercept",-16.3990622086334
"y",0.40542679396458
"V1",0.838117672828957
"V2",0.275693915551528
"V3",0.385664512170479
"V4",0.634618202922866
"V5",0.988595572765917
"V6",0.0651590735651553
"V7",0.52141495840624
"V8",0.743646310642362
"V9",4.39385006669909
"V10",4.62036036886275
"V11",4.79033794719726
"V12",4.83199324645102
"V13",3.42547406256199
