"names","vals"
"Intercept",-4.14469131244812
"y",0.687536731129512
"V1",0.608406248502433
"V2",0.94548894232139
"V3",0.726129449205473
"V4",0.0885885525494814
"V5",0.617293031420559
"V6",0.967355725122616
"V7",2.18792932946235
"V8",1.68949078954756
"V9",4.17885643616319
