"names","vals"
"Intercept",-3.33773854840547
"y",0.694392816629261
"V1",0.80307055846788
"V2",0.239710030611604
"V3",0.448550263652578
"V4",0.429456167388707
"V5",3.94805276580155
