"names","vals"
"Intercept",-4.78102101336699
"y",0.331254185410216
"V1",0.00371464365161955
"V2",0.324627662543207
"V3",0.200226809130982
"V4",0.0660449317656457
"V5",0.755630936473608
"V6",2.71146953292191
"V7",1.57372666522861
