"names","vals"
"Intercept",-5.39833579757251
"y",0.0250360148493201
"V1",0.991350387921557
"V2",0.437532615615055
"V3",0.35525079886429
"V4",0.296908378833905
"V5",0.285586954560131
"V6",0.928108749678358
"V7",2.58908575866371
"V8",4.26657827105373
"V9",2.74268767237663
