"names","vals"
"Intercept",-4.9472732118913
"y",0.421666127163917
"V1",0.313825802644715
"V2",0.485808126162738
"V3",0.110780761344358
"V4",0.864609652198851
"V5",0.697531437268481
"V6",0.614754242589697
"V7",0.454052079003304
"V8",3.26191024202853
"V9",3.06435104925185
"V10",4.28761734534055
"V11",2.584701850079
