"names","vals"
"Intercept",-5.11272038046736
"y",0.225932758068666
"V1",0.482444591587409
"V2",0.0154061934445053
"V3",0.117338764946908
"V4",0.181019236333668
"V5",0.683379258960485
"V6",1.96396810933948
"V7",4.61754759959877
