"names","vals"
"Intercept",-2.91823498368729
"y",0.909809589153156
"V1",0.281170130940154
"V2",0.780034138588235
"V3",0.515744441887364
"V4",0.393024538177997
"V5",0.15868353145197
"V6",3.5437451088801
"V7",3.721879507415
