"names","vals"
"Intercept",-5.97455261169234
"y",0.407842214917764
"V1",0.0846974712330848
"V2",0.802986333146691
"V3",0.119027903536335
"V4",0.0860318369232118
"V5",0.588891501771286
"V6",0.968919078353792
"V7",0.574678910896182
"V8",0.195370978442952
"V9",2.15288106258959
"V10",1.21758452244103
"V11",1.3971302639693
"V12",1.54575563594699
"V13",2.15336777735502
