"names","vals"
"Intercept",-4.54351999090286
"y",0.045765730086714
"V1",0.0920659457333386
"V2",0.0471833941992372
"V3",0.994626733241603
"V4",0.70598233747296
"V5",0.51593908877112
"V6",0.928997854003683
"V7",0.681386563694105
"V8",4.43770818691701
"V9",1.57116323057562
"V10",2.28010252118111
"V11",4.8171050818637
