"names","vals"
"Intercept",-8.22660107731121
"y",0.444198360200971
"V1",0.188729944406077
"V2",0.782878109952435
"V3",0.344608641695231
"V4",0.271071368828416
"V5",0.440050234319642
"V6",0.440435958094895
"V7",0.133994835661724
"V8",0.864904320798814
"V9",3.1938667036593
"V10",1.53252634126693
"V11",2.83907865360379
"V12",4.94622902013361
"V13",1.12655311916023
