"names","vals"
"Intercept",-3.64560211367439
"y",0.285730964038521
"V1",0.218414802104235
"V2",0.580714204348624
"V3",0.0722464781720191
"V4",0.768376742023975
"V5",2.596913786605
