"names","vals"
"Intercept",-9.08935782027431
"y",0.129963946994394
"V1",0.704616222064942
"V2",0.278472651727498
"V3",0.538386954460293
"V4",0.557169060222805
"V5",0.269252830883488
"V6",0.337375402450562
"V7",0.929204791318625
"V8",2.85362089332193
"V9",4.36234769411385
"V10",2.28368322737515
"V11",4.62087419442832
