"names","vals"
"Intercept",-3.48747566777747
"y",0.141814975067973
"V1",0.98562905471772
"V2",0.38617270346731
"V3",0.220203515375033
"V4",0.672151767881587
"V5",0.187934564659372
"V6",2.52644971571863
"V7",3.63897977489978
