"names","vals"
"Intercept",-5.68353641370777
"y",0.42748349532485
"V1",0.051955140195787
"V2",0.142968807369471
"V3",0.646136449417099
"V4",0.716265808558092
"V5",0.75583595992066
"V6",3.08362504746765
"V7",1.52049495000392
