"names","vals"
"Intercept",-13.8635733439866
"y",0.138577389530838
"V1",0.201902443775907
"V2",0.423136371420696
"V3",0.964648677036166
"V4",0.921500607393682
"V5",0.703039174433798
"V6",0.715722146444023
"V7",0.0898827260825783
"V8",0.343600667081773
"V9",4.49255668651313
"V10",3.73784009367228
"V11",4.03870820719749
"V12",2.84829110093415
"V13",1.8827606709674
