"names","vals"
"Intercept",-9.89388222043635
"y",0.0031220349483192
"V1",0.869367987848818
"V2",0.194115260383114
"V3",0.752088451758027
"V4",0.456131638493389
"V5",0.664478544844314
"V6",0.0776407571975142
"V7",0.056933227693662
"V8",0.905988337472081
"V9",2.42145055625588
"V10",3.0748968180269
"V11",3.62184357829392
"V12",2.30965997092426
"V13",2.96602668892592
