"names","vals"
"Intercept",-4.1889445282286
"y",0.95433824788779
"V1",0.0296372305601835
"V2",0.24027074011974
"V3",0.107222580816597
"V4",0.776835732161999
"V5",0.987290613818914
"V6",1.95846589282155
"V7",1.80996925383806
