"names","vals"
"Intercept",-1.09899051772663
"y",0.264291712781414
"V1",0.73309045122005
"V2",0.0739114773459733
"V3",0.468240937916562
"V4",0.191682151053101
"V5",1.73603409156203
