"names","vals"
"Intercept",-4.03285105740652
"y",0.747426562942564
"V1",0.102048562373966
"V2",0.23018715903163
"V3",0.26825831620954
"V4",0.223657009890303
"V5",0.147667339304462
"V6",3.72314723674208
"V7",4.80350523255765
