"names","vals"
"Intercept",-3.99096997039393
"y",0.542326658731326
"V1",0.790011430857703
"V2",0.428227458847687
"V3",0.342499086167663
"V4",0.286947840126231
"V5",0.270983746042475
"V6",1.8180443989113
"V7",2.17872151266783
