"names","vals"
"Intercept",-9.4179285328975
"y",0.024101403541863
"V1",0.32047546422109
"V2",0.517338500358164
"V3",0.823424566537142
"V4",0.523735702037811
"V5",0.404732241295278
"V6",0.355186402797699
"V7",0.405824112007394
"V8",4.59608811326325
"V9",4.96684951335192
"V10",3.82101111579686
"V11",1.27683812193573
