"names","vals"
"Intercept",-12.0042221016949
"y",0.0933871162123978
"V1",0.7348802969791
"V2",0.653913091402501
"V3",0.26675866288133
"V4",0.970778105780482
"V5",0.670114784967154
"V6",0.0254562657792121
"V7",0.615919411648065
"V8",4.89295982848853
"V9",3.1242760065943
"V10",3.68576791882515
"V11",1.81320029776543
