"names","vals"
"Intercept",-3.18465908452403
"y",0.450345178833231
"V1",0.469268831890076
"V2",0.134358807001263
"V3",0.0577058743219823
"V4",0.545082293450832
"V5",2.80686582066119
