"names","vals"
"Intercept",-5.36457300985232
"y",0.355383584508672
"V1",0.156933175167069
"V2",0.741015326231718
"V3",0.252695040544495
"V4",0.17992438795045
"V5",0.471986955264583
"V6",0.633098635589704
"V7",0.305256646825001
"V8",0.385673057520762
"V9",1.25877767242491
"V10",3.75946868397295
"V11",2.34017853904516
"V12",4.34836268797517
"V13",1.41977912094444
