"names","vals"
"Intercept",-5.55873861880042
"y",0.738493978278711
"V1",0.359324270393699
"V2",0.026639032876119
"V3",0.170432086335495
"V4",0.649337386945263
"V5",0.816387087572366
"V6",2.7348656905815
"V7",2.54096138477325
