"names","vals"
"Intercept",-4.27648222227115
"y",0.222189664607868
"V1",0.989357178332284
"V2",0.352845693472773
"V3",0.82262844289653
"V4",0.229909182759002
"V5",0.677129629300907
"V6",4.23468010686338
"V7",2.73429267201573
