"names","vals"
"Intercept",-5.80094052067026
"y",0.856863852590322
"V1",0.263990306761116
"V2",0.820903582498431
"V3",0.64834488555789
"V4",0.00953085348010063
"V5",0.0395286597777158
"V6",3.36265028361231
"V7",2.33987686038017
