"names","vals"
"Intercept",-11.7332251126412
"y",0.290750761749223
"V1",0.321875882800668
"V2",0.323187373112887
"V3",0.0423834279645234
"V4",0.94973689969629
"V5",0.259434995241463
"V6",0.680305607384071
"V7",0.144924814812839
"V8",0.756236230488867
"V9",4.06867639068514
"V10",2.16994067654014
"V11",4.34440060891211
"V12",3.88097655121237
"V13",2.08304709289223
