"names","vals"
"Intercept",-10.8682908695191
"y",0.927781714359298
"V1",0.564871047623456
"V2",0.221189546398818
"V3",0.290806450648233
"V4",0.965868121245876
"V5",0.394951592665166
"V6",0.483713792171329
"V7",0.546176614938304
"V8",0.915292871184647
"V9",3.41803188249469
"V10",3.47822573408484
"V11",4.96048905979842
"V12",3.7554632043466
"V13",4.39893072098494
