"names","vals"
"Intercept",-9.60967043056386
"y",0.841063810512424
"V1",0.099344837712124
"V2",0.450406223768368
"V3",0.0686650678981096
"V4",0.810482900124043
"V5",0.893919352209195
"V6",0.142166847828776
"V7",0.910774048417807
"V8",0.40925253322348
"V9",3.99265745095909
"V10",4.53938638325781
"V11",1.74297554139048
"V12",1.98261917475611
"V13",2.07005413528532
