"names","vals"
"Intercept",-3.9092465795693
"y",0.517118787858635
"V1",0.0866164031904191
"V2",0.571933354949579
"V3",0.478645114693791
"V4",0.725031519075856
"V5",0.789700549095869
"V6",1.52690861187875
"V7",2.41819294076413
