"names","vals"
"Intercept",-6.76527359911706
"y",0.476474879775196
"V1",0.234544771490619
"V2",0.463590352563187
"V3",0.283336736029014
"V4",0.0793525101616979
"V5",0.706944216042757
"V6",0.652763335499913
"V7",0.754023499088362
"V8",1.09145168587565
"V9",3.3790390221402
"V10",4.10607821680605
"V11",3.35640489961952
