"names","vals"
"Intercept",-4.70224014881533
"y",0.660479524638504
"V1",0.280461171409115
"V2",0.15066552744247
"V3",0.105044684838504
"V4",0.280459975358099
"V5",0.478335210122168
"V6",3.49465735536069
"V7",1.37172549590468
