"names","vals"
"Intercept",-2.18947915578261
"y",0.96307804249227
"V1",0.688916712068021
"V2",0.313133977586403
"V3",0.170862602768466
"V4",0.115263038082048
"V5",1.75524117983878
