"names","vals"
"Intercept",-7.46798168166075
"y",0.791536304168403
"V1",0.530950293177739
"V2",0.704765839502215
"V3",0.204203829169273
"V4",0.973342025419697
"V5",0.66973352083005
"V6",3.15765080694109
"V7",3.91265157889575
