"names","vals"
"Intercept",-3.8458395221387
"y",0.525613330537453
"V1",0.714191282633692
"V2",0.592601597541943
"V3",0.0253294883295894
"V4",0.488099252106622
"V5",0.0865651385392994
"V6",1.69801466166973
"V7",2.15523719415069
