"names","vals"
"Intercept",-7.21375740779564
"y",0.100180827779695
"V1",0.117868245579302
"V2",0.926741753006354
"V3",0.732495756354183
"V4",0.215867583407089
"V5",0.477175815962255
"V6",0.90897484193556
"V7",4.70687869377434
"V8",3.44915927387774
"V9",3.37555348221213
