"names","vals"
"Intercept",-14.2473823411623
"y",0.500770788872615
"V1",0.595289205899462
"V2",0.714448637794703
"V3",0.578200471354648
"V4",0.408481661695987
"V5",0.710457457927987
"V6",0.497476985445246
"V7",0.0242121685296297
"V8",0.407608259003609
"V9",3.35158702265471
"V10",3.59312828071415
"V11",4.98463300615549
"V12",2.84713707212359
"V13",2.16566298902035
