"names","vals"
"Intercept",-3.82590216574026
"y",0.79429059359245
"V1",0.967957245418802
"V2",0.191258646082133
"V3",0.517996234120801
"V4",0.906266658566892
"V5",0.301520474953577
"V6",2.29804707039148
"V7",1.47479110211134
