"names","vals"
"Intercept",-7.93346572343726
"y",0.63412324571982
"V1",0.738167197676376
"V2",0.427788951899856
"V3",0.469501077197492
"V4",0.28834506124258
"V5",0.0340706633869559
"V6",0.648593598976731
"V7",0.769476873800159
"V8",1.82137500401586
"V9",3.06327040493488
"V10",4.08865875191987
"V11",4.66990641597658
