"names","vals"
"Intercept",-9.48083188547753
"y",0.551213556202129
"V1",0.213504242012277
"V2",0.697944889077917
"V3",0.362378865713254
"V4",0.517293150071055
"V5",0.341421297052875
"V6",4.24926342163235
"V7",4.62812274508178
