"names","vals"
"Intercept",-10.9021763239522
"y",0.954085210105404
"V1",0.888675032183528
"V2",0.843875049147755
"V3",0.636989683145657
"V4",0.549356922274455
"V5",0.472025755094364
"V6",0.556123653659597
"V7",0.473480552900583
"V8",0.452539877034724
"V9",2.11352462228388
"V10",3.9686636980623
"V11",3.85553596261889
"V12",3.78454370237887
"V13",3.53707865346223
