"names","vals"
"Intercept",-1.51085071157664
"y",0.0626857909373939
"V1",0.363662198185921
"V2",0.708373257657513
"V3",0.0203629264142364
"V4",0.291897210292518
"V5",1.03923250921071
