"names","vals"
"Intercept",-9.74861354333814
"y",0.226457891520113
"V1",0.971852847374976
"V2",0.92294735647738
"V3",0.34859637520276
"V4",0.0987740673590451
"V5",0.45596254686825
"V6",0.14695772738196
"V7",0.321841433178633
"V8",2.33446908462793
"V9",4.71329562272877
"V10",3.2503385739401
"V11",3.83512497227639
