"names","vals"
"Intercept",-8.50797928794054
"y",0.68351898342371
"V1",0.23964977869764
"V2",0.0985717789735645
"V3",0.168836263241246
"V4",0.00296218134462833
"V5",0.810208922950551
"V6",0.234380617504939
"V7",0.951230169972405
"V8",4.23372862953693
"V9",1.70728095155209
"V10",4.03779995534569
"V11",1.84062804561108
