"names","vals"
"Intercept",-11.8947630478465
"y",0.603751449147239
"V1",0.848242843523622
"V2",0.404519340023398
"V3",0.805412728805095
"V4",0.68832961958833
"V5",0.650658435421064
"V6",0.665525517426431
"V7",0.135424121050164
"V8",2.84530458413064
"V9",3.31293596327305
"V10",2.82759548723698
"V11",3.59624942671508
