"names","vals"
"Intercept",-6.69308122445364
"y",0.974308154080063
"V1",0.94975611101836
"V2",0.399316089227796
"V3",0.679406056879088
"V4",0.806626616278663
"V5",0.350704544456676
"V6",0.951500494964421
"V7",2.28983274940401
"V8",3.31167439930141
"V9",1.43659622874111
