"names","vals"
"Intercept",-1.21674183323514
"y",0.870876204920933
"V1",0.5252214751672
"V2",0.331323748920113
"V3",0.205361193977296
"V4",0.733423393219709
"V5",2.6248932313174
