"names","vals"
"Intercept",-2.69410739687271
"y",0.97084545576945
"V1",0.395845512393862
"V2",0.0381930177100003
"V3",0.530843649059534
"V4",0.466783259063959
"V5",1.99588322173804
