"names","vals"
"Intercept",-6.85573537224438
"y",0.488845118554309
"V1",0.949579883832484
"V2",0.113801145693287
"V3",0.297733226325363
"V4",0.247599486727268
"V5",0.834193472517654
"V6",0.975791559554636
"V7",0.118961397092789
"V8",3.19775286968797
"V9",4.47356238029897
"V10",2.2023219242692
"V11",1.81945185735822
