"names","vals"
"Intercept",-3.76770054376451
"y",0.419870298355818
"V1",0.646424325183034
"V2",0.883229549275711
"V3",0.864853300154209
"V4",0.381701045902446
"V5",0.0230219676159322
"V6",0.103567640297115
"V7",1.66716964915395
"V8",1.84565725643188
"V9",3.70099239703268
