"names","vals"
"Intercept",-9.13229819162283
"y",0.312734531005844
"V1",0.236538518453017
"V2",0.0637597288005054
"V3",0.522320616990328
"V4",0.880958947120234
"V5",0.900944167980924
"V6",0.590813024900854
"V7",1.8034603446722
"V8",4.89343799091876
"V9",1.41911003086716
