"names","vals"
"Intercept",-11.5785342786578
"y",0.606019048718736
"V1",0.457602231763303
"V2",0.532951148692518
"V3",0.903437006287277
"V4",0.904056344879791
"V5",0.922878030920401
"V6",0.289576378883794
"V7",1.43235609307885
"V8",4.4183546686545
"V9",3.62894078623503
