"names","vals"
"Intercept",-2.76640410629334
"y",0.373763413401321
"V1",0.348112561972812
"V2",0.0321643794886768
"V3",0.454068325925618
"V4",0.0736437498126179
"V5",3.01966803893447
