"names","vals"
"Intercept",-9.00246237658197
"y",0.104818146210164
"V1",0.950784631771967
"V2",0.183067032601684
"V3",0.934394791722298
"V4",0.872549972962588
"V5",0.730336099630222
"V6",0.028826079564169
"V7",4.99964460544288
"V8",4.33990434370935
"V9",3.43510752916336
