"names","vals"
"Intercept",-9.55407448522281
"y",0.496424816548824
"V1",0.805732967797667
"V2",0.450627412414178
"V3",0.974865688476712
"V4",0.922154631698504
"V5",0.179571744520217
"V6",0.62330232700333
"V7",0.585786658572033
"V8",4.75174740515649
"V9",1.1096398551017
"V10",2.58367707207799
"V11",2.94603896792978
