"names","vals"
"Intercept",-7.52135193554219
"y",0.795316013274714
"V1",0.846117477631196
"V2",0.571263491408899
"V3",0.893439115257934
"V4",0.266225173370913
"V5",0.645781520521268
"V6",0.931958095636219
"V7",3.19534311443567
"V8",3.42308504972607
"V9",3.29053971823305
