"names","vals"
"Intercept",-3.85936717582867
"y",0.861334126908332
"V1",0.14945799484849
"V2",0.251008190913126
"V3",0.758684137370437
"V4",0.207508469931781
"V5",3.35519825480878
