"names","vals"
"Intercept",-11.2359498876892
"y",0.925641075475141
"V1",0.170796336373314
"V2",0.99381666094996
"V3",0.774309447966516
"V4",0.952198923565447
"V5",0.402655097888783
"V6",0.743779687210917
"V7",0.968615513527766
"V8",0.455752376932651
"V9",3.47151615656912
"V10",3.93242169171572
"V11",4.06154411192983
"V12",1.23935656901449
"V13",4.5484285550192
