"names","vals"
"Intercept",-6.42721644559642
"y",0.565325105562806
"V1",0.0446048430167139
"V2",0.981579963583499
"V3",0.108666618587449
"V4",0.928417679155245
"V5",0.971312633249909
"V6",0.358741692034528
"V7",3.72296834178269
"V8",2.64306505490094
"V9",1.78164248447865
