"names","vals"
"Intercept",-6.36648519163486
"y",0.210462203016505
"V1",0.0555302794091403
"V2",0.500846943352371
"V3",0.465699425432831
"V4",0.409739574417472
"V5",0.215713443234563
"V6",0.572103387443349
"V7",0.98277122573927
"V8",2.9402876701206
"V9",2.09296424593776
"V10",3.11930960416794
"V11",4.20296499878168
