"names","vals"
"Intercept",-8.22331807545619
"y",0.0563289595302194
"V1",0.674516495782882
"V2",0.629875489277765
"V3",0.447563857771456
"V4",0.223457952961326
"V5",0.722046225797385
"V6",0.161853713914752
"V7",0.0766631257720292
"V8",3.41679564490914
"V9",1.32585991453379
"V10",4.79612480755895
"V11",3.30350937880576
