"names","vals"
"Intercept",-3.32397958997171
"y",0.206368349725381
"V1",0.264535550028086
"V2",0.52965422719717
"V3",0.3832593485713
"V4",0.815202756319195
"V5",0.605943919625133
"V6",0.779845680575818
"V7",2.57404495961964
"V8",3.00498421117663
"V9",1.90002544224262
