"names","vals"
"Intercept",-4.94145526781213
"y",0.370218178723007
"V1",0.813780825352296
"V2",0.253456519450992
"V3",0.842312943190336
"V4",0.522990819299594
"V5",0.323788563720882
"V6",1.69186415709555
"V7",2.49535263236612
