"names","vals"
"Intercept",-8.08637687825132
"y",0.0171958745922893
"V1",0.595178193878382
"V2",0.0612898406106979
"V3",0.572311570867896
"V4",0.810266838176176
"V5",0.673230133252218
"V6",0.53121166001074
"V7",3.25119500234723
"V8",3.35709691606462
"V9",3.26259647123516
