"names","vals"
"Intercept",-14.9921517479722
"y",0.419563056901097
"V1",0.544630005024374
"V2",0.477420020382851
"V3",0.827011951012537
"V4",0.358162593562156
"V5",0.810003455262631
"V6",0.851843883516267
"V7",0.449091549031436
"V8",0.434076986508444
"V9",3.97568090166897
"V10",1.98836313933134
"V11",4.22050391882658
"V12",4.42142632696778
"V13",3.2378230439499
