"names","vals"
"Intercept",-2.20046318383422
"y",0.618689314229414
"V1",0.297025211853907
"V2",0.811817458132282
"V3",0.664102893555537
"V4",0.299491710960865
"V5",0.975152740022168
"V6",4.22888053581119
"V7",2.11885990388691
