"names","vals"
"Intercept",-4.11843179012649
"y",0.844185907393694
"V1",0.704308457206935
"V2",0.283266235142946
"V3",0.487717411015183
"V4",0.447756359819323
"V5",3.37780938390642
