"names","vals"
"Intercept",-11.4349945902498
"y",0.486264185979962
"V1",0.151415253989398
"V2",0.114169824868441
"V3",0.182267034891993
"V4",0.874236556468531
"V5",0.410296239890158
"V6",0.829928746679798
"V7",0.0464385868981481
"V8",0.31692758994177
"V9",2.36344577930868
"V10",2.33878162316978
"V11",4.89345880690962
"V12",4.4568006163463
"V13",1.21402852423489
