"names","vals"
"Intercept",-6.10725026406813
"y",0.620708697941154
"V1",0.198201016290113
"V2",0.342444968642667
"V3",0.212458999129012
"V4",0.988166868221015
"V5",0.499332643579692
"V6",0.385564499301836
"V7",2.87539240252227
"V8",2.07706096861511
"V9",4.60150307696313
