"names","vals"
"Intercept",-5.03021222171141
"y",0.87447486189194
"V1",0.858182140160352
"V2",0.639759799465537
"V3",0.134117689682171
"V4",0.138663957128301
"V5",0.700531860580668
"V6",0.890734153799713
"V7",2.69833353348076
"V8",4.54126022104174
"V9",1.39127525221556
