"names","vals"
"Intercept",-2.58386624414474
"y",0.43528832658194
"V1",0.187681447714567
"V2",0.888200182234868
"V3",0.928288122173399
"V4",0.933733757585287
"V5",4.63212600816041
