"names","vals"
"Intercept",-5.00683834861731
"y",0.722655771300197
"V1",0.857444175053388
"V2",0.679357018554583
"V3",0.913490508450195
"V4",0.318856386700645
"V5",0.173088993877172
"V6",0.756814739434049
"V7",1.23817503731698
"V8",4.52345497626811
"V9",1.268295455724
