"names","vals"
"Intercept",-4.75455962194828
"y",0.247248077765107
"V1",0.415597353829071
"V2",0.425213351845741
"V3",0.889751118607819
"V4",0.50776155712083
"V5",0.99700078368187
"V6",0.237111704656854
"V7",1.05549070239067
"V8",4.06634844280779
"V9",1.58022677898407
