"names","vals"
"Intercept",-5.45781417248072
"y",0.541660135611892
"V1",0.0116208626423031
"V2",0.0867794973310083
"V3",0.569259848445654
"V4",0.37072494905442
"V5",0.572736712638289
"V6",0.575066638877615
"V7",0.562928371597081
"V8",1.43640063051134
"V9",1.91437254007906
"V10",1.77255712077022
"V11",2.78152078669518
