"names","vals"
"Intercept",-7.10043909052853
"y",0.76755287591368
"V1",0.876536582130939
"V2",0.0695710608270019
"V3",0.42451862548478
"V4",0.988903166726232
"V5",0.0200448099058121
"V6",0.0818379055708647
"V7",4.35687346942723
"V8",4.14527260977775
"V9",4.56827204767615
