"names","vals"
"Intercept",-6.16715090036392
"y",0.392050417605788
"V1",0.786744544981048
"V2",0.243601527065039
"V3",0.614142290083691
"V4",0.494916259078309
"V5",0.548664802918211
"V6",0.498841211432591
"V7",0.297010029898956
"V8",0.950264158891514
"V9",2.59388689883053
"V10",3.18060491699725
"V11",2.60359430871904
"V12",3.69971637520939
"V13",2.28182319737971
