"names","vals"
"Intercept",-7.13715118694585
"y",0.375844665337354
"V1",0.763027128763497
"V2",0.202632355503738
"V3",0.621253854595125
"V4",0.495498116360977
"V5",0.472221503499895
"V6",0.228000972187147
"V7",4.22735914867371
"V8",2.04219491779804
"V9",3.76005656179041
