"names","vals"
"Intercept",-4.92272829558235
"y",0.541589615866542
"V1",0.552161259111017
"V2",0.721954122185707
"V3",0.942356452811509
"V4",0.0340865135658532
"V5",0.645751258125529
"V6",0.617493184516206
"V7",4.00581915024668
"V8",2.85635344404727
"V9",1.78684424702078
