"names","vals"
"Intercept",-6.10260702360887
"y",0.553653537994251
"V1",0.234791495138779
"V2",0.155692523578182
"V3",0.613957486115396
"V4",0.0769228872377425
"V5",0.69067124184221
"V6",0.176921107340604
"V7",4.44064334593713
"V8",1.2050817431882
"V9",2.5812249481678
