"names","vals"
"Intercept",-3.92182906925445
"y",0.0770063812378794
"V1",0.995359671767801
"V2",0.762433935655281
"V3",0.00549117824994028
"V4",0.190667235525325
"V5",0.182628229726106
"V6",0.950266022467986
"V7",3.70934646949172
"V8",2.99903297703713
"V9",2.52074895706028
