"names","vals"
"Intercept",-5.64120382424444
"y",0.48621236695908
"V1",0.692893642466515
"V2",0.948291884036735
"V3",0.591490332502872
"V4",0.220674486365169
"V5",0.414774202043191
"V6",0.380756973521784
"V7",0.322262133937329
"V8",1.01831668429077
"V9",2.90429637022316
"V10",1.57330848369747
"V11",1.64974959660321
