"names","vals"
"Intercept",-9.68201437883079
"y",0.667077619116753
"V1",0.946221489924937
"V2",0.440238096518442
"V3",0.528583260485902
"V4",0.343557578278705
"V5",0.257289645960554
"V6",0.547562090214342
"V7",4.54236489068717
"V8",2.2518819347024
"V9",2.87662371061742
