"names","vals"
"Intercept",-2.9880855579325
"y",0.606114649912342
"V1",0.231265490641817
"V2",0.0735894080717117
"V3",0.929133293451741
"V4",0.925991481402889
"V5",2.63799498975277
