"names","vals"
"Intercept",-5.55943392610177
"y",0.0663384003564715
"V1",0.798145431326702
"V2",0.744783242465928
"V3",0.136661862023175
"V4",0.428377734962851
"V5",4.51384596154094
