"names","vals"
"Intercept",-1.8987434231909
"y",0.351493352092803
"V1",0.829321929486468
"V2",0.554877770831808
"V3",0.928917065262794
"V4",0.445395339746028
"V5",3.70524821616709
