"names","vals"
"Intercept",-5.92582034047227
"y",0.609697360079736
"V1",0.865213704528287
"V2",0.589171348372474
"V3",0.707376293372363
"V4",0.587645179126412
"V5",0.0194656495004892
"V6",0.48094709101133
"V7",2.38948380108923
"V8",1.92563369777054
"V9",4.24338493961841
