"names","vals"
"Intercept",-11.4739909512456
"y",0.105358844390139
"V1",0.297617099247873
"V2",0.0290744733065367
"V3",0.0623799317982048
"V4",0.161498258356005
"V5",0.739896771498024
"V6",0.557698387419805
"V7",0.604656490730122
"V8",1.50760693475604
"V9",3.63359742239118
"V10",4.44058922864497
"V11",4.47728106938303
