"names","vals"
"Intercept",-8.19157371703768
"y",0.654714495874941
"V1",0.772664727410302
"V2",0.627969403285533
"V3",0.975583019200712
"V4",0.783528461586684
"V5",0.434640693943948
"V6",0.125161792850122
"V7",0.23740452947095
"V8",4.16900512762368
"V9",2.83140950463712
"V10",2.63661230262369
"V11",1.99177458323538
