"names","vals"
"Intercept",-1.68089806517353
"y",0.450222019571811
"V1",0.114220538875088
"V2",0.0280777397565544
"V3",0.51207603700459
"V4",0.144690136192366
"V5",3.44829164352268
