"names","vals"
"Intercept",-12.1298484799801
"y",0.287591025233269
"V1",0.115507217589766
"V2",0.131185607984662
"V3",0.410457805730402
"V4",0.904543624492362
"V5",0.529122613370419
"V6",0.909965659957379
"V7",0.683039148105308
"V8",0.962709672981873
"V9",1.9032584046945
"V10",3.13375484384596
"V11",3.96597409527749
"V12",2.53708367235959
"V13",4.14307890739292
