"names","vals"
"Intercept",-6.63672295802506
"y",0.426390638807788
"V1",0.921592541970313
"V2",0.383232466178015
"V3",0.662657375447452
"V4",0.47000643494539
"V5",0.147337671369314
"V6",0.584035091102123
"V7",0.468194985762239
"V8",4.52243001107126
"V9",3.438307560049
"V10",4.20414384640753
"V11",2.07971191965044
