"names","vals"
"Intercept",-4.33942714828066
"y",0.29297965974547
"V1",0.952209669630975
"V2",0.349037096370012
"V3",0.375316039193422
"V4",0.899067049846053
"V5",0.636015065945685
"V6",0.00865452527068555
"V7",0.350231315474957
"V8",2.19781417679042
"V9",1.55113531742245
"V10",2.1818848149851
"V11",3.70214201230556
