"names","vals"
"Intercept",-4.60007915033493
"y",0.396826685871929
"V1",0.439915535505861
"V2",0.409817998064682
"V3",0.261386551195756
"V4",0.577366748126224
"V5",0.704875929979607
"V6",0.602677001385018
"V7",2.27744086459279
"V8",4.85902380011976
"V9",2.94412481691688
