"names","vals"
"Intercept",-4.90601808811771
"y",0.210304469801486
"V1",0.253579740412533
"V2",0.120688283117488
"V3",0.414476659847423
"V4",0.406607187120244
"V5",4.2825715392828
