"names","vals"
"Intercept",-6.87110526347067
"y",0.246920413803309
"V1",0.700989640783519
"V2",0.265158806927502
"V3",0.4477755848784
"V4",0.395987862022594
"V5",0.156586190452799
"V6",3.5640645287931
"V7",4.86145335808396
