"names","vals"
"Intercept",-5.63048088617623
"y",0.222595463972539
"V1",0.691086848499253
"V2",0.701622799038887
"V3",0.762911867816001
"V4",0.359667952172458
"V5",0.145197666715831
"V6",0.607389169745147
"V7",0.91563641326502
"V8",3.07480275444686
"V9",1.09728889819235
"V10",1.0515694571659
"V11",1.655656917952
