"names","vals"
"Intercept",-4.04325516379904
"y",0.83392673661001
"V1",0.867679136805236
"V2",0.225304429419339
"V3",0.933386841323227
"V4",0.425676537677646
"V5",3.26975847408175
