"names","vals"
"Intercept",-5.09921028546989
"y",0.459966314723715
"V1",0.881509298691526
"V2",0.803981548175216
"V3",0.313251852057874
"V4",0.105913939885795
"V5",0.613914433633909
"V6",0.841626519570127
"V7",3.67334816139191
"V8",1.93333147931844
"V9",3.90939774271101
