"names","vals"
"Intercept",-1.44935795189813
"y",0.346036825096235
"V1",0.767407355597243
"V2",0.650163160869852
"V3",0.725847200723365
"V4",0.318886409047991
"V5",0.154552097199485
"V6",1.36888662818819
"V7",3.48766883183271
