"names","vals"
"Intercept",-9.58264793803682
"y",0.412227174965665
"V1",0.953367835143581
"V2",0.22972483583726
"V3",0.894004822708666
"V4",0.897775189718232
"V5",0.815026169642806
"V6",0.683772195363417
"V7",4.44413821119815
"V8",1.77384275291115
"V9",2.24539312161505
