"names","vals"
"Intercept",-12.9080539655173
"y",0.288735588546842
"V1",0.346241684630513
"V2",0.881323667010292
"V3",0.750981652876362
"V4",0.151178845204413
"V5",0.790381290949881
"V6",0.131342608714476
"V7",0.448636817047372
"V8",0.887952652294189
"V9",3.9810370747
"V10",2.25942250713706
"V11",3.36396526917815
"V12",4.37744117807597
"V13",2.68897262960672
