"names","vals"
"Intercept",-4.71754592924844
"y",0.458895490737632
"V1",0.130772894481197
"V2",0.959503579419106
"V3",0.484530905028805
"V4",0.568529003998265
"V5",0.662344370037317
"V6",1.14861310459673
"V7",4.04770447313786
