"names","vals"
"Intercept",-12.3436896072538
"y",0.147809251910076
"V1",0.515680094482377
"V2",0.129428231157362
"V3",0.0885748416185379
"V4",0.891217666910961
"V5",0.0209430318791419
"V6",0.376852490240708
"V7",0.0635312835220248
"V8",0.119551333365962
"V9",2.38925432879478
"V10",2.56534143723547
"V11",3.86684326641262
"V12",4.66524599958211
"V13",3.92092494480312
