"names","vals"
"Intercept",-8.68463204038329
"y",0.316315124044195
"V1",0.515680915676057
"V2",0.815633708145469
"V3",0.0464956569485366
"V4",0.664822053862736
"V5",0.719955768436193
"V6",0.652907150331885
"V7",0.64878035755828
"V8",0.0976807745173573
"V9",2.94408605527133
"V10",2.24475907441229
"V11",2.65244549605995
"V12",4.75959798693657
"V13",3.47016398701817
