"names","vals"
"Intercept",-3.8146801982075
"y",0.0286265437025577
"V1",0.530872802250087
"V2",0.295782009372488
"V3",0.831219248473644
"V4",0.446681081550196
"V5",0.391452005365863
"V6",0.0201363272499293
"V7",1.70731693226844
"V8",2.07053927797824
"V9",1.3480069078505
