"names","vals"
"Intercept",-2.38274315497838
"y",0.981407838873565
"V1",0.400650083087385
"V2",0.273078855359927
"V3",0.342783246189356
"V4",0.520964388735592
"V5",0.704648400656879
"V6",2.85513772722334
"V7",1.03916369657964
