"names","vals"
"Intercept",-3.6443384231627
"y",0.843201520154253
"V1",0.686803360935301
"V2",0.446082665817812
"V3",0.27337837126106
"V4",0.972530536819249
"V5",0.782950379187241
"V6",1.2114225635305
"V7",4.26668733265251
