"names","vals"
"Intercept",-3.65281052333303
"y",0.615333391353488
"V1",0.848601481411606
"V2",0.398768628947437
"V3",0.499346011783928
"V4",0.406019313493744
"V5",2.38554468937218
