"names","vals"
"Intercept",-10.0269123592321
"y",0.715437951497734
"V1",0.622434135759249
"V2",0.24510098178871
"V3",0.529634799575433
"V4",0.271364197367802
"V5",0.850750893820077
"V6",0.125170664628968
"V7",0.504557607229799
"V8",3.82342466711998
"V9",2.51952534541488
"V10",3.15931554324925
"V11",4.14634764380753
