"names","vals"
"Intercept",-13.8139072731184
"y",0.95380829134956
"V1",0.610839624423534
"V2",0.497033930383623
"V3",0.621445978060365
"V4",0.497766418149695
"V5",0.139125989982858
"V6",0.945140786236152
"V7",0.215162355918437
"V8",0.584196585230529
"V9",2.53608844988048
"V10",2.9775710683316
"V11",4.57114784419537
"V12",2.78136588726193
"V13",4.99938554130495
