"names","vals"
"Intercept",-12.5916152271349
"y",0.0253506791777909
"V1",0.194040589034557
"V2",0.667112948838621
"V3",0.941124276258051
"V4",0.830214644549415
"V5",0.218389743706211
"V6",0.0407158795278519
"V7",0.645093743456528
"V8",0.556776634650305
"V9",2.029849444516
"V10",4.46878074575216
"V11",1.93718045484275
"V12",4.40029090829194
"V13",4.11457704938948
