"names","vals"
"Intercept",-2.05562765225768
"y",0.481831572018564
"V1",0.3855542964302
"V2",0.424353115493432
"V3",0.0271896282210946
"V4",0.262004824355245
"V5",1.81848140060902
