"names","vals"
"Intercept",-5.1287034294894
"y",0.348246656591073
"V1",0.28446177742444
"V2",0.901143390219659
"V3",0.329735197126865
"V4",0.955194328213111
"V5",0.759376251138747
"V6",0.937240483006462
"V7",3.09863356687129
"V8",1.73323028255254
"V9",4.24637051019818
