"names","vals"
"Intercept",-4.61748067297973
"y",0.0797091391868889
"V1",0.508532935986295
"V2",0.502855574944988
"V3",0.0462551091331989
"V4",0.966194995446131
"V5",0.786729720188305
"V6",0.146430213935673
"V7",1.8340922780335
"V8",3.5633364841342
"V9",4.53250123374164
