"names","vals"
"Intercept",-6.55336971011944
"y",0.717098250752315
"V1",0.636921198572963
"V2",0.244891973678023
"V3",0.241018953733146
"V4",0.482447038404644
"V5",0.520445746602491
"V6",4.01524226088077
"V7",2.65718870516866
