"names","vals"
"Intercept",-3.50635209098691
"y",0.016986305359751
"V1",0.531348156509921
"V2",0.0368462959304452
"V3",0.180286742281169
"V4",0.878612323664129
"V5",0.342568865744397
"V6",4.79805512540042
"V7",1.51141388062388
