"names","vals"
"Intercept",-4.96088864383055
"y",0.04069321625866
"V1",0.224662852939218
"V2",0.408162497216836
"V3",0.526133901439607
"V4",0.624222161481157
"V5",3.91204035189003
