"names","vals"
"Intercept",-1.86325021722587
"y",0.231596646364778
"V1",0.283578811911866
"V2",0.819838471477851
"V3",0.554663782240823
"V4",0.836405824171379
"V5",1.21980508975685
