"names","vals"
"Intercept",-7.01910019708797
"y",0.8940544356592
"V1",0.542246287921444
"V2",0.92844046629034
"V3",0.010194975649938
"V4",0.792945479275659
"V5",0.349026645999402
"V6",0.300080857705325
"V7",2.36454703938216
"V8",4.80739213246852
"V9",1.10023087915033
