"names","vals"
"Intercept",-2.84214820123743
"y",0.131537664448842
"V1",0.607843797886744
"V2",0.128102500690147
"V3",0.464947076048702
"V4",0.466752327978611
"V5",3.91171557735652
