"names","vals"
"Intercept",-1.87320317445556
"y",0.619561694562435
"V1",0.470759174786508
"V2",0.409853517310694
"V3",0.0132200990337878
"V4",0.631709848763421
"V5",2.3897300241515
