"names","vals"
"Intercept",-9.73484793214593
"y",0.673197851050645
"V1",0.932655571261421
"V2",0.568635002477095
"V3",0.618818418122828
"V4",0.166304210433736
"V5",0.399446212453768
"V6",0.408447342924774
"V7",0.122656642924994
"V8",0.470034492202103
"V9",1.78512582741678
"V10",2.30104697030038
"V11",1.05634036846459
"V12",2.08767800778151
"V13",4.76797106768936
