"names","vals"
"Intercept",-7.50621835537953
"y",0.888529713265598
"V1",0.78366484795697
"V2",0.558518861653283
"V3",0.977827327791601
"V4",0.0372927126009017
"V5",0.0291833286173642
"V6",0.955716471653432
"V7",4.56429548654705
"V8",4.56767473462969
"V9",4.82536965422332
