"names","vals"
"Intercept",-5.43231182439486
"y",0.233674990478903
"V1",0.964438024675474
"V2",0.429308176971972
"V3",0.20243560988456
"V4",0.91036661202088
"V5",0.177262036828324
"V6",0.741499226074666
"V7",0.156162824714556
"V8",2.63215658348054
"V9",2.53117388486862
"V10",1.99005186092108
"V11",2.36664762161672
