"names","vals"
"Intercept",-11.0901967279264
"y",0.0226907255128026
"V1",0.948169561102986
"V2",0.825016081798822
"V3",0.976055344566703
"V4",0.378355892840773
"V5",0.280882266815752
"V6",0.965780821861699
"V7",0.038898580474779
"V8",1.45735760778189
"V9",3.28430196456611
"V10",3.76702794246376
"V11",1.80415736790746
