"names","vals"
"Intercept",-1.73954652520362
"y",0.255390842678025
"V1",0.737462405115366
"V2",0.452553604030982
"V3",0.395350664388388
"V4",0.663810791680589
"V5",0.946538754506037
"V6",3.65698664728552
"V7",1.18842065706849
