"names","vals"
"Intercept",-6.10874460118823
"y",0.816631644964218
"V1",0.571276497561485
"V2",0.490126394899562
"V3",0.0560102290473878
"V4",0.955894251354039
"V5",0.765069175511599
"V6",0.706738314591348
"V7",1.37508655712008
"V8",3.377820414491
"V9",2.69839084800333
