"names","vals"
"Intercept",-12.2324452106375
"y",0.679881287040189
"V1",0.584303890820593
"V2",0.457843311596662
"V3",0.155361464247108
"V4",0.64145587105304
"V5",0.166838947683573
"V6",0.647342674667016
"V7",0.295723508112133
"V8",0.24063937459141
"V9",1.99185742530972
"V10",3.64633454661816
"V11",3.52026023250073
"V12",1.60556438844651
"V13",3.93591889739037
