"names","vals"
"Intercept",-5.60709894602653
"y",0.851349895587191
"V1",0.326950211310759
"V2",0.126610901206732
"V3",0.550703487591818
"V4",0.10834649624303
"V5",0.9633173791226
"V6",0.114534758962691
"V7",0.635720572201535
"V8",0.778943290235475
"V9",3.70897833444178
"V10",1.14257413242012
"V11",1.56819889042526
"V12",3.9709520926699
"V13",3.21991870366037
