"names","vals"
"Intercept",-5.1352339825267
"y",0.264675762504339
"V1",0.508676126832142
"V2",0.65660453774035
"V3",0.474192720837891
"V4",0.597497766138986
"V5",0.22018724353984
"V6",0.721937424503267
"V7",3.20401880331337
"V8",1.70026511140168
"V9",1.99392100051045
