"names","vals"
"Intercept",-3.09272972345818
"y",0.267067057313398
"V1",0.0244184501934797
"V2",0.859597014496103
"V3",0.315817498369142
"V4",0.0309859649278224
"V5",4.14851087052375
