"names","vals"
"Intercept",-1.69893535620067
"y",0.146781785646453
"V1",0.213176400866359
"V2",0.751901298528537
"V3",0.841271037468687
"V4",0.64290953357704
"V5",1.64931048918515
