"names","vals"
"Intercept",-3.46504823830212
"y",0.542029684176669
"V1",0.818927648477256
"V2",0.766414298443124
"V3",0.463913666782901
"V4",0.235556217143312
"V5",0.918478666106239
"V6",4.5742104575038
"V7",3.28549283649772
