"names","vals"
"Intercept",-7.72536712008296
"y",0.156486763851717
"V1",0.696205443702638
"V2",0.814429109916091
"V3",0.454043203499168
"V4",0.355719255749136
"V5",0.437527913367376
"V6",0.863466158742085
"V7",0.102446225006133
"V8",1.90600519347936
"V9",3.20231646392494
"V10",3.37245338130742
"V11",2.28884435724467
