"names","vals"
"Intercept",-11.6578701665811
"y",0.864599500782788
"V1",0.316022019600496
"V2",0.604101978940889
"V3",0.0433734990656376
"V4",0.89508629986085
"V5",0.666233719792217
"V6",0.927122092340142
"V7",0.882892765337601
"V8",0.828848836477846
"V9",1.31098286248744
"V10",4.25308012869209
"V11",4.89014605153352
"V12",1.12373129464686
"V13",4.49299014545977
