"names","vals"
"Intercept",-1.7318452215381
"y",0.824500533519313
"V1",0.687103467527777
"V2",0.341123518301174
"V3",0.147734857397154
"V4",0.726836330257356
"V5",3.65627349633723
