"names","vals"
"Intercept",-6.4571198252961
"y",0.33094386360608
"V1",0.733853395562619
"V2",0.836549500469118
"V3",0.531532859662548
"V4",0.387281834147871
"V5",0.691272180061787
"V6",0.704864912899211
"V7",0.355380250141025
"V8",1.47280487790704
"V9",4.9054369488731
"V10",1.15960327908397
"V11",4.864597087726
