"names","vals"
"Intercept",-9.0169952880661
"y",0.205929305171594
"V1",0.177545806160197
"V2",0.452736273640767
"V3",0.592083098832518
"V4",0.848163794493303
"V5",0.15389350685291
"V6",0.665314147714525
"V7",4.79680311121047
"V8",4.73518491722643
"V9",1.44396620150656
