"names","vals"
"Intercept",-10.0339516304201
"y",0.0972419872414321
"V1",0.508866308722645
"V2",0.105360503774136
"V3",0.70682977559045
"V4",0.37297202181071
"V5",0.825957757420838
"V6",0.252547173760831
"V7",4.90814185515046
"V8",4.95568357687443
"V9",2.74570892006159
