"names","vals"
"Intercept",-8.30674069492379
"y",0.124927984084934
"V1",0.945618948433548
"V2",0.232163717737421
"V3",0.0156152409035712
"V4",0.744190503377467
"V5",0.144899316364899
"V6",0.292873568134382
"V7",0.982683695619926
"V8",0.417539095971733
"V9",1.64392449054867
"V10",1.05624186620116
"V11",2.77995205018669
"V12",3.3160768924281
"V13",2.46703564655036
