"names","vals"
"Intercept",-4.61767423348501
"y",0.502743174787611
"V1",0.184480985393748
"V2",0.0338190183974802
"V3",0.675125470384955
"V4",0.669516261899844
"V5",0.491457604570314
"V6",0.54722577589564
"V7",0.567565436009318
"V8",0.104833903023973
"V9",3.89512571599334
"V10",1.22430859692395
"V11",2.60532236658037
"V12",1.36826417781413
"V13",2.11570511665195
