"names","vals"
"Intercept",-3.57183909293963
"y",0.32856534817256
"V1",0.143292664084584
"V2",0.11768518621102
"V3",0.693903334904462
"V4",0.0968662616796792
"V5",0.10603510774672
"V6",3.35537575837225
"V7",3.73987569101155
