"names","vals"
"Intercept",-0.829603434540331
"y",0.818832629127428
"V1",0.0450729297008365
"V2",0.127264952519909
"V3",0.263824216322973
"V4",0.325462404638529
"V5",3.87021620571613
