"names","vals"
"Intercept",-8.319529010267
"y",0.806314168730751
"V1",0.994350396795198
"V2",0.428527525393292
"V3",0.299549578921869
"V4",0.97174407239072
"V5",0.34619364188984
"V6",0.163237473694608
"V7",1.21676110289991
"V8",4.9384329393506
"V9",2.76385368593037
