"names","vals"
"Intercept",-6.38773595274659
"y",0.231698013376445
"V1",0.833107396028936
"V2",0.794063561828807
"V3",0.263650206150487
"V4",0.810681968228891
"V5",0.446534742135555
"V6",0.451099217170849
"V7",4.65090791322291
"V8",4.55210481118411
"V9",1.77337975054979
