"names","vals"
"Intercept",-8.42132901198929
"y",0.373503399081528
"V1",0.886817026883364
"V2",0.933549716835842
"V3",0.114230369450524
"V4",0.770573504967615
"V5",0.869948872365057
"V6",0.649636038811877
"V7",0.335587773006409
"V8",2.54976333398372
"V9",1.14787610154599
"V10",4.23782010469586
"V11",2.20289573352784
