"names","vals"
"Intercept",-4.89543256541248
"y",0.472802489530295
"V1",0.0413150661624968
"V2",0.926099582575262
"V3",0.336658054962754
"V4",0.384536969941109
"V5",0.988638542126864
"V6",4.06817286461592
"V7",1.11024524830282
