"names","vals"
"Intercept",-1.65192896306515
"y",0.427433842793107
"V1",0.798215877264738
"V2",0.864443683065474
"V3",0.06424476695247
"V4",0.817678197752684
"V5",2.39695179834962
