"names","vals"
"Intercept",-12.3928096565651
"y",0.0205267607234418
"V1",0.829055943991989
"V2",0.334881119895726
"V3",0.795195798389614
"V4",0.235731053631753
"V5",0.225465755909681
"V6",0.0690101347863674
"V7",0.107594589004293
"V8",0.966181243304163
"V9",2.5938306748867
"V10",2.72518347296864
"V11",1.60165103338659
"V12",2.21577408909798
"V13",4.15146387554705
