"names","vals"
"Intercept",-9.88623948927037
"y",0.974617935949937
"V1",0.301131793064997
"V2",0.594301849603653
"V3",0.338171316310763
"V4",0.268091600388288
"V5",0.0188382954802364
"V6",0.427360959816724
"V7",0.164100584341213
"V8",2.41620914451778
"V9",3.71989986393601
"V10",2.11842942982912
"V11",1.99265875574201
