"names","vals"
"Intercept",-8.5371535334806
"y",0.590078100562096
"V1",0.600595208117738
"V2",0.933137832675129
"V3",0.838377396110445
"V4",0.782980884192511
"V5",0.456534727942199
"V6",0.46713294275105
"V7",0.242902731057256
"V8",3.86101326160133
"V9",1.55937996413559
"V10",2.96988390292972
"V11",3.75363222137094
