"names","vals"
"Intercept",-6.39143278499832
"y",0.0429032100364566
"V1",0.0272423098795116
"V2",0.419927835231647
"V3",0.180714144837111
"V4",0.920742807211354
"V5",0.257845550542697
"V6",3.61949332524091
"V7",2.54161657113582
