"names","vals"
"Intercept",-4.13691988206469
"y",0.603508332045749
"V1",0.516573822125793
"V2",0.883906015194952
"V3",0.0542880725115538
"V4",0.155289349844679
"V5",3.76057327818125
