"names","vals"
"Intercept",-3.88195649385452
"y",0.20406491891481
"V1",0.0851169598754495
"V2",0.442175341537222
"V3",0.126165533438325
"V4",0.306301935110241
"V5",0.314687781501561
"V6",0.220365464920178
"V7",0.43643585103564
"V8",1.01257432624698
"V9",1.78491280507296
"V10",4.40315491054207
"V11",2.4312704121694
