"names","vals"
"Intercept",-8.42918700682232
"y",0.915197271155193
"V1",0.298724477179348
"V2",0.983993635280058
"V3",0.229168164543808
"V4",0.967146672308445
"V5",0.26418471080251
"V6",0.68705294537358
"V7",0.386962320422754
"V8",0.484151777345687
"V9",1.05935323890299
"V10",2.57768787629902
"V11",3.18181104958057
"V12",3.02262933831662
"V13",4.33847771398723
