"names","vals"
"Intercept",-4.80757120799739
"y",0.307805710704997
"V1",0.963195531163365
"V2",0.662006999598816
"V3",0.988236456178129
"V4",0.371023223735392
"V5",3.91900914348662
