"names","vals"
"Intercept",-8.06474210294429
"y",0.0769641736987978
"V1",0.0825988296419382
"V2",0.71697914111428
"V3",0.754377881297842
"V4",0.698927095159888
"V5",0.657747300574556
"V6",0.228609563782811
"V7",3.83297055121511
"V8",4.39632269926369
"V9",4.12132970243692
