"names","vals"
"Intercept",-5.3768758868333
"y",0.685393114341423
"V1",0.612578349653631
"V2",0.490952415391803
"V3",0.586715881945565
"V4",0.518468661932275
"V5",0.955734091810882
"V6",4.74101807456464
"V7",2.62587826047093
