"names","vals"
"Intercept",-6.97541635700036
"y",0.284889573697001
"V1",0.0173944788984954
"V2",0.632578554796055
"V3",0.2452526637353
"V4",0.475139542017132
"V5",0.88867783290334
"V6",0.0427811078261584
"V7",0.265638719312847
"V8",0.0540950740687549
"V9",1.39798168931156
"V10",1.66330990102142
"V11",4.04902558587492
"V12",2.54211196862161
"V13",1.64859715756029
