"names","vals"
"Intercept",-2.80205651817378
"y",0.0010940539650619
"V1",0.000558784464374185
"V2",0.408605059841648
"V3",0.304058976238593
"V4",0.578058458864689
"V5",3.60153830610216
