"names","vals"
"Intercept",-2.99164646527497
"y",0.950207409681752
"V1",0.98848151951097
"V2",0.697357174241915
"V3",0.0347588891163468
"V4",0.132353655062616
"V5",0.012425878085196
"V6",2.4964087260887
"V7",1.75244337785989
