"names","vals"
"Intercept",-10.1951026886702
"y",0.626302438089624
"V1",0.822986224433407
"V2",0.0820313915610313
"V3",0.088852570625022
"V4",0.789891477674246
"V5",0.349551169434562
"V6",0.507291255518794
"V7",0.987522660056129
"V8",0.76598249329254
"V9",2.58504220936447
"V10",3.62143767811358
"V11",1.59064389392734
"V12",2.26953989919275
"V13",3.51082660723478
