"names","vals"
"Intercept",-4.16724765006918
"y",0.111278575612232
"V1",0.956947950646281
"V2",0.386285885469988
"V3",0.870863446267322
"V4",0.307127429172397
"V5",0.170299295801669
"V6",2.26305974647403
"V7",4.29492388945073
