"names","vals"
"Intercept",-10.3994210980018
"y",0.465325233759359
"V1",0.682675682241097
"V2",0.163161535514519
"V3",0.229892604285851
"V4",0.377710280008614
"V5",0.875656000105664
"V6",0.191351514775306
"V7",0.875597166130319
"V8",0.94653568812646
"V9",3.0810858272016
"V10",3.69997800607234
"V11",3.59102968219668
"V12",1.91106413118541
"V13",4.85037129931152
