"names","vals"
"Intercept",-2.69844851153903
"y",0.54398143524304
"V1",0.136474567931145
"V2",0.970693004550412
"V3",0.227280768100172
"V4",0.72273892420344
"V5",0.0590385955292732
"V6",3.48089951835573
"V7",1.70638089161366
