"names","vals"
"Intercept",-6.48365995266242
"y",0.178124679252505
"V1",0.0568925335537642
"V2",0.434569725533947
"V3",0.658266465878114
"V4",0.485524964984506
"V5",0.705937177175656
"V6",0.850097971502692
"V7",0.367286069318652
"V8",2.37406229786575
"V9",1.58422571513802
"V10",3.72278845775872
"V11",2.37414499558508
