"names","vals"
"Intercept",-4.30663090622984
"y",0.832589766941965
"V1",0.179568791761994
"V2",0.79900382575579
"V3",0.356020961655304
"V4",0.309076167177409
"V5",3.92858538869768
