"names","vals"
"Intercept",-4.41398324796464
"y",0.112707347609103
"V1",0.667932934360579
"V2",0.749652430647984
"V3",0.59358153375797
"V4",0.304149285657331
"V5",0.306981447152793
"V6",0.658265786943957
"V7",1.96937556751072
"V8",2.15273320488632
"V9",1.9721362432465
