"names","vals"
"Intercept",-10.1475981757394
"y",0.980992686236277
"V1",0.300439549610019
"V2",0.859454339137301
"V3",0.7515640668571
"V4",0.900788372382522
"V5",0.999529688851908
"V6",0.820729434723035
"V7",0.670167232397944
"V8",3.4957783035934
"V9",3.07027663476765
"V10",3.84445302281529
"V11",3.63464704155922
