"names","vals"
"Intercept",-10.4528073139186
"y",0.922695972723886
"V1",0.0138722590636462
"V2",0.231385663384572
"V3",0.403034774819389
"V4",0.990231106756255
"V5",0.372952744131908
"V6",0.85810637800023
"V7",0.302495993673801
"V8",4.85890228301287
"V9",3.55913838837296
"V10",2.02535167615861
"V11",1.7238135645166
