"names","vals"
"Intercept",-6.00821685595438
"y",0.396392822498456
"V1",0.860433548921719
"V2",0.625600974773988
"V3",0.890405814163387
"V4",0.813232132932171
"V5",0.926624831277877
"V6",0.845734806731343
"V7",0.803429818013683
"V8",1.59875068441033
"V9",1.58377530798316
"V10",3.85084308497608
"V11",1.30464816465974
