"names","vals"
"Intercept",-8.67919731029775
"y",0.495856579393148
"V1",0.625514272600412
"V2",0.341612023068592
"V3",0.134852285031229
"V4",0.986209912924096
"V5",0.513944200705737
"V6",0.86177817475982
"V7",0.0160594806075096
"V8",0.928807341028005
"V9",3.93789810780436
"V10",1.94049887824804
"V11",4.44041006267071
"V12",3.07372557558119
"V13",1.92205695435405
