"names","vals"
"Intercept",-12.0400136959623
"y",0.727166824275628
"V1",0.213849016232416
"V2",0.594002430560067
"V3",0.725915377726778
"V4",0.396456123096868
"V5",0.028876855969429
"V6",0.953495344379917
"V7",0.79501100606285
"V8",0.219016157556325
"V9",2.5479776924476
"V10",3.44337953161448
"V11",4.92886205390096
"V12",1.54256373085082
"V13",3.99159739911556
