"names","vals"
"Intercept",-4.06879451293498
"y",0.86547795124352
"V1",0.301188451703638
"V2",0.806035516783595
"V3",0.205688433488831
"V4",0.0102736328262836
"V5",2.67872420046479
