"names","vals"
"Intercept",-13.3681318759336
"y",0.426469638943672
"V1",0.458330241963267
"V2",0.708986231358722
"V3",0.567050758749247
"V4",0.198647775221616
"V5",0.81232663942501
"V6",0.538353031966835
"V7",0.392560710664839
"V8",0.0217145017813891
"V9",2.64639686606824
"V10",4.36149381566793
"V11",2.60172073915601
"V12",3.78470813017339
"V13",3.21773913968354
