"names","vals"
"Intercept",-3.22185177787906
"y",0.613406687043607
"V1",0.0688937539234757
"V2",0.821179509628564
"V3",0.218314067227766
"V4",0.0154966411646456
"V5",0.367142668459564
"V6",2.68892775569111
"V7",4.82685290463269
