"names","vals"
"Intercept",-7.55442859499017
"y",0.475766513263807
"V1",0.850181996589527
"V2",0.23061476321891
"V3",0.406728725647554
"V4",0.154536568326876
"V5",0.368168388027698
"V6",0.705954432953149
"V7",0.258209315128624
"V8",2.51673109270632
"V9",1.37164811883122
"V10",3.8098514424637
"V11",3.68579793442041
