"names","vals"
"Intercept",-10.6107464505709
"y",0.604838851839304
"V1",0.87426362419501
"V2",0.77236872818321
"V3",0.767683685291559
"V4",0.992557079531252
"V5",0.228634658036754
"V6",0.198176494799554
"V7",0.368505123537034
"V8",0.686938099563122
"V9",1.40297293569893
"V10",1.64272942114621
"V11",3.68944511190057
"V12",1.71344952099025
"V13",2.7749844500795
