"names","vals"
"Intercept",-11.5457101847394
"y",0.968740740092471
"V1",0.941774008097127
"V2",0.899828307330608
"V3",0.118322716793045
"V4",0.849615200422704
"V5",0.439120116410777
"V6",0.992399682523683
"V7",0.785421109059826
"V8",0.207716761156917
"V9",2.47463382221758
"V10",2.53433568496257
"V11",3.62899644207209
"V12",2.33422525599599
"V13",3.18596884422004
