"names","vals"
"Intercept",-8.74969092052197
"y",0.00358177069574594
"V1",0.0624861773103476
"V2",0.972396258031949
"V3",0.998993615387008
"V4",0.836891079787165
"V5",0.000586164882406592
"V6",0.237496278481558
"V7",0.791905189864337
"V8",0.437635945156217
"V9",3.99633536394686
"V10",2.88609733060002
"V11",1.31219611503184
"V12",4.071788049303
"V13",1.38877901248634
