"names","vals"
"Intercept",-13.258326150605
"y",0.8482882368844
"V1",0.997192337177694
"V2",0.260438167955726
"V3",0.488679967820644
"V4",0.750750495586544
"V5",0.316509563243017
"V6",0.401293186238036
"V7",0.510295571293682
"V8",0.170752164674923
"V9",3.4654309283942
"V10",1.19024605769664
"V11",2.9666434423998
"V12",3.45203623641282
"V13",4.92126689944416
