"names","vals"
"Intercept",-1.26120800331701
"y",0.656884313561022
"V1",0.441767255309969
"V2",0.147652190644294
"V3",0.611517261713743
"V4",0.681716157123446
"V5",0.462847742950544
"V6",4.39126580394804
"V7",1.8329208297655
