"names","vals"
"Intercept",-3.91552028915845
"y",0.761779946042225
"V1",0.046455403091386
"V2",0.410261556971818
"V3",0.436498272465542
"V4",0.119862575782463
"V5",3.83339995704591
