"names","vals"
"Intercept",-2.24975728911813
"y",0.903356105089188
"V1",0.965021683136001
"V2",0.0268308378290385
"V3",0.111972320824862
"V4",0.0112836062908173
"V5",2.79451808240265
