"names","vals"
"Intercept",-3.9013401314849
"y",0.949196600588039
"V1",0.542285322211683
"V2",0.988638927927241
"V3",0.98436099733226
"V4",0.0378582724370062
"V5",0.446562995668501
"V6",0.0558320104610175
"V7",4.80074643623084
"V8",3.02028999384493
"V9",4.28706048615277
