"names","vals"
"Intercept",-3.11827725899639
"y",0.527186854975298
"V1",0.291139679262415
"V2",0.383999493904412
"V3",0.972277564229444
"V4",0.304762748535722
"V5",0.402990916045383
"V6",1.54409864638001
"V7",1.28735377639532
