"names","vals"
"Intercept",-5.13756464956328
"y",0.0593280650209635
"V1",0.839886877918616
"V2",0.869686466408893
"V3",0.962922598002478
"V4",0.415867559611797
"V5",0.611991936573759
"V6",0.805580034153536
"V7",2.18182043544948
"V8",1.15778866317123
"V9",2.6604444263503
