"names","vals"
"Intercept",-2.29623442549491
"y",0.942456292454153
"V1",0.429661041591316
"V2",0.362067747628316
"V3",0.0905352768022567
"V4",0.749267583712935
"V5",0.373894289135933
"V6",0.124862497206777
"V7",0.614617835497484
"V8",1.20075872540474
"V9",2.16204502061009
"V10",4.93501598294824
"V11",1.54670701362193
