"names","vals"
"Intercept",-0.963764554436784
"y",0.15670963935554
"V1",0.382261052494869
"V2",0.222172331530601
"V3",0.604100853903219
"V4",0.651506263762712
"V5",1.39289826061577
