"names","vals"
"Intercept",-9.34291931564454
"y",0.375205086078495
"V1",0.380160133121535
"V2",0.529208694119006
"V3",0.406235195463523
"V4",0.100971449865028
"V5",0.649966991739348
"V6",0.251316896406934
"V7",0.378371331375092
"V8",0.701675134943798
"V9",3.73299822956324
"V10",4.46389448363334
"V11",4.06102585606277
"V12",3.08791446499527
"V13",3.1037146775052
