"names","vals"
"Intercept",-5.05244647698943
"y",0.29648524755612
"V1",0.29964780760929
"V2",0.528837672201917
"V3",0.759681691182777
"V4",0.75938331335783
"V5",0.419455238385126
"V6",0.661821649409831
"V7",0.765666766092181
"V8",0.648625597823411
"V9",1.88487190473825
"V10",3.17126664891839
"V11",2.83535478822887
"V12",1.49745584372431
"V13",1.67257361020893
