"names","vals"
"Intercept",-3.45910363916308
"y",0.509436352644116
"V1",0.374832764267921
"V2",0.388470117235556
"V3",0.203771627508104
"V4",0.881750477477908
"V5",0.15091401594691
"V6",4.49253966379911
"V7",3.07629569713026
