"names","vals"
"Intercept",-6.85138907010201
"y",0.583290189737454
"V1",0.465040523326024
"V2",0.956557731842622
"V3",0.298153977375478
"V4",0.0572693508584052
"V5",0.548567763529718
"V6",0.229298601625487
"V7",4.03993965499103
"V8",1.50438544247299
"V9",1.57491143792868
