"names","vals"
"Intercept",-6.08171542464988
"y",0.741494516376406
"V1",0.650141304126009
"V2",0.452807907480747
"V3",0.0820263060741127
"V4",0.827664948068559
"V5",0.953837259672582
"V6",0.96208745194599
"V7",0.379168319981545
"V8",3.03427491337061
"V9",2.01585559174418
"V10",4.93918984010816
"V11",4.46844876371324
