"names","vals"
"Intercept",-8.96594842971535
"y",0.865812717238441
"V1",0.966722724260762
"V2",0.533933536848053
"V3",0.394004104891792
"V4",0.0666553601622581
"V5",0.303875447483733
"V6",0.526623190846294
"V7",2.74235157575458
"V8",2.8345086472109
"V9",2.86625585891306
