"names","vals"
"Intercept",-4.75960666363826
"y",0.854580036131665
"V1",0.225108879385516
"V2",0.806600118987262
"V3",0.216789565980434
"V4",0.415255680214614
"V5",0.99850233271718
"V6",0.741647600429133
"V7",1.6403109934181
"V8",1.89569115173072
"V9",2.02948233485222
