"names","vals"
"Intercept",-6.94508564430289
"y",0.29603650001809
"V1",0.603370583616197
"V2",0.242127171950415
"V3",0.636233855737373
"V4",0.712003301596269
"V5",0.864043432055041
"V6",4.37673039268702
"V7",2.66793837025762
