"names","vals"
"Intercept",-2.48632517526858
"y",0.00416674162261188
"V1",0.565072636352852
"V2",0.0632369159720838
"V3",0.721990659367293
"V4",0.0743013499304652
"V5",0.723833390744403
"V6",2.0983166154474
"V7",4.61843041144311
