"names","vals"
"Intercept",-13.7172965814639
"y",0.729122942313552
"V1",0.851113562704995
"V2",0.0710331513546407
"V3",0.984191969269887
"V4",0.622145063709468
"V5",0.941797922132537
"V6",0.376972299069166
"V7",0.68604288995266
"V8",4.60781824216247
"V9",4.36096142418683
"V10",3.7982213338837
"V11",3.86333108507097
