"names","vals"
"Intercept",-2.13812172433827
"y",0.0257626324892044
"V1",0.407664652680978
"V2",0.266652056481689
"V3",0.272913213586435
"V4",0.752525944728404
"V5",1.0223791366443
