"names","vals"
"Intercept",-11.0776415019762
"y",0.190484912367538
"V1",0.831590938381851
"V2",0.0511084534227848
"V3",0.925018541282043
"V4",0.187769822310656
"V5",0.623690303182229
"V6",0.923793158726767
"V7",0.911025139736012
"V8",0.66398519766517
"V9",1.60967203136533
"V10",3.43670515529811
"V11",1.18250355962664
"V12",3.07140001654625
"V13",3.51159570366144
