"names","vals"
"Intercept",-3.07129226370715
"y",0.798282574629411
"V1",0.280841350788251
"V2",0.625969112385064
"V3",0.972146216314286
"V4",0.115472487639636
"V5",3.17486768495291
