"names","vals"
"Intercept",-1.94430806211894
"y",0.27404597401619
"V1",0.621846272377297
"V2",0.396043647779152
"V3",0.48167473077774
"V4",0.784431448439136
"V5",1.88739459495991
