"names","vals"
"Intercept",-5.74125481723808
"y",0.865724880015478
"V1",0.244130151113495
"V2",0.332351784687489
"V3",0.696311684325337
"V4",0.240170442732051
"V5",0.320394716691226
"V6",0.658552623121068
"V7",0.655689880484715
"V8",4.07844297774136
"V9",1.00738128833473
"V10",3.90156092401594
"V11",3.56772824469954
