"names","vals"
"Intercept",-5.24211373005994
"y",0.956354793161154
"V1",0.510853292420506
"V2",0.545712220482528
"V3",0.92835246399045
"V4",0.489754350390285
"V5",0.888938077026978
"V6",0.180738020921126
"V7",0.975711101433262
"V8",2.29401399195194
"V9",1.60742028895766
"V10",4.62286970857531
"V11",1.97177523281425
