"names","vals"
"Intercept",-2.3949575890135
"y",0.776513238437474
"V1",0.00951069011352956
"V2",0.730250111082569
"V3",0.63651255518198
"V4",0.768399619264528
"V5",2.05186526756734
