"names","vals"
"Intercept",-9.4016156920814
"y",0.880980307701975
"V1",0.367968532023951
"V2",0.370819197501987
"V3",0.327153799822554
"V4",0.39993593795225
"V5",0.670820470200852
"V6",0.583273533498868
"V7",2.94084394350648
"V8",4.61758096609265
"V9",3.12900901213288
