"names","vals"
"Intercept",-14.3102657559561
"y",0.650566970231012
"V1",0.410484757740051
"V2",0.0681417062878609
"V3",0.677488312358037
"V4",0.946339840302244
"V5",0.427771985298023
"V6",0.656226727645844
"V7",0.214399586198851
"V8",0.814685137243941
"V9",4.12619267590344
"V10",4.19094245135784
"V11",4.24317346420139
"V12",3.28481727745384
"V13",1.57974757999182
