"names","vals"
"Intercept",-6.43392257038504
"y",0.0730298778507859
"V1",0.191582896746695
"V2",0.2977976789698
"V3",0.545178255299106
"V4",0.359224747633561
"V5",0.772001434117556
"V6",0.461256018839777
"V7",0.0270958351902664
"V8",1.52191509120166
"V9",1.39083332568407
"V10",4.95018882863224
"V11",1.36218669451773
