"names","vals"
"Intercept",-8.72296203405131
"y",0.392560734879225
"V1",0.175812913570553
"V2",0.566024393308908
"V3",0.0807814619038254
"V4",0.177617056760937
"V5",0.429935396881774
"V6",0.29910461162217
"V7",4.25322331208736
"V8",4.57426449470222
"V9",1.67832204606384
