"names","vals"
"Intercept",-6.23025739316363
"y",0.0600708513520658
"V1",0.770996286300942
"V2",0.939359908690676
"V3",0.372725566383451
"V4",0.763903390383348
"V5",0.0227145017124712
"V6",1.37574739940464
"V7",4.99213198572397
