"names","vals"
"Intercept",-6.66983279979322
"y",0.0274353788699955
"V1",0.706328188301995
"V2",0.245777122210711
"V3",0.237586521776393
"V4",0.903679342707619
"V5",0.371766473865137
"V6",0.382478333776817
"V7",2.0187133345753
"V8",4.88088753353804
"V9",1.97424069046974
