"names","vals"
"Intercept",-7.02332237821538
"y",0.129936251789331
"V1",0.751215692143887
"V2",0.483558780048043
"V3",0.876487435074523
"V4",0.536581077612936
"V5",0.0407594151329249
"V6",0.301873913034797
"V7",0.548285203287378
"V8",1.57582081761211
"V9",2.42908342182636
"V10",3.30059476569295
"V11",1.48214139416814
