"names","vals"
"Intercept",-6.43225911692716
"y",0.937552050221711
"V1",0.364061830099672
"V2",0.693710912717506
"V3",0.0460051398258656
"V4",0.317889875732362
"V5",0.252532581798732
"V6",0.546675312332809
"V7",0.470135619165376
"V8",0.504943486535922
"V9",2.43362908251584
"V10",3.81548811495304
"V11",4.78747981693596
"V12",2.24166512209922
"V13",3.17084626574069
