"names","vals"
"Intercept",-3.30862469504587
"y",0.770025047007948
"V1",0.457633422454819
"V2",0.142780192196369
"V3",0.719273859867826
"V4",0.0358990591485053
"V5",0.192968651885167
"V6",0.0320576415397227
"V7",0.076488055055961
"V8",3.69534513074905
"V9",3.05887090228498
"V10",1.98776366375387
"V11",1.24773576762527
