"names","vals"
"Intercept",-4.83038907060865
"y",0.204664736054838
"V1",0.29917272971943
"V2",0.298850720981136
"V3",0.341615537181497
"V4",0.397735741222277
"V5",0.991996630793437
"V6",0.368546000448987
"V7",2.55371653474867
"V8",2.85189399588853
"V9",2.07529676705599
