"names","vals"
"Intercept",-5.57258282473776
"y",0.848137971945107
"V1",0.968166841194034
"V2",0.397871787194163
"V3",0.949103249236941
"V4",0.224969436880201
"V5",0.0135533188004047
"V6",0.757104482501745
"V7",3.41476679965854
"V8",2.93411778099835
"V9",1.82621891051531
