"names","vals"
"Intercept",-7.01635015438776
"y",0.580156078794971
"V1",0.4621339563746
"V2",0.79840449243784
"V3",0.310577753232792
"V4",0.983507210155949
"V5",0.586643872782588
"V6",0.446305871475488
"V7",3.70825506653637
"V8",1.39181028585881
"V9",1.78642139490694
