"names","vals"
"Intercept",-7.04318446868798
"y",0.884321936406195
"V1",0.634097362402827
"V2",0.281901833834127
"V3",0.864628651412204
"V4",0.498629587236792
"V5",0.897151473676786
"V6",0.364559344016016
"V7",0.734951353631914
"V8",1.13916656561196
"V9",2.0080290613696
"V10",2.18202937860042
"V11",1.29128167405725
