"names","vals"
"Intercept",-8.33978648957564
"y",0.917202869895846
"V1",0.267866137437522
"V2",0.661656645359471
"V3",0.157594912219793
"V4",0.0631109699606895
"V5",0.913282585097477
"V6",0.367572816787288
"V7",0.315093111246824
"V8",0.853096056729555
"V9",3.39546331297606
"V10",3.32003460358828
"V11",2.20634474698454
"V12",4.52148776780814
"V13",4.26180922240019
