"names","vals"
"Intercept",-1.80454252178781
"y",0.60767733794637
"V1",0.236730095930398
"V2",0.850428235251456
"V3",0.290367523441091
"V4",0.562460605753586
"V5",1.57259156368673
