"names","vals"
"Intercept",-11.4567175533064
"y",0.692340472014621
"V1",0.223677859408781
"V2",0.127758813789114
"V3",0.259237743215635
"V4",0.848468041280285
"V5",0.435726939234883
"V6",0.612370485905558
"V7",0.799631532048807
"V8",2.52489730715752
"V9",4.39939170423895
"V10",2.03456635959446
"V11",4.50913656875491
