"names","vals"
"Intercept",-8.01912297185976
"y",0.0978805348277092
"V1",0.1917427519802
"V2",0.596231340896338
"V3",0.133662237552926
"V4",0.746175507083535
"V5",0.798815632471815
"V6",0.727016912773252
"V7",0.280040929792449
"V8",0.10670854547061
"V9",4.8863388216123
"V10",2.10188698582351
"V11",3.18923821672797
"V12",4.59316970035434
"V13",4.08066384121776
