"names","vals"
"Intercept",-5.69098212298937
"y",0.699835591251031
"V1",0.34338753670454
"V2",0.623215389205143
"V3",0.90269895689562
"V4",0.0689043067395687
"V5",0.255641688825563
"V6",0.773029207484797
"V7",0.652241476112977
"V8",1.22304625343531
"V9",4.76032307278365
"V10",1.24320374242961
"V11",1.04376775305718
