"names","vals"
"Intercept",-8.55220212936401
"y",0.377086918335408
"V1",0.640705012483522
"V2",0.356866151792929
"V3",0.601495049661025
"V4",0.614313510479406
"V5",0.443081033416092
"V6",0.611879922682419
"V7",0.189600631361827
"V8",1.17451960127801
"V9",1.16651688143611
"V10",4.26594604179263
"V11",1.74758717790246
