"names","vals"
"Intercept",-2.77821269315667
"y",0.756566892610863
"V1",0.247515849070624
"V2",0.282248564530164
"V3",0.938172709429637
"V4",0.569179834332317
"V5",0.341532623395324
"V6",1.98861063830554
"V7",1.1898854020983
