"names","vals"
"Intercept",-5.41920100840507
"y",0.26741046202369
"V1",0.470548921497539
"V2",0.211481976788491
"V3",0.617749251425266
"V4",0.360321356449276
"V5",0.0879863589070737
"V6",4.1290120491758
"V7",4.40549988299608
