"names","vals"
"Intercept",-7.70913850063458
"y",0.460841070162132
"V1",0.64209883986041
"V2",0.395053448155522
"V3",0.704930757405236
"V4",0.447719539050013
"V5",0.537757825572044
"V6",0.858005515532568
"V7",0.436095677549019
"V8",3.35352502856404
"V9",1.35159973986447
"V10",3.77238394971937
"V11",4.01229697559029
