"names","vals"
"Intercept",-1.65870154700708
"y",0.693468706682324
"V1",0.346990695223212
"V2",0.974792131688446
"V3",0.552478878526017
"V4",0.337340850383043
"V5",2.04576886259019
