"names","vals"
"Intercept",-4.79737590759993
"y",0.681266214698553
"V1",0.283737133955583
"V2",0.970832098275423
"V3",0.526845150394365
"V4",0.677095032995567
"V5",0.0589390906970948
"V6",0.79421763215214
"V7",1.61724172439426
"V8",2.98769848514348
"V9",2.25268801208586
