"names","vals"
"Intercept",-3.76893390307669
"y",0.718930065166205
"V1",0.368323764763772
"V2",0.71060408721678
"V3",0.6493261938449
"V4",0.129112572409213
"V5",0.801613719668239
"V6",4.60561119765043
"V7",3.91643856093287
