"names","vals"
"Intercept",-5.22922466972377
"y",0.381725684739649
"V1",0.933401296148077
"V2",0.104030087124556
"V3",0.326165405102074
"V4",0.789970703655854
"V5",0.28651574649848
"V6",0.0763599693309516
"V7",0.852725103031844
"V8",3.3855396239087
"V9",1.79649404529482
"V10",4.68403707258403
"V11",2.54935928061604
