"names","vals"
"Intercept",-5.17676772866864
"y",0.415920640574768
"V1",0.423850790131837
"V2",0.899432244477794
"V3",0.478275332134217
"V4",0.935233258176595
"V5",0.908199316821992
"V6",0.224011533195153
"V7",3.20302915945649
"V8",3.15010248869658
"V9",2.77117152605206
