"names","vals"
"Intercept",-8.0297842028318
"y",0.0163698373362422
"V1",0.510957151185721
"V2",0.243780948920175
"V3",0.636334490962327
"V4",0.340705474140123
"V5",0.247445762855932
"V6",0.64623034838587
"V7",0.492644278565422
"V8",2.34851203020662
"V9",3.86473169177771
"V10",4.66911909915507
"V11",3.81888790614903
