"names","vals"
"Intercept",-2.23594815684482
"y",0.977882946142927
"V1",0.222306229174137
"V2",0.409125166479498
"V3",0.278059638338163
"V4",0.128546269843355
"V5",0.646519447444007
"V6",1.89343477319926
"V7",2.88853438850492
