"names","vals"
"Intercept",-10.5785393606825
"y",0.749152884818614
"V1",0.734386437339708
"V2",0.500651453156024
"V3",0.192489950684831
"V4",0.657234483165666
"V5",0.948026584694162
"V6",0.420926923630759
"V7",0.753099696477875
"V8",0.515757615212351
"V9",1.36585363559425
"V10",1.08988423179835
"V11",2.86063987575471
"V12",1.99201089516282
"V13",4.4977616071701
