"names","vals"
"Intercept",-7.81815732772462
"y",0.605867373989895
"V1",0.931356370681897
"V2",0.528158071450889
"V3",0.345735422568396
"V4",0.57667793170549
"V5",0.500883715460077
"V6",0.190657750703394
"V7",0.672899056458846
"V8",1.21086187753826
"V9",1.65353313274682
"V10",2.01430741138756
"V11",3.18520853295922
