"names","vals"
"Intercept",-8.40366301756585
"y",0.669780284631997
"V1",0.568249634699896
"V2",0.973972630454227
"V3",0.853334724204615
"V4",0.920272748917341
"V5",0.856876570964232
"V6",0.63483715755865
"V7",0.765828201780096
"V8",0.265544922556728
"V9",1.97600998450071
"V10",2.13963341433555
"V11",3.67265625018626
"V12",3.87358664348722
"V13",4.05861986987293
