"names","vals"
"Intercept",-2.43922083750833
"y",0.698612899053842
"V1",0.385724670486525
"V2",0.0368682702537626
"V3",0.430043025873601
"V4",0.127214530017227
"V5",4.83513384219259
