"names","vals"
"Intercept",-8.3521771085402
"y",0.6301546364557
"V1",0.915065447567031
"V2",0.086510595632717
"V3",0.631207441212609
"V4",0.805139262462035
"V5",0.0104199124034494
"V6",4.65624690707773
"V7",3.16673779115081
