"names","vals"
"Intercept",-2.58087889785413
"y",0.26393003645353
"V1",0.69709042320028
"V2",0.880619475850835
"V3",0.614100937964395
"V4",0.107501109363511
"V5",0.867631267756224
"V6",1.7133173700422
"V7",1.73393226601183
