"names","vals"
"Intercept",-4.59173655608902
"y",0.367430587299168
"V1",0.559574039652944
"V2",0.881886177230626
"V3",0.164044022094458
"V4",0.10385335679166
"V5",0.211280168732628
"V6",0.0659977139439434
"V7",2.41057988628745
"V8",1.15196394827217
"V9",2.77826380636543
