"names","vals"
"Intercept",-3.01139061152935
"y",0.0289723705500364
"V1",0.142004117835313
"V2",0.367232774849981
"V3",0.918326135724783
"V4",0.782774248858914
"V5",0.495986341265962
"V6",2.40971793513745
"V7",3.84689344931394
