"names","vals"
"Intercept",-5.03632602066966
"y",0.12436727155
"V1",0.127306655282155
"V2",0.206817069556564
"V3",0.637765135848895
"V4",0.598994656931609
"V5",0.0799477093387395
"V6",0.739654652075842
"V7",4.20908343885094
"V8",3.0247549591586
"V9",1.03500709775835
