"names","vals"
"Intercept",-3.89246830295306
"y",0.751909084850922
"V1",0.485668206820264
"V2",0.278388697654009
"V3",0.0835385750979185
"V4",0.184968434507027
"V5",0.953641596250236
"V6",0.420862148748711
"V7",1.32034438010305
"V8",1.19404041487724
"V9",3.56534608080983
