"names","vals"
"Intercept",-9.52605404760456
"y",0.91507958364673
"V1",0.403911220375448
"V2",0.747878978261724
"V3",0.998123933793977
"V4",0.353689136682078
"V5",0.00767738255672157
"V6",0.850977216148749
"V7",0.757519233040512
"V8",2.60535679571331
"V9",2.32220320124179
"V10",4.56444881483912
"V11",4.52597042173147
