"names","vals"
"Intercept",-1.74913893033518
"y",0.556689105229452
"V1",0.358938188524917
"V2",0.747683821013197
"V3",0.899597088806331
"V4",0.898442479781806
"V5",1.95543876942247
