"names","vals"
"Intercept",-5.06938656827668
"y",0.234981737099588
"V1",0.295704136136919
"V2",0.710774316219613
"V3",0.612195573747158
"V4",0.122992073418573
"V5",0.367301993770525
"V6",2.82350162509829
"V7",2.66048506926745
