"names","vals"
"Intercept",-6.46688747749431
"y",0.842586366226897
"V1",0.391905381577089
"V2",0.679896799847484
"V3",0.469676861772314
"V4",0.0866859504021704
"V5",0.640808313852176
"V6",0.440972736570984
"V7",2.24371808208525
"V8",3.09150161035359
"V9",3.95815951842815
