"names","vals"
"Intercept",-1.11882026716601
"y",0.123676153598353
"V1",0.664196862839162
"V2",0.328009321819991
"V3",0.0872437141370028
"V4",0.141763164661825
"V5",3.07306343503296
