"names","vals"
"Intercept",-8.11999368383316
"y",0.294636350125074
"V1",0.967808561399579
"V2",0.0218245915602893
"V3",0.641048228135332
"V4",0.179705214919522
"V5",0.261961413547397
"V6",0.519406983396038
"V7",0.320023407461122
"V8",4.08035886846483
"V9",3.90008250065148
"V10",4.9304874939844
"V11",3.96402691025287
