"names","vals"
"Intercept",-5.18084151448682
"y",0.917827120283619
"V1",0.117325530620292
"V2",0.129385234322399
"V3",0.477697182446718
"V4",0.444540414493531
"V5",0.671174465911463
"V6",3.61896814312786
"V7",4.4419254148379
