"names","vals"
"Intercept",-7.41418449099641
"y",0.0179386041127145
"V1",0.181261036312208
"V2",0.83128994051367
"V3",0.730768846813589
"V4",0.916241368278861
"V5",0.522574353730306
"V6",0.828238893765956
"V7",0.390623826300725
"V8",0.309670727932826
"V9",4.35574409086257
"V10",1.41202309634537
"V11",2.58020206354558
"V12",3.52487194910645
"V13",1.15853064693511
