"names","vals"
"Intercept",-8.68938549394719
"y",0.156148565001786
"V1",0.345800085458905
"V2",0.237628647824749
"V3",0.401689926162362
"V4",0.0546977240592241
"V5",0.115380613133311
"V6",0.86337972432375
"V7",2.04792591836303
"V8",4.78995068836957
"V9",3.08074762951583
