"names","vals"
"Intercept",-1.07160020080162
"y",0.184291718527675
"V1",0.498983322409913
"V2",0.0176050043664873
"V3",0.396612255135551
"V4",0.0337671788875014
"V5",0.607276691123843
"V6",4.27182862535119
"V7",1.405551828444
