"names","vals"
"Intercept",-5.28798265972873
"y",0.678936554817483
"V1",0.776317165000364
"V2",0.132710866630077
"V3",0.0237001278437674
"V4",0.069683977169916
"V5",0.544385276501998
"V6",2.09188000950962
"V7",3.37850835639983
