"names","vals"
"Intercept",-2.97230474843178
"y",0.844123493414372
"V1",0.194418901577592
"V2",0.811054548947141
"V3",0.67705309134908
"V4",0.26600087271072
"V5",0.0700630838982761
"V6",1.22185078170151
"V7",2.28377945721149
