"names","vals"
"Intercept",-5.85093284843024
"y",0.938100829720497
"V1",0.573014202062041
"V2",0.957100623985752
"V3",0.65415281848982
"V4",0.454556362004951
"V5",0.448491115123034
"V6",3.59615756105632
"V7",1.95610221195966
