"names","vals"
"Intercept",-1.68134970769752
"y",0.877584129804745
"V1",0.401397595880553
"V2",0.357889825245366
"V3",0.771008552284911
"V4",0.345640517771244
"V5",1.68793142400682
