"names","vals"
"Intercept",-8.73448577163741
"y",0.0274109283927828
"V1",0.939572906820104
"V2",0.624508733162656
"V3",0.236387459561229
"V4",0.466421540360898
"V5",0.602509555639699
"V6",0.589638939127326
"V7",0.517457625363022
"V8",0.98958988673985
"V9",2.44638415146619
"V10",2.56167277414352
"V11",3.19532439950854
"V12",4.11592074483633
"V13",3.90152855310589
