"names","vals"
"Intercept",-7.46109871039633
"y",0.399045087397099
"V1",0.809633504133672
"V2",0.260835910215974
"V3",0.57744575641118
"V4",0.385607651434839
"V5",0.733962459955364
"V6",0.710514091653749
"V7",0.483775933273137
"V8",0.77275652368553
"V9",3.02577295340598
"V10",1.32017181348056
"V11",3.49539257027209
"V12",1.94285949040204
"V13",2.85965850669891
