"names","vals"
"Intercept",-6.64570679917233
"y",0.274581010453403
"V1",0.412433513673022
"V2",0.968233767198399
"V3",0.428541102213785
"V4",0.836815659189597
"V5",0.625895001692697
"V6",0.656114069744945
"V7",0.827214133925736
"V8",0.611649568658322
"V9",1.74806693010032
"V10",2.1813121503219
"V11",2.02506148163229
"V12",4.10154872108251
"V13",1.67953552212566
