"names","vals"
"Intercept",-10.3051288661221
"y",0.144688091007993
"V1",0.0557394588831812
"V2",0.604690346401185
"V3",0.166571743553504
"V4",0.62264501512982
"V5",0.146438569761813
"V6",0.30340202152729
"V7",0.730225309729576
"V8",0.167086557485163
"V9",4.46184930484742
"V10",1.5473717302084
"V11",3.40069322567433
"V12",4.39533945918083
"V13",2.21933506708592
