"names","vals"
"Intercept",-10.7901430148399
"y",0.670466893119738
"V1",0.719484286615625
"V2",0.0830650147981942
"V3",0.317268616752699
"V4",0.177200716687366
"V5",0.241716519696638
"V6",0.472872900078073
"V7",0.673670986434445
"V8",4.89916014671326
"V9",4.36518187634647
"V10",1.20299819670618
"V11",1.64286456722766
