"names","vals"
"Intercept",-2.12919936290709
"y",0.870456371922046
"V1",0.974980481900275
"V2",0.814834086457267
"V3",0.309778205817565
"V4",0.67998898611404
"V5",4.33512825332582
