"names","vals"
"Intercept",-6.32509444605093
"y",0.960596667602658
"V1",0.618543736636639
"V2",0.0502496841363609
"V3",0.548155484022573
"V4",0.858657815493643
"V5",0.155254159821197
"V6",0.587156858062372
"V7",0.570939652388915
"V8",2.03211874235421
"V9",3.76173910498619
"V10",2.12027554679662
"V11",3.04689906910062
