"names","vals"
"Intercept",-9.96176715756534
"y",0.736062390264124
"V1",0.191642072983086
"V2",0.680156699148938
"V3",0.379750385181978
"V4",0.939007296459749
"V5",0.735793074360117
"V6",0.146926277782768
"V7",0.0789267518557608
"V8",0.516267891507596
"V9",1.1336999386549
"V10",2.12824438512325
"V11",4.95147131290287
"V12",1.19634381588548
"V13",3.4148130826652
