"names","vals"
"Intercept",-8.72082946385723
"y",0.845317924162373
"V1",0.171268330188468
"V2",0.945384526858106
"V3",0.00475180707871914
"V4",0.740054161055014
"V5",0.971769190160558
"V6",0.726732225622982
"V7",0.548877549823374
"V8",3.08008733484894
"V9",4.61233976390213
"V10",1.4565731305629
"V11",1.64863260835409
