"names","vals"
"Intercept",-5.27293867840897
"y",0.929435582598671
"V1",0.371404662029818
"V2",0.623331637121737
"V3",0.459383770590648
"V4",0.980014205211774
"V5",0.768577705370262
"V6",0.673637971747667
"V7",0.6860981520731
"V8",3.91263905446976
"V9",1.30422739684582
"V10",4.72107618954033
"V11",4.67067264951766
