"names","vals"
"Intercept",-9.68993134817574
"y",0.688446317799389
"V1",0.715619680006057
"V2",0.0934979652520269
"V3",0.156718715559691
"V4",0.0722718869801611
"V5",0.670849775429815
"V6",0.508018475724384
"V7",2.93086053710431
"V8",3.10466516390443
"V9",4.62529891077429
