"names","vals"
"Intercept",-1.9804579771962
"y",0.600775171071291
"V1",0.327481772284955
"V2",0.677099684718996
"V3",0.539177268743515
"V4",0.745456753531471
"V5",4.89066572114825
