"names","vals"
"Intercept",-2.64034669905435
"y",0.734634837368503
"V1",0.806056176312268
"V2",0.429538213182241
"V3",0.181509342044592
"V4",0.294405878521502
"V5",2.08410871680826
