"names","vals"
"Intercept",-7.34101833493914
"y",0.279070064192638
"V1",0.637173828668892
"V2",0.153707223013043
"V3",0.453318426851183
"V4",0.501987969037145
"V5",0.870377420447767
"V6",0.522119395667687
"V7",0.16443895874545
"V8",3.80426180548966
"V9",3.25593784172088
"V10",4.12152102775872
"V11",3.07437600102276
