"names","vals"
"Intercept",-10.8562463258952
"y",0.707601121859625
"V1",0.754079208010808
"V2",0.164527884917334
"V3",0.745015707798302
"V4",0.182589248986915
"V5",0.133931030752137
"V6",0.496417527552694
"V7",3.00590516813099
"V8",4.36588112544268
"V9",4.49516342114657
