"names","vals"
"Intercept",-6.57188701002626
"y",0.504903879482299
"V1",0.946196084609255
"V2",0.528455635765567
"V3",0.0754957273602486
"V4",0.35868107364513
"V5",0.485965629806742
"V6",0.417936879675835
"V7",0.671980315586552
"V8",0.26764726289548
"V9",3.69231793284416
"V10",1.94776315614581
"V11",1.08077679481357
"V12",1.82122301030904
"V13",2.00162734091282
