"names","vals"
"Intercept",-4.33049935175572
"y",0.203981977887452
"V1",0.138690526364371
"V2",0.635597215499729
"V3",0.698620628332719
"V4",0.0862666296306998
"V5",0.255730928620324
"V6",1.66681163944304
"V7",3.66865816991776
