"names","vals"
"Intercept",-3.97122247972991
"y",0.813932549674064
"V1",0.839760434115306
"V2",0.972368188900873
"V3",0.0924324756488204
"V4",0.746864889981225
"V5",2.264174496755
