"names","vals"
"Intercept",-8.35827876931289
"y",0.902404326945543
"V1",0.829627664526924
"V2",0.965918414061889
"V3",0.353717583231628
"V4",0.0768312187865376
"V5",0.600646049482748
"V6",0.494330070680007
"V7",0.37534388829954
"V8",0.500815262552351
"V9",1.32588716037571
"V10",4.95042240712792
"V11",1.9066214337945
"V12",4.76492642611265
"V13",1.90543537586927
