"names","vals"
"Intercept",-3.6346090434771
"y",0.225218914914876
"V1",0.0141874838154763
"V2",0.640416806098074
"V3",0.586981323547661
"V4",0.858911411371082
"V5",0.703079111408442
"V6",1.0464020203799
"V7",4.06982014887035
