"names","vals"
"Intercept",-8.27582924480084
"y",0.9246226598043
"V1",0.667105011641979
"V2",0.598989105317742
"V3",0.312528053298593
"V4",0.148904224624857
"V5",0.87798445741646
"V6",0.334764491766691
"V7",0.817645756760612
"V8",0.34628661791794
"V9",2.5818691207096
"V10",1.37818570435047
"V11",2.35804799478501
"V12",1.52199879288673
"V13",4.83162715751678
