"names","vals"
"Intercept",-5.12987736803247
"y",0.768726644571871
"V1",0.757332757348195
"V2",0.621674776775762
"V3",0.0561813889071345
"V4",0.510396175319329
"V5",0.373488290701061
"V6",4.10078076645732
"V7",4.13693789485842
