"names","vals"
"Intercept",-10.7388783667935
"y",0.175984200323001
"V1",0.347545728785917
"V2",0.249393488513306
"V3",0.710315603995696
"V4",0.80738560250029
"V5",0.614662586012855
"V6",0.177649050718173
"V7",0.924632974900305
"V8",0.819858393399045
"V9",3.49425882007927
"V10",4.67110409028828
"V11",3.04008673969656
"V12",2.53732605651021
"V13",1.03022379055619
