"names","vals"
"Intercept",-3.67064394759713
"y",0.357334513682872
"V1",0.813691517803818
"V2",0.763278581667691
"V3",0.309087879257277
"V4",0.388052160618827
"V5",0.335092023946345
"V6",4.13833244889975
"V7",3.04481931775808
