"names","vals"
"Intercept",-6.69048639429733
"y",0.000608263770118356
"V1",0.0258533109445125
"V2",0.820598010905087
"V3",0.581988679477945
"V4",0.314570123562589
"V5",0.299519205698743
"V6",0.030459847766906
"V7",0.132308438420296
"V8",4.44840605184436
"V9",2.58890081662685
"V10",4.34120261203498
"V11",1.57282154820859
