"names","vals"
"Intercept",-4.60293310718611
"y",0.0814966228790581
"V1",0.39830414019525
"V2",0.171810740372166
"V3",0.468490000814199
"V4",0.0379932404030114
"V5",0.600619577802718
"V6",0.0281187871005386
"V7",4.93310534581542
"V8",1.90961815603077
"V9",1.96867270767689
