"names","vals"
"Intercept",-3.72061410052702
"y",0.598463052650914
"V1",0.449842602247372
"V2",0.295224438421428
"V3",0.061623184941709
"V4",0.507476950762793
"V5",0.760659549152479
"V6",0.488136993953958
"V7",2.07080423738807
"V8",4.18093064893037
"V9",3.86195016652346
