"names","vals"
"Intercept",-7.76305429121014
"y",0.0125092482194304
"V1",0.313042409252375
"V2",0.284193532541394
"V3",0.160062738228589
"V4",0.806699911598116
"V5",0.590395567705855
"V6",0.121881359256804
"V7",0.253858294105157
"V8",0.382622669218108
"V9",2.02544285729527
"V10",3.97362138610333
"V11",2.61897220928222
"V12",1.84064280521125
"V13",4.07002274133265
