"names","vals"
"Intercept",-2.54034284196096
"y",0.64390570577234
"V1",0.39028510148637
"V2",0.903623859398067
"V3",0.0693600857630372
"V4",0.0303035113029182
"V5",0.0125372235197574
"V6",3.9332213755697
"V7",1.76785171125084
