"names","vals"
"Intercept",-6.90473949917126
"y",0.543017182732001
"V1",0.135793158784509
"V2",0.672109646955505
"V3",0.692567208316177
"V4",0.838280858239159
"V5",0.071056141750887
"V6",0.0468674439471215
"V7",0.0240197055973113
"V8",3.4745577974245
"V9",1.822738439776
"V10",1.85358057636768
"V11",1.97544502373785
