"names","vals"
"Intercept",-4.61900737039745
"y",0.470613481709734
"V1",0.0255092184524983
"V2",0.949015126563609
"V3",0.263437590561807
"V4",0.478982857894152
"V5",0.476069735828787
"V6",0.38883606903255
"V7",0.253171430435032
"V8",1.99547546450049
"V9",1.42996150720865
"V10",3.80592851247638
"V11",1.51417574286461
