"names","vals"
"Intercept",-4.33152044855524
"y",0.79490994499065
"V1",0.537645512260497
"V2",0.812531313858926
"V3",0.152530511142686
"V4",0.372985985130072
"V5",0.123025705572218
"V6",0.00407419237308204
"V7",1.6005864450708
"V8",1.5474093593657
"V9",4.78779231291264
