"names","vals"
"Intercept",-1.09396807829384
"y",0.561366901034489
"V1",0.672881908481941
"V2",0.194064488634467
"V3",0.14298929926008
"V4",0.275749090127647
"V5",1.64465769287199
