"names","vals"
"Intercept",-7.57272944471799
"y",0.320322485174984
"V1",0.934143129969016
"V2",0.472048261901364
"V3",0.561639186227694
"V4",0.0305038897786289
"V5",0.73513004463166
"V6",0.682451098924503
"V7",0.737688898574561
"V8",0.352941173361614
"V9",1.63957885373384
"V10",2.49525717832148
"V11",3.30847612023354
"V12",4.52535038068891
"V13",2.17402110248804
