"names","vals"
"Intercept",-1.77609415628482
"y",0.950645253993571
"V1",0.16831311234273
"V2",0.435931444633752
"V3",0.0527223669923842
"V4",0.716842282563448
"V5",0.744049385655671
"V6",1.85957172047347
"V7",2.21355846896768
