"names","vals"
"Intercept",-4.91858508047648
"y",0.836391332792118
"V1",0.651523031992838
"V2",0.123425488127396
"V3",0.938212756533176
"V4",0.0584355879109353
"V5",0.745525307953358
"V6",0.603987297741696
"V7",0.625669167144224
"V8",4.14819378312677
"V9",4.46210638526827
"V10",4.42190893925726
"V11",1.73584327008575
