"names","vals"
"Intercept",-5.62753762626555
"y",0.855815755203366
"V1",0.135077994316816
"V2",0.843054421711713
"V3",0.566305833868682
"V4",0.345688546774909
"V5",0.673261422663927
"V6",0.862703815102577
"V7",0.710369639797136
"V8",3.35005971230567
"V9",3.68845187500119
"V10",4.02692130208015
"V11",3.59306285809726
