"names","vals"
"Intercept",-5.46899934571236
"y",0.903094093780965
"V1",0.700158491963521
"V2",0.921868932433426
"V3",0.510731952730566
"V4",0.349409596296027
"V5",0.904884822899476
"V6",0.311128710629418
"V7",1.53351105190814
"V8",4.80252774618566
"V9",4.58609731402248
