"names","vals"
"Intercept",-8.30026215485996
"y",0.157681870739907
"V1",0.516577828675508
"V2",0.102297057164833
"V3",0.468641376588494
"V4",0.937832182971761
"V5",0.890876901801676
"V6",0.309054272947833
"V7",0.769032422918826
"V8",4.56314219441265
"V9",2.52735735382885
"V10",3.66068226378411
"V11",1.74687264673412
