"names","vals"
"Intercept",-4.84247095191618
"y",0.34040672890842
"V1",0.00818344904109836
"V2",0.159276075661182
"V3",0.417335481382906
"V4",0.78014113358222
"V5",4.22244015522301
