"names","vals"
"Intercept",-7.3746736103436
"y",0.196763446787372
"V1",0.642979227937758
"V2",0.37754788575694
"V3",0.889245566213503
"V4",0.274639939656481
"V5",0.794326201546937
"V6",0.35962288826704
"V7",0.323612272040918
"V8",4.40907743107527
"V9",4.32768682949245
"V10",3.29079243447632
"V11",3.63528659846634
