"names","vals"
"Intercept",-5.42468144867104
"y",0.0249919772613794
"V1",0.566478151362389
"V2",0.0321456850506365
"V3",0.639880296308547
"V4",0.789946316042915
"V5",0.206365483347327
"V6",0.0486133294180036
"V7",2.95070245675743
"V8",4.11514834407717
"V9",3.22871225699782
