"names","vals"
"Intercept",-10.0725649259333
"y",0.418984077405185
"V1",0.456422980641946
"V2",0.0514583445619792
"V3",0.99322172650136
"V4",0.274999930057675
"V5",0.984234236413613
"V6",0.8902385791298
"V7",0.893378631677479
"V8",3.28422307502478
"V9",3.14198892284185
"V10",3.63809525035322
"V11",1.19324599206448
