"names","vals"
"Intercept",-3.62582104363944
"y",0.358448642771691
"V1",0.648245390504599
"V2",0.727445088559762
"V3",0.201126613887027
"V4",0.930871093412861
"V5",0.424568129470572
"V6",3.22324531339109
"V7",1.26498595997691
