"names","vals"
"Intercept",-4.4585850335774
"y",0.298365829046816
"V1",0.823494319105521
"V2",0.156528391409665
"V3",0.805801599519327
"V4",0.294552640290931
"V5",0.474006682634354
"V6",2.0855908235535
"V7",3.40826538577676
