"names","vals"
"Intercept",-12.6284614892909
"y",0.72863059095107
"V1",0.366913568694144
"V2",0.764229486463591
"V3",0.0244917538948357
"V4",0.0888733142055571
"V5",0.602874897420406
"V6",0.913931507384405
"V7",0.308628093684092
"V8",0.793333372101188
"V9",2.89282164070755
"V10",4.82641667407006
"V11",1.93927330523729
"V12",1.7223065039143
"V13",4.52122025750577
