"names","vals"
"Intercept",-2.58512262399308
"y",0.997513988288119
"V1",0.841128260362893
"V2",0.740130093879998
"V3",0.763537050224841
"V4",0.582922225818038
"V5",1.40774053614587
