"names","vals"
"Intercept",-3.78558898508782
"y",0.0661280232015997
"V1",0.410597518086433
"V2",0.763995061162859
"V3",0.917792008025572
"V4",0.0577937439084053
"V5",0.125849050236866
"V6",3.6089521208778
"V7",4.70998855121434
