"names","vals"
"Intercept",-3.94469042669516
"y",0.813576120883226
"V1",0.10293254442513
"V2",0.279823468299583
"V3",0.230366580188274
"V4",0.317881229799241
"V5",0.164705448318273
"V6",0.606715295929462
"V7",1.57083689142019
"V8",2.62989119812846
"V9",3.03501989319921
