"names","vals"
"Intercept",-2.12062576871365
"y",0.602205013623461
"V1",0.592915494693443
"V2",0.75980810332112
"V3",0.214334897929803
"V4",0.90068138227798
"V5",1.35792951844633
