"names","vals"
"Intercept",-5.38657300972845
"y",0.358532323269174
"V1",0.873980870936066
"V2",0.908329299185425
"V3",0.202310529071838
"V4",0.17556337127462
"V5",0.000449748709797859
"V6",1.56173735298216
"V7",4.57815907895565
