"names","vals"
"Intercept",-7.48001874027774
"y",0.209488722262904
"V1",0.138167876983061
"V2",0.244968115584925
"V3",0.695937838405371
"V4",0.88357716659084
"V5",0.772396628977731
"V6",0.188824249664322
"V7",0.166656054323539
"V8",0.321509524714202
"V9",1.90455795638263
"V10",3.48109151981771
"V11",2.99709707591683
"V12",1.08876081183553
"V13",2.08718655817211
