"names","vals"
"Intercept",-7.86552734243684
"y",0.0656196472700685
"V1",0.664187365444377
"V2",0.789370745187625
"V3",0.64115667482838
"V4",0.691965844016522
"V5",0.882584421196952
"V6",0.43087135348469
"V7",1.39245373755693
"V8",3.87135563418269
"V9",2.98892015963793
