"names","vals"
"Intercept",-7.99503589045722
"y",0.580107524758205
"V1",0.580331727629527
"V2",0.657782891299576
"V3",0.498814074555412
"V4",0.709308449411765
"V5",0.702108816010877
"V6",0.0363443137612194
"V7",0.554414813406765
"V8",4.47398252505809
"V9",3.49784166458994
"V10",2.26740012317896
"V11",1.66543654445559
