"names","vals"
"Intercept",-5.6077693948755
"y",0.35433782171458
"V1",0.306504400912672
"V2",0.416543286759406
"V3",0.909256564686075
"V4",0.663329442264512
"V5",0.855025314958766
"V6",0.175169356865808
"V7",3.42575717531145
"V8",1.15116308256984
"V9",1.46779981441796
