"names","vals"
"Intercept",-6.08986826740671
"y",0.793300461024046
"V1",0.843723918544129
"V2",0.443544980371371
"V3",0.602346019819379
"V4",0.807392781833187
"V5",0.75670195161365
"V6",0.943902073893696
"V7",0.694923218106851
"V8",0.697893320582807
"V9",2.34421445336193
"V10",1.05542774777859
"V11",3.06865329295397
"V12",2.96285535674542
"V13",2.00121368374676
