"names","vals"
"Intercept",-2.47189493625192
"y",0.203624785644934
"V1",0.475697897607461
"V2",0.213355615269393
"V3",0.564353949157521
"V4",0.403777501545846
"V5",4.73938114475459
