"names","vals"
"Intercept",-14.2507127824356
"y",0.191582636674866
"V1",0.13938460778445
"V2",0.903783674351871
"V3",0.44437520368956
"V4",0.429418580373749
"V5",0.71030473173596
"V6",0.802475861040875
"V7",0.677481318358332
"V8",0.186387910507619
"V9",4.0476782983169
"V10",4.63905613869429
"V11",1.48263857513666
"V12",1.24058260116726
"V13",4.80725521314889
