"names","vals"
"Intercept",-10.8723097460135
"y",0.0453906490001827
"V1",0.454861622070894
"V2",0.646634786622599
"V3",0.192854249849916
"V4",0.519907633308321
"V5",0.532632193760946
"V6",0.253310673637316
"V7",3.73562823422253
"V8",3.49521439522505
"V9",3.20195888262242
