"names","vals"
"Intercept",-8.98795618761796
"y",0.958409848157316
"V1",0.94962474773638
"V2",0.261468591168523
"V3",0.70210624486208
"V4",0.860130302142352
"V5",0.743314947234467
"V6",0.319479583529755
"V7",0.130536406533793
"V8",0.414071451406926
"V9",4.45187359675765
"V10",2.88632239215076
"V11",4.55017769057304
"V12",1.12375753372908
"V13",2.46892161201686
