"names","vals"
"Intercept",-9.02747496308293
"y",0.645695534767583
"V1",0.814040108351037
"V2",0.258026556111872
"V3",0.802672843681648
"V4",0.245624938048422
"V5",0.472646070178598
"V6",0.0743374533485621
"V7",0.0587942290585488
"V8",0.31281371624209
"V9",1.08578597195446
"V10",2.26364997215569
"V11",1.74081889819354
"V12",4.45160008780658
"V13",1.97318765893579
