"names","vals"
"Intercept",-5.21242558757076
"y",0.0764743122272193
"V1",0.0343114824499935
"V2",0.140074636088684
"V3",0.769134419271722
"V4",0.604727489873767
"V5",0.80315322522074
"V6",2.0010987855494
"V7",4.88389381952584
