"names","vals"
"Intercept",-6.0148382809246
"y",0.806215933989733
"V1",0.0765408331062645
"V2",0.505190188996494
"V3",0.62909434363246
"V4",0.454140058485791
"V5",0.153330252040178
"V6",0.590143190231174
"V7",4.91147219762206
"V8",4.36138924956322
"V9",1.759740550071
