"names","vals"
"Intercept",-5.28894676911412
"y",0.959844919387251
"V1",0.64968076790683
"V2",0.122053385013714
"V3",0.902097474783659
"V4",0.685573772061616
"V5",0.573361880844459
"V6",0.0723697212524712
"V7",2.44963970594108
"V8",1.32407189626247
"V9",2.48093734681606
