"names","vals"
"Intercept",-5.69432732359972
"y",0.0365822422318161
"V1",0.00168855721130967
"V2",0.885195691371337
"V3",0.821262552635744
"V4",0.719363577663898
"V5",0.613081887131557
"V6",2.62541624717414
"V7",2.38345351815224
