"names","vals"
"Intercept",-2.76668073289329
"y",0.181126626906916
"V1",0.426414625020698
"V2",0.355344746494666
"V3",0.859232961200178
"V4",0.952601142693311
"V5",1.69184561166912
