"names","vals"
"Intercept",-2.90881549387239
"y",0.845602754736319
"V1",0.804268780164421
"V2",0.101389238145202
"V3",0.755905931117013
"V4",0.912535842275247
"V5",3.34575638175011
