"names","vals"
"Intercept",-5.16473340336233
"y",0.629340518265963
"V1",0.305453093256801
"V2",0.834902850678191
"V3",0.348465148126706
"V4",0.881672175135463
"V5",0.275081399828196
"V6",0.977542732143775
"V7",3.97356593329459
"V8",4.39878982678056
"V9",1.90456684213132
