"names","vals"
"Intercept",-8.64821708991658
"y",0.752840047236532
"V1",0.88662171899341
"V2",0.417035156395286
"V3",0.0536707795690745
"V4",0.863179444801062
"V5",0.962701783515513
"V6",4.23830961808562
"V7",3.10244759172201
