"names","vals"
"Intercept",-3.8664855077723
"y",0.804238105891272
"V1",0.48931531701237
"V2",0.718133695889264
"V3",0.394448237959296
"V4",0.390976693248376
"V5",0.188138189958408
"V6",0.163532862905413
"V7",4.6994196716696
"V8",2.11300783697516
"V9",1.49847566522658
