"names","vals"
"Intercept",-11.8092493819073
"y",0.390092050191015
"V1",0.855949752265587
"V2",0.556249229237437
"V3",0.709584567230195
"V4",0.243348194984719
"V5",0.300426423083991
"V6",0.873216161504388
"V7",0.607859092531726
"V8",3.53905231226236
"V9",4.53780301660299
"V10",4.16298788040876
"V11",2.07578308694065
