"names","vals"
"Intercept",-7.70770842604339
"y",0.154164674924687
"V1",0.457073519006371
"V2",0.483579584630206
"V3",0.617227112408727
"V4",0.64407721394673
"V5",0.129323062254116
"V6",0.40022529149428
"V7",0.323387373937294
"V8",0.166954498970881
"V9",4.93506140261889
"V10",4.57127967197448
"V11",1.26391021534801
"V12",3.87383749056607
"V13",3.16114811878651
