"names","vals"
"Intercept",-8.06735404008068
"y",0.0896056117489934
"V1",0.240149933379143
"V2",0.635119108250365
"V3",0.247200551908463
"V4",0.456200064625591
"V5",0.561823880998418
"V6",0.368497835472226
"V7",0.158554807305336
"V8",0.201679022051394
"V9",2.55880673509091
"V10",4.8052288107574
"V11",3.44462568871677
"V12",1.84010291285813
"V13",1.47976648900658
