"names","vals"
"Intercept",-4.70218975351658
"y",0.816619357792661
"V1",0.485164197394624
"V2",0.197059941012412
"V3",0.449171220883727
"V4",0.758552685612813
"V5",0.044517056318
"V6",0.317495171213523
"V7",4.3408276271075
"V8",2.95876463316381
"V9",3.28021152503788
