"names","vals"
"Intercept",-4.1605447783391
"y",0.0643836136441678
"V1",0.417987637920305
"V2",0.905672289431095
"V3",0.444434268167242
"V4",0.0145071665756404
"V5",0.533508214866742
"V6",2.84325635991991
"V7",2.43974765297025
