"names","vals"
"Intercept",-6.84846428441815
"y",0.744063379475847
"V1",0.0728779584169388
"V2",0.990161801921204
"V3",0.830918220570311
"V4",0.536029380979016
"V5",0.588609852828085
"V6",0.385171602247283
"V7",0.783139869570732
"V8",0.580381464445964
"V9",2.7229929510504
"V10",1.60448759794235
"V11",1.3465960547328
"V12",3.89878046978265
"V13",2.22101218160242
