"names","vals"
"Intercept",-12.2241660381784
"y",0.570027266163379
"V1",0.181210982147604
"V2",0.411932348040864
"V3",0.896649936214089
"V4",0.95814262679778
"V5",0.480025565484539
"V6",0.607140090083703
"V7",0.403771636541933
"V8",2.43212305754423
"V9",3.96701030153781
"V10",4.10810867790133
"V11",3.7991553703323
