"names","vals"
"Intercept",-7.68109079763759
"y",0.825298291863874
"V1",0.0629281988367438
"V2",0.143428976414725
"V3",0.421726728556678
"V4",0.669204957550392
"V5",0.0686727350112051
"V6",0.716425014194101
"V7",0.488115357002243
"V8",0.817692971788347
"V9",1.30575378239155
"V10",4.76750890351832
"V11",3.14778929948807
"V12",2.70010536257178
"V13",1.5922599202022
