"names","vals"
"Intercept",-5.28565169721376
"y",0.995814688270912
"V1",0.772273717680946
"V2",0.625082504702732
"V3",0.395283696940169
"V4",0.12770967441611
"V5",0.334858622867614
"V6",0.940000827424228
"V7",0.552915938198566
"V8",4.3027999503538
"V9",1.05515638738871
"V10",4.10488748829812
"V11",3.40145399793983
