"names","vals"
"Intercept",-5.74931098534726
"y",0.00525436014868319
"V1",0.175845388555899
"V2",0.812336108647287
"V3",0.630859413649887
"V4",0.340748379705474
"V5",0.374640079448
"V6",0.633126409025863
"V7",0.860795605927706
"V8",0.0607948419637978
"V9",1.81048030499369
"V10",1.98435219563544
"V11",2.70059411227703
"V12",1.4462226992473
"V13",3.1867850497365
