"names","vals"
"Intercept",-1.33734348636121
"y",0.345445652492344
"V1",0.429909496102482
"V2",0.960086150560528
"V3",0.724201234057546
"V4",0.138224694645032
"V5",2.81660022865981
