"names","vals"
"Intercept",-10.8917535482394
"y",0.455417972523719
"V1",0.247817474184558
"V2",0.473893840564415
"V3",0.41633028537035
"V4",0.15039734588936
"V5",0.727774162776768
"V6",0.983194771921262
"V7",0.673122913809493
"V8",4.33916580770165
"V9",1.60279136803001
"V10",3.65915698651224
"V11",3.12951165344566
