"names","vals"
"Intercept",-4.97551313660806
"y",0.0914675458334386
"V1",0.348967629484832
"V2",0.496396864298731
"V3",0.762328634271398
"V4",0.490603428799659
"V5",0.872424237197265
"V6",0.57990726060234
"V7",4.19768452271819
"V8",1.0150743778795
"V9",2.36236390285194
