"names","vals"
"Intercept",-10.1935068001179
"y",0.849521219264716
"V1",0.181432568235323
"V2",0.815241609001532
"V3",0.231283234898001
"V4",0.483207829063758
"V5",0.663573691854253
"V6",0.365667480742559
"V7",4.69207806419581
"V8",4.67594126239419
"V9",4.64078115206212
