"names","vals"
"Intercept",-7.69132177274441
"y",0.613199375802651
"V1",0.619352926732972
"V2",0.165475447196513
"V3",0.356547819450498
"V4",0.404326443327591
"V5",0.788168899482116
"V6",0.0876386524178088
"V7",2.63001611456275
"V8",3.79699733760208
"V9",1.87496150098741
