"names","vals"
"Intercept",-3.01573693438433
"y",0.646069548325613
"V1",0.205974108306691
"V2",0.301628617569804
"V3",0.288587482413277
"V4",0.306959185516462
"V5",2.32772984262556
