"names","vals"
"Intercept",-2.45557477466064
"y",0.463011287851259
"V1",0.998696975177154
"V2",0.421266956953332
"V3",0.797423471231014
"V4",0.938883621711284
"V5",2.30251992028207
