"names","vals"
"Intercept",-3.96983193475753
"y",0.482236803276464
"V1",0.626076761167496
"V2",0.823493728647009
"V3",0.495529894949868
"V4",0.99472257331945
"V5",2.72854518331587
