"names","vals"
"Intercept",-7.28209363862639
"y",0.353550072526559
"V1",0.198908446123824
"V2",0.519971069646999
"V3",0.964235273655504
"V4",0.958527068141848
"V5",0.163148443913087
"V6",2.4942465275526
"V7",3.19085457362235
