"names","vals"
"Intercept",-3.60974124642555
"y",0.690337019041181
"V1",0.360338143771514
"V2",0.657615722389892
"V3",0.0825928847771138
"V4",0.281268074410036
"V5",0.890244709327817
"V6",1.57296050991863
"V7",2.64060144033283
