"names","vals"
"Intercept",-3.37767129705753
"y",0.388051496353
"V1",0.410265950253233
"V2",0.981011607917026
"V3",0.0613404389005154
"V4",0.975961022078991
"V5",2.94458339828998
