"names","vals"
"Intercept",-1.97007235220168
"y",0.517568854615092
"V1",0.725184806389734
"V2",0.755383986746892
"V3",0.161625729640946
"V4",0.0480006842408329
"V5",2.35926575493068
