"names","vals"
"Intercept",-6.28020995254628
"y",0.664548121392727
"V1",0.253521308302879
"V2",0.372077624779195
"V3",0.326177388662472
"V4",0.270124831935391
"V5",0.909371144603938
"V6",0.631877293810248
"V7",1.75479805376381
"V8",4.93595436401665
"V9",1.10801847744733
