"names","vals"
"Intercept",-2.36100922829937
"y",0.21016234299168
"V1",0.671813910827041
"V2",0.32005986943841
"V3",0.199610248440877
"V4",0.60328324418515
"V5",3.59723400324583
