"names","vals"
"Intercept",-2.85438362208428
"y",0.193349540466443
"V1",0.412531083216891
"V2",0.711031085345894
"V3",0.472072348697111
"V4",0.0361623330973089
"V5",0.863298767479137
"V6",2.27404728252441
"V7",3.62514809612185
