"names","vals"
"Intercept",-10.5470222655521
"y",0.516309312311932
"V1",0.711619669105858
"V2",0.378713668091223
"V3",0.547951362561435
"V4",0.00284350104629993
"V5",0.665083120344207
"V6",0.794068697374314
"V7",0.0554347482975572
"V8",1.09392242878675
"V9",3.06421584263444
"V10",4.97088658344001
"V11",1.09207730274647
