"names","vals"
"Intercept",-5.58603858244605
"y",0.765855379402637
"V1",0.746636781143025
"V2",0.441029298817739
"V3",0.958407792961225
"V4",0.663141064113006
"V5",0.390736324712634
"V6",0.869166627526283
"V7",0.85677421442233
"V8",3.98013285640627
"V9",3.98698060400784
"V10",1.99053175467998
"V11",3.94893971178681
