"names","vals"
"Intercept",-3.47187914225506
"y",0.293820925289765
"V1",0.939790492877364
"V2",0.733865896705538
"V3",0.726159038254991
"V4",0.794027967378497
"V5",0.0853004192467779
"V6",2.3244613148272
"V7",3.62655683606863
