"names","vals"
"Intercept",-11.6559285149421
"y",0.899285149993375
"V1",0.413598094601184
"V2",0.313682534731925
"V3",0.859054180793464
"V4",0.215794824529439
"V5",0.697401065379381
"V6",0.359915351727977
"V7",0.737390846945345
"V8",0.449316621990874
"V9",1.28130268771201
"V10",4.65431085042655
"V11",3.84040984325111
"V12",4.60414552595466
"V13",1.95469339378178
