"names","vals"
"Intercept",-6.54451163890772
"y",0.0150114337448031
"V1",0.06391321728006
"V2",0.945257070707157
"V3",0.353690579533577
"V4",0.623096890049055
"V5",0.606369627406821
"V6",0.818454396910965
"V7",4.11981486808509
"V8",2.6031095944345
"V9",1.15297338925302
