"names","vals"
"Intercept",-5.51789794958197
"y",0.247765520354733
"V1",0.574151267763227
"V2",0.299076115014032
"V3",0.206833936739713
"V4",0.796067670919001
"V5",0.671169031411409
"V6",0.806319396477193
"V7",0.14724593074061
"V8",1.01436254475266
"V9",3.06397811044008
"V10",3.8782451832667
"V11",3.32932068873197
