"names","vals"
"Intercept",-8.28372863158584
"y",0.893166557420045
"V1",0.422767334152013
"V2",0.946326314937323
"V3",0.0815929018426687
"V4",0.513545513618737
"V5",0.749462136765942
"V6",0.982374042505398
"V7",0.822189333150163
"V8",3.36461199540645
"V9",2.9015278769657
"V10",4.28831744007766
"V11",3.05247134435922
