"names","vals"
"Intercept",-1.82026646053884
"y",0.688895842060447
"V1",0.966983330901712
"V2",0.126188609749079
"V3",0.0382984862662852
"V4",0.17077626963146
"V5",4.58024118002504
