"names","vals"
"Intercept",-1.74699825210031
"y",0.196384794777259
"V1",0.776843430940062
"V2",0.816856916528195
"V3",0.622882743133232
"V4",0.107142544584349
"V5",4.96712626330554
