"names","vals"
"Intercept",-6.71033926761011
"y",0.199078293284401
"V1",0.512374957790598
"V2",0.915744357043877
"V3",0.5299439241644
"V4",0.757833920186386
"V5",0.491509149083868
"V6",0.382451966172084
"V7",2.4719686480239
"V8",4.22805658634752
"V9",1.02195958141237
