"names","vals"
"Intercept",-6.76318178416695
"y",0.0379031563643366
"V1",0.296366532333195
"V2",0.894206491298974
"V3",0.23190589947626
"V4",0.329109042882919
"V5",0.0935403625480831
"V6",0.861606813035905
"V7",1.40551585424691
"V8",4.96833859663457
"V9",4.77509422693402
