"names","vals"
"Intercept",-5.67781043264549
"y",0.193285128800198
"V1",0.837515777209774
"V2",0.561187891289592
"V3",0.932706517633051
"V4",0.824477900750935
"V5",0.586763153551146
"V6",4.53253893367946
"V7",3.88836590759456
