"names","vals"
"Intercept",-7.70548715348355
"y",0.410197064513341
"V1",0.139411682961509
"V2",0.567394253332168
"V3",0.173792580375448
"V4",0.110551081597805
"V5",0.891656711464748
"V6",0.4287874691654
"V7",0.372165095992386
"V8",0.42800280591473
"V9",2.62818714603782
"V10",1.58728984650224
"V11",2.89276049751788
"V12",4.55570857785642
"V13",1.34190566651523
