"names","vals"
"Intercept",-4.50430001302622
"y",0.603216734714806
"V1",0.554986658040434
"V2",0.450059427879751
"V3",0.0497084835078567
"V4",0.292071518488228
"V5",0.818246734794229
"V6",2.07300871331245
"V7",3.64525300823152
