"names","vals"
"Intercept",-3.43148030277807
"y",0.190766644198447
"V1",0.126687753014266
"V2",0.264373995596543
"V3",0.238775075180456
"V4",0.781355126528069
"V5",0.388223578454927
"V6",4.62974093481898
"V7",3.01527586020529
