"names","vals"
"Intercept",-4.98780482732458
"y",0.583921506302431
"V1",0.0590751492418349
"V2",0.689676389098167
"V3",0.760600804816931
"V4",0.303434475325048
"V5",0.904773137532175
"V6",0.359327573794872
"V7",0.0168162838090211
"V8",1.83683128189296
"V9",2.9923236053437
"V10",4.1046585990116
"V11",1.81501423940063
