"names","vals"
"Intercept",-2.20115616673138
"y",0.834218084579334
"V1",0.795964452670887
"V2",0.695719687268138
"V3",0.28144877194427
"V4",0.005640241317451
"V5",4.12921629659832
