"names","vals"
"Intercept",-2.0321179958526
"y",0.189858337631449
"V1",0.95251199323684
"V2",0.866152165224776
"V3",0.605404086178169
"V4",0.383268208242953
"V5",1.8162793321535
