"names","vals"
"Intercept",-3.30798192414222
"y",0.251086834818125
"V1",0.187382058473304
"V2",0.778314209775999
"V3",0.911176742520183
"V4",0.753608465194702
"V5",0.692931554745883
"V6",1.39014885388315
"V7",2.32007589191198
