"names","vals"
"Intercept",-2.52355479099555
"y",0.0584867955185473
"V1",0.575352647108957
"V2",0.597392676398158
"V3",0.112537312088534
"V4",0.423778601689264
"V5",1.6385632827878
