"names","vals"
"Intercept",-9.920157113811
"y",0.51455813832581
"V1",0.304488741792738
"V2",0.67797843599692
"V3",0.310406574048102
"V4",0.435416836757213
"V5",0.800633175764233
"V6",0.830999147612602
"V7",0.200690779369324
"V8",0.0479152800980955
"V9",3.29809192940593
"V10",1.43843390699476
"V11",4.09843909461051
"V12",4.55333919264376
"V13",1.49179705698043
