"names","vals"
"Intercept",-2.69458228057483
"y",0.453003081260249
"V1",0.175818198127672
"V2",0.44344614003785
"V3",0.229226806433871
"V4",0.475348743610084
"V5",4.62912174500525
