"names","vals"
"Intercept",-10.0799001865741
"y",0.485042722895741
"V1",0.511195570230484
"V2",0.138768900884315
"V3",0.945642811013386
"V4",0.205917427549139
"V5",0.653003636747599
"V6",0.428248846903443
"V7",0.895391816971824
"V8",0.425159310689196
"V9",4.8756861332804
"V10",1.51657583378255
"V11",4.01970369461924
"V12",2.2361323563382
"V13",3.00766011420637
