"names","vals"
"Intercept",-9.19572159332223
"y",0.108275177888572
"V1",0.75260991579853
"V2",0.472030920675024
"V3",0.445984213380143
"V4",0.160458177095279
"V5",0.0812577793840319
"V6",0.160739481449127
"V7",0.28583985590376
"V8",1.85922304168344
"V9",1.80829371046275
"V10",2.56360972113907
"V11",3.19937683921307
