"names","vals"
"Intercept",-3.3937853119662
"y",0.412476436933503
"V1",0.824646107386798
"V2",0.572930216090754
"V3",0.052604365395382
"V4",0.48793489462696
"V5",4.09788124635816
