"names","vals"
"Intercept",-8.63059569292236
"y",0.121122646145523
"V1",0.785866260994226
"V2",0.243288229685277
"V3",0.0310419572051615
"V4",0.506825203308836
"V5",0.0258915522135794
"V6",0.396060260245577
"V7",3.89880811888725
"V8",2.25766518432647
"V9",4.11862607393414
