"names","vals"
"Intercept",-10.968620949774
"y",0.557846747571602
"V1",0.95085630309768
"V2",0.26617357111536
"V3",0.274173747748137
"V4",0.616266337223351
"V5",0.716638682642952
"V6",0.0823579686693847
"V7",4.62475149799138
"V8",3.76496190950274
"V9",1.43635196052492
