"names","vals"
"Intercept",-7.39592965741875
"y",0.866760365199298
"V1",0.514880304224789
"V2",0.530580709455535
"V3",0.862544467905536
"V4",0.787743661785498
"V5",0.57723244279623
"V6",0.862617540406063
"V7",4.52510974835604
"V8",4.26132372673601
"V9",4.51872297655791
