"names","vals"
"Intercept",-7.31964984100312
"y",0.919073753524572
"V1",0.22301899921149
"V2",0.0597885935567319
"V3",0.31719767046161
"V4",0.754250107798725
"V5",0.252160745672882
"V6",0.127715692389756
"V7",0.786273259436712
"V8",1.05527640320361
"V9",3.64569928590208
"V10",3.48402808792889
"V11",4.3080773493275
