"names","vals"
"Intercept",-2.36402380783809
"y",0.432360685896128
"V1",0.754802125506103
"V2",0.752404931932688
"V3",0.835691461106762
"V4",0.469167125876993
"V5",2.96185587532818
