"names","vals"
"Intercept",-5.04271476887399
"y",0.518223314546049
"V1",0.166605520062149
"V2",0.751043569529429
"V3",0.831578797660768
"V4",0.775634806836024
"V5",4.85088062752038
