"names","vals"
"Intercept",-6.82698223622283
"y",0.362876863917336
"V1",0.446084551047534
"V2",0.360478921793401
"V3",0.707528891041875
"V4",0.683545825304464
"V5",0.210874921176583
"V6",1.62639792915434
"V7",3.84876377414912
