"names","vals"
"Intercept",-10.4438700065436
"y",0.464512096485123
"V1",0.348532310687006
"V2",0.144997796742246
"V3",0.412794135976583
"V4",0.768033618107438
"V5",0.630761680658907
"V6",0.710173275554553
"V7",0.159453564789146
"V8",0.135830878978595
"V9",1.44043783657253
"V10",1.48613916616887
"V11",4.01004988979548
"V12",1.9281414905563
"V13",2.04942577611655
