"names","vals"
"Intercept",-3.54981019690633
"y",0.989833892555907
"V1",0.326375065837055
"V2",0.252113990252838
"V3",0.483208052115515
"V4",0.972146917600185
"V5",3.4470947701484
