"names","vals"
"Intercept",-4.27520054002525
"y",0.262558818561956
"V1",0.580188323976472
"V2",0.385559808230028
"V3",0.226115616271272
"V4",0.691331762587652
"V5",0.8006818278227
"V6",0.964778257766739
"V7",4.05912924557924
"V8",3.1702843690291
"V9",3.30941600259393
