"names","vals"
"Intercept",-11.1849375757319
"y",0.983378669247031
"V1",0.0627641186583787
"V2",0.529482022393495
"V3",0.594838545424864
"V4",0.911767885787413
"V5",0.760499344905838
"V6",0.656165252206847
"V7",0.0964734514709562
"V8",0.340041996212676
"V9",4.5761170880869
"V10",4.01222359389067
"V11",2.91381143312901
"V12",2.62718996312469
"V13",1.17792192101479
