"names","vals"
"Intercept",-8.1322380030388
"y",0.973482299596071
"V1",0.396859594387934
"V2",0.732438061619177
"V3",0.458211191929877
"V4",0.847411873983219
"V5",0.637429831083864
"V6",0.947906146524474
"V7",4.47045521624386
"V8",4.62336546275765
"V9",1.75861639622599
