"names","vals"
"Intercept",-8.92663461354095
"y",0.412341074785218
"V1",0.805058188736439
"V2",0.99996639881283
"V3",0.371037614066154
"V4",0.914254590403289
"V5",0.222447366453707
"V6",0.868129054782912
"V7",0.928290697280318
"V8",3.53659489937127
"V9",3.3533055530861
"V10",1.75084016751498
"V11",4.03262999467552
