"names","vals"
"Intercept",-3.43489546520635
"y",0.0735922523308545
"V1",0.899819131474942
"V2",0.0458204133901745
"V3",0.338410392403603
"V4",0.686238410882652
"V5",2.60986101534218
