"names","vals"
"Intercept",-6.44463926091557
"y",0.916895783273503
"V1",0.924842801876366
"V2",0.0476357475854456
"V3",0.366756190778688
"V4",0.54742640000768
"V5",0.549508716911077
"V6",3.53272783197463
"V7",2.70447310153395
