"names","vals"
"Intercept",-9.880949985513
"y",0.285568563966081
"V1",0.302571066888049
"V2",0.780274158809334
"V3",0.426711161853746
"V4",0.116049501579255
"V5",0.513335917145014
"V6",0.779229428153485
"V7",0.737723419442773
"V8",0.0285243901889771
"V9",2.96843212097883
"V10",1.02654651459306
"V11",3.01383540965617
"V12",4.80166236963123
"V13",1.82303124479949
