"names","vals"
"Intercept",-8.9324094818905
"y",0.902960143750533
"V1",0.100544667802751
"V2",0.630665604025126
"V3",0.953694278374314
"V4",0.639602307928726
"V5",0.00384588772431016
"V6",0.210648664971814
"V7",0.999563428806141
"V8",2.78600934613496
"V9",2.68500189017504
"V10",3.58434206154197
"V11",3.75090166740119
