"names","vals"
"Intercept",-5.47035078111803
"y",0.189809697447345
"V1",0.204815295292065
"V2",0.700932347914204
"V3",0.0121651219669729
"V4",0.469685097923502
"V5",0.465520933968946
"V6",0.884098740061745
"V7",3.15762120485306
"V8",2.93609401956201
"V9",2.09233719669282
