"names","vals"
"Intercept",-10.4617399961548
"y",0.00351193989627063
"V1",0.369093110552058
"V2",0.453562500188127
"V3",0.242335518123582
"V4",0.76114586670883
"V5",0.402606053510681
"V6",0.348902286263183
"V7",0.218757469439879
"V8",0.110303525347263
"V9",3.65473025292158
"V10",4.28664874006063
"V11",2.86619059834629
"V12",2.31071498896927
"V13",4.67705034371465
