"names","vals"
"Intercept",-7.08236030738335
"y",0.885123173007742
"V1",0.562749334145337
"V2",0.822058307938278
"V3",0.953559443354607
"V4",0.590984812937677
"V5",0.428060288075358
"V6",0.634037640411407
"V7",0.211448911577463
"V8",0.00564359105192125
"V9",2.84731102827936
"V10",4.79425120633096
"V11",1.83862427901477
"V12",2.530522858724
"V13",4.53264692332596
