"names","vals"
"Intercept",-5.82158400085755
"y",0.251373615348712
"V1",0.120783333433792
"V2",0.00782764633186162
"V3",0.21875888411887
"V4",0.563675282057375
"V5",0.127003313042223
"V6",4.88151136692613
"V7",1.50865603145212
