"names","vals"
"Intercept",-2.15129770161584
"y",0.345260353060439
"V1",0.667427274398506
"V2",0.271602167049423
"V3",0.957277237204835
"V4",0.243875769898295
"V5",0.843360511120409
"V6",2.02012697607279
"V7",1.58505245670676
