"names","vals"
"Intercept",-6.82653506802861
"y",0.45367218577303
"V1",0.40887029771693
"V2",0.75858911825344
"V3",0.663138838019222
"V4",0.620297624729574
"V5",0.605718948878348
"V6",0.691958353621885
"V7",0.310195961501449
"V8",0.872040269197896
"V9",4.78917936421931
"V10",4.88728372007608
"V11",4.45091561134905
"V12",3.24054314289242
"V13",1.19078248925507
