"names","vals"
"Intercept",-6.08927251906134
"y",0.467935864580795
"V1",0.392672085668892
"V2",0.796650001546368
"V3",0.394487937912345
"V4",0.515036880038679
"V5",0.574318996630609
"V6",4.27987320814282
"V7",4.85928233526647
