"names","vals"
"Intercept",-14.2307501042169
"y",0.0737193627282977
"V1",0.561397879384458
"V2",0.869294929085299
"V3",0.589507426135242
"V4",0.473157945321873
"V5",0.535705619025975
"V6",0.555986525258049
"V7",0.194853353314102
"V8",0.842249107081443
"V9",2.44800966978073
"V10",4.99797820858657
"V11",4.10030648764223
"V12",4.83933595195413
"V13",1.94608412217349
