"names","vals"
"Intercept",-11.646073758034
"y",0.831407966790721
"V1",0.163491489831358
"V2",0.989372109994292
"V3",0.858219355810434
"V4",0.136711337370798
"V5",0.724613994825631
"V6",0.664695945801213
"V7",0.237040924141183
"V8",3.63875937275589
"V9",2.44952700473368
"V10",4.55466765444726
"V11",4.07968482468277
