"names","vals"
"Intercept",-3.26626595272683
"y",0.0283001635689288
"V1",0.0763376755639911
"V2",0.477313943905756
"V3",0.903937180526555
"V4",0.370667194016278
"V5",3.98511836770922
