"names","vals"
"Intercept",-1.8350940039265
"y",0.68332528276369
"V1",0.396104717627168
"V2",0.870869966456667
"V3",0.0173279717564583
"V4",0.434997457778081
"V5",2.30916745588183
