"names","vals"
"Intercept",-9.3554238778539
"y",0.0181315785739571
"V1",0.26351017341949
"V2",0.853039146168157
"V3",0.629108435474336
"V4",0.554836997529492
"V5",0.764859811170027
"V6",0.0895578302443027
"V7",4.41416069865227
"V8",3.58702316321433
"V9",4.18735872860998
