"names","vals"
"Intercept",-1.5294062265777
"y",0.593160551739857
"V1",0.39892370114103
"V2",0.542715725954622
"V3",0.726147875189781
"V4",0.164677059277892
"V5",4.84323705267161
