"names","vals"
"Intercept",-5.54870585689787
"y",0.985653266077861
"V1",0.677133720135316
"V2",0.481935869902372
"V3",0.863476149272174
"V4",0.114628890529275
"V5",0.738344279350713
"V6",0.118438364006579
"V7",2.01630267873406
"V8",1.8183313542977
"V9",2.65646134316921
