"names","vals"
"Intercept",-6.26290653627599
"y",0.743307439377531
"V1",0.340345456963405
"V2",0.509850441943854
"V3",0.124095836654305
"V4",0.254705123137683
"V5",0.560178338782862
"V6",4.52524845302105
"V7",4.93595824297518
