"names","vals"
"Intercept",-6.57352904655505
"y",0.991754777496681
"V1",0.901967283105478
"V2",0.538504243362695
"V3",0.496811835095286
"V4",0.466950555564836
"V5",0.936753075337037
"V6",4.23449299484491
"V7",2.7513777539134
