"names","vals"
"Intercept",-10.292530435673
"y",0.292270573787391
"V1",0.264266379410401
"V2",0.978365152142942
"V3",0.592267329106107
"V4",0.968692132504657
"V5",0.316571475937963
"V6",0.675807993859053
"V7",3.46579261869192
"V8",4.60596490651369
"V9",2.20656557381153
