"names","vals"
"Intercept",-9.45782311399234
"y",0.563272912055254
"V1",0.0201279851607978
"V2",0.982879987452179
"V3",0.334105283953249
"V4",0.637148533016443
"V5",0.963281492935494
"V6",0.370218990603462
"V7",0.798522892873734
"V8",0.690436475444585
"V9",4.91878135688603
"V10",3.9630182525143
"V11",1.65297043602914
"V12",2.68879558518529
"V13",3.41829544864595
