"names","vals"
"Intercept",-8.63434172734618
"y",0.252085199812427
"V1",0.378131046891212
"V2",0.414996165549383
"V3",0.915224312106147
"V4",0.183121617417783
"V5",0.531168933026493
"V6",0.156055417377502
"V7",4.5649355519563
"V8",4.13243254739791
"V9",4.66734077688307
