"names","vals"
"Intercept",-2.83485428828746
"y",0.352259437320754
"V1",0.296173565322533
"V2",0.453784177545458
"V3",0.526056547183543
"V4",0.550723114749417
"V5",0.454019221942872
"V6",4.00534216035157
"V7",3.9975404413417
