"names","vals"
"Intercept",-5.11862636960577
"y",0.265042040497065
"V1",0.737067248905078
"V2",0.297395261470228
"V3",0.754121576435864
"V4",0.131689093075693
"V5",0.474944171495736
"V6",0.786297048907727
"V7",0.721921815536916
"V8",1.26935102790594
"V9",3.39644813910127
"V10",4.23257045354694
"V11",1.60500121396035
