"names","vals"
"Intercept",-3.6342163391388
"y",0.21231697127223
"V1",0.443365776911378
"V2",0.203519216971472
"V3",0.771331296069548
"V4",0.829310953849927
"V5",0.504227929515764
"V6",2.11441721115261
"V7",3.22868564538658
