"names","vals"
"Intercept",-2.93980682310648
"y",0.670482916524634
"V1",0.545028545428067
"V2",0.0969377607107162
"V3",0.345204880693927
"V4",0.439279711572453
"V5",3.83459284342825
