"names","vals"
"Intercept",-4.16673905930948
"y",0.21820257185027
"V1",0.0703010498546064
"V2",0.957307848148048
"V3",0.492296704091132
"V4",0.30321108456701
"V5",3.15986111853272
