"names","vals"
"Intercept",-4.29965321893804
"y",0.808576494920999
"V1",0.109341920120642
"V2",0.370801796671003
"V3",0.954072587192059
"V4",0.476183297811076
"V5",0.61368526914157
"V6",1.67486162483692
"V7",2.30896816588938
