"names","vals"
"Intercept",-6.85501733871177
"y",0.468857330735773
"V1",0.25578865245916
"V2",0.861394172068685
"V3",0.454731253674254
"V4",0.919142188038677
"V5",0.294885394861922
"V6",0.406179114012048
"V7",0.889410853153095
"V8",3.59620294813067
"V9",4.28794855810702
"V10",1.51650838926435
"V11",3.18468946497887
