"names","vals"
"Intercept",-4.95801970649976
"y",0.51231733430177
"V1",0.492764318594709
"V2",0.421591304242611
"V3",0.534776146989316
"V4",0.493610320845619
"V5",0.523848440498114
"V6",4.18994512874633
"V7",3.88431073538959
