"names","vals"
"Intercept",-4.7773137869779
"y",0.410044118296355
"V1",0.00108022126369178
"V2",0.538594953948632
"V3",0.0378764956258237
"V4",0.525738200172782
"V5",0.383424368454143
"V6",0.985929442802444
"V7",2.01774085499346
"V8",4.83699187077582
"V9",2.32065133936703
