"names","vals"
"Intercept",-3.37229721339187
"y",0.0511551308445632
"V1",0.526369479252025
"V2",0.262408011360094
"V3",0.589965559076518
"V4",0.00477213808335364
"V5",0.359646061668172
"V6",2.22435660194606
"V7",2.65694220270962
