"names","vals"
"Intercept",-6.72206007473636
"y",0.0285230674780905
"V1",0.58252503303811
"V2",0.781812801491469
"V3",0.888196170330048
"V4",0.736788471927866
"V5",4.7214552462101
