"names","vals"
"Intercept",-1.2392698309035
"y",0.108501824550331
"V1",0.216528037562966
"V2",0.062156901229173
"V3",0.119571470655501
"V4",0.904192623915151
"V5",3.42917022760957
