"names","vals"
"Intercept",-6.32264758680016
"y",0.336344707757235
"V1",0.561568301403895
"V2",0.2259429928381
"V3",0.797211773926392
"V4",0.894671513233334
"V5",0.857821344165131
"V6",0.800650867400691
"V7",4.22759195975959
"V8",3.75410558097064
"V9",4.7957318732515
