"names","vals"
"Intercept",-5.95779182157712
"y",0.190122761763632
"V1",0.579599136952311
"V2",0.61996741918847
"V3",0.644510984187946
"V4",0.3854168523103
"V5",0.248056797543541
"V6",0.280351795721799
"V7",2.71228079497814
"V8",1.24391556996852
"V9",3.82153537683189
