"names","vals"
"Intercept",-2.30561414590338
"y",0.556830535177141
"V1",0.0340359702240676
"V2",0.280940788798034
"V3",0.89920019148849
"V4",0.405265470268205
"V5",0.498971158405766
"V6",2.74529634602368
"V7",2.63487409427762
