"names","vals"
"Intercept",-6.50775747201173
"y",0.137934489408508
"V1",0.573626784142107
"V2",0.777980871032923
"V3",0.40244736126624
"V4",0.267261943081394
"V5",0.76741036796011
"V6",0.532857575686648
"V7",0.195934124290943
"V8",2.05143913719803
"V9",1.76736765448004
"V10",4.20478545036167
"V11",4.73473118431866
