"names","vals"
"Intercept",-2.76854123678524
"y",0.362780088325962
"V1",0.22872277139686
"V2",0.977295501856133
"V3",0.794272194849327
"V4",0.586743282619864
"V5",4.04641414154321
