"names","vals"
"Intercept",-11.9265721411118
"y",0.130711351521313
"V1",0.632583149708807
"V2",0.772672347957268
"V3",0.365976602071896
"V4",0.14408638747409
"V5",0.311590595170856
"V6",0.199099644785747
"V7",0.994503001216799
"V8",3.20362438447773
"V9",2.58236813731492
"V10",4.65057774074376
"V11",2.87200603820384
