"names","vals"
"Intercept",-5.57419774196111
"y",0.586532757617533
"V1",0.667564208619297
"V2",0.0466854595579207
"V3",0.84823625232093
"V4",0.661584811052307
"V5",0.696693312842399
"V6",0.395603934070095
"V7",3.05519523564726
"V8",3.6669306550175
"V9",2.69046141859144
