"names","vals"
"Intercept",-6.93734578923322
"y",0.973011982860044
"V1",0.173633858095855
"V2",0.284208682365716
"V3",0.862538889748976
"V4",0.847250583115965
"V5",0.231301132356748
"V6",4.4258094932884
"V7",3.1089581772685
