"names","vals"
"Intercept",-8.31471138700144
"y",0.0918364061508328
"V1",0.68384250276722
"V2",0.60347338183783
"V3",0.216309218667448
"V4",0.105485090753064
"V5",0.803343606647104
"V6",0.0228277859278023
"V7",3.89644160401076
"V8",2.93330491986126
"V9",2.94303718023002
