"names","vals"
"Intercept",-6.37900037216488
"y",0.702370054554194
"V1",0.34515813132748
"V2",0.535512130940333
"V3",0.884472811361775
"V4",0.984467815607786
"V5",0.278036644216627
"V6",3.45269889011979
"V7",4.55658026412129
