"names","vals"
"Intercept",-11.8803048550431
"y",0.943100890144706
"V1",0.140522339381278
"V2",0.277876798994839
"V3",0.0229308851994574
"V4",0.619386329082772
"V5",0.113912177272141
"V6",0.465060180751607
"V7",0.804627272766083
"V8",4.87799104396254
"V9",4.27940362691879
"V10",1.74719099327922
"V11",3.56654026545584
