"names","vals"
"Intercept",-11.7813228055951
"y",0.987412991467863
"V1",0.559850834310055
"V2",0.249642515089363
"V3",0.917840170906857
"V4",0.0102310171350837
"V5",0.497352755162865
"V6",0.135918871732429
"V7",0.625628514681011
"V8",0.358147425344214
"V9",3.96317022759467
"V10",3.38328322209418
"V11",2.65305135119706
"V12",1.81813814584166
"V13",4.63590820319951
