"names","vals"
"Intercept",-4.72598926352803
"y",0.854665074264631
"V1",0.953893639147282
"V2",0.382055897498503
"V3",0.838111112359911
"V4",0.00521562481299043
"V5",0.932268571807072
"V6",2.48516605235636
"V7",4.25066825095564
