"names","vals"
"Intercept",-9.02916907990351
"y",0.0150285533163697
"V1",0.572461965261027
"V2",0.12986483424902
"V3",0.324409803375602
"V4",0.603422859683633
"V5",0.329151903977618
"V6",0.543805125635117
"V7",3.39561441447586
"V8",3.4218220198527
"V9",1.82029569335282
