"names","vals"
"Intercept",-3.59900546461577
"y",0.841598542174324
"V1",0.0824443770106882
"V2",0.0763605572283268
"V3",0.118205048842356
"V4",0.4887310937047
"V5",0.0952474835794419
"V6",2.92841106280684
"V7",1.5049585821107
