"names","vals"
"Intercept",-5.23750324017601
"y",0.226758165750653
"V1",0.772961454698816
"V2",0.61430030874908
"V3",0.350571198621765
"V4",0.691368620377034
"V5",0.864239766262472
"V6",3.84685886651278
"V7",2.53921344690025
