"names","vals"
"Intercept",-8.66367975189351
"y",0.357003068551421
"V1",0.0831077061593533
"V2",0.540643299464136
"V3",0.644099615747109
"V4",0.655187027063221
"V5",0.173812418011948
"V6",0.736765558598563
"V7",0.15273768780753
"V8",0.0577898768242449
"V9",1.29508195072412
"V10",3.00909910816699
"V11",3.32817223761231
"V12",2.43307356722653
"V13",1.85469463001937
