"names","vals"
"Intercept",-9.30042976530967
"y",0.997951915487647
"V1",0.157972204731777
"V2",0.584153820062056
"V3",0.551527275005355
"V4",0.719473417382687
"V5",0.890094804577529
"V6",0.836115231271833
"V7",0.635442109778523
"V8",0.640471358783543
"V9",4.01746363006532
"V10",3.66633974667639
"V11",4.33216206077486
"V12",1.45032901503146
"V13",1.95590743422508
