"names","vals"
"Intercept",-4.63310029267101
"y",0.962187350261956
"V1",0.556843894068152
"V2",0.267396580195054
"V3",0.631684203166515
"V4",0.612997949821874
"V5",0.634934183908626
"V6",1.76062863506377
"V7",2.8222049754113
