"names","vals"
"Intercept",-8.22657521158457
"y",0.915379861136898
"V1",0.0484670193400234
"V2",0.0471305549144745
"V3",0.103651387849823
"V4",0.163868481526151
"V5",0.166342055425048
"V6",0.575384685304016
"V7",0.718280357541516
"V8",2.55938606988639
"V9",3.89900017529726
"V10",1.44494019355625
"V11",3.48001772817224
