"names","vals"
"Intercept",-3.54526498036925
"y",0.233296032296494
"V1",0.407956993905827
"V2",0.952448648866266
"V3",0.265766257885844
"V4",0.686440841527656
"V5",0.263478958746418
"V6",3.32343695592135
"V7",2.23850383143872
