"names","vals"
"Intercept",-4.61711629927158
"y",0.0487237465567887
"V1",0.565125314285979
"V2",0.531340616988018
"V3",0.85959270503372
"V4",0.266648819670081
"V5",0.0585307565052062
"V6",0.890827019000426
"V7",2.76206746231765
"V8",2.50956778787076
"V9",1.43561769556254
