"names","vals"
"Intercept",-4.05813636046369
"y",0.198555863229558
"V1",0.430845540948212
"V2",0.470704345498234
"V3",0.257590770954266
"V4",0.216319427359849
"V5",0.28773440583609
"V6",0.0830897781997919
"V7",4.34809427987784
"V8",3.68969314359128
"V9",2.37785962410271
