"names","vals"
"Intercept",-3.00066938358359
"y",0.962522166315466
"V1",0.183885349426419
"V2",0.559967699227855
"V3",0.796246122568846
"V4",0.890363339101896
"V5",2.70964386872947
