"names","vals"
"Intercept",-9.16552773324773
"y",0.874590027611703
"V1",0.881884065689519
"V2",0.904093105345964
"V3",0.420256041921675
"V4",0.530954986810684
"V5",0.921139803249389
"V6",0.288578780833632
"V7",2.23496500495821
"V8",4.53370540123433
"V9",3.71643100865185
