"names","vals"
"Intercept",-9.37240575108444
"y",0.279059986583889
"V1",0.0588141044136137
"V2",0.548565667588264
"V3",0.538177310954779
"V4",0.500889420975
"V5",0.630403126124293
"V6",0.0434117738623172
"V7",0.858807504642755
"V8",3.73533347435296
"V9",3.92993628140539
"V10",2.23745927866548
"V11",2.35543266031891
