"names","vals"
"Intercept",-5.64069408582523
"y",0.154900033026934
"V1",0.280445449985564
"V2",0.557808006647974
"V3",0.184965855209157
"V4",0.591388958040625
"V5",0.327451360644773
"V6",0.898923125350848
"V7",4.63100767694414
"V8",2.40349321998656
"V9",2.64465823769569
