"names","vals"
"Intercept",-8.95310673251748
"y",0.123211945639923
"V1",0.520077837863937
"V2",0.525991172064096
"V3",0.682558474363759
"V4",0.431252365931869
"V5",0.617555395467207
"V6",0.305706011364236
"V7",0.853904807474464
"V8",1.47180162277073
"V9",1.72867217566818
"V10",2.87077362276614
"V11",2.95598230976611
