"names","vals"
"Intercept",-5.67144174723653
"y",0.118419262813404
"V1",0.145042763557285
"V2",0.366749620297924
"V3",0.839373075636104
"V4",0.881779515882954
"V5",0.108585431240499
"V6",4.46374399214983
"V7",4.98437191359699
