"names","vals"
"Intercept",-9.62759072415065
"y",0.838293960317969
"V1",0.203184279380366
"V2",0.558578197378665
"V3",0.0965039944276214
"V4",0.405040221987292
"V5",0.526021771365777
"V6",0.361494529759511
"V7",4.99830841924995
"V8",3.21798949595541
"V9",4.81397407781333
