"names","vals"
"Intercept",-11.1446273007174
"y",0.344294990412891
"V1",0.712559062987566
"V2",0.70102975401096
"V3",0.809558836743236
"V4",0.80465337424539
"V5",0.102781937690452
"V6",0.402097134385258
"V7",0.626976884203032
"V8",3.34501731581986
"V9",4.30329318996519
"V10",2.02407282125205
"V11",2.41977141890675
