"names","vals"
"Intercept",-2.94453050331213
"y",0.806075842119753
"V1",0.382819802965969
"V2",0.29574079066515
"V3",0.978961312444881
"V4",0.324362494749948
"V5",0.659470756771043
"V6",3.36885306891054
"V7",3.15147088933736
