"names","vals"
"Intercept",-8.98658934148494
"y",0.0949079196434468
"V1",0.428609555354342
"V2",0.558674214174971
"V3",0.57409595628269
"V4",0.424732328159735
"V5",0.919515948509797
"V6",0.516395715996623
"V7",0.167996546253562
"V8",3.73151539824903
"V9",4.71847257018089
"V10",3.99548763316125
"V11",1.83090452756733
