"names","vals"
"Intercept",-6.00821079994552
"y",0.985282246489078
"V1",0.610325683141127
"V2",0.907656859606504
"V3",0.836550824111328
"V4",0.584205915220082
"V5",0.94455553800799
"V6",0.950258410535753
"V7",0.260340252192691
"V8",0.581159516703337
"V9",4.32644446752965
"V10",3.98611699417233
"V11",2.737483356148
"V12",2.48356235586107
"V13",2.56122195255011
