"names","vals"
"Intercept",-10.6908592663798
"y",0.774980899645016
"V1",0.207587462617084
"V2",0.510847635800019
"V3",0.525543297640979
"V4",0.17686601751484
"V5",0.412198045291007
"V6",0.55222034570761
"V7",0.465527908178046
"V8",3.43916390184313
"V9",4.3881129892543
"V10",1.67002122104168
"V11",4.73266791459173
