"names","vals"
"Intercept",-3.49851364301285
"y",0.61543452530168
"V1",0.37026432948187
"V2",0.0490003253798932
"V3",0.514410650124773
"V4",0.435085197910666
"V5",0.93573276232928
"V6",0.559771451167762
"V7",3.61839542910457
"V8",1.84022962581366
"V9",2.96567984577268
