"names","vals"
"Intercept",-4.60857320096111
"y",0.802575342124328
"V1",0.459829412633553
"V2",0.0368629435542971
"V3",0.0770318731665611
"V4",0.570593808311969
"V5",0.886539903236553
"V6",0.231275101657957
"V7",2.31138594541699
"V8",4.77128302585334
"V9",1.65980339795351
