"names","vals"
"Intercept",-4.78054973480757
"y",0.17915001953952
"V1",0.7369042604696
"V2",0.307559494161978
"V3",0.186703964136541
"V4",0.472959122154862
"V5",0.189401640091091
"V6",0.0866918272804469
"V7",4.05999547801912
"V8",3.00207834597677
"V9",1.05207994021475
