"names","vals"
"Intercept",-2.11193178700749
"y",0.919610398355871
"V1",0.0197468437254429
"V2",0.49485479760915
"V3",0.208299221936613
"V4",0.752793141873553
"V5",1.08145138714463
