"names","vals"
"Intercept",-5.53244965838734
"y",0.436847952893004
"V1",0.260453714290634
"V2",0.275045645190403
"V3",0.382869585882872
"V4",0.701321693602949
"V5",0.741665720241144
"V6",0.767701052827761
"V7",0.86924971267581
"V8",1.00985145010054
"V9",3.04859592486173
"V10",1.03439473733306
"V11",2.88913199305534
