"names","vals"
"Intercept",-8.79792025063653
"y",0.747707621427253
"V1",0.854613839881495
"V2",0.722006833413616
"V3",0.735719304298982
"V4",0.936749061336741
"V5",0.393695259932429
"V6",0.678650134475902
"V7",0.204803119646385
"V8",0.244100164389238
"V9",2.58144078310579
"V10",1.24212106317282
"V11",4.77830719854683
"V12",2.9035666603595
"V13",4.89969999995083
