"names","vals"
"Intercept",-11.6315027719131
"y",0.120960135245696
"V1",0.534175296546891
"V2",0.839892967604101
"V3",0.888244870584458
"V4",0.919376292498782
"V5",0.454377214424312
"V6",0.748155023436993
"V7",0.803956469288096
"V8",0.84229377261363
"V9",4.33968068100512
"V10",2.63040356338024
"V11",3.887805162929
"V12",3.60944088362157
"V13",2.41874388605356
