"names","vals"
"Intercept",-5.36758688746951
"y",0.576281969901174
"V1",0.631441541947424
"V2",0.900727863656357
"V3",0.256732907379046
"V4",0.933217150392011
"V5",0.143086534691975
"V6",0.550574770197272
"V7",1.56070074439049
"V8",1.25526468642056
"V9",3.65366433095187
