"names","vals"
"Intercept",-5.05871162312105
"y",0.954167033080012
"V1",0.442569333128631
"V2",0.84357169852592
"V3",0.319520066259429
"V4",0.63187843747437
"V5",0.687302789650857
"V6",4.79454979859293
"V7",3.95695916656405
