"names","vals"
"Intercept",-3.90781006617472
"y",0.93881374783814
"V1",0.470752155175433
"V2",0.793505149893463
"V3",0.755691284080967
"V4",0.743718085810542
"V5",3.39925263356417
