"names","vals"
"Intercept",-4.83414004924707
"y",0.721798943821341
"V1",0.108647711807862
"V2",0.374686731025577
"V3",0.16854866174981
"V4",0.23863254673779
"V5",0.527336246566847
"V6",0.874424948822707
"V7",1.61387483775616
"V8",3.22472403943539
"V9",1.47117104753852
