"names","vals"
"Intercept",-9.92691994856577
"y",0.419758258853108
"V1",0.565760212717578
"V2",0.0378148830495775
"V3",0.174835411831737
"V4",0.265539228683338
"V5",0.0779467392712831
"V6",0.270356765715405
"V7",0.501840534387156
"V8",4.75530240219086
"V9",4.41814263444394
"V10",3.81860890053213
"V11",3.99515857920051
