"names","vals"
"Intercept",-4.64384359473828
"y",0.106709338957444
"V1",0.920083596371114
"V2",0.475543793523684
"V3",0.272239624056965
"V4",0.074826022842899
"V5",0.800609176978469
"V6",3.67347792815417
"V7",3.13011794164777
