"names","vals"
"Intercept",-1.73195793865016
"y",0.364066819660366
"V1",0.6915449781809
"V2",0.28807295509614
"V3",0.8399506600108
"V4",0.0869161100126803
"V5",1.47175494674593
