"names","vals"
"Intercept",-2.91870117733488
"y",0.739190077641979
"V1",0.679606575984508
"V2",0.879992375615984
"V3",0.700357265537605
"V4",5.09452074766159e-05
"V5",2.12673999834806
