"names","vals"
"Intercept",-3.96457235119306
"y",0.62494530249387
"V1",0.127445448422804
"V2",0.678835441125557
"V3",0.52986304438673
"V4",0.323246855987236
"V5",0.0600276959594339
"V6",1.74113759864122
"V7",4.78397012501955
