"names","vals"
"Intercept",-9.7170045672683
"y",0.448613066924736
"V1",0.289293599082157
"V2",0.305136888753623
"V3",0.727366723120213
"V4",0.357473302865401
"V5",0.0502580760512501
"V6",0.763379103271291
"V7",0.93182417168282
"V8",0.290234285639599
"V9",1.92276144120842
"V10",1.80411418247968
"V11",3.87932031322271
"V12",1.47669257503003
"V13",3.94579965993762
