"names","vals"
"Intercept",-5.77833483027294
"y",0.854958824114874
"V1",0.144810207188129
"V2",0.947414455236867
"V3",0.199119454715401
"V4",0.977073598885909
"V5",0.444047759054229
"V6",0.773206990445033
"V7",2.73648703563958
"V8",1.99024490360171
"V9",4.07928407471627
