"names","vals"
"Intercept",-6.5052532568085
"y",0.949942829785869
"V1",0.366805970435962
"V2",0.271089798538014
"V3",0.151100277202204
"V4",0.686294604325667
"V5",0.457270602229983
"V6",0.928522683214396
"V7",3.44369280058891
"V8",1.83081952482462
"V9",1.70574706140906
