"names","vals"
"Intercept",-14.6057107164804
"y",0.59182202280499
"V1",0.596452689031139
"V2",0.370942831737921
"V3",0.56163528538309
"V4",0.435793597949669
"V5",0.787789999274537
"V6",0.861741231754422
"V7",0.275980539852753
"V8",4.32335737440735
"V9",1.19738885387778
"V10",3.27112816460431
"V11",4.00191624183208
