"names","vals"
"Intercept",-4.18875038817059
"y",0.326252494938672
"V1",0.823147986782715
"V2",0.122120996937156
"V3",0.551206924719736
"V4",0.606002090265974
"V5",0.911995876114815
"V6",0.263588266680017
"V7",0.17611852218397
"V8",3.32767300307751
"V9",1.33976565208286
"V10",2.03274208679795
"V11",1.28023344650865
