"names","vals"
"Intercept",-7.02087189917453
"y",0.758251021848992
"V1",0.463481590850279
"V2",0.0236744349822402
"V3",0.22532936767675
"V4",0.79784166556783
"V5",0.992485239403322
"V6",0.32954406645149
"V7",0.941355887800455
"V8",0.544835961889476
"V9",2.29851560480893
"V10",3.69744579866529
"V11",4.93862658273429
"V12",1.49849392473698
"V13",3.8594159539789
