"names","vals"
"Intercept",-5.81925089701545
"y",0.161841250723228
"V1",0.675448694266379
"V2",0.898294978542253
"V3",0.755343808559701
"V4",0.705331255216151
"V5",0.647880559554324
"V6",4.00062749534845
"V7",3.85717152245343
