"names","vals"
"Intercept",-10.3202876132773
"y",0.834055794868618
"V1",0.342444888548926
"V2",0.739054832374677
"V3",0.937146965414286
"V4",0.893684030510485
"V5",0.246921657118946
"V6",0.131197581766173
"V7",0.97048152773641
"V8",0.6370294385124
"V9",2.78323969151825
"V10",2.66563948988914
"V11",3.46915038954467
"V12",1.4672006200999
"V13",4.88722247257829
