"names","vals"
"Intercept",-3.62988649779465
"y",0.534943955717608
"V1",0.332188720814884
"V2",0.7211398051586
"V3",0.030936012044549
"V4",0.134782222332433
"V5",0.0529426890425384
"V6",0.106412863126025
"V7",0.840660676825792
"V8",2.47472498286515
"V9",2.7960247984156
"V10",1.57080764044076
"V11",1.55764036718756
