"names","vals"
"Intercept",-10.4143628180143
"y",0.120815993286669
"V1",0.021605888614431
"V2",0.21998382313177
"V3",0.641620725626126
"V4",0.005909638479352
"V5",0.252488852711394
"V6",0.741830385988578
"V7",0.800391190452501
"V8",4.26559986080974
"V9",4.97073904052377
"V10",2.87658061366528
"V11",4.39181568380445
