"names","vals"
"Intercept",-11.130847959728
"y",0.224802630953491
"V1",0.469807512592524
"V2",0.51697751833126
"V3",0.0297786903101951
"V4",0.733929246431217
"V5",0.764004444470629
"V6",0.351793025387451
"V7",0.794407797278836
"V8",4.64962480776012
"V9",3.23662946373224
"V10",2.46688259206712
"V11",4.43628575652838
