"names","vals"
"Intercept",-3.94150453153998
"y",0.924960182979703
"V1",0.70252904552035
"V2",0.331201253691688
"V3",0.693823998095468
"V4",0.308466461254284
"V5",0.1068009827286
"V6",4.8847621884197
"V7",1.00795422401279
