"names","vals"
"Intercept",-9.48452267155517
"y",0.118019758258015
"V1",0.433499906677753
"V2",0.403925058199093
"V3",0.399400905473158
"V4",0.468011857010424
"V5",0.0985690532252192
"V6",0.0107623543590307
"V7",4.20613202080131
"V8",4.45655692834407
"V9",4.6540657794103
