"names","vals"
"Intercept",-8.38063830374274
"y",0.930415547918528
"V1",0.11909991200082
"V2",0.612362978747115
"V3",0.223286948166788
"V4",0.459410449489951
"V5",0.475504180416465
"V6",0.49687666608952
"V7",0.852302623679861
"V8",0.520473072770983
"V9",1.662328931503
"V10",4.9433850646019
"V11",4.7291395990178
"V12",4.37865410838276
"V13",3.93722999468446
