"names","vals"
"Intercept",-7.27902522498043
"y",0.135393424425274
"V1",0.602824458153918
"V2",0.0798436687327921
"V3",0.312503149965778
"V4",0.416063790442422
"V5",0.283617112319916
"V6",0.124974035192281
"V7",4.50420669000596
"V8",4.52198059298098
"V9",1.04854568559676
