"names","vals"
"Intercept",-7.67536789765582
"y",0.27572753559798
"V1",0.892802685499191
"V2",0.284847509348765
"V3",0.276554833166301
"V4",0.468226985540241
"V5",0.776626968989149
"V6",0.907683019991964
"V7",0.162396572064608
"V8",1.65987461898476
"V9",4.75017365347594
"V10",2.23978660814464
"V11",3.60674412269145
