"names","vals"
"Intercept",-2.83944316982059
"y",0.598480243002996
"V1",0.41032126895152
"V2",0.810413664439693
"V3",0.966630113311112
"V4",0.72889889869839
"V5",1.22936192434281
