"names","vals"
"Intercept",-10.5372065843316
"y",0.725152513943613
"V1",0.505413466831669
"V2",0.386255347635597
"V3",0.033820589305833
"V4",0.317489853827283
"V5",0.830088949063793
"V6",0.356885688612238
"V7",0.239776154514402
"V8",0.603862883523107
"V9",3.75405232328922
"V10",2.21584618184716
"V11",4.67506912909448
"V12",4.53350937087089
"V13",1.59322412312031
