"names","vals"
"Intercept",-5.50348225826165
"y",0.778179097454995
"V1",0.392180850496516
"V2",0.51334644225426
"V3",0.0451537342742085
"V4",0.531400581123307
"V5",0.0743878846988082
"V6",0.938685047905892
"V7",0.68077044095844
"V8",1.96014136075974
"V9",1.12111427262425
"V10",2.60663500241935
"V11",1.12185525335371
