"names","vals"
"Intercept",-6.52784451327752
"y",0.342144058318809
"V1",0.722969041438773
"V2",0.755514785880223
"V3",0.640276574529707
"V4",0.811796710593626
"V5",0.59713460993953
"V6",0.205721084028482
"V7",2.28380581736565
"V8",2.48876207601279
"V9",3.77683836501092
