"names","vals"
"Intercept",-10.3225952525414
"y",0.821483443723992
"V1",0.457137219142169
"V2",0.958743715891615
"V3",0.638507399475202
"V4",0.0464323246851563
"V5",0.911608684342355
"V6",0.350324848666787
"V7",0.66383291920647
"V8",0.76670947810635
"V9",1.88937353529036
"V10",4.12224715109915
"V11",2.02227371558547
"V12",4.40773162897676
"V13",2.65568760875612
