"names","vals"
"Intercept",-6.30994876400335
"y",0.701170635176823
"V1",0.814358656061813
"V2",0.32172612613067
"V3",0.677556781098247
"V4",0.163573807105422
"V5",0.85548596503213
"V6",0.32421926734969
"V7",0.298028263030574
"V8",4.58995509985834
"V9",3.28126615099609
"V10",1.23549965489656
"V11",4.52735088672489
