"names","vals"
"Intercept",-8.56515210849466
"y",0.53414208907634
"V1",0.67855496914126
"V2",0.678063409402966
"V3",0.365650439402089
"V4",0.930417971452698
"V5",0.432498557958752
"V6",0.0183561460580677
"V7",0.56162879592739
"V8",0.656663733068854
"V9",3.26269345451146
"V10",2.68844005279243
"V11",4.38526818994433
"V12",1.97421970404685
"V13",3.75451306533068
