"names","vals"
"Intercept",-9.57464217782253
"y",0.260968923568726
"V1",0.0357691117096692
"V2",0.674244642723352
"V3",0.031547699123621
"V4",0.688669815892354
"V5",0.333029521629214
"V6",0.769576336955652
"V7",0.520738482940942
"V8",2.83971013408154
"V9",4.16194768529385
"V10",3.75330197811127
"V11",1.62117819488049
