"names","vals"
"Intercept",-8.38374544565566
"y",0.538030891912058
"V1",0.394821414258331
"V2",0.48446767218411
"V3",0.846436311258003
"V4",0.690937651786953
"V5",0.0766720313113183
"V6",0.914384627249092
"V7",3.02411594614387
"V8",2.24412617180496
"V9",3.27617044374347
