"names","vals"
"Intercept",-10.7248615809251
"y",0.557069333735853
"V1",0.528284773230553
"V2",0.0398999932222068
"V3",0.00946005224250257
"V4",0.993942945729941
"V5",0.0299620158039033
"V6",0.155187044292688
"V7",0.111791292903945
"V8",0.702999634901062
"V9",4.0279184859246
"V10",4.5984991369769
"V11",3.69149040896446
"V12",1.26212924253196
"V13",2.49946003314108
