"names","vals"
"Intercept",-4.442385507992
"y",0.662818145239726
"V1",0.297768245916814
"V2",0.853274004999548
"V3",0.818574910750613
"V4",0.583265921333805
"V5",0.420574095332995
"V6",3.56766569986939
"V7",1.19505595974624
