"names","vals"
"Intercept",-6.80514253263827
"y",0.797895918600261
"V1",0.247300214832649
"V2",0.0160866419319063
"V3",0.482877187663689
"V4",0.26551464619115
"V5",0.30902334745042
"V6",0.190387024311349
"V7",0.633374415105209
"V8",4.35786835849285
"V9",2.7838372932747
"V10",1.37282166257501
"V11",1.96197252627462
