"names","vals"
"Intercept",-7.74748478106689
"y",0.187475551152602
"V1",0.99134963308461
"V2",0.0155153418891132
"V3",0.352086118422449
"V4",0.852076886221766
"V5",0.202138361288235
"V6",0.238205348607153
"V7",1.49970680568367
"V8",2.14560813177377
"V9",4.62841833010316
