"names","vals"
"Intercept",-7.82230610613246
"y",0.978068874683231
"V1",0.99479201878421
"V2",0.457265593577176
"V3",0.881871244870126
"V4",0.32595869875513
"V5",0.776899924036115
"V6",0.716816037660465
"V7",3.03437041677535
"V8",3.45259769633412
"V9",1.61721637006849
