"names","vals"
"Intercept",-5.73735053585842
"y",0.547956408234313
"V1",0.500313481781632
"V2",0.98108097165823
"V3",0.948006620164961
"V4",0.564576354110613
"V5",0.24476720043458
"V6",2.71638486627489
"V7",2.93365057650954
