"names","vals"
"Intercept",-9.11580907263095
"y",0.3795708399266
"V1",0.16147885331884
"V2",0.331231694901362
"V3",0.245626424672082
"V4",0.490377865266055
"V5",0.280245029600337
"V6",0.814402021467686
"V7",0.0633665730711073
"V8",3.1530417855829
"V9",2.41463025286794
"V10",3.70896586962044
"V11",2.56639759521931
