"names","vals"
"Intercept",-12.8863984530699
"y",0.38146216631867
"V1",0.747279807226732
"V2",0.193083472317085
"V3",0.422683462966233
"V4",0.0953543926589191
"V5",0.449112373637035
"V6",0.486500509548932
"V7",0.942748305620626
"V8",0.43462649313733
"V9",4.49509537406266
"V10",2.77551988791674
"V11",3.55686740670353
"V12",4.26925608702004
"V13",3.04563487973064
