"names","vals"
"Intercept",-2.9675959324697
"y",0.527915372746065
"V1",0.531392671866342
"V2",0.286435802932829
"V3",0.170941177057102
"V4",0.111208291025832
"V5",2.62838837597519
