"names","vals"
"Intercept",-5.7590880135633
"y",0.556399641791359
"V1",0.669557303423062
"V2",0.217867129016668
"V3",0.881982800550759
"V4",0.956033548805863
"V5",0.0333650046959519
"V6",0.308216526173055
"V7",0.39052648935467
"V8",2.11794269829988
"V9",1.33422211091965
"V10",2.74823646713048
"V11",4.3848682641983
