"names","vals"
"Intercept",-9.99372319985414
"y",0.838782250415534
"V1",0.551018550526351
"V2",0.152951584197581
"V3",0.810414313571528
"V4",0.0871281793806702
"V5",0.725660297321156
"V6",0.161992423702031
"V7",0.87996038608253
"V8",4.03669868782163
"V9",2.77735172025859
"V10",1.69171136897057
"V11",4.70791857596487
