"names","vals"
"Intercept",-4.20545284497552
"y",0.292906046845019
"V1",0.845116624142975
"V2",0.0514973925892264
"V3",0.567156719742343
"V4",0.740483817411587
"V5",0.896335385972634
"V6",0.728071720805019
"V7",1.06347164977342
"V8",1.01781869027764
"V9",1.24138858634979
