"names","vals"
"Intercept",-3.33959811306093
"y",0.498402568977326
"V1",0.3038573670201
"V2",0.987022353569046
"V3",0.287988390540704
"V4",0.0487862250301987
"V5",0.598095732973889
"V6",4.74574773292989
"V7",1.90548467356712
