"names","vals"
"Intercept",-1.87882998335408
"y",0.493799438001588
"V1",0.562600461067632
"V2",0.433535041520372
"V3",0.183806562330574
"V4",0.373421034310013
"V5",4.16732090432197
