"names","vals"
"Intercept",-3.29162769927643
"y",0.973971861181781
"V1",0.532648875610903
"V2",0.0268998991232365
"V3",0.907795088365674
"V4",0.738242856226861
"V5",0.828515871427953
"V6",2.59393262024969
"V7",1.67041352484375
