"names","vals"
"Intercept",-13.2001838058583
"y",0.808063529198989
"V1",0.618277737637982
"V2",0.0272560201119632
"V3",0.0614682883024216
"V4",0.535906226141378
"V5",0.602419352158904
"V6",0.192558357259259
"V7",0.562607267173007
"V8",4.83253703918308
"V9",4.73331177700311
"V10",2.86685661692172
"V11",1.06915197335184
