"names","vals"
"Intercept",-4.04308016167954
"y",0.172384014818817
"V1",0.075852363370359
"V2",0.941177294123918
"V3",0.3588431191165
"V4",0.168815142009407
"V5",0.884778771083802
"V6",0.431756501551718
"V7",0.270120235858485
"V8",3.92062432225794
"V9",3.00263640005141
"V10",3.76640933658928
"V11",2.10119476541877
