"names","vals"
"Intercept",-8.4328169732308
"y",0.89337782561779
"V1",0.634469834621996
"V2",0.48560255067423
"V3",0.445262542925775
"V4",0.0100229503586888
"V5",0.639445540960878
"V6",0.894987045554444
"V7",0.0122512159869075
"V8",0.668103146366775
"V9",1.27801830787212
"V10",4.17258313857019
"V11",4.02683621458709
"V12",1.7254813592881
"V13",2.21642808057368
