"names","vals"
"Intercept",-6.71567251359811
"y",0.713519954588264
"V1",0.834592291386798
"V2",0.885947142029181
"V3",0.075994742102921
"V4",0.076793595449999
"V5",0.813452725065872
"V6",0.501206776825711
"V7",4.03842987585813
"V8",2.22863552812487
"V9",3.58457401022315
