"names","vals"
"Intercept",-4.6518632490607
"y",0.002867775503546
"V1",0.00819379766471684
"V2",0.800266344333068
"V3",0.838541986886412
"V4",0.394225225318223
"V5",0.855768386973068
"V6",3.02048413455486
"V7",3.20877423975617
