"names","vals"
"Intercept",-7.57511870587943
"y",0.291520136641338
"V1",0.786357655189931
"V2",0.630704203853384
"V3",0.761038999538869
"V4",0.212503846501932
"V5",0.0240776180289686
"V6",0.140422701835632
"V7",4.97979975584894
"V8",2.75813447590917
"V9",4.42746208049357
