"names","vals"
"Intercept",-1.12045768712414
"y",0.221131310798228
"V1",0.867552313953638
"V2",0.53034582384862
"V3",0.680530319456011
"V4",0.574215864529833
"V5",4.21430581621826
