"names","vals"
"Intercept",-8.0620730831055
"y",0.424995325971395
"V1",0.987047430127859
"V2",0.485041927313432
"V3",0.554223363520578
"V4",0.627378363860771
"V5",0.102005768101662
"V6",0.511554189957678
"V7",0.204518229700625
"V8",2.49457364156842
"V9",4.30249067675322
"V10",4.67989704012871
"V11",4.34610483795404
