"names","vals"
"Intercept",-2.52182223818963
"y",0.0986923121381551
"V1",0.961876902962103
"V2",0.895349266938865
"V3",0.719600196927786
"V4",0.717431401601061
"V5",1.82765873894095
