"names","vals"
"Intercept",-6.16036940541817
"y",0.556638661306351
"V1",0.233836327679455
"V2",0.468393303919584
"V3",0.777184954145923
"V4",0.796678006416187
"V5",0.109995754202828
"V6",3.78087100107223
"V7",3.17086071614176
