"names","vals"
"Intercept",-7.92074945686618
"y",0.987131100613624
"V1",0.821442583808675
"V2",0.827493521617725
"V3",0.161164363613352
"V4",0.65365410875529
"V5",0.489447893807665
"V6",0.145791658200324
"V7",0.45180431380868
"V8",4.03634084016085
"V9",2.23873199336231
"V10",4.8691145721823
"V11",2.14108791109174
