"names","vals"
"Intercept",-1.2830209590029
"y",0.174037472112104
"V1",0.522294792812318
"V2",0.648104873951524
"V3",0.290825129952282
"V4",0.503188439644873
"V5",2.82924397010356
