"names","vals"
"Intercept",-10.8222004028503
"y",0.0410638863686472
"V1",0.108482878422365
"V2",0.318381209857762
"V3",0.654441121499985
"V4",0.306102464208379
"V5",0.379979318473488
"V6",0.246152320876718
"V7",0.418897295836359
"V8",0.549629176268354
"V9",4.37733658775687
"V10",2.30499375704676
"V11",3.15241259057075
"V12",1.89367300737649
"V13",4.90227540023625
