"names","vals"
"Intercept",-5.33005990951788
"y",0.866572611499578
"V1",0.0505549462977797
"V2",0.346506704809144
"V3",0.344404586590827
"V4",0.243839685339481
"V5",0.230146454181522
"V6",0.148200725438073
"V7",0.202923855744302
"V8",2.49473519157618
"V9",1.20650259312242
"V10",2.94994284957647
"V11",2.98995598871261
