"names","vals"
"Intercept",-7.92676857425831
"y",0.120159454876557
"V1",0.430036770179868
"V2",0.451911559794098
"V3",0.630194552242756
"V4",0.259422429371625
"V5",0.717612474923953
"V6",0.881889357930049
"V7",0.222270270809531
"V8",0.434717511991039
"V9",3.45508153736591
"V10",2.35895472113043
"V11",3.085459953174
"V12",1.66529823746532
"V13",2.45685639139265
