"names","vals"
"Intercept",-6.00324870831333
"y",0.284161180956289
"V1",0.2819687735755
"V2",0.67937917727977
"V3",0.564652867382392
"V4",0.262800486525521
"V5",0.999758931109682
"V6",0.727879295824096
"V7",2.7370411651209
"V8",1.08121665474027
"V9",2.3392610065639
