"names","vals"
"Intercept",-10.3525244981982
"y",0.467145121190697
"V1",0.801961377263069
"V2",0.276835792232305
"V3",0.611097420798615
"V4",0.0301836326252669
"V5",0.319457937963307
"V6",0.194928001845255
"V7",0.662606918020174
"V8",2.7530779382214
"V9",3.7301733745262
"V10",4.66198912262917
"V11",4.41807896830142
