"names","vals"
"Intercept",-10.7024293821724
"y",0.0302088686730713
"V1",0.725630058906972
"V2",0.708515745121986
"V3",0.138954307651147
"V4",0.427359072491527
"V5",0.879994188435376
"V6",0.946276445640251
"V7",0.286644152831286
"V8",4.85425635892898
"V9",3.72070110030472
"V10",2.59335384052247
"V11",2.66830476932228
