"names","vals"
"Intercept",-4.22591114791576
"y",0.109834904083982
"V1",0.862367429770529
"V2",0.359049719758332
"V3",0.240297853015363
"V4",0.260601825546473
"V5",0.341255091130733
"V6",3.71365690045059
"V7",4.67096444312483
