"names","vals"
"Intercept",-4.62148503545905
"y",0.825399059103802
"V1",0.46794863906689
"V2",0.5149973903317
"V3",0.962944723898545
"V4",0.951019830536097
"V5",0.948182293679565
"V6",3.93172264937311
"V7",3.58791817724705
