"names","vals"
"Intercept",-1.85460723652504
"y",0.314442035276443
"V1",0.833403542870656
"V2",0.162823376711458
"V3",0.320570707786828
"V4",0.0490399124100804
"V5",4.47834510356188
