"names","vals"
"Intercept",-4.31010450838366
"y",0.135220669908449
"V1",0.517956722527742
"V2",0.309115167707205
"V3",0.383696128148586
"V4",0.659270874923095
"V5",0.223610750865191
"V6",1.96092479210347
"V7",1.62078640796244
