"names","vals"
"Intercept",-3.65652389117982
"y",0.69311463763006
"V1",0.0380160429049283
"V2",0.0961952570360154
"V3",0.268130262615159
"V4",0.703942918917164
"V5",4.05033669341356
