"names","vals"
"Intercept",-8.33744469764642
"y",0.936954334611073
"V1",0.314002117840573
"V2",0.314711480401456
"V3",0.30419353232719
"V4",0.291630278341472
"V5",0.411815941566601
"V6",0.598484600661322
"V7",1.82537997420877
"V8",4.16258095949888
"V9",3.37172798812389
