"names","vals"
"Intercept",-2.86334411564749
"y",0.900176114868373
"V1",0.395358209963888
"V2",0.666130018420517
"V3",0.764783192425966
"V4",0.107171057024971
"V5",0.843037186888978
"V6",1.53780654724687
"V7",1.50707610137761
