"names","vals"
"Intercept",-4.03229472113308
"y",0.157242548419163
"V1",0.104114196263254
"V2",0.999080820474774
"V3",0.785681470995769
"V4",0.612928440561518
"V5",0.718883559806272
"V6",2.96628369670361
"V7",2.1356419576332
