"names","vals"
"Intercept",-2.50221844786778
"y",0.753317349590361
"V1",0.757469154661521
"V2",0.254999016644433
"V3",0.424920853925869
"V4",0.721140762558207
"V5",4.70907127019018
