"names","vals"
"Intercept",-8.07826980970101
"y",0.788836409337819
"V1",0.527800390729681
"V2",0.32657651649788
"V3",0.890603270381689
"V4",0.0106800117064267
"V5",0.989999762969092
"V6",0.266987564275041
"V7",0.502979767275974
"V8",0.182955256430432
"V9",2.36522560287267
"V10",2.93267489690334
"V11",4.99117175955325
"V12",4.65259382687509
"V13",3.46893685497344
