"names","vals"
"Intercept",-8.03063672836172
"y",0.87715063826181
"V1",0.51045302581042
"V2",0.754316666629165
"V3",0.223166363779455
"V4",0.370575022185221
"V5",0.142830414697528
"V6",0.200210769893602
"V7",0.16652568988502
"V8",3.87393734697253
"V9",3.25387489236891
"V10",2.36966338288039
"V11",2.27144285291433
