"names","vals"
"Intercept",-6.90185862447135
"y",0.756044516805559
"V1",0.817743962164968
"V2",0.723471641773358
"V3",0.298152780393139
"V4",0.667198920855299
"V5",0.639453890733421
"V6",0.860463460441679
"V7",2.48150607664138
"V8",3.71609749086201
"V9",3.05886207800359
