"names","vals"
"Intercept",-7.8349402898876
"y",0.974892562255263
"V1",0.49471731018275
"V2",0.429243511520326
"V3",0.699545865878463
"V4",0.361285535385832
"V5",0.20393993658945
"V6",0.376452967291698
"V7",1.35695307888091
"V8",4.04777734633535
"V9",3.76220014039427
