"names","vals"
"Intercept",-1.92387577150948
"y",0.499565546400845
"V1",0.501726338407025
"V2",0.228013220243156
"V3",0.506243490148336
"V4",0.814667239785194
"V5",2.20827497635037
