"names","vals"
"Intercept",-6.50939623226877
"y",0.596385168842971
"V1",0.089740885887295
"V2",0.356770438142121
"V3",0.193666404346004
"V4",0.932191227795556
"V5",0.776400302303955
"V6",0.0246632879134268
"V7",0.91498950496316
"V8",0.0652892680373043
"V9",2.59250729437917
"V10",3.49805574584752
"V11",2.44538323394954
"V12",1.01613596640527
"V13",4.96789602283388
