"names","vals"
"Intercept",-4.84473191450816
"y",0.341053237207234
"V1",0.228948443662375
"V2",0.57032256713137
"V3",0.524409222882241
"V4",0.1596246692352
"V5",0.447763615520671
"V6",3.1469414755702
"V7",3.40073056798428
