"names","vals"
"Intercept",-6.31626412025653
"y",0.357761305524036
"V1",0.81670702341944
"V2",0.923284048214555
"V3",0.830889926757663
"V4",0.659534219186753
"V5",0.604339080862701
"V6",0.463741822401062
"V7",0.90638907882385
"V8",0.40889988001436
"V9",3.71444419026375
"V10",2.72264438960701
"V11",2.45714687369764
"V12",4.21778691373765
"V13",1.92038066312671
