"names","vals"
"Intercept",-3.83780089600943
"y",0.699192986823618
"V1",0.331793970428407
"V2",0.410022402880713
"V3",0.348162008449435
"V4",0.218521797098219
"V5",0.451946783578023
"V6",2.66212791297585
"V7",3.05974503885955
