"names","vals"
"Intercept",-11.2868929438666
"y",0.189462658949196
"V1",0.113148866919801
"V2",0.395864099962637
"V3",0.875445634825155
"V4",0.3454216606915
"V5",0.280704529257491
"V6",0.901588208740577
"V7",0.915291807614267
"V8",0.0928051420487463
"V9",1.45227349735796
"V10",3.13272699993104
"V11",4.24519225675613
"V12",4.13486142829061
"V13",2.16954958252609
