"names","vals"
"Intercept",-12.3542114634183
"y",0.45149400527589
"V1",0.00228235637769103
"V2",0.241955211851746
"V3",0.221878687851131
"V4",0.945813132449985
"V5",0.758669916540384
"V6",0.321010003564879
"V7",0.209088983014226
"V8",4.99646316375583
"V9",2.22100725024939
"V10",1.7701350543648
"V11",3.63327880203724
