"names","vals"
"Intercept",-1.86909283277579
"y",0.683490347117186
"V1",0.298845183569938
"V2",0.846354354638606
"V3",0.291715744882822
"V4",0.411959471879527
"V5",1.36007741186768
