"names","vals"
"Intercept",-3.05836390808458
"y",0.00646252743899822
"V1",0.322021066909656
"V2",0.762630586279556
"V3",0.975598017917946
"V4",0.665209997445345
"V5",2.08962938841432
