"names","vals"
"Intercept",-4.27171669176314
"y",0.104249464580789
"V1",0.00565867009572685
"V2",0.119340697769076
"V3",0.945495123276487
"V4",0.494526527123526
"V5",0.454869600944221
"V6",1.33569921739399
"V7",3.65735589154065
