"names","vals"
"Intercept",-3.27794384212466
"y",0.411753136664629
"V1",0.738035891437903
"V2",0.25038567208685
"V3",0.279109887313098
"V4",0.0678219373803586
"V5",0.301378584699705
"V6",2.34596015140414
"V7",3.83058267366141
