"names","vals"
"Intercept",-6.80048248369247
"y",0.0884784297086298
"V1",0.137560504721478
"V2",0.892667323583737
"V3",0.326592163881287
"V4",0.592533870832995
"V5",0.06722846115008
"V6",3.92299888748676
"V7",4.31105107814074
