"names","vals"
"Intercept",-7.38784646030981
"y",0.313357566017658
"V1",0.370091958669946
"V2",0.178122110897675
"V3",0.744265520945191
"V4",0.00618284987285733
"V5",0.794099393067881
"V6",0.548115449259058
"V7",0.661498460453004
"V8",1.90877053514123
"V9",4.77904915530235
"V10",2.23988779541105
"V11",1.11986334994435
