"names","vals"
"Intercept",-4.65914489174029
"y",0.0405429457314312
"V1",0.254103020764887
"V2",0.817096144892275
"V3",0.163595189107582
"V4",0.468286527087912
"V5",4.42201092094183
