"names","vals"
"Intercept",-9.76643054207554
"y",0.480773436836898
"V1",0.879855290753767
"V2",0.143682933412492
"V3",0.207594819599763
"V4",0.314278375124559
"V5",0.107403533998877
"V6",0.823710567550734
"V7",0.36023991019465
"V8",1.77010074164718
"V9",4.9718127893284
"V10",4.42087279446423
"V11",4.70959216821939
