"names","vals"
"Intercept",-4.72985291522928
"y",0.911022621206939
"V1",0.998343203216791
"V2",0.143835986731574
"V3",0.970042325556278
"V4",0.810309683671221
"V5",0.608893223805353
"V6",2.00447938777506
"V7",1.8536072941497
