"names","vals"
"Intercept",-7.51326302651782
"y",0.414464717498049
"V1",0.639753764262423
"V2",0.388391252141446
"V3",0.420174873434007
"V4",0.592747503891587
"V5",0.600211306940764
"V6",0.862905129557475
"V7",2.0219518141821
"V8",3.31372764147818
"V9",2.73693233728409
