"names","vals"
"Intercept",-4.22112285380484
"y",0.508049063850194
"V1",0.423320750473067
"V2",0.670125532429665
"V3",0.719674766995013
"V4",0.949133617803454
"V5",0.815425311680883
"V6",3.21095605287701
"V7",2.57953611481935
