"names","vals"
"Intercept",-4.93968198704533
"y",0.258079493185505
"V1",0.179915557149798
"V2",0.57511781831272
"V3",0.761714424006641
"V4",0.0036914530210197
"V5",0.882025728933513
"V6",0.301569292321801
"V7",3.0958992652595
"V8",2.27374673075974
"V9",2.47054476849735
