"names","vals"
"Intercept",-6.53387396168895
"y",0.692380872089416
"V1",0.19044322008267
"V2",0.760028090327978
"V3",0.744593491544947
"V4",0.00915495958179235
"V5",0.555126813007519
"V6",0.899968655314296
"V7",0.108090550173074
"V8",3.41861174441874
"V9",1.59223101660609
"V10",2.37144378013909
"V11",1.7216599965468
