"names","vals"
"Intercept",-5.38093013474718
"y",0.202298907795921
"V1",0.0183360639493912
"V2",0.482250415487215
"V3",0.243556717876345
"V4",0.0142248265910894
"V5",0.421771907480434
"V6",0.190081923268735
"V7",0.950255204923451
"V8",0.883062765002251
"V9",2.38248845003545
"V10",4.19018585421145
"V11",1.17730057798326
"V12",2.90175792109221
"V13",2.53034236188978
