"names","vals"
"Intercept",-5.07471789963078
"y",0.581691887229681
"V1",0.924910701112822
"V2",0.787711517885327
"V3",0.522897694958374
"V4",0.705926705151796
"V5",0.860851243138313
"V6",1.24186798837036
"V7",1.4542798968032
