"names","vals"
"Intercept",-8.00282781936694
"y",0.396342017920688
"V1",0.0808444644790143
"V2",0.497711071511731
"V3",0.820306347217411
"V4",0.0906851978506893
"V5",0.525673801777884
"V6",0.493691909359768
"V7",2.08316579181701
"V8",4.41728357970715
"V9",3.89768321905285
