"names","vals"
"Intercept",-5.64527823213488
"y",0.159695815760642
"V1",0.248951874673367
"V2",0.302061513764784
"V3",0.443426376674324
"V4",0.258672755910084
"V5",0.709044242510572
"V6",0.561690698610619
"V7",0.343426147708669
"V8",2.47987272869796
"V9",1.52052909787744
"V10",4.77610894665122
"V11",4.4797802194953
