"names","vals"
"Intercept",-10.6752371547441
"y",0.255124618066475
"V1",0.704688815865666
"V2",0.516449467977509
"V3",0.248860953375697
"V4",0.530005436390638
"V5",0.565165504580364
"V6",0.144945572363213
"V7",0.151603942504153
"V8",0.898001621011645
"V9",3.12590534891933
"V10",4.74928078427911
"V11",3.64706017915159
"V12",3.26030889060348
"V13",2.06024683918804
