"names","vals"
"Intercept",-5.10432006506249
"y",0.181060158647597
"V1",0.991531561128795
"V2",0.521922077750787
"V3",0.760957358404994
"V4",0.0785031830891967
"V5",0.919095002580434
"V6",1.95364881493151
"V7",1.74139385856688
