"names","vals"
"Intercept",-10.9590425852803
"y",0.570476599270478
"V1",0.912181335035712
"V2",0.819896059110761
"V3",0.564906816231087
"V4",0.230670511955395
"V5",0.118433594703674
"V6",0.971920777810737
"V7",0.578249487327412
"V8",4.18429570831358
"V9",2.78335772827268
"V10",4.59650369174778
"V11",4.9212294658646
