"names","vals"
"Intercept",-8.31783006379846
"y",0.189496225211769
"V1",0.690051042707637
"V2",0.0539803826250136
"V3",0.051322216168046
"V4",0.58438187581487
"V5",0.00142268021591008
"V6",0.891778028570116
"V7",0.39570523169823
"V8",0.805212887004018
"V9",3.63503470178694
"V10",3.01526185590774
"V11",4.46047868859023
"V12",2.72903349529952
"V13",4.56301147397608
