"names","vals"
"Intercept",-7.67170927425614
"y",0.942217403557152
"V1",0.233577330829576
"V2",0.192266636760905
"V3",0.00527651561424136
"V4",0.961111399112269
"V5",0.123042290098965
"V6",0.639071764890105
"V7",0.174853288335726
"V8",3.94270094670355
"V9",1.7122931079939
"V10",1.69605085812509
"V11",3.74658264964819
