"names","vals"
"Intercept",-6.25069458741928
"y",0.920856254640967
"V1",0.272463047644123
"V2",0.168475360842422
"V3",0.618142149876803
"V4",0.324992205016315
"V5",0.67440874199383
"V6",4.25350576266646
"V7",4.03013068065047
