"names","vals"
"Intercept",-5.386647831304
"y",0.881572389509529
"V1",0.951160493772477
"V2",0.223590809386224
"V3",0.0625984692014754
"V4",0.742321429308504
"V5",0.0385385509580374
"V6",0.932376402895898
"V7",2.1143843960017
"V8",1.25185966026038
"V9",2.02684011776
