"names","vals"
"Intercept",-10.6581196900108
"y",0.588833664776757
"V1",0.670306727755815
"V2",0.763175294036046
"V3",0.950306532438844
"V4",0.353363936766982
"V5",0.113980751484632
"V6",0.84868041309528
"V7",0.295629260130227
"V8",0.0320997342932969
"V9",3.07751761004329
"V10",2.09993703942746
"V11",2.94629545882344
"V12",2.16136053483933
"V13",1.84539432357997
