"names","vals"
"Intercept",-5.57817549573956
"y",0.853775674011558
"V1",0.535300990566611
"V2",0.705352281918749
"V3",0.0773430133704096
"V4",0.33793379436247
"V5",0.977004321757704
"V6",0.124184819404036
"V7",2.49037871789187
"V8",2.78079502377659
"V9",1.62134468834847
