"names","vals"
"Intercept",-7.44562953531276
"y",0.525728113017976
"V1",0.260265216231346
"V2",0.2563575678505
"V3",0.224264295771718
"V4",0.990753992693499
"V5",0.93511841003783
"V6",0.361353154759854
"V7",0.294400676386431
"V8",0.950587242841721
"V9",1.56717075686902
"V10",2.71845895051956
"V11",3.12128070835024
"V12",2.41865671705455
"V13",2.66453623399138
