"names","vals"
"Intercept",-5.77146745814942
"y",0.785027126781642
"V1",0.480329298181459
"V2",0.141268657520413
"V3",0.00876255100592971
"V4",0.232733334414661
"V5",0.7520669947844
"V6",3.66706945840269
"V7",4.53362169116735
