"names","vals"
"Intercept",-4.93352076171897
"y",0.525838388828561
"V1",0.201590559212491
"V2",0.639592329505831
"V3",0.937399065122008
"V4",0.724997004959732
"V5",0.979043998522684
"V6",0.523178505012766
"V7",2.75389378145337
"V8",2.98899988364428
"V9",2.16633543558419
