"names","vals"
"Intercept",-2.75619321689708
"y",0.658840760821477
"V1",0.304026932222769
"V2",0.107890793588012
"V3",0.874712767777964
"V4",0.111503979424015
"V5",0.329308523330837
"V6",1.00627172552049
"V7",4.27168988715857
