"names","vals"
"Intercept",-4.87663495017914
"y",0.838926493888721
"V1",0.385608914541081
"V2",0.518177109537646
"V3",0.187242455082014
"V4",0.109929509693757
"V5",0.367415693122894
"V6",3.48630164563656
"V7",2.85845444351435
