"names","vals"
"Intercept",-2.5411730052717
"y",0.396039773477241
"V1",0.348833805415779
"V2",0.123824883950874
"V3",0.389603434829041
"V4",0.933224111096933
"V5",1.09057914838195
