"names","vals"
"Intercept",-7.90841876254883
"y",0.720390095142648
"V1",0.761740780668333
"V2",0.877433361718431
"V3",0.18890015129
"V4",0.669509634841233
"V5",0.174397938651964
"V6",0.411725749727339
"V7",0.41482514841482
"V8",1.31082001700997
"V9",3.96113217901438
"V10",4.50307355169207
"V11",4.76452655997127
