"names","vals"
"Intercept",-4.23441334238742
"y",0.059552212478593
"V1",0.85874269134365
"V2",0.731597607024014
"V3",0.0940277255140245
"V4",0.0236779118422419
"V5",0.94279955746606
"V6",3.98377338889986
"V7",3.42801566142589
