"names","vals"
"Intercept",-5.75818271095632
"y",0.343547612661496
"V1",0.0020886214915663
"V2",0.764062026049942
"V3",0.600108853541315
"V4",0.156320514623076
"V5",0.839178278343752
"V6",0.901416911976412
"V7",2.8042318848893
"V8",4.53619229234755
"V9",1.04365443158895
