"names","vals"
"Intercept",-10.7253198309685
"y",0.722700910409912
"V1",0.309446626808494
"V2",0.664365668781102
"V3",0.242991105187684
"V4",0.440502824727446
"V5",0.391089918324724
"V6",0.436714354204014
"V7",0.583575391443446
"V8",0.991203532321379
"V9",3.69854358024895
"V10",2.13191576208919
"V11",3.75591138005257
"V12",3.28724720701575
"V13",2.25609211996198
