"names","vals"
"Intercept",-8.95615166571224
"y",0.0901991988066584
"V1",0.853033438092098
"V2",0.922022415092215
"V3",0.194794896990061
"V4",0.427809139015153
"V5",0.102798434672877
"V6",0.038711971603334
"V7",0.199316937010735
"V8",2.32965093106031
"V9",2.59166654199362
"V10",4.49280125647783
"V11",2.9564784951508
