"names","vals"
"Intercept",-7.58649512010626
"y",0.0367009618785232
"V1",0.258305131690577
"V2",0.898990674875677
"V3",0.520098210778087
"V4",0.759870069334283
"V5",0.663635558914393
"V6",0.735059936996549
"V7",1.9072536341846
"V8",1.42519839759916
"V9",3.77365749515593
