"names","vals"
"Intercept",-8.25964905254543
"y",0.39731753570959
"V1",0.027779190801084
"V2",0.748464657226577
"V3",0.689221140462905
"V4",0.375079921679571
"V5",0.818854961078614
"V6",0.414119218476117
"V7",0.0097925600130111
"V8",0.608620155835524
"V9",4.54806639906019
"V10",4.09379430115223
"V11",2.20468221046031
"V12",4.69375740736723
"V13",1.8168803434819
