"names","vals"
"Intercept",-9.58666042204481
"y",0.577942846342921
"V1",0.5994403953664
"V2",0.650495118927211
"V3",0.621882267994806
"V4",0.293000078527257
"V5",0.941371124936268
"V6",0.345044774003327
"V7",0.324554364895448
"V8",0.335976367816329
"V9",4.6815599091351
"V10",3.24119300954044
"V11",2.51168873067945
"V12",3.42737766075879
"V13",1.16677385661751
