"names","vals"
"Intercept",-11.0214084739937
"y",0.985826578689739
"V1",0.856262204004452
"V2",0.930975432274863
"V3",0.516794733703136
"V4",0.169182686368003
"V5",0.42395037971437
"V6",0.47105895425193
"V7",0.178831683006138
"V8",4.08363764733076
"V9",4.4125424195081
"V10",2.64588658232242
"V11",2.36014950461686
