"names","vals"
"Intercept",-5.14362049710471
"y",0.0328360432758927
"V1",0.450994156301022
"V2",0.867895026924089
"V3",0.368267455836758
"V4",0.971718612359837
"V5",0.0559520903043449
"V6",4.37832162063569
"V7",4.68187270034105
