"names","vals"
"Intercept",-0.961258256845176
"y",0.187259983737022
"V1",0.779557520989329
"V2",0.131761206779629
"V3",0.465541604906321
"V4",0.267276390921324
"V5",4.57296240516007
