"names","vals"
"Intercept",-3.55401004930027
"y",0.936812455998734
"V1",0.493826042627916
"V2",0.361815822543576
"V3",0.583669201470912
"V4",0.0477348521817476
"V5",3.13458586856723
