"names","vals"
"Intercept",-2.60204124676296
"y",0.227680087322369
"V1",0.953349256422371
"V2",0.0732746694702655
"V3",0.077161802444607
"V4",0.307253636885434
"V5",0.0568131022155285
"V6",1.41376615781337
"V7",1.21289728023112
