"names","vals"
"Intercept",-5.71594462922309
"y",0.420982210664079
"V1",0.474744960200042
"V2",0.281189293600619
"V3",0.660445356275886
"V4",0.919110080692917
"V5",4.87971363589168
