"names","vals"
"Intercept",-5.25047235016944
"y",0.792194904293865
"V1",0.215829289285466
"V2",0.381355879595503
"V3",0.781992960954085
"V4",0.471378567861393
"V5",0.7035593977198
"V6",3.22965283039957
"V7",4.7962852884084
