"names","vals"
"Intercept",-10.0776705706073
"y",0.65059865731746
"V1",0.662181438878179
"V2",0.20335043547675
"V3",0.0585610165726393
"V4",0.677796104457229
"V5",0.433894209098071
"V6",0.916707811877131
"V7",0.972444023238495
"V8",0.203625068534166
"V9",3.56880265939981
"V10",2.38834291882813
"V11",4.7637192895636
"V12",3.61190537922084
"V13",3.40394531097263
