"names","vals"
"Intercept",-3.13733493792359
"y",0.428833631565794
"V1",0.97414452303201
"V2",0.423990961629897
"V3",0.801295487210155
"V4",0.22119600023143
"V5",3.39793884940445
