"names","vals"
"Intercept",-6.16743688784773
"y",0.628804110921919
"V1",0.904175739502534
"V2",0.565468356013298
"V3",0.639667671639472
"V4",0.803881362779066
"V5",0.881922432919964
"V6",0.527415132150054
"V7",0.448383663548157
"V8",1.21435621194541
"V9",1.56315465923399
"V10",2.72960622143
"V11",2.90578769985586
