"names","vals"
"Intercept",-6.13486638038885
"y",0.618638597428799
"V1",0.35753492009826
"V2",0.89762518950738
"V3",0.882004552520812
"V4",0.373964752769098
"V5",0.204794378485531
"V6",0.380199199775234
"V7",0.216956633608788
"V8",0.117281291401014
"V9",2.53283027280122
"V10",1.45429088454694
"V11",3.364032917656
"V12",3.45064276643097
"V13",1.69860809762031
