"names","vals"
"Intercept",-5.2875894312188
"y",0.212622736115009
"V1",0.47361610759981
"V2",0.0727053333539516
"V3",0.0787156138103455
"V4",0.160453752148896
"V5",0.069435722194612
"V6",0.933761114021763
"V7",2.66484718676656
"V8",1.00101375393569
"V9",2.77594924625009
