"names","vals"
"Intercept",-5.28263759049587
"y",0.425392683595419
"V1",0.10340424044989
"V2",0.25092058442533
"V3",0.955906657967716
"V4",0.998703087447211
"V5",0.620930256322026
"V6",2.79370256699622
"V7",3.55011462233961
