"names","vals"
"Intercept",-6.44053071556147
"y",0.205583307892084
"V1",0.549229418626055
"V2",0.591817953856662
"V3",0.65451103542
"V4",0.416300721233711
"V5",0.391462052008137
"V6",0.0782996281050146
"V7",0.34887006203644
"V8",2.18950070161372
"V9",1.04817034024745
"V10",3.75656760949641
"V11",2.61492158193141
