"names","vals"
"Intercept",-5.60621572993696
"y",0.580656916135922
"V1",0.947645250940695
"V2",0.628709668992087
"V3",0.0331086001824588
"V4",0.690637577557936
"V5",0.840606546262279
"V6",0.532755558844656
"V7",3.67557424958795
"V8",1.90777222532779
"V9",1.99420920852572
