"names","vals"
"Intercept",-2.20449849555735
"y",0.807047619251534
"V1",0.0773093970492482
"V2",0.982447798363864
"V3",0.449587273411453
"V4",0.4003871739842
"V5",2.9351573670283
