"names","vals"
"Intercept",-10.7816602228815
"y",0.697022106032819
"V1",0.0375325933564454
"V2",0.148383792489767
"V3",0.0434250920079648
"V4",0.0154379580635577
"V5",0.971588702406734
"V6",0.0630832915194333
"V7",0.10176736721769
"V8",0.673266425728798
"V9",1.91421730257571
"V10",4.68196420650929
"V11",3.96243858616799
"V12",4.7567874500528
"V13",1.68002655170858
