"names","vals"
"Intercept",-8.90383574444568
"y",0.184799411101267
"V1",0.503828981891274
"V2",0.436723329592496
"V3",0.86979137104936
"V4",0.319600162794814
"V5",0.619905249914154
"V6",0.637784602819011
"V7",1.91699424013495
"V8",3.22448265831918
"V9",4.67136373370886
