"names","vals"
"Intercept",-9.33796917758882
"y",0.202075436012819
"V1",0.211279364069924
"V2",0.377034518867731
"V3",0.0996612107846886
"V4",0.899486865149811
"V5",0.546180899487808
"V6",0.14597387984395
"V7",0.565812609624118
"V8",2.96912213042378
"V9",2.5326965842396
"V10",2.92683353181928
"V11",4.248471070081
