"names","vals"
"Intercept",-2.16596810013056
"y",0.742018975084648
"V1",0.562620425131172
"V2",0.059555780608207
"V3",0.72187584079802
"V4",0.487259795190766
"V5",1.69408590532839
