"names","vals"
"Intercept",-2.86902343329042
"y",0.431272785644978
"V1",0.00712552084587514
"V2",0.710554851219058
"V3",0.400445870589465
"V4",0.403645229991525
"V5",3.06159417890012
