"names","vals"
"Intercept",-1.77680725509301
"y",0.865004336694255
"V1",0.0292546388227493
"V2",0.221168886404485
"V3",0.59356135269627
"V4",0.57431307178922
"V5",3.56895692832768
