"names","vals"
"Intercept",-1.74516730867792
"y",0.615683617535979
"V1",0.954063794342801
"V2",0.694626432843506
"V3",0.454189287032932
"V4",0.73463748767972
"V5",3.02108816057444
