"names","vals"
"Intercept",-6.69917684466345
"y",0.325018741888925
"V1",0.304809609660879
"V2",0.488343229517341
"V3",0.978186398744583
"V4",0.175055325962603
"V5",0.978998247999698
"V6",5.28735108673573e-05
"V7",0.697878443170339
"V8",1.27049005962908
"V9",2.4922534711659
"V10",2.84558016620576
"V11",3.34775943495333
