"names","vals"
"Intercept",-5.04509148896672
"y",0.904380630236119
"V1",0.575325608951971
"V2",0.727605254622176
"V3",0.955674428725615
"V4",0.00797566585242748
"V5",0.416091328021139
"V6",4.61573678161949
"V7",2.18802766222507
