"names","vals"
"Intercept",-7.48169079911429
"y",0.120240313233808
"V1",0.188257780158892
"V2",0.138548695947975
"V3",0.720821984810755
"V4",0.259057919029146
"V5",0.285854806890711
"V6",0.199637528276071
"V7",0.321154495701194
"V8",0.0805886029265821
"V9",4.45341564994305
"V10",1.66044430341572
"V11",3.65736829768866
"V12",4.87228113971651
"V13",1.76204162277281
