"names","vals"
"Intercept",-2.6552467407193
"y",0.770247949752957
"V1",0.52036733366549
"V2",0.0753329801373184
"V3",0.28341080294922
"V4",0.0965382407885045
"V5",0.584634337341413
"V6",4.89411634765565
"V7",4.34752696380019
