"names","vals"
"Intercept",-5.15098409947474
"y",0.624969205353409
"V1",0.17907186364755
"V2",0.0975998889189214
"V3",0.0644493370782584
"V4",0.800822405843064
"V5",0.387478436110541
"V6",3.62039714865386
"V7",1.26069913618267
