"names","vals"
"Intercept",-6.37363612856017
"y",0.406372984405607
"V1",0.430071547627449
"V2",0.606051564449444
"V3",0.835261513711885
"V4",0.294819650705904
"V5",0.45728743262589
"V6",0.455733343260363
"V7",0.45318013895303
"V8",1.96117226220667
"V9",2.76701008528471
"V10",1.88138505630195
"V11",1.51515109185129
