"names","vals"
"Intercept",-4.74278097307775
"y",0.781177928904071
"V1",0.525479107163846
"V2",0.185848181834444
"V3",0.136108722072095
"V4",0.238010564586148
"V5",0.656501976307482
"V6",4.0882065538317
"V7",1.31515645980835
