"names","vals"
"Intercept",-8.21766535268864
"y",0.0237944896798581
"V1",0.0907043667975813
"V2",0.400940397754312
"V3",0.649764280766249
"V4",0.39646355714649
"V5",0.992881492944434
"V6",0.291909931460395
"V7",0.295187948504463
"V8",2.33152714092284
"V9",4.47932526376098
"V10",3.39672534167767
"V11",1.75253709685057
