"names","vals"
"Intercept",-9.24786447261926
"y",0.0967711382545531
"V1",0.561447488609701
"V2",0.0533328866586089
"V3",0.15392207656987
"V4",0.797717209905386
"V5",0.0327312953304499
"V6",0.0562547706067562
"V7",0.089966049650684
"V8",0.760034388396889
"V9",3.07230512890965
"V10",4.7545228395611
"V11",2.56281261425465
"V12",1.30796744208783
"V13",2.88336266484112
