"names","vals"
"Intercept",-4.63720731370151
"y",0.151189303258434
"V1",0.440557594178244
"V2",0.393416060134768
"V3",0.33156631863676
"V4",0.449496926739812
"V5",0.354188137454912
"V6",0.822429644409567
"V7",1.35237655881792
"V8",2.4848557561636
"V9",3.61907637957484
