"names","vals"
"Intercept",-1.46849585464224
"y",0.288283222354949
"V1",0.848622403806075
"V2",0.714707774110138
"V3",0.134709626669064
"V4",0.920758610591292
"V5",1.70747105963528
