"names","vals"
"Intercept",-5.8608068247186
"y",0.371812792960554
"V1",0.31112256878987
"V2",0.696104413131252
"V3",0.175019330112264
"V4",0.298798856092617
"V5",0.686213439097628
"V6",4.41934630554169
"V7",1.93678507581353
