"names","vals"
"Intercept",-7.12928242237307
"y",0.433885916834697
"V1",0.723075995221734
"V2",0.149612521985546
"V3",0.21432405244559
"V4",0.913986370898783
"V5",0.447750129271299
"V6",0.107552082277834
"V7",4.86482044123113
"V8",2.07898993138224
"V9",2.68829937651753
