"names","vals"
"Intercept",-9.51915523153031
"y",0.966619863174856
"V1",0.934738569427282
"V2",0.874779140111059
"V3",0.907078858930618
"V4",0.902968096779659
"V5",0.203663054620847
"V6",0.790121504105628
"V7",0.424733619671315
"V8",0.959676594240591
"V9",3.36567976418883
"V10",2.55449890438467
"V11",2.4948194688186
"V12",4.94739332608879
"V13",3.01987347379327
