"names","vals"
"Intercept",-4.70560640898067
"y",0.740278671728447
"V1",0.175921205431223
"V2",0.932049529161304
"V3",0.965841090772301
"V4",0.197682761121541
"V5",0.52526394277811
"V6",0.750647159526125
"V7",0.0341724907048047
"V8",4.14044171757996
"V9",4.01834413781762
"V10",1.98002152889967
"V11",2.10717279091477
