"names","vals"
"Intercept",-7.1001082223584
"y",0.894903456559405
"V1",0.765077805146575
"V2",0.0167961549013853
"V3",0.272605745354667
"V4",0.412235553842038
"V5",0.459043115144596
"V6",0.80340474145487
"V7",0.525366137968376
"V8",0.0651127758901566
"V9",3.35516762919724
"V10",1.77482150215656
"V11",4.95825087372214
"V12",2.65391246415675
"V13",1.2507746135816
