"names","vals"
"Intercept",-7.26192044374067
"y",0.632020455785096
"V1",0.117071805521846
"V2",0.766417962964624
"V3",0.434647704241797
"V4",0.76958965533413
"V5",0.823814342031255
"V6",3.66968463826925
"V7",3.9402705701068
