"names","vals"
"Intercept",-5.73504199423827
"y",0.748789325356483
"V1",0.518617274006829
"V2",0.401080810232088
"V3",0.131955597549677
"V4",0.792272407794371
"V5",0.373783201444894
"V6",0.95158685464412
"V7",4.955382601358
"V8",1.68480323255062
"V9",2.5689523331821
