"names","vals"
"Intercept",-9.42894708578475
"y",0.979885889682919
"V1",0.931130814366043
"V2",0.649204184301198
"V3",0.674967830302194
"V4",0.491559302201495
"V5",0.834442921215668
"V6",3.3563948282972
"V7",4.75351725611836
