"names","vals"
"Intercept",-8.85478934991872
"y",0.894374868832529
"V1",0.928867549402639
"V2",0.255164641654119
"V3",0.91904239077121
"V4",0.372619044734165
"V5",0.951833946164697
"V6",0.313910585595295
"V7",0.14117340859957
"V8",0.595811541890725
"V9",3.887581163086
"V10",2.74471101164818
"V11",2.25634381081909
"V12",3.36389645561576
"V13",2.27703130990267
