"names","vals"
"Intercept",-4.47831940120785
"y",0.876492023468018
"V1",0.558706091251224
"V2",0.515310810646042
"V3",0.782456444110721
"V4",0.979470894904807
"V5",4.6698857434094
