"names","vals"
"Intercept",-4.08654551628279
"y",0.505405314965174
"V1",0.892448081402108
"V2",0.363263217033818
"V3",0.896014824509621
"V4",0.00442195776849985
"V5",0.160806813510135
"V6",0.494431627215818
"V7",0.485174932982773
"V8",2.16159413941205
"V9",3.48820234276354
"V10",2.0959901465103
"V11",3.46986817196012
