"names","vals"
"Intercept",-9.56882873598952
"y",0.593352702679113
"V1",0.98363154171966
"V2",0.859924285672605
"V3",0.0196880307048559
"V4",0.284315343247727
"V5",0.0848483031149954
"V6",0.246234493795782
"V7",0.649007291067392
"V8",0.632051342399791
"V9",4.89624318201095
"V10",2.67834859900177
"V11",2.41610438842326
"V12",1.5045670196414
"V13",4.30282153189182
