"names","vals"
"Intercept",-1.11013462557457
"y",0.112816965440288
"V1",0.695321728941053
"V2",0.556648449739441
"V3",0.567546656588092
"V4",0.130320924334228
"V5",1.88024861179292
