"names","vals"
"Intercept",-7.4389518583077
"y",0.295646374579519
"V1",0.211223072838038
"V2",0.820637376746163
"V3",0.311138091608882
"V4",0.690217277035117
"V5",0.284311904106289
"V6",0.747598773334175
"V7",0.373532332712784
"V8",0.771525830030441
"V9",1.93083378300071
"V10",4.2689187945798
"V11",4.96882560569793
"V12",2.66842397022992
"V13",2.36991023272276
