"names","vals"
"Intercept",-3.78102241305169
"y",0.288479628274217
"V1",0.682797611458227
"V2",0.830259148729965
"V3",0.358637540135533
"V4",0.0578456176444888
"V5",0.877995748305693
"V6",0.120763608254492
"V7",1.13264371920377
"V8",4.80173215921968
"V9",2.77837895601988
