"names","vals"
"Intercept",-7.45309703659965
"y",0.611031769542024
"V1",0.286384295206517
"V2",0.333140844712034
"V3",0.691502064000815
"V4",0.607044659089297
"V5",0.379496057750657
"V6",0.532754664076492
"V7",0.0650331126525998
"V8",0.809774455614388
"V9",2.43582815397531
"V10",4.33885959070176
"V11",2.03662091959268
"V12",3.70903519354761
"V13",1.39496100880206
