"names","vals"
"Intercept",-3.13235680636717
"y",0.528595924377441
"V1",0.774977701017633
"V2",0.805761157069355
"V3",0.858737629605457
"V4",0.0944942634087056
"V5",0.231098500313237
"V6",0.271490307990462
"V7",2.23681081365794
"V8",2.76009455416352
"V9",2.13544257264584
