"names","vals"
"Intercept",-5.82211089606862
"y",0.570145778823644
"V1",0.0922153908759356
"V2",0.293730134377256
"V3",0.695421155774966
"V4",0.181064071366563
"V5",0.252504459349439
"V6",0.2065394744277
"V7",3.99137890711427
"V8",3.00725439097732
"V9",4.78880372457206
