"names","vals"
"Intercept",-1.47308922878001
"y",0.423986146226525
"V1",0.168549780268222
"V2",0.229076598072425
"V3",0.916532079689205
"V4",0.499086548807099
"V5",1.358966386877
