"names","vals"
"Intercept",-13.6024379695067
"y",0.80196447414346
"V1",0.767297621583566
"V2",0.847637861734256
"V3",0.330906617222354
"V4",0.894539036788046
"V5",0.860813783248886
"V6",0.131469566607848
"V7",0.633463871665299
"V8",0.166185779497027
"V9",2.8695558719337
"V10",1.03832135815173
"V11",3.98332861810923
"V12",2.43023060914129
"V13",3.4284312594682
