"names","vals"
"Intercept",-8.60968489349354
"y",0.684164738748223
"V1",0.769508935743943
"V2",0.312436480773613
"V3",0.835027172230184
"V4",0.131295172963291
"V5",0.64755702810362
"V6",0.774246568325907
"V7",0.19410608173348
"V8",1.14960863627493
"V9",3.49175597075373
"V10",1.73348297178745
"V11",4.44334971066564
