"names","vals"
"Intercept",-5.72152279024478
"y",0.343142409808934
"V1",0.216719162417576
"V2",0.603048545541242
"V3",0.819176835007966
"V4",0.603825021069497
"V5",0.579569204943255
"V6",4.89871025271714
"V7",2.68387240264565
