"names","vals"
"Intercept",-9.32800658647902
"y",0.0145621718838811
"V1",0.754980526398867
"V2",0.783723835833371
"V3",0.940201786579564
"V4",0.488918339135125
"V5",0.169321151217446
"V6",0.403676869347692
"V7",0.476803126046434
"V8",0.947989515261725
"V9",3.85679151769727
"V10",1.4418147271499
"V11",3.43774896301329
"V12",1.291524191387
"V13",4.4682112345472
