"names","vals"
"Intercept",-4.32091176249087
"y",0.156987870577723
"V1",0.360388078028336
"V2",0.903805177658796
"V3",0.08868981548585
"V4",0.837937726639211
"V5",0.0213897994253784
"V6",4.60881448443979
"V7",2.46935292892158
