"names","vals"
"Intercept",-4.21070134752663
"y",0.570362460333854
"V1",0.403697789413854
"V2",0.107129509327933
"V3",0.157633955357596
"V4",0.0981948859989643
"V5",0.0367918186821043
"V6",3.31559044495225
"V7",1.92654545046389
