"names","vals"
"Intercept",-9.16835244047688
"y",0.487325014080852
"V1",0.57790480973199
"V2",0.779852542793378
"V3",0.109335602261126
"V4",0.591489469632506
"V5",0.977221472421661
"V6",0.977637080242857
"V7",0.970209557097405
"V8",1.42514353245497
"V9",4.82066611107439
"V10",3.75237863045186
"V11",4.23923958372325
