"names","vals"
"Intercept",-4.51967916958267
"y",0.793797466903925
"V1",0.790266738506034
"V2",0.892727973405272
"V3",0.0586501739453524
"V4",0.0326834439765662
"V5",4.47799883410335
