"names","vals"
"Intercept",-4.73813843063544
"y",0.452713509788737
"V1",0.291447555879131
"V2",0.455526230158284
"V3",0.325707711279392
"V4",0.749590136809275
"V5",0.9636634523049
"V6",4.68087590206414
"V7",3.87527319882065
