"names","vals"
"Intercept",-6.35559278683504
"y",0.0598259698599577
"V1",0.414817572338507
"V2",0.843108386034146
"V3",0.97767388401553
"V4",0.572434283094481
"V5",0.508398395031691
"V6",2.7927726386115
"V7",3.97009178530425
