"names","vals"
"Intercept",-5.72542974023381
"y",0.37316439836286
"V1",0.996048246975988
"V2",0.708665295736864
"V3",0.632809228962287
"V4",0.660375301260501
"V5",0.123284528031945
"V6",3.85176007635891
"V7",4.84031929261982
