"names","vals"
"Intercept",-12.4999728963431
"y",0.344246500404552
"V1",0.00665397034026682
"V2",0.64977046335116
"V3",0.9783097775653
"V4",0.27866984391585
"V5",0.59832392516546
"V6",0.128434998216107
"V7",0.920116217574105
"V8",0.0713162599131465
"V9",4.43632734846324
"V10",3.8275414602831
"V11",3.9889037180692
"V12",1.40361846145242
"V13",4.9811748880893
