"names","vals"
"Intercept",-5.08210539740045
"y",0.794800949748605
"V1",0.966631099116057
"V2",0.0934346837457269
"V3",0.995805295184255
"V4",0.652815610403195
"V5",0.418704637559131
"V6",2.80450241174549
"V7",1.99423981364816
