"names","vals"
"Intercept",-10.6683381607989
"y",0.269249144475907
"V1",0.97153051616624
"V2",0.285124955931678
"V3",0.124059691559523
"V4",0.350526358233765
"V5",0.20667179627344
"V6",0.222019410459325
"V7",0.26276371628046
"V8",0.699545030947775
"V9",4.19519896339625
"V10",4.31132826488465
"V11",1.93926726002246
"V12",3.1130942851305
"V13",2.8782619619742
