"names","vals"
"Intercept",-6.55711858693976
"y",0.466568526346236
"V1",0.261674807174131
"V2",0.736274779308587
"V3",0.201457323739305
"V4",0.847314765444025
"V5",0.028422037139535
"V6",0.393145707668737
"V7",1.52878620568663
"V8",4.70718300715089
"V9",2.56934033986181
