"names","vals"
"Intercept",-13.4716359962593
"y",0.572028222493827
"V1",0.976447457913309
"V2",0.41317277867347
"V3",0.783214274793863
"V4",0.302497185533866
"V5",0.616287271725014
"V6",0.532661902718246
"V7",0.457684078719467
"V8",0.79922052519396
"V9",1.37447671964765
"V10",3.32998957205564
"V11",4.14165751356632
"V12",4.1342911971733
"V13",1.01341160293669
