"names","vals"
"Intercept",-11.5074078734149
"y",0.0557011889759451
"V1",0.0460019370075315
"V2",0.570395880844444
"V3",0.885456079151481
"V4",0.324084181105718
"V5",0.565344764851034
"V6",0.204605150967836
"V7",0.820580700179562
"V8",4.44956719502807
"V9",3.56036914139986
"V10",4.33752860035747
"V11",4.00562681537122
