"names","vals"
"Intercept",-9.64815068367403
"y",0.310830562142655
"V1",0.556411071447656
"V2",0.724559169728309
"V3",0.426600550999865
"V4",0.385389890056103
"V5",0.447510524187237
"V6",0.0818551678676158
"V7",0.196400908520445
"V8",2.55449287127703
"V9",2.78266595490277
"V10",1.43004910741001
"V11",3.5338141117245
