"names","vals"
"Intercept",-7.5417388487584
"y",0.338206141255796
"V1",0.596117608482018
"V2",0.819868318038061
"V3",0.232905126409605
"V4",0.889062872622162
"V5",0.458569868234918
"V6",0.618154629133642
"V7",2.65962445549667
"V8",3.6008588289842
"V9",3.19359289947897
