"names","vals"
"Intercept",-12.2646064757369
"y",0.650156968506053
"V1",0.0425497516989708
"V2",0.828054096549749
"V3",0.122615668689832
"V4",0.219991433667019
"V5",0.536972067551687
"V6",0.629372662398964
"V7",0.876825831597671
"V8",0.0338003679644316
"V9",3.93828237336129
"V10",4.32783635891974
"V11",1.24103255942464
"V12",3.08795132488012
"V13",2.16499807406217
