"names","vals"
"Intercept",-11.0616487096343
"y",0.45382567611523
"V1",0.743270182283595
"V2",0.278887507272884
"V3",0.379500644747168
"V4",0.734701316105202
"V5",0.0784002824220806
"V6",0.819545194739476
"V7",0.439926337683573
"V8",1.49710510764271
"V9",4.05367221962661
"V10",4.44345077499747
"V11",4.62249518558383
