"names","vals"
"Intercept",-7.32176739428425
"y",0.562245438108221
"V1",0.674938289448619
"V2",0.732947960728779
"V3",0.198453043354675
"V4",0.067437197547406
"V5",0.889181008329615
"V6",0.24956811289303
"V7",0.399781848769635
"V8",4.26753776986152
"V9",1.66708405409008
"V10",1.16236801538616
"V11",2.64651650842279
