"names","vals"
"Intercept",-4.96226654272061
"y",0.298933968413621
"V1",0.812090429244563
"V2",0.00276182359084487
"V3",0.920129192527384
"V4",0.233547518728301
"V5",0.881542975548655
"V6",0.648145435843617
"V7",0.69171889917925
"V8",0.867173152044415
"V9",3.85850489977747
"V10",1.25749575160444
"V11",4.03096834290773
"V12",3.58086242154241
"V13",1.41203263401985
