"names","vals"
"Intercept",-3.70353349226527
"y",0.191274889744818
"V1",0.479744848562405
"V2",0.453243159689009
"V3",0.100285461870953
"V4",0.441135328263044
"V5",4.01408799272031
