"names","vals"
"Intercept",-1.59104342366336
"y",0.0449944492429495
"V1",0.592632205225527
"V2",0.370615353109315
"V3",0.442772406619042
"V4",0.189316526055336
"V5",1.73851946182549
