"names","vals"
"Intercept",-2.1779440198373
"y",0.750051137059927
"V1",0.503756682854146
"V2",0.143421182408929
"V3",0.782696393551305
"V4",0.532302263658494
"V5",3.15707031916827
