"names","vals"
"Intercept",-2.40888758454472
"y",0.290143248392269
"V1",0.39515212806873
"V2",0.316221219021827
"V3",0.130285591585562
"V4",0.732873434433714
"V5",3.07741008047014
