"names","vals"
"Intercept",-1.15321392995305
"y",0.167887687683105
"V1",0.0453031768556684
"V2",0.672550384420902
"V3",0.345376406563446
"V4",0.00466523761861026
"V5",0.395758880069479
"V6",0.384284657193348
"V7",3.30058385524899
"V8",2.31015180889517
"V9",1.08339388016611
