"names","vals"
"Intercept",-2.27342184955487
"y",0.699242300121114
"V1",0.780128512298688
"V2",0.270135164726526
"V3",0.66912281489931
"V4",0.795507619157434
"V5",0.785768202506006
"V6",3.33243757206947
"V7",2.53434951044619
