"names","vals"
"Intercept",-7.89897805443266
"y",0.358906981069595
"V1",0.61984369228594
"V2",0.471507395384833
"V3",0.333010783884674
"V4",0.88581625930965
"V5",0.174804334761575
"V6",0.919174645328894
"V7",0.516707812203094
"V8",0.994498126674443
"V9",3.03717354312539
"V10",2.39105962961912
"V11",3.73117337282747
"V12",1.49243226461112
"V13",2.03804513253272
