"names","vals"
"Intercept",-10.8772999863955
"y",0.0369127851445228
"V1",0.633998501580209
"V2",0.14540828182362
"V3",0.0951756092254072
"V4",0.955198036273941
"V5",0.523616995895281
"V6",0.0818495093844831
"V7",0.762152421288192
"V8",0.771197004243731
"V9",2.07241735886782
"V10",4.42771741282195
"V11",3.37099463585764
"V12",1.34292670246214
"V13",1.46998194698244
