"names","vals"
"Intercept",-3.51899504565867
"y",0.946193678770214
"V1",0.986436591949314
"V2",0.676351882750168
"V3",0.466702320612967
"V4",0.747969739371911
"V5",0.0213086281437427
"V6",2.41792784817517
"V7",1.45846127346158
