"names","vals"
"Intercept",-8.50536432316527
"y",0.898141850950196
"V1",0.196157755563036
"V2",0.575304622761905
"V3",0.138034830335528
"V4",0.645084321498871
"V5",0.598364720121026
"V6",0.952704395866022
"V7",0.568720471812412
"V8",1.65465879067779
"V9",1.91697441134602
"V10",2.66424299124628
"V11",4.29084860160947
