"names","vals"
"Intercept",-8.25421127322596
"y",0.142072264337912
"V1",0.5067507061176
"V2",0.29333063820377
"V3",0.758894857484847
"V4",0.781633780570701
"V5",0.472980500431731
"V6",0.857626655139029
"V7",1.6874066721648
"V8",3.70243061985821
"V9",3.39277353789657
