"names","vals"
"Intercept",-8.91544826845173
"y",0.424561830470338
"V1",0.725322067271918
"V2",0.236348920734599
"V3",0.690820605494082
"V4",0.0567432099487633
"V5",0.768903221702203
"V6",0.390191446524113
"V7",0.0327010715845972
"V8",0.749746706569567
"V9",2.34575724694878
"V10",2.44571079034358
"V11",4.92320960015059
"V12",2.25814167875797
"V13",4.96027294453233
