"names","vals"
"Intercept",-10.3235889817495
"y",0.685092510888353
"V1",0.422054917551577
"V2",0.736988195218146
"V3",0.9918969636783
"V4",0.246236119884998
"V5",0.742759773274884
"V6",0.462289463728666
"V7",4.52681896649301
"V8",4.58359639160335
"V9",3.61185652110726
