"names","vals"
"Intercept",-3.44462497150991
"y",0.360161222750321
"V1",0.537045473698527
"V2",0.224593251710758
"V3",0.508154535200447
"V4",0.799033313756809
"V5",0.185567690525204
"V6",1.88841269351542
"V7",1.36977237276733
