"names","vals"
"Intercept",-11.7529497764423
"y",0.700301990611479
"V1",0.132937169866636
"V2",0.562348530162126
"V3",0.231718441937119
"V4",0.103681625565514
"V5",0.416830081492662
"V6",0.979255597107112
"V7",0.443072509253398
"V8",4.84394297655672
"V9",4.71446171868593
"V10",4.20521816983819
"V11",3.84301440604031
