"names","vals"
"Intercept",-7.07222224587575
"y",0.670548256952316
"V1",0.313286410178989
"V2",0.971835662610829
"V3",0.290751958964393
"V4",0.184060271130875
"V5",0.757199140731245
"V6",0.465951405465603
"V7",0.516456667101011
"V8",2.19717132486403
"V9",4.8003382505849
"V10",2.12541140243411
"V11",1.53350983280689
