"names","vals"
"Intercept",-6.90204397559632
"y",0.209537647198886
"V1",0.855842391960323
"V2",0.670620860764757
"V3",0.450541477417573
"V4",0.0257424530573189
"V5",0.116055752383545
"V6",0.38989687897265
"V7",4.76491345930845
"V8",4.70966629683971
"V9",1.97448258567601
