"names","vals"
"Intercept",-1.16738579119556
"y",0.577189193340018
"V1",0.190579972462729
"V2",0.780844759661704
"V3",0.177941507427022
"V4",0.0361614595167339
"V5",2.91947589255869
