"names","vals"
"Intercept",-5.4008725464344
"y",0.294804328586906
"V1",0.150159105658531
"V2",0.807275398867205
"V3",0.454843684332445
"V4",0.696671681944281
"V5",0.383092798059806
"V6",0.739894415717572
"V7",0.0880070941057056
"V8",2.47402193397284
"V9",1.29308145865798
"V10",3.10895536374301
"V11",1.34569180663675
