"names","vals"
"Intercept",-11.360511146551
"y",0.897762043401599
"V1",0.207962457090616
"V2",0.119957711780444
"V3",0.326475720852613
"V4",0.0305402835365385
"V5",0.0170462178066373
"V6",0.803631192771718
"V7",0.388566702837124
"V8",0.59651947626844
"V9",4.62676574103534
"V10",3.92390858847648
"V11",3.28705863468349
"V12",2.91483669169247
"V13",3.67989929206669
