"names","vals"
"Intercept",-3.79991473884089
"y",0.298892900813371
"V1",0.750548516400158
"V2",0.0551251459401101
"V3",0.821031162515283
"V4",0.288105792598799
"V5",0.227967211743817
"V6",3.5976924803108
"V7",4.84830396343023
