"names","vals"
"Intercept",-6.26048808810534
"y",0.313693744130433
"V1",0.681202752748504
"V2",0.587581767002121
"V3",0.208054674556479
"V4",0.543413809733465
"V5",0.368745244573802
"V6",0.744308973196894
"V7",4.69050270970911
"V8",2.21016773767769
"V9",1.09519688226283
