"names","vals"
"Intercept",-3.5196467259666
"y",0.216039104852825
"V1",0.89517281530425
"V2",0.0519124716520309
"V3",0.126531565794721
"V4",0.38455098355189
"V5",0.481615763157606
"V6",0.310569436987862
"V7",1.41784275602549
"V8",3.84044480510056
"V9",4.81023849546909
