"names","vals"
"Intercept",-2.02079749276163
"y",0.450219969032332
"V1",0.961753233568743
"V2",0.432930804556236
"V3",0.397538760211319
"V4",0.201042404631153
"V5",3.17319178394973
