"names","vals"
"Intercept",-8.38449015954742
"y",0.508891814853996
"V1",0.564810882555321
"V2",0.984671874903142
"V3",0.0837371300440282
"V4",0.425374286482111
"V5",0.977988698752597
"V6",0.564634975977242
"V7",1.24118444509804
"V8",2.33302503079176
"V9",3.9261666983366
