"names","vals"
"Intercept",-9.75672792976023
"y",0.86587999924086
"V1",0.62689224537462
"V2",0.275142093654722
"V3",0.492254907032475
"V4",0.193226607516408
"V5",0.173966672969982
"V6",0.367344428785145
"V7",0.518980229040608
"V8",1.15030940901488
"V9",3.51476326212287
"V10",3.40595214348286
"V11",2.17005648836493
