"names","vals"
"Intercept",-2.57119656789582
"y",0.791288021951914
"V1",0.858728642575443
"V2",0.903852979186922
"V3",0.975200566928834
"V4",0.65870313020423
"V5",4.20935975760221
