"names","vals"
"Intercept",-6.11905236752238
"y",0.700769195798784
"V1",0.76492943521589
"V2",0.107063123723492
"V3",0.398990925168619
"V4",0.454209274146706
"V5",0.371255372418091
"V6",4.80756009183824
"V7",4.49914245586842
