"names","vals"
"Intercept",-8.45357758992817
"y",0.922144612530246
"V1",0.126204578904435
"V2",0.172151460777968
"V3",0.149899273412302
"V4",0.719809817383066
"V5",0.96230536326766
"V6",0.568660071352497
"V7",3.43974578008056
"V8",2.77809441182762
"V9",4.01733055990189
