"names","vals"
"Intercept",-9.67645393515704
"y",0.597452624002472
"V1",0.419931619195268
"V2",0.704156366409734
"V3",0.1091528525576
"V4",0.850640582852066
"V5",0.475241621490568
"V6",0.9718760214746
"V7",0.690739510115236
"V8",4.9232094688341
"V9",2.69738161936402
"V10",2.25941964332014
"V11",1.8198354896158
