"names","vals"
"Intercept",-12.1279742333153
"y",0.04363445751369
"V1",0.243372962810099
"V2",0.00537010957486928
"V3",0.695841075154021
"V4",0.0398093950934708
"V5",0.325991164892912
"V6",0.642219179542735
"V7",0.961981571512297
"V8",4.93026541359723
"V9",1.46106712054461
"V10",3.57954292185605
"V11",4.9075800422579
