"names","vals"
"Intercept",-5.02943742956966
"y",0.508750198641792
"V1",0.0298406472429633
"V2",0.637692185351625
"V3",0.226423104759306
"V4",0.658652227371931
"V5",0.356515598250553
"V6",2.82001505233347
"V7",3.81251261010766
