"names","vals"
"Intercept",-11.3103190937592
"y",0.963121447479352
"V1",0.603927838383242
"V2",0.608926024055108
"V3",0.283629679353908
"V4",0.867894179187715
"V5",0.277927157934755
"V6",0.874437623657286
"V7",0.108757982496172
"V8",1.97939755395055
"V9",3.71159045491368
"V10",3.04674081038684
"V11",4.97813574876636
