"names","vals"
"Intercept",-2.33972698153229
"y",0.970154376002029
"V1",0.127078607212752
"V2",0.308931269450113
"V3",0.846278561279178
"V4",0.226637203479186
"V5",2.64762120041996
