"names","vals"
"Intercept",-5.95417908160482
"y",0.895574757130817
"V1",0.20702999830246
"V2",0.69554689549841
"V3",0.598747853189707
"V4",0.646685894811526
"V5",0.851914743892848
"V6",0.0140097260009497
"V7",0.387567899655551
"V8",4.35820348095149
"V9",1.0781700052321
"V10",2.60095017403364
"V11",1.1968994718045
