"names","vals"
"Intercept",-3.76836619100068
"y",0.486884557176381
"V1",0.670917068142444
"V2",0.87540174019523
"V3",0.59097519214265
"V4",0.741295283893123
"V5",0.266837057191879
"V6",0.654296184424311
"V7",1.79201174993068
"V8",1.48123728577048
"V9",4.9397351751104
