"names","vals"
"Intercept",-8.69894695840776
"y",0.279534724308178
"V1",0.0827175399754196
"V2",0.440299994777888
"V3",0.999635583953932
"V4",0.613848536042497
"V5",0.372849431820214
"V6",3.91413806937635
"V7",4.87335562799126
