"names","vals"
"Intercept",-7.94816835173406
"y",0.27840630360879
"V1",0.659797388827428
"V2",0.535443738801405
"V3",0.621164819225669
"V4",0.579467947594821
"V5",0.611395923886448
"V6",0.67998834932223
"V7",0.625318954698741
"V8",0.151754774153233
"V9",3.88535669445992
"V10",4.02712424006313
"V11",4.86095855943859
"V12",3.83194714970887
"V13",1.36180530115962
