"names","vals"
"Intercept",-5.78803636156954
"y",0.0515719307586551
"V1",0.338369806995615
"V2",0.220609203912318
"V3",0.444982297951356
"V4",0.812764781760052
"V5",0.360759486909956
"V6",0.63857368985191
"V7",4.82101680338383
"V8",3.38352774549276
"V9",4.68875656835735
