"names","vals"
"Intercept",-13.6768352023908
"y",0.469251113245264
"V1",0.725333316018805
"V2",0.431908368133008
"V3",0.14320622314699
"V4",0.855735308956355
"V5",0.778162345988676
"V6",0.593782439595088
"V7",0.467225668719038
"V8",0.719159902306274
"V9",1.10827423259616
"V10",2.92035944666713
"V11",4.8498433670029
"V12",3.59936794638634
"V13",3.28980038966984
