"names","vals"
"Intercept",-11.5458775585983
"y",0.234287652885541
"V1",0.758163083344698
"V2",0.318661454832181
"V3",0.120557787595317
"V4",0.48378294473514
"V5",0.620829575695097
"V6",0.23455040762201
"V7",0.74322553910315
"V8",0.174270335352048
"V9",3.7092770608142
"V10",1.25017247907817
"V11",2.31111851800233
"V12",4.97241774667054
"V13",3.45387033279985
