"names","vals"
"Intercept",-5.86951830594335
"y",0.917116743512452
"V1",0.242688785307109
"V2",0.529479230986908
"V3",0.528758081840351
"V4",0.554532914888114
"V5",0.483558105537668
"V6",0.654707867419347
"V7",4.19046602770686
"V8",2.93081611674279
"V9",1.99229844659567
