"names","vals"
"Intercept",-8.27847247885307
"y",0.234174373326823
"V1",0.604777322383597
"V2",0.549554423429072
"V3",0.619514499325305
"V4",0.862597866915166
"V5",0.356454666238278
"V6",0.460800324799493
"V7",0.822773802326992
"V8",0.22400311473757
"V9",4.4640697510913
"V10",4.39266451727599
"V11",3.76240854896605
"V12",1.89965265151113
"V13",1.04261596594006
