"names","vals"
"Intercept",-9.331327246523
"y",0.724228435894474
"V1",0.0524044414050877
"V2",0.847158754942939
"V3",0.130356925074011
"V4",0.150564231909811
"V5",0.124228618573397
"V6",0.484519644407555
"V7",0.556067248573527
"V8",4.87880971468985
"V9",2.4588960185647
"V10",3.15153499133885
"V11",1.63145450036973
