"names","vals"
"Intercept",-2.93300750792958
"y",0.934973934432492
"V1",0.508767173392698
"V2",0.0221641510725021
"V3",0.712370126508176
"V4",0.3038235376589
"V5",0.495763171231374
"V6",0.0144361194688827
"V7",1.06668011751026
"V8",2.46440095547587
"V9",2.58873340021819
