"names","vals"
"Intercept",-2.00670268641552
"y",0.431093738647178
"V1",0.488890615059063
"V2",0.325636103050783
"V3",0.598323783138767
"V4",0.794818965950981
"V5",1.56199817173183
