"names","vals"
"Intercept",-6.1016296470305
"y",0.427814402617514
"V1",0.650722031947225
"V2",0.957863642135635
"V3",0.234954475192353
"V4",0.12454552995041
"V5",0.357173176947981
"V6",3.4036263609305
"V7",2.38326938729733
