"names","vals"
"Intercept",-5.45120680044638
"y",0.165691912872717
"V1",0.964415700174868
"V2",0.732140038860962
"V3",0.761160082416609
"V4",0.851049978286028
"V5",0.873819531872869
"V6",2.20944146253169
"V7",3.9814776070416
