"names","vals"
"Intercept",-3.28167155135656
"y",0.351625483715907
"V1",0.0218185533303767
"V2",0.147084263619035
"V3",0.620942587731406
"V4",0.490290513960645
"V5",3.48790143430233
