"names","vals"
"Intercept",-10.5297515660524
"y",0.624551417771727
"V1",0.391124874120578
"V2",0.0170840367209166
"V3",0.01384018920362
"V4",0.139834325062111
"V5",0.25965665676631
"V6",0.420413753483444
"V7",0.156521890079603
"V8",1.00083549320698
"V9",1.49615111108869
"V10",4.96789921727031
"V11",4.6516282800585
