"names","vals"
"Intercept",-8.40468486461323
"y",0.125998857896775
"V1",0.389000205090269
"V2",0.454758478794247
"V3",0.044479715405032
"V4",0.0181077918969095
"V5",0.484054263215512
"V6",0.23558254702948
"V7",0.882076419657096
"V8",2.42719344235957
"V9",3.79720924701542
"V10",3.97558174747974
"V11",3.28332123439759
