"names","vals"
"Intercept",-9.45412861745339
"y",0.824356131255627
"V1",0.0906857419759035
"V2",0.850000666454434
"V3",0.10408273153007
"V4",0.26269413321279
"V5",0.33047086908482
"V6",0.467876940499991
"V7",2.01072669867426
"V8",4.81489036884159
"V9",4.73916419222951
