"names","vals"
"Intercept",-11.7044403479504
"y",0.922308851033449
"V1",0.830505803693086
"V2",0.326558838831261
"V3",0.363884373567998
"V4",0.84132343926467
"V5",0.395774827105924
"V6",0.709989760071039
"V7",0.564285503234714
"V8",0.587230287026614
"V9",2.50519828218967
"V10",1.47675852011889
"V11",2.3855743445456
"V12",4.92156163975596
"V13",3.06187304109335
