"names","vals"
"Intercept",-2.5738655862282
"y",0.990453875856474
"V1",0.383342129178345
"V2",0.985796238761395
"V3",0.0205356490332633
"V4",0.155940712429583
"V5",1.25523322541267
