"names","vals"
"Intercept",-5.44243090994656
"y",0.890396178467199
"V1",0.692797962808982
"V2",0.849722150014713
"V3",0.574727883795276
"V4",0.705032086931169
"V5",0.890817479928955
"V6",0.90170738636516
"V7",2.14840856380761
"V8",1.10690235067159
"V9",2.20358852110803
