"names","vals"
"Intercept",-1.30271956255892
"y",0.343676600605249
"V1",0.12369310320355
"V2",0.730927103897557
"V3",0.290555693442002
"V4",0.638932622503489
"V5",2.48422647733241
