"names","vals"
"Intercept",-5.01575689965393
"y",0.582867323188111
"V1",0.63137136772275
"V2",0.189427709206939
"V3",0.77827348629944
"V4",0.921043575275689
"V5",0.471707604127005
"V6",2.02641471289098
"V7",2.93437058199197
