"names","vals"
"Intercept",-10.5685777676175
"y",0.584442723542452
"V1",0.803145078709349
"V2",0.913870980031788
"V3",0.226956707891077
"V4",0.319419863400981
"V5",0.150499164126813
"V6",0.136475760489702
"V7",0.446241580182686
"V8",0.761404511285946
"V9",1.4423788478598
"V10",4.76482539717108
"V11",2.62233126256615
"V12",3.97357513196766
"V13",2.69253121688962
