"names","vals"
"Intercept",-5.25605612125713
"y",0.355341105721891
"V1",0.84588380670175
"V2",0.210295795928687
"V3",0.800842378055677
"V4",0.37081702821888
"V5",0.0694619105197489
"V6",0.274125331547111
"V7",2.59007791988552
"V8",3.96786521747708
"V9",3.22240394353867
