"names","vals"
"Intercept",-4.3658618311258
"y",0.542887451825663
"V1",0.781977164326236
"V2",0.934215048328042
"V3",0.681556494906545
"V4",0.42751648533158
"V5",0.0856875681784004
"V6",0.231852732831612
"V7",0.158134441124275
"V8",3.86158371996135
"V9",2.84360147640109
"V10",1.35406881384552
"V11",3.87164605688304
