"names","vals"
"Intercept",-10.3824380998034
"y",0.660055168904364
"V1",0.328110919799656
"V2",0.700595706701279
"V3",0.121929033426568
"V4",0.267351928399876
"V5",0.578788940096274
"V6",0.14041963359341
"V7",0.899989858735353
"V8",1.92366650793701
"V9",3.85925589408726
"V10",3.08121135178953
"V11",4.64166787452996
