"names","vals"
"Intercept",-5.83048570116516
"y",0.45033255033195
"V1",0.722880378598347
"V2",0.687865106854588
"V3",0.67522656894289
"V4",0.978077431209385
"V5",0.655578733887523
"V6",0.464652333874255
"V7",0.778764690505341
"V8",4.78819206357002
"V9",1.50765800755471
"V10",2.59111988544464
"V11",3.15486947540194
