"names","vals"
"Intercept",-1.75298542235047
"y",0.333475187420845
"V1",0.30304857948795
"V2",0.987360720755532
"V3",0.351949951611459
"V4",0.918547577457502
"V5",2.68350369669497
