"names","vals"
"Intercept",-5.62766710067168
"y",0.361763633787632
"V1",0.305988457519561
"V2",0.287171724950895
"V3",0.459008069476113
"V4",0.765954751288518
"V5",0.906765318708494
"V6",0.917644544271752
"V7",1.00317670032382
"V8",4.68463809229434
"V9",2.69520992599428
