"names","vals"
"Intercept",-2.36731034621131
"y",0.371853678254411
"V1",0.437090642284602
"V2",0.539055863860995
"V3",0.271993111586198
"V4",0.231936863623559
"V5",4.7384502151981
