"names","vals"
"Intercept",-6.76850608936511
"y",0.254001701483503
"V1",0.624232929898426
"V2",0.183126677526161
"V3",0.504299909574911
"V4",0.0740106843877584
"V5",0.536979898344725
"V6",0.692391796503216
"V7",0.092374041909352
"V8",4.09733650181442
"V9",2.80692347511649
"V10",1.03763207700104
"V11",3.40676090493798
