"names","vals"
"Intercept",-6.17274758870481
"y",0.92034552549012
"V1",0.526158631779253
"V2",0.665886498056352
"V3",0.539661564398557
"V4",0.175179485697299
"V5",0.00155003997497261
"V6",0.19360547629185
"V7",1.05882734619081
"V8",3.65210123267025
"V9",3.26175432745367
