"names","vals"
"Intercept",-7.22624799124431
"y",0.205810799496248
"V1",0.196360091213137
"V2",0.124515099218115
"V3",0.203799482202157
"V4",0.688916904851794
"V5",0.411631665658206
"V6",0.795966021949425
"V7",0.333806985290721
"V8",0.677822399884462
"V9",1.99879170022905
"V10",4.33661900646985
"V11",3.47542987577617
"V12",2.01341117639095
"V13",3.28698259778321
