"names","vals"
"Intercept",-11.8331308420748
"y",0.954313368769363
"V1",0.819565236801282
"V2",0.54218747955747
"V3",0.241421093000099
"V4",0.578328181989491
"V5",0.599704580847174
"V6",0.904613336082548
"V7",0.718100751750171
"V8",0.475490300450474
"V9",2.24325875472277
"V10",1.0390975670889
"V11",1.40205175522715
"V12",3.40120225492865
"V13",3.11750291939825
