"names","vals"
"Intercept",-5.19043595774798
"y",0.063197280978784
"V1",0.0679256443399936
"V2",0.311107715126127
"V3",0.402538859751076
"V4",0.452549448003992
"V5",0.784443770768121
"V6",0.0402855286374688
"V7",3.83431620243937
"V8",1.46622731909156
"V9",2.63746545277536
