"names","vals"
"Intercept",-1.32211021032417
"y",0.0039152295794338
"V1",0.252172093139961
"V2",0.0833777172956616
"V3",0.560581520665437
"V4",0.324827236356214
"V5",3.18507467675954
