"names","vals"
"Intercept",-3.2986012989236
"y",0.977993231965229
"V1",0.266261092154309
"V2",0.173677371349186
"V3",0.596538034733385
"V4",0.426869830815122
"V5",2.09180906228721
