"names","vals"
"Intercept",-4.36803387068678
"y",0.56721069267951
"V1",0.711473132018
"V2",0.180633578216657
"V3",0.161034922581166
"V4",0.737761083291844
"V5",0.147574334871024
"V6",4.6546062445268
"V7",1.87282019853592
