"names","vals"
"Intercept",-6.07916703037918
"y",0.202599316136912
"V1",0.380685696844012
"V2",0.983049023663625
"V3",0.710865966044366
"V4",0.680058592464775
"V5",0.0243781302124262
"V6",0.275436227675527
"V7",0.19145692512393
"V8",1.62278676684946
"V9",4.74776563979685
"V10",4.1491233650595
"V11",1.70857085101306
