"names","vals"
"Intercept",-1.54605171494186
"y",0.948463150532916
"V1",0.439772015903145
"V2",0.558360945433378
"V3",0.192614474799484
"V4",0.820577509934083
"V5",2.65353749133646
