"names","vals"
"Intercept",-7.66574839486275
"y",0.908531639026478
"V1",0.958819035207853
"V2",0.822405126877129
"V3",0.759978067828342
"V4",0.36104662087746
"V5",0.135407191468403
"V6",0.0793551574461162
"V7",0.0720070756506175
"V8",2.59813425596803
"V9",4.96024271659553
"V10",1.63780181668699
"V11",1.59053738322109
