"names","vals"
"Intercept",-6.1937259500334
"y",0.82756753382273
"V1",0.73030394804664
"V2",0.54854450467974
"V3",0.259486897382885
"V4",0.917996376985684
"V5",0.273694596486166
"V6",0.772432601777837
"V7",0.157400843221694
"V8",0.248279585735872
"V9",2.20499395392835
"V10",2.70061658043414
"V11",1.36992726475
"V12",1.38292518351227
"V13",2.01492600981146
