"names","vals"
"Intercept",-4.4532369833556
"y",0.205162334488705
"V1",0.95287963328883
"V2",0.174980920972303
"V3",0.334087101975456
"V4",0.615854134550318
"V5",0.664395334431902
"V6",4.00791432429105
"V7",2.82135920599103
