"names","vals"
"Intercept",-2.88929547657259
"y",0.0181903876364231
"V1",0.87496506026946
"V2",0.768831567605957
"V3",0.355928316013888
"V4",0.0462788087315857
"V5",0.743046059040353
"V6",2.41897838469595
"V7",1.05401777103543
