"names","vals"
"Intercept",-1.68493987523019
"y",0.573411385295913
"V1",0.024044859688729
"V2",0.917236645938829
"V3",0.869538784725592
"V4",0.460336734075099
"V5",3.46625178679824
