"names","vals"
"Intercept",-5.61831783491187
"y",0.41350351809524
"V1",0.809374288888648
"V2",0.309314591111615
"V3",0.607525810599327
"V4",0.342891701729968
"V5",0.484640715643764
"V6",0.93953935103491
"V7",1.61432318948209
"V8",3.85368030145764
"V9",2.67511706799269
