"names","vals"
"Intercept",-2.96777447694913
"y",0.203337186947465
"V1",0.216686828294769
"V2",0.452946200268343
"V3",0.10477110161446
"V4",0.0466021108441055
"V5",0.481641264632344
"V6",3.77328717615455
"V7",2.69421484787017
