"names","vals"
"Intercept",-5.19292235711124
"y",0.64952515764162
"V1",0.54083104385063
"V2",0.67933450662531
"V3",0.101445169653744
"V4",0.36767438496463
"V5",0.104901245096698
"V6",1.07265097927302
"V7",4.82260128762573
