"names","vals"
"Intercept",-2.44927692575147
"y",0.628546613967046
"V1",0.294094080571085
"V2",0.748703969875351
"V3",0.318304227432236
"V4",0.42779844161123
"V5",3.69352223258466
