"names","vals"
"Intercept",-8.99532572950004
"y",0.461470495676622
"V1",0.726615379564464
"V2",0.776908063329756
"V3",0.788869244977832
"V4",0.928290639771149
"V5",0.220511170104146
"V6",0.0172825753688812
"V7",0.153690486680716
"V8",2.22872735746205
"V9",4.01970635633916
"V10",4.72955135907978
"V11",3.06590486317873
