"names","vals"
"Intercept",-7.20797162538394
"y",0.319017039379105
"V1",0.226262634852901
"V2",0.25444515212439
"V3",0.445439267670736
"V4",0.867350698448718
"V5",0.132658116519451
"V6",0.069027197547257
"V7",0.432835190789774
"V8",0.0536569419782609
"V9",2.17077141813934
"V10",2.11153900437057
"V11",4.78449285309762
"V12",1.15867650974542
"V13",2.47602051030844
