"names","vals"
"Intercept",-2.90489656655118
"y",0.976079618325457
"V1",0.303283416200429
"V2",0.383516832953319
"V3",0.983587964903563
"V4",0.168213682482019
"V5",0.630548503249884
"V6",1.19641845207661
"V7",4.10353387333453
