"names","vals"
"Intercept",-2.33340313662775
"y",0.820779813453555
"V1",0.605407599825412
"V2",0.136962670367211
"V3",0.406808626838028
"V4",0.751065706834197
"V5",2.42971099726856
