"names","vals"
"Intercept",-11.0887586575467
"y",0.40910340519622
"V1",0.505320205586031
"V2",0.0566897271201015
"V3",0.708657830487937
"V4",0.177939496235922
"V5",0.14952661190182
"V6",0.320941903162748
"V7",0.0942241630982608
"V8",4.78791995160282
"V9",1.53658639546484
"V10",3.85710655059665
"V11",1.76483789365739
