"names","vals"
"Intercept",-3.29302135393955
"y",0.452601140365005
"V1",0.344294806709513
"V2",0.671696961391717
"V3",0.637413720833138
"V4",0.449422943172976
"V5",0.169227862963453
"V6",2.03956821747124
"V7",4.10073599778116
