"names","vals"
"Intercept",-6.37545216514263
"y",0.550693306606263
"V1",0.0846332188230008
"V2",0.607688415097073
"V3",0.473067744402215
"V4",0.149603416211903
"V5",0.697822583606467
"V6",1.64312159083784
"V7",4.15783991012722
