"names","vals"
"Intercept",-1.6400652668532
"y",0.134452222613618
"V1",0.15275256941095
"V2",0.137613286264241
"V3",0.589062275597826
"V4",0.403249075636268
"V5",2.98378926049918
