"names","vals"
"Intercept",-1.18214546028757
"y",0.303083090577275
"V1",0.887146101333201
"V2",0.319189504720271
"V3",0.163536224514246
"V4",0.195599302416667
"V5",1.12348473258317
