"names","vals"
"Intercept",-6.75356467413949
"y",0.0808630469255149
"V1",0.31105003785342
"V2",0.492575128795579
"V3",0.96448851749301
"V4",0.626954064005986
"V5",0.490396993933246
"V6",0.0969066719990224
"V7",3.8976228935644
"V8",3.19161916803569
"V9",4.116530274041
