"names","vals"
"Intercept",-4.3630054651876
"y",0.615633156616241
"V1",0.505682249553502
"V2",0.99171099695377
"V3",0.92741212528199
"V4",0.843556482810527
"V5",3.31900641322136
