"names","vals"
"Intercept",-1.83696162996115
"y",0.978514258516952
"V1",0.220824374584481
"V2",0.91517809801735
"V3",0.366093575255945
"V4",0.0366565869189799
"V5",2.77039272710681
