"names","vals"
"Intercept",-4.6264652143186
"y",0.327522895531729
"V1",0.300857069669291
"V2",0.128807437606156
"V3",0.744336339645088
"V4",0.616606967523694
"V5",0.0991662053856999
"V6",0.837216515094042
"V7",2.28771131951362
"V8",1.81296042446047
"V9",2.89465517643839
