"names","vals"
"Intercept",-1.64669832902728
"y",0.804368772543967
"V1",0.178197751985863
"V2",0.244606154272333
"V3",0.215854070382193
"V4",0.169833876658231
"V5",0.273976191878319
"V6",4.2198728704825
"V7",1.79757851455361
