"names","vals"
"Intercept",-7.73616217650473
"y",0.82942818920128
"V1",0.301294571952894
"V2",0.566005032043904
"V3",0.0865412682760507
"V4",0.66326801222749
"V5",0.914886835729703
"V6",4.82615749910474
"V7",2.37926034070551
