"names","vals"
"Intercept",-2.74681825721636
"y",0.166377664543688
"V1",0.598183832596987
"V2",0.925678570754826
"V3",0.455435282550752
"V4",0.612451402936131
"V5",0.507713445462286
"V6",0.704160962020978
"V7",1.45907405205071
"V8",1.14703958667815
"V9",1.29749003984034
