"names","vals"
"Intercept",-9.77290912318043
"y",0.171893571037799
"V1",0.437599881319329
"V2",0.8425747230649
"V3",0.330517911352217
"V4",0.402008464559913
"V5",0.342738738050684
"V6",0.18442360451445
"V7",0.930507933488116
"V8",1.78203651495278
"V9",1.41344404220581
"V10",3.05149114318192
"V11",3.82840189430863
