"names","vals"
"Intercept",-3.62266214646399
"y",0.63683349872008
"V1",0.251481818035245
"V2",0.113936427282169
"V3",0.2480765262153
"V4",0.898773290915415
"V5",0.487548511940986
"V6",0.570178867317736
"V7",0.433149747084826
"V8",1.19453933648765
"V9",3.51772986445576
"V10",1.30882112961262
"V11",3.76319343131036
