"names","vals"
"Intercept",-5.29394709677668
"y",0.11105154431425
"V1",0.754093230934814
"V2",0.128051470033824
"V3",0.797652023844421
"V4",0.622426304966211
"V5",0.205096722813323
"V6",0.253256912343204
"V7",0.716759722679853
"V8",2.58316685259342
"V9",1.29106936883181
"V10",3.13930587470531
"V11",3.71032549533993
