"names","vals"
"Intercept",-6.96499415748985
"y",0.437884967774153
"V1",0.16927654040046
"V2",0.526366803096607
"V3",0.303125847131014
"V4",0.311354985227808
"V5",0.843992629321292
"V6",0.193077633855864
"V7",0.139659576583654
"V8",2.10523561388254
"V9",1.18867785390466
"V10",3.59899925533682
"V11",2.48552053701133
