"names","vals"
"Intercept",-2.13664494916797
"y",0.144000242697075
"V1",0.777013900224119
"V2",0.0113225663080812
"V3",0.0977805210277438
"V4",0.347052658675238
"V5",0.51050066947937
"V6",0.726385454647243
"V7",2.1923183882609
"V8",3.69683139305562
"V9",2.62229116261005
