"names","vals"
"Intercept",-4.12965087469434
"y",0.698333151172847
"V1",0.805173283675686
"V2",0.523748865583912
"V3",0.498005212051794
"V4",0.245402299100533
"V5",4.46518550533801
