"names","vals"
"Intercept",-2.49540224237135
"y",0.407800508895889
"V1",0.645623370073736
"V2",0.0446858834475279
"V3",0.53416274744086
"V4",0.074106042040512
"V5",0.606572255026549
"V6",1.14017595630139
"V7",2.8160038786009
