"names","vals"
"Intercept",-1.17075676026288
"y",0.388465939322487
"V1",0.443844152847305
"V2",0.188623944064602
"V3",0.497281129006296
"V4",0.0131754879839718
"V5",1.31480559706688
