"names","vals"
"Intercept",-6.35159384913277
"y",0.177652919199318
"V1",0.532949323998764
"V2",0.936115983175114
"V3",0.0512539427727461
"V4",0.688773441128433
"V5",0.959495843620971
"V6",0.454772051190957
"V7",0.353596882661805
"V8",3.05854350421578
"V9",4.4996945541352
"V10",3.65783601999283
"V11",1.13189485296607
