"names","vals"
"Intercept",-4.4003700773837
"y",0.269695793511346
"V1",0.70192686538212
"V2",0.35225162259303
"V3",0.883665459929034
"V4",0.821143955923617
"V5",4.06196668557823
