"names","vals"
"Intercept",-3.93650093813194
"y",0.978544482961297
"V1",0.333218554034829
"V2",0.445403115358204
"V3",0.604475896572694
"V4",0.0986380169633776
"V5",0.150718017714098
"V6",0.350687169935554
"V7",1.94550912827253
"V8",4.63672309089452
"V9",4.42319448012859
