"names","vals"
"Intercept",-7.71781681591179
"y",0.54854909167625
"V1",0.83975072321482
"V2",0.0504344787914306
"V3",0.0189280393533409
"V4",0.859194710152224
"V5",0.128193078096956
"V6",0.80690292478539
"V7",0.314039998222142
"V8",2.26748115383089
"V9",1.34540922101587
"V10",4.01695853471756
"V11",4.35009409673512
