"names","vals"
"Intercept",-7.65893404121744
"y",0.106804548995569
"V1",0.826977300457656
"V2",0.377304762136191
"V3",0.132983974879608
"V4",0.882118623703718
"V5",0.819153778487816
"V6",0.880409412784502
"V7",3.25967171229422
"V8",3.68378515727818
"V9",4.82829044014215
