"names","vals"
"Intercept",-5.89313066632021
"y",0.628208216279745
"V1",0.597389354137704
"V2",0.753291073255241
"V3",0.331887668464333
"V4",0.356205476215109
"V5",0.995530352462083
"V6",2.96450694277883
"V7",4.39506005495787
