"names","vals"
"Intercept",-7.48583640711615
"y",0.50114442454651
"V1",0.844312381930649
"V2",0.0564826626796275
"V3",0.0524557747412473
"V4",0.111446937313303
"V5",0.969919877359644
"V6",0.112888823496178
"V7",4.81297223269939
"V8",4.93948759604245
"V9",3.23282322008163
