"names","vals"
"Intercept",-8.7406615343038
"y",0.695472909836099
"V1",0.882601689081639
"V2",0.764659882290289
"V3",0.296681788982823
"V4",0.163738104049116
"V5",0.366353639168665
"V6",0.500108773354441
"V7",0.533241896191612
"V8",4.02769762743264
"V9",4.79788139741868
"V10",4.06391438096762
"V11",3.40247109532356
