"names","vals"
"Intercept",-5.81924992564134
"y",0.547320997342467
"V1",0.79082282516174
"V2",0.120532161556184
"V3",0.440704275388271
"V4",0.309384804219007
"V5",0.386825615772977
"V6",0.887297965586185
"V7",4.42047387361526
"V8",2.23284437693655
"V9",1.16607522964478
