"names","vals"
"Intercept",-2.14600826509297
"y",0.084124315995723
"V1",0.574461425188929
"V2",0.490372821455821
"V3",0.0147260681260377
"V4",0.611327844671905
"V5",3.00155182462186
