"names","vals"
"Intercept",-4.84003366174176
"y",0.873305162414908
"V1",0.510076389182359
"V2",0.508343772962689
"V3",0.129000707063824
"V4",0.526362233795226
"V5",0.692043743096292
"V6",0.148124960716814
"V7",2.64562981016934
"V8",2.37583324406296
"V9",4.10262979194522
