"names","vals"
"Intercept",-2.59826202862896
"y",0.723021812271327
"V1",0.252952028531581
"V2",0.3000324559398
"V3",0.0566839200910181
"V4",0.0542905414476991
"V5",0.704760966356844
"V6",0.989370752358809
"V7",3.00216722395271
"V8",2.1195354508236
"V9",1.25460323225707
