"names","vals"
"Intercept",-10.0807825340657
"y",0.874493326758966
"V1",0.569583097239956
"V2",0.878925220109522
"V3",0.660655828658491
"V4",0.269209653371945
"V5",0.775220429990441
"V6",0.180191446561366
"V7",0.779746660962701
"V8",3.01003752928227
"V9",4.72253750637174
"V10",4.14988486003131
"V11",1.80311320908368
