"names","vals"
"Intercept",-4.87658080254914
"y",0.930468404665589
"V1",0.41193180042319
"V2",0.213709134375677
"V3",0.583591963397339
"V4",0.516812910558656
"V5",0.123366883257404
"V6",0.851450996706262
"V7",2.10102915298194
"V8",1.96107028517872
"V9",2.09276482835412
