"names","vals"
"Intercept",-4.06934209190076
"y",0.0822615206707269
"V1",0.544136521173641
"V2",0.88621798157692
"V3",0.103726732544601
"V4",0.103952737059444
"V5",0.346296809380874
"V6",0.667024422902614
"V7",3.8289846079424
"V8",1.24993979465216
"V9",2.41506930161268
