"names","vals"
"Intercept",-2.47705090536736
"y",0.862201895797625
"V1",0.116444304352626
"V2",0.0282282312400639
"V3",0.723145605064929
"V4",0.458693622145802
"V5",0.865864787017927
"V6",2.11118489783257
"V7",4.17979050334543
