"names","vals"
"Intercept",-4.90568609788315
"y",0.513314102310687
"V1",0.490838769357651
"V2",0.558554412564263
"V3",0.0348369209095836
"V4",0.576528582023457
"V5",0.897385839372873
"V6",0.965028714388609
"V7",0.450980089139193
"V8",0.203443870414048
"V9",2.82431290578097
"V10",2.32689370028675
"V11",1.08701183274388
"V12",1.11306155472994
"V13",1.43311257939786
