"names","vals"
"Intercept",-7.48212831194978
"y",0.522321600234136
"V1",0.45071045961231
"V2",0.0449758265167475
"V3",0.282433313783258
"V4",0.842873076442629
"V5",0.0362549100536853
"V6",0.209026726195589
"V7",0.739723781123757
"V8",0.162090751342475
"V9",2.20928345061839
"V10",1.26373355928808
"V11",1.88667629566044
"V12",4.33657285291702
"V13",3.49702151492238
