"names","vals"
"Intercept",-7.74973193746759
"y",0.598314034286886
"V1",0.751948129851371
"V2",0.987648813053966
"V3",0.138278978411108
"V4",0.427529564592987
"V5",0.246621353318915
"V6",0.270923593081534
"V7",0.0786174037493765
"V8",1.47196037415415
"V9",2.69121930096298
"V10",1.25545969232917
"V11",2.17650037351996
