"names","vals"
"Intercept",-7.0940436902456
"y",0.222723551094532
"V1",0.29465538309887
"V2",0.0381206104066223
"V3",0.481945523293689
"V4",0.730442108120769
"V5",0.277989012654871
"V6",0.669293273473158
"V7",0.995637277374044
"V8",1.09428290650249
"V9",2.0404501715675
"V10",3.78075316268951
"V11",3.26509484834969
