"names","vals"
"Intercept",-1.13744887627661
"y",0.163548725191504
"V1",0.0587490152101964
"V2",0.0102784980554134
"V3",0.328933062963188
"V4",0.0174491375219077
"V5",0.852405968587846
"V6",1.18394356034696
"V7",3.933598741889
