"names","vals"
"Intercept",-1.2423096896382
"y",0.00861906469799578
"V1",0.130744977854192
"V2",0.575187061913311
"V3",0.672662580618635
"V4",0.00019073998555541
"V5",0.676642237231135
"V6",1.16918379627168
"V7",1.24820115882903
