"names","vals"
"Intercept",-4.53619431512197
"y",0.453614540398121
"V1",0.205140098230913
"V2",0.706676864530891
"V3",0.970567458076403
"V4",0.204792676027864
"V5",0.976461389102042
"V6",0.325489323353395
"V7",0.927292649168521
"V8",1.1748500270769
"V9",1.43933186773211
"V10",1.44920147582889
"V11",4.86059378087521
