"names","vals"
"Intercept",-9.06286550594959
"y",0.146545321447775
"V1",0.00815162970684469
"V2",0.776309671578929
"V3",0.937784410081804
"V4",0.450978684704751
"V5",0.548055251594633
"V6",0.387343033216894
"V7",0.358189121820033
"V8",3.54018987715244
"V9",3.55214341264218
"V10",1.5716669363901
"V11",4.19750162679702
