"names","vals"
"Intercept",-4.63048237456474
"y",0.623466431861743
"V1",0.669380677398294
"V2",0.52374950167723
"V3",0.449109856737778
"V4",0.0655034491792321
"V5",4.4372253427282
