"names","vals"
"Intercept",-12.944032085326
"y",0.542605515569448
"V1",0.514862746931612
"V2",0.80569284176454
"V3",0.0634132830891758
"V4",0.379155059345067
"V5",0.924802342429757
"V6",0.724439581623301
"V7",0.871314747491851
"V8",3.22419688664377
"V9",3.43651754502207
"V10",3.32221438456327
"V11",4.84781931247562
