"names","vals"
"Intercept",-4.60831704891752
"y",0.953759383177385
"V1",0.202028757659718
"V2",0.428770205471665
"V3",0.923027913551778
"V4",0.940333204576746
"V5",4.8799922131002
