"names","vals"
"Intercept",-6.98637339146808
"y",0.435887212399393
"V1",0.191734336782247
"V2",0.259868525434285
"V3",0.988078954396769
"V4",0.971695090411231
"V5",0.182561431545764
"V6",0.856214634608477
"V7",0.556661783019081
"V8",1.50476743560284
"V9",3.37385030090809
"V10",3.72225635685027
"V11",2.75295300316066
