"names","vals"
"Intercept",-8.46276691306848
"y",0.946754844393581
"V1",0.528691861080006
"V2",0.728965489193797
"V3",0.0390195450745523
"V4",0.0884225354529917
"V5",0.816961217205971
"V6",0.807879762258381
"V7",0.589995818445459
"V8",1.17225987929851
"V9",4.23611440137029
"V10",4.05489657819271
"V11",3.88735452573746
