"names","vals"
"Intercept",-8.87489656263497
"y",0.500559698557481
"V1",0.0876379930414259
"V2",0.365778082748875
"V3",0.00327569083310664
"V4",0.523679478093982
"V5",0.415773144457489
"V6",0.692191874841228
"V7",4.45802601147443
"V8",4.91436525713652
"V9",4.00871437974274
