"names","vals"
"Intercept",-12.2834306058777
"y",0.921281737275422
"V1",0.87178206956014
"V2",0.61801391444169
"V3",0.769757352769375
"V4",0.805477204732597
"V5",0.194627290125936
"V6",0.238217689096928
"V7",3.43943659681827
"V8",4.55198438279331
"V9",3.54189046565443
