"names","vals"
"Intercept",-5.85507984469878
"y",0.784301516599953
"V1",0.348580786259845
"V2",0.244300062535331
"V3",0.847678062971681
"V4",0.611693849787116
"V5",0.696241003926843
"V6",0.839242058806121
"V7",2.75844171736389
"V8",4.0962359989062
"V9",1.04087599553168
