"names","vals"
"Intercept",-9.33754668508191
"y",0.626654239138588
"V1",0.595162673853338
"V2",0.174283277010545
"V3",0.246248042443767
"V4",0.257335588335991
"V5",0.476144704036415
"V6",0.104584408923984
"V7",0.358249040320516
"V8",0.900376374367625
"V9",1.72222856897861
"V10",4.59199625626206
"V11",1.12729199044406
"V12",1.54812945518643
"V13",2.73694830015302
