"names","vals"
"Intercept",-8.56525032222038
"y",0.604397893883288
"V1",0.458058571210131
"V2",0.772479336010292
"V3",0.576629964401945
"V4",0.621580368606374
"V5",0.233645753469318
"V6",0.163709751795977
"V7",0.0417037289589643
"V8",0.306134229060262
"V9",3.03487746883184
"V10",4.39112226758152
"V11",4.20479627419263
"V12",1.88242774922401
"V13",3.73995840642601
