"names","vals"
"Intercept",-5.2384408117272
"y",0.335246082162485
"V1",0.515173431718722
"V2",0.679360038368031
"V3",0.524025759892538
"V4",0.521427085157484
"V5",0.327790774637833
"V6",0.156769795110449
"V7",3.26465805154294
"V8",4.55986730661243
"V9",3.02917636651546
