"names","vals"
"Intercept",-8.54934281395981
"y",0.541543343802914
"V1",0.521046209847555
"V2",0.247961652930826
"V3",0.588123608846217
"V4",0.304929503938183
"V5",0.906630793353543
"V6",0.048460730118677
"V7",0.033859804738313
"V8",0.0219233916141093
"V9",4.72653039637953
"V10",3.2659493945539
"V11",2.23549927677959
"V12",2.45687795989215
"V13",1.78155943192542
