"names","vals"
"Intercept",-2.63920441907831
"y",0.0414382016751915
"V1",0.0285562395583838
"V2",0.417907098308206
"V3",0.0531859120819718
"V4",0.521132066613063
"V5",3.95074721518904
