"names","vals"
"Intercept",-8.95698902793229
"y",0.947471657302231
"V1",0.406722504179925
"V2",0.293367306469008
"V3",0.714685955550522
"V4",0.581838230835274
"V5",0.554640667047352
"V6",0.922115131514147
"V7",2.7304243594408
"V8",4.94358335901052
"V9",2.55212365835905
