"names","vals"
"Intercept",-3.39648377708392
"y",0.0654593924991786
"V1",0.559335083933547
"V2",0.532336161704734
"V3",0.530830031028017
"V4",0.520941696828231
"V5",0.555421561468393
"V6",0.694219487253577
"V7",1.96174675039947
"V8",1.72357443161309
"V9",1.42514927033335
