"names","vals"
"Intercept",-11.6278888330143
"y",0.654843057505786
"V1",0.211738832760602
"V2",0.859178616898134
"V3",0.504318885272369
"V4",0.994321508100256
"V5",0.670762659749016
"V6",0.344085765304044
"V7",0.139782694866881
"V8",3.50766408350319
"V9",1.85693295765668
"V10",4.52669298741966
"V11",3.83006539009511
