"names","vals"
"Intercept",-4.11435026991647
"y",0.124790414236486
"V1",0.601483391132206
"V2",0.840613086242229
"V3",0.623880139086396
"V4",0.589733012486249
"V5",0.747080279048532
"V6",0.53172765718773
"V7",1.24763616081327
"V8",2.14112003240734
"V9",3.04641652293503
