"names","vals"
"Intercept",-9.05453692275332
"y",0.291677783243358
"V1",0.655882604885846
"V2",0.287615411449224
"V3",0.769806039053947
"V4",0.0606942814774811
"V5",0.713770032394677
"V6",0.51945241051726
"V7",0.579339521937072
"V8",3.24447222799063
"V9",4.16312729101628
"V10",1.61703462153673
"V11",3.24213632941246
