"names","vals"
"Intercept",-4.71270697628381
"y",0.0295688260812312
"V1",0.459173309151083
"V2",0.356463781325147
"V3",0.0509397205896676
"V4",0.651008528424427
"V5",0.909174571745098
"V6",0.284191822865978
"V7",4.28928777482361
"V8",3.36216402426362
"V9",1.20029038097709
