"names","vals"
"Intercept",-3.50418592476053
"y",0.252642852487043
"V1",0.998396304203197
"V2",0.257811072980985
"V3",0.998886863468215
"V4",0.712608058471233
"V5",4.07076388224959
