"names","vals"
"Intercept",-4.57376268877182
"y",0.4141549335327
"V1",0.979396584443748
"V2",0.918867323780432
"V3",0.270737602142617
"V4",0.0712622010614723
"V5",0.445305863162503
"V6",0.378553217742592
"V7",2.93623535335064
"V8",1.2232383992523
"V9",3.46777101606131
