"names","vals"
"Intercept",-1.38876575824805
"y",0.395732191391289
"V1",0.234795019729063
"V2",0.645121850306168
"V3",0.0694491853937507
"V4",0.878337750444189
"V5",1.87105386611074
