"names","vals"
"Intercept",-4.2597954723984
"y",0.795452678576112
"V1",0.199268983444199
"V2",0.410306035540998
"V3",0.605341220274568
"V4",0.531179267680272
"V5",0.453813276486471
"V6",2.91181607730687
"V7",1.02767841052264
