"names","vals"
"Intercept",-7.02691671757493
"y",0.448464011773467
"V1",0.0646804689895362
"V2",0.556128926342353
"V3",0.215251318644732
"V4",0.484526950865984
"V5",0.101396358571947
"V6",0.171709660207853
"V7",0.577266148058698
"V8",2.73962496966124
"V9",2.88112987205386
"V10",1.89726741053164
"V11",3.47794525139034
