"names","vals"
"Intercept",-5.45350268642651
"y",0.178056457778439
"V1",0.580426636850461
"V2",0.344174251658842
"V3",0.418155577033758
"V4",0.503943450283259
"V5",0.612463559256867
"V6",0.0801778705790639
"V7",0.701588952448219
"V8",1.48984862305224
"V9",1.51246442925185
"V10",2.76569905225188
"V11",1.15048257634044
