"names","vals"
"Intercept",-5.65999170451425
"y",0.254906194517389
"V1",0.815528701292351
"V2",0.942133553093299
"V3",0.0757198275532573
"V4",0.55796075053513
"V5",0.16021429374814
"V6",0.891736208461225
"V7",1.40949909668416
"V8",3.14365159068257
"V9",2.14664939232171
