"names","vals"
"Intercept",-2.96189420238137
"y",0.660480235470459
"V1",0.0479641838464886
"V2",0.41513887164183
"V3",0.866798958508298
"V4",0.560522257117555
"V5",0.572087646462023
"V6",3.15167456865311
"V7",1.04882736504078
