"names","vals"
"Intercept",-2.10914048906416
"y",0.543786086142063
"V1",0.316627898486331
"V2",0.320270930649713
"V3",0.817691661650315
"V4",0.00604295311495662
"V5",3.52740447595716
