"names","vals"
"Intercept",-7.93638331744354
"y",0.144667774904519
"V1",0.70594017743133
"V2",0.616915243212134
"V3",0.747177941491827
"V4",0.822784038260579
"V5",0.320154268061742
"V6",0.597056590486318
"V7",3.76986901741475
"V8",1.23938031774014
"V9",2.12241566088051
