"names","vals"
"Intercept",-4.50954944582423
"y",0.601657253224403
"V1",0.156190930167213
"V2",0.02675577159971
"V3",0.0281054384540766
"V4",0.947633609175682
"V5",4.54967756010592
