"names","vals"
"Intercept",-6.87644338018261
"y",0.0185124001000077
"V1",0.573372057639062
"V2",0.0694024909753352
"V3",0.0655050461646169
"V4",0.870242393342778
"V5",0.88911602133885
"V6",0.00738712190650403
"V7",4.06026333291084
"V8",4.0081727290526
"V9",2.47740367613733
