"names","vals"
"Intercept",-3.07844545962289
"y",0.838537414325401
"V1",0.792610749602318
"V2",0.0657670490909368
"V3",0.189519002567977
"V4",0.614116424228996
"V5",3.07389012444764
