"names","vals"
"Intercept",-11.9788826665608
"y",0.59636933892034
"V1",0.684997269650921
"V2",0.427707562688738
"V3",0.54067368269898
"V4",0.634084910154343
"V5",0.169600272085518
"V6",0.172599005280063
"V7",0.419947291957214
"V8",0.805150507483631
"V9",3.03208241984248
"V10",1.67086603865027
"V11",4.42563168052584
"V12",4.63861511461437
"V13",2.23674489650875
