"names","vals"
"Intercept",-8.36738784154644
"y",0.390330944210291
"V1",0.171302674571052
"V2",0.845746264792979
"V3",0.250288615236059
"V4",0.22758353385143
"V5",0.829925452359021
"V6",0.950854662340134
"V7",4.33972976543009
"V8",4.3225934067741
"V9",3.29332097247243
