"names","vals"
"Intercept",-6.26578379025217
"y",0.051045506959781
"V1",0.609581964556128
"V2",0.740948548074812
"V3",0.343999802600592
"V4",0.0114707313477993
"V5",0.464580700034276
"V6",0.569877369562164
"V7",0.508538871537894
"V8",2.04591931030154
"V9",3.44761584326625
"V10",2.54527920018882
"V11",1.11518598999828
