"names","vals"
"Intercept",-1.59764246873558
"y",0.823952873470262
"V1",0.355887187179178
"V2",0.124657287029549
"V3",0.991173701127991
"V4",0.451530259801075
"V5",4.68135999608785
