"names","vals"
"Intercept",-2.4435338792624
"y",0.106673300499097
"V1",0.00549023458734155
"V2",0.817842126823962
"V3",0.726977872662246
"V4",0.601685155183077
"V5",0.838447161950171
"V6",1.06853575818241
"V7",2.98070632666349
