"names","vals"
"Intercept",-1.60401560156606
"y",0.102973191300407
"V1",0.662832229863852
"V2",0.0957111201714724
"V3",0.928674270166084
"V4",0.367040610639378
"V5",1.43234332278371
