"names","vals"
"Intercept",-5.09502902469598
"y",0.90507231396623
"V1",0.737513191299513
"V2",0.152951896656305
"V3",0.231438546674326
"V4",0.760547151323408
"V5",0.748438309878111
"V6",2.12904900778085
"V7",2.20906402729452
