"names","vals"
"Intercept",-2.29520620881114
"y",0.596754468977451
"V1",0.938157668802887
"V2",0.774042974226177
"V3",0.671670732321218
"V4",0.442928326549008
"V5",1.37875263392925
