"names","vals"
"Intercept",-6.35461141865933
"y",0.209734187694266
"V1",0.432771531865001
"V2",0.914618509123102
"V3",0.00310172559693456
"V4",0.16743241273798
"V5",0.475136297754943
"V6",0.177357639186084
"V7",0.252314511686563
"V8",2.497120664455
"V9",4.81465401314199
"V10",1.41290023457259
"V11",2.49893890507519
