"names","vals"
"Intercept",-9.16120365133043
"y",0.341667186003178
"V1",0.541856419062242
"V2",0.0921736448071897
"V3",0.198908854741603
"V4",0.985335424076766
"V5",0.893257051240653
"V6",0.983512414153665
"V7",0.601649450138211
"V8",0.21282045240514
"V9",1.01637510955334
"V10",2.32615437358618
"V11",2.91160697676241
"V12",2.86933558899909
"V13",2.63515768013895
