"names","vals"
"Intercept",-8.87353014573455
"y",0.713730109855533
"V1",0.488098940113559
"V2",0.949682990787551
"V3",0.944397273240611
"V4",0.873925412073731
"V5",0.998097389237955
"V6",2.44529805053025
"V7",4.07600782439113
