"names","vals"
"Intercept",-5.72768005339894
"y",0.362834883155301
"V1",0.435991713311523
"V2",0.348666379228234
"V3",0.433406646130607
"V4",0.759595330804586
"V5",4.56531315483153
