"names","vals"
"Intercept",-1.96399888095912
"y",0.682848249096423
"V1",0.726299196947366
"V2",0.156378294108436
"V3",0.787429886404425
"V4",0.385399919934571
"V5",2.78339016065001
