"names","vals"
"Intercept",-3.31247012057574
"y",0.354114721762016
"V1",0.616220285184681
"V2",0.184249602723867
"V3",0.70570856705308
"V4",0.684699599165469
"V5",0.80642302823253
"V6",1.24206620361656
"V7",3.4824571814388
