"names","vals"
"Intercept",-11.4195458787726
"y",0.591182387433946
"V1",0.393140258500353
"V2",0.41761217918247
"V3",0.569688177434728
"V4",0.847332466393709
"V5",0.466351002454758
"V6",0.365282646613196
"V7",0.41382599901408
"V8",3.07448434922844
"V9",3.12556102219969
"V10",2.06891068909317
"V11",3.89720180537552
