"names","vals"
"Intercept",-3.65771800820949
"y",0.980051616905257
"V1",0.905792164150625
"V2",0.773455372313038
"V3",0.201245601288974
"V4",0.637605778872967
"V5",0.327065715566278
"V6",2.04627266712487
"V7",2.55536164995283
