"names","vals"
"Intercept",-5.6779930415377
"y",0.410126677248627
"V1",0.422977682203054
"V2",0.363060639239848
"V3",0.580030991695821
"V4",0.119056220864877
"V5",0.540064206812531
"V6",0.355631012236699
"V7",0.457189331064001
"V8",4.10395224485546
"V9",2.13197527918965
"V10",1.71070486679673
"V11",2.14627779833972
