"names","vals"
"Intercept",-2.66229249510216
"y",0.363681760849431
"V1",0.617568954126909
"V2",0.967494677752256
"V3",0.353739978279918
"V4",0.0563063451554626
"V5",1.47681697271764
