"names","vals"
"Intercept",-10.2420930532133
"y",0.442984256427735
"V1",0.604055044008419
"V2",0.228183835279197
"V3",0.701085860142484
"V4",0.497504172613844
"V5",0.920865980908275
"V6",0.251973364735022
"V7",0.963262262521312
"V8",0.245611766120419
"V9",4.71047678776085
"V10",2.86409408226609
"V11",2.82183735631406
"V12",3.78246673289686
"V13",2.31230560131371
