"names","vals"
"Intercept",-1.96744008211186
"y",0.197953236987814
"V1",0.948972051497549
"V2",0.329034334281459
"V3",0.0541445610579103
"V4",0.949496610788628
"V5",4.72471263911575
