"names","vals"
"Intercept",-3.14050292835571
"y",0.959394061705098
"V1",0.173167425673455
"V2",0.442076676292345
"V3",0.273180601652712
"V4",0.525656345533207
"V5",0.249476341996342
"V6",1.88769321981817
"V7",3.81453916523606
