"names","vals"
"Intercept",-6.82858119437937
"y",0.621463711606339
"V1",0.712341321399435
"V2",0.126380865462124
"V3",0.546460941433907
"V4",0.659099058713764
"V5",0.0705544450320303
"V6",0.144783424912021
"V7",0.0327426795847714
"V8",2.12866018619388
"V9",3.74741012882441
"V10",3.98301388416439
"V11",2.11434683855623
