"names","vals"
"Intercept",-4.30849226740655
"y",0.576910225907341
"V1",0.747344014933333
"V2",0.447535555809736
"V3",0.608362618135288
"V4",0.473664486780763
"V5",0.587110826279968
"V6",0.372419109102339
"V7",1.65834727790207
"V8",2.3171763336286
"V9",1.97694923263043
