"names","vals"
"Intercept",-4.4951972807548
"y",0.72640584083274
"V1",0.372894171858206
"V2",0.44647877663374
"V3",0.895060780458152
"V4",0.577853035414591
"V5",0.853691025869921
"V6",0.866439517121762
"V7",2.1624816339463
"V8",2.44393684528768
"V9",1.63969575241208
