"names","vals"
"Intercept",-3.43203060009982
"y",0.251195748802274
"V1",0.656962062697858
"V2",0.603004155913368
"V3",0.102526106173173
"V4",0.70612437510863
"V5",0.199416950810701
"V6",2.13241756986827
"V7",1.77502292674035
