"names","vals"
"Intercept",-7.08326005255571
"y",0.725759285036474
"V1",0.260231086052954
"V2",0.648033041739836
"V3",0.110747737810016
"V4",0.854766030330211
"V5",0.245226248400286
"V6",4.23254057951272
"V7",4.42986379563808
