"names","vals"
"Intercept",-13.6695539143519
"y",0.649070382351056
"V1",0.716892945580184
"V2",0.550067956792191
"V3",0.650915711186826
"V4",0.987299552652985
"V5",0.101559525821358
"V6",0.769935693126172
"V7",0.957947853719816
"V8",0.906816287199035
"V9",4.02680536918342
"V10",2.5730533991009
"V11",4.88254665117711
"V12",2.35791545640677
"V13",4.71934344433248
