"names","vals"
"Intercept",-5.53297910759226
"y",0.0854307040572166
"V1",0.757876286283135
"V2",0.26717794733122
"V3",0.81367584480904
"V4",0.000361565733328462
"V5",0.77867431147024
"V6",0.124223064165562
"V7",0.376450983341783
"V8",0.40064436243847
"V9",3.86197466496378
"V10",1.04434949439019
"V11",4.97153035458177
"V12",2.09547575842589
"V13",3.00291041471064
