"names","vals"
"Intercept",-4.3230661489442
"y",0.164446274517104
"V1",0.586933107115328
"V2",0.85399420442991
"V3",0.306450238917023
"V4",0.0820682037156075
"V5",0.416960956761613
"V6",0.761092381784692
"V7",1.33962588571012
"V8",2.52238934114575
"V9",1.08874745573848
