"names","vals"
"Intercept",-4.9860132459132
"y",0.600238485028967
"V1",0.653207491384819
"V2",0.391306696692482
"V3",0.89906433224678
"V4",0.792098155245185
"V5",0.539835615549237
"V6",4.86358747817576
"V7",4.26127762254328
