"names","vals"
"Intercept",-1.03348540101666
"y",0.513856998179108
"V1",0.935580011457205
"V2",0.771167933009565
"V3",0.0374674571212381
"V4",0.221953675616533
"V5",4.08443650044501
