"names","vals"
"Intercept",-6.74497121527325
"y",0.254025855800137
"V1",0.132137696491554
"V2",0.675668524345383
"V3",0.532154151704162
"V4",0.525062964530662
"V5",0.16730892076157
"V6",0.19118776335381
"V7",0.74356718477793
"V8",3.58353398926556
"V9",3.00678389426321
"V10",2.17060634773225
"V11",2.83536304906011
