"names","vals"
"Intercept",-7.43868783691432
"y",0.655545989749953
"V1",0.394828784512356
"V2",0.402754696086049
"V3",0.0798901033122092
"V4",0.596380857983604
"V5",0.0245716231875122
"V6",0.151856910437346
"V7",4.66191912908107
"V8",4.73784671444446
"V9",4.51035355869681
