"names","vals"
"Intercept",-6.25068715060595
"y",0.741963145788759
"V1",0.447651610709727
"V2",0.620276482775807
"V3",0.167846713680774
"V4",0.568556366721168
"V5",0.170711029088125
"V6",0.660818009637296
"V7",0.129980074241757
"V8",4.9990610089153
"V9",3.31389715801924
"V10",2.90532553009689
"V11",3.25158401671797
