"names","vals"
"Intercept",-3.43426598564722
"y",0.262423564214259
"V1",0.0525433490984142
"V2",0.231499157613143
"V3",0.646051339339465
"V4",0.545547288144007
"V5",3.08147371187806
