"names","vals"
"Intercept",-7.09081659424119
"y",0.330155827105045
"V1",0.165839160326868
"V2",0.0637539396993816
"V3",0.999664884060621
"V4",0.424743238603696
"V5",0.724373901262879
"V6",0.839085270650685
"V7",2.04375759698451
"V8",4.70019413158298
"V9",2.85076562222093
