"names","vals"
"Intercept",-2.10824487475911
"y",0.24146159295924
"V1",0.0397878987714648
"V2",0.450119321700186
"V3",0.190278919646516
"V4",0.537634488195181
"V5",3.25066635478288
