"names","vals"
"Intercept",-6.49795243876288
"y",0.606482999399304
"V1",0.933126308955252
"V2",0.527755229501054
"V3",0.394944054540247
"V4",0.311985075939447
"V5",0.413316924124956
"V6",0.111401874804869
"V7",1.19001892302185
"V8",1.25971722602844
"V9",3.60523177776486
