"names","vals"
"Intercept",-10.1664078482753
"y",0.751200682017952
"V1",0.360964041436091
"V2",0.179607632569969
"V3",0.249868641840294
"V4",0.639401010936126
"V5",0.60023111384362
"V6",0.412622086238116
"V7",0.151043395977467
"V8",0.500860212370753
"V9",3.32173825893551
"V10",3.39151891600341
"V11",1.48617448937148
"V12",1.17132777348161
"V13",2.60139147751033
