"names","vals"
"Intercept",-7.06679873423884
"y",0.826704193372279
"V1",0.366271055536345
"V2",0.751873321365565
"V3",0.81786278472282
"V4",0.852983537362888
"V5",0.883118325378746
"V6",0.878661720082164
"V7",0.107386103831232
"V8",1.0112925581634
"V9",1.62251300737262
"V10",2.39162593800575
"V11",3.54936615563929
