"names","vals"
"Intercept",-4.50054811362643
"y",0.778901943471283
"V1",0.228214857634157
"V2",0.945120896911249
"V3",0.744192614918575
"V4",0.241507180267945
"V5",0.22664661379531
"V6",0.965720872394741
"V7",2.59223483037204
"V8",3.88345187902451
"V9",4.45247858017683
