"names","vals"
"Intercept",-8.8768694836786
"y",0.913363018538803
"V1",0.649338356917724
"V2",0.494979369686916
"V3",0.52933049434796
"V4",0.942038706270978
"V5",0.835499399341643
"V6",0.447584676323459
"V7",3.65171177778393
"V8",3.9128889311105
"V9",2.0590769322589
