"names","vals"
"Intercept",-6.1513495182991
"y",0.852044753963128
"V1",0.50363359763287
"V2",0.904539210954681
"V3",0.920818586135283
"V4",0.424917174037546
"V5",0.909609260503203
"V6",4.22784627135843
"V7",1.08966991305351
