"names","vals"
"Intercept",-1.82828606034163
"y",0.0437529718037695
"V1",0.443641040939838
"V2",0.528889162233099
"V3",0.19486872642301
"V4",0.264778952114284
"V5",4.4754746844992
