"names","vals"
"Intercept",-0.670984814164694
"y",0.627471938263625
"V1",0.51390687818639
"V2",0.563784837024286
"V3",0.264375256374478
"V4",0.564051863737404
"V5",1.30602544359863
