"names","vals"
"Intercept",-10.1473066399456
"y",0.126706808339804
"V1",0.567475009942427
"V2",0.72191040054895
"V3",0.160792206646875
"V4",0.610633148811758
"V5",0.114648278802633
"V6",0.262006206205115
"V7",0.916405061958358
"V8",1.80177183821797
"V9",3.30430762469769
"V10",1.25614416413009
"V11",4.86096161603928
