"names","vals"
"Intercept",-8.36729723677272
"y",0.912936782231554
"V1",0.721345107303932
"V2",0.200603893958032
"V3",0.9545313550625
"V4",0.60225826036185
"V5",0.424063843209296
"V6",0.187364614102989
"V7",4.16955204680562
"V8",1.62841190863401
"V9",2.9505249010399
