"names","vals"
"Intercept",-7.26358412083937
"y",0.926532271318138
"V1",0.614717906108126
"V2",0.904554061358795
"V3",0.874146708520129
"V4",0.449710530228913
"V5",0.483496061526239
"V6",4.54510578420013
"V7",2.90912341605872
