"names","vals"
"Intercept",-11.1149477594532
"y",0.689500590320677
"V1",0.0070088654756546
"V2",0.385400704108179
"V3",0.445179157890379
"V4",0.407063115388155
"V5",0.0888834393117577
"V6",0.112348870374262
"V7",0.721303819911554
"V8",0.482628697762266
"V9",3.83579861558974
"V10",3.73705009836704
"V11",2.00851901527494
"V12",4.77272806316614
"V13",4.3797109592706
