"names","vals"
"Intercept",-3.92915150377201
"y",0.86170233390294
"V1",0.867301320889965
"V2",0.444784369552508
"V3",0.521867434261367
"V4",0.0433335285633802
"V5",0.987809209153056
"V6",2.79032119177282
"V7",2.60435900278389
