"names","vals"
"Intercept",-9.46771803149488
"y",0.680928519461304
"V1",0.935260771075264
"V2",0.347265847725794
"V3",0.450927783269435
"V4",0.899216369027272
"V5",0.589650112669915
"V6",0.25171706173569
"V7",0.0644315853714943
"V8",0.0111406294163316
"V9",3.47636320721358
"V10",2.51785844098777
"V11",1.43405886180699
"V12",3.61858971696347
"V13",3.22334224358201
