"names","vals"
"Intercept",-10.3932672565454
"y",0.549803598085418
"V1",0.751077043358237
"V2",0.680449945153669
"V3",0.270213630748913
"V4",0.975793361896649
"V5",0.0826222226023674
"V6",0.315490591805428
"V7",0.685718324733898
"V8",2.64836749341339
"V9",2.34393595345318
"V10",3.73619327135384
"V11",4.31614379677922
