"names","vals"
"Intercept",-3.97462184320204
"y",0.0488499558996409
"V1",0.971059885341674
"V2",0.6257341618184
"V3",0.0715612550266087
"V4",0.240875963121653
"V5",0.809301248984411
"V6",3.23622460011393
"V7",4.48169472999871
