"names","vals"
"Intercept",-2.90080895447871
"y",0.143841506214812
"V1",0.530552825890481
"V2",0.0458046025596559
"V3",0.172793455887586
"V4",0.908237909898162
"V5",0.914481535088271
"V6",2.53853768017143
"V7",3.95520611200482
