"names","vals"
"Intercept",-8.0523023440782
"y",0.940265469253063
"V1",0.377631720621139
"V2",0.981732727726921
"V3",0.760918450541794
"V4",0.951606618240476
"V5",0.649795633507892
"V6",0.490101451519877
"V7",0.595484749646857
"V8",0.746854051714763
"V9",1.33151268493384
"V10",2.53772412519902
"V11",3.82957784831524
"V12",3.71687315683812
"V13",1.7671947516501
