"names","vals"
"Intercept",-10.2458969550789
"y",0.618973154341802
"V1",0.125966801308095
"V2",0.139299747301266
"V3",0.0838638867717236
"V4",0.262085789116099
"V5",0.49303850135766
"V6",0.115529546048492
"V7",0.296001433394849
"V8",0.380820740247145
"V9",3.54937350284308
"V10",2.18512921687216
"V11",2.39692422933877
"V12",1.61910678632557
"V13",2.9570031510666
