"names","vals"
"Intercept",-2.69125655845273
"y",0.7515448553022
"V1",0.985453138360754
"V2",0.824928937247023
"V3",0.478752826340497
"V4",0.90149168856442
"V5",0.299271402647719
"V6",2.75096172653139
"V7",1.92828459944576
