"names","vals"
"Intercept",-1.28288616884965
"y",0.436088125221431
"V1",0.441619133576751
"V2",0.808863776735961
"V3",0.184993005823344
"V4",0.0723146765958518
"V5",2.51617474853992
