"names","vals"
"Intercept",-3.60731532131787
"y",0.26672171941027
"V1",0.681324359262362
"V2",0.814135807566345
"V3",0.329207763308659
"V4",0.710133638931438
"V5",2.31930368579924
