"names","vals"
"Intercept",-11.4369515096629
"y",0.885072494158521
"V1",0.426419288385659
"V2",0.624267962528393
"V3",0.925084192305803
"V4",0.673531352775171
"V5",0.813745475141332
"V6",0.243176756659523
"V7",2.99695639312267
"V8",4.55600560829043
"V9",3.53062969632447
