"names","vals"
"Intercept",-9.98313985424582
"y",0.112497413298115
"V1",0.215167556656525
"V2",0.82335012848489
"V3",0.202416379703209
"V4",0.372598623856902
"V5",0.866000531706959
"V6",0.532984689343721
"V7",0.803161222953349
"V8",4.87412495631725
"V9",4.54544765502214
"V10",2.22289445437491
"V11",4.25269940588623
