"names","vals"
"Intercept",-5.52193601661827
"y",0.967814336065203
"V1",0.148984581930563
"V2",0.546471869805828
"V3",0.809534554835409
"V4",0.000636790646240115
"V5",0.950899810530245
"V6",0.622538731899112
"V7",2.90811277925968
"V8",4.99576013535261
"V9",2.20484260749072
