"names","vals"
"Intercept",-9.74662957716268
"y",0.545464185299352
"V1",0.978171240538359
"V2",0.869707936886698
"V3",0.974628783995286
"V4",0.504662158899009
"V5",0.119550396222621
"V6",4.40562031883746
"V7",4.44459970947355
