"names","vals"
"Intercept",-4.75286125650164
"y",0.381943347165361
"V1",0.749953997787088
"V2",0.683935770764947
"V3",0.888943010009825
"V4",0.634560428792611
"V5",0.338918955298141
"V6",0.980672298930585
"V7",0.845237057423219
"V8",4.18587014451623
"V9",1.40191213414073
"V10",3.14892948791385
"V11",3.13300592266023
