"names","vals"
"Intercept",-8.91048880105373
"y",0.706701088231057
"V1",0.558237565215677
"V2",0.0806291634216905
"V3",0.0732277918141335
"V4",0.631484610028565
"V5",0.340451930882409
"V6",0.327949227299541
"V7",4.97546916268766
"V8",2.28013036213815
"V9",4.47333821002394
