"names","vals"
"Intercept",-2.57137384766247
"y",0.366188969928771
"V1",0.155470156110823
"V2",0.782511362805963
"V3",0.272366637596861
"V4",0.772657733643427
"V5",2.74291125871241
