"names","vals"
"Intercept",-6.60095818972681
"y",0.801226534880698
"V1",0.24325592094101
"V2",0.225547688780352
"V3",0.981915019452572
"V4",0.0131651894189417
"V5",0.670295806368813
"V6",0.86514496197924
"V7",0.401404937263578
"V8",3.24455321766436
"V9",1.82648742198944
"V10",1.6115022469312
"V11",2.07878411561251
