"names","vals"
"Intercept",-6.81975008602254
"y",0.586298929294571
"V1",0.442467689048499
"V2",0.882106004282832
"V3",0.153624724131078
"V4",0.0606752957683057
"V5",0.423922858666629
"V6",0.318757775705308
"V7",4.11944337096065
"V8",3.93724723905325
"V9",2.78579189442098
