"names","vals"
"Intercept",-1.76809367563576
"y",0.987036994192749
"V1",0.697046844987199
"V2",0.114146777428687
"V3",0.641405276488513
"V4",0.191709584090859
"V5",2.54383735638112
