"names","vals"
"Intercept",-7.57883426844142
"y",0.13344777491875
"V1",0.0908531330060214
"V2",0.215258769225329
"V3",0.0119668524712324
"V4",0.0709629796911031
"V5",0.240497005637735
"V6",0.0592843657359481
"V7",0.325996177503839
"V8",0.807591242948547
"V9",2.26660136971623
"V10",1.29437985084951
"V11",4.92256376519799
"V12",3.22646802291274
"V13",1.60662840865552
