"names","vals"
"Intercept",-8.55726628619712
"y",0.268472046358511
"V1",0.696598107926548
"V2",0.668625933118165
"V3",0.87064783112146
"V4",0.19634657073766
"V5",0.912810590583831
"V6",0.888761943206191
"V7",0.580507158767432
"V8",3.7986899279058
"V9",4.36895517446101
"V10",4.05186024028808
"V11",1.27878480404615
