"names","vals"
"Intercept",-3.33919226883445
"y",0.430654074763879
"V1",0.401225744280964
"V2",0.31835875636898
"V3",0.500102250371128
"V4",0.130624846788123
"V5",0.000265837414190173
"V6",4.46015774831176
"V7",2.84902917221189
