"names","vals"
"Intercept",-3.46428724486614
"y",0.907692079665139
"V1",0.500719972653314
"V2",0.533265486825258
"V3",0.458582778461277
"V4",0.846165881259367
"V5",0.683977890061215
"V6",0.43812851794064
"V7",2.38346376735717
"V8",1.04399546422064
"V9",4.41084629110992
