"names","vals"
"Intercept",-7.43377766859252
"y",0.618540728231892
"V1",0.476357391104102
"V2",0.882385542849079
"V3",0.436051210155711
"V4",0.0318109742365777
"V5",0.92481978982687
"V6",0.202937920810655
"V7",0.216024708002806
"V8",0.652729087974876
"V9",1.59665000624955
"V10",2.32016779854894
"V11",4.20697964727879
"V12",1.23629742395133
"V13",1.01552740111947
