"names","vals"
"Intercept",-3.77736357526388
"y",0.925741129554808
"V1",0.597597770160064
"V2",0.810958810616285
"V3",0.93621210870333
"V4",0.105597916524857
"V5",0.394873129669577
"V6",2.39985819347203
"V7",3.07017226424068
