"names","vals"
"Intercept",-7.1629333721241
"y",0.991591159952804
"V1",0.931070576421916
"V2",0.715247337706387
"V3",0.730728757567704
"V4",0.76327650831081
"V5",0.271203562850133
"V6",0.77155940211378
"V7",3.18828388210386
"V8",2.26927003171295
"V9",2.28670884575695
