"names","vals"
"Intercept",-9.12040541196708
"y",0.0950403863098472
"V1",0.947303572669625
"V2",0.892312340205535
"V3",0.691289736190811
"V4",0.694769460475072
"V5",0.790641943691298
"V6",0.558963056886569
"V7",0.243749996647239
"V8",0.421566726174206
"V9",2.86582664679736
"V10",3.17025236599147
"V11",1.46064577344805
"V12",2.15613739565015
"V13",1.07962027285248
