"names","vals"
"Intercept",-1.86270167549374
"y",0.495936030521989
"V1",0.820928777335212
"V2",0.0979876569472253
"V3",0.899240678641945
"V4",0.462945052422583
"V5",1.6551815373823
