"names","vals"
"Intercept",-2.10161423061509
"y",0.0661705639213324
"V1",0.0814200246240944
"V2",0.0420113713480532
"V3",0.794056843733415
"V4",0.343322780681774
"V5",3.44916568789631
