"names","vals"
"Intercept",-13.7275575393671
"y",0.440946076530963
"V1",0.777262263698503
"V2",0.887914490187541
"V3",0.485352932242677
"V4",0.259952327236533
"V5",0.984712193720043
"V6",0.411769464844838
"V7",0.761051384964958
"V8",0.700668419711292
"V9",1.96368163730949
"V10",2.48891533724964
"V11",4.27747427206486
"V12",4.91434236150235
"V13",3.93262342642993
