"names","vals"
"Intercept",-2.82038913685828
"y",0.425449954811484
"V1",0.456406858516857
"V2",0.190719876904041
"V3",0.228142273845151
"V4",0.670390136539936
"V5",0.989060967694968
"V6",0.0663275313563645
"V7",4.82915385439992
"V8",2.58287746552378
"V9",1.13676770217717
