"names","vals"
"Intercept",-3.81190424385946
"y",0.757516006939113
"V1",0.495509286643937
"V2",0.708750493591651
"V3",0.766874064691365
"V4",0.90571334422566
"V5",0.746321667917073
"V6",0.185689755249768
"V7",1.49943182524294
"V8",1.7344600521028
"V9",2.77745701931417
