"names","vals"
"Intercept",-8.09119762363844
"y",0.857281240867451
"V1",0.285479478538036
"V2",0.994961059419438
"V3",0.914859521668404
"V4",0.829559563426301
"V5",0.167569649405777
"V6",0.581250878749415
"V7",0.0285124517977238
"V8",3.21823279280216
"V9",2.48298660013825
"V10",3.68910690862685
"V11",3.83439116179943
