"names","vals"
"Intercept",-5.73270527966786
"y",0.421494805719703
"V1",0.195725600700825
"V2",0.995235649868846
"V3",0.713504729326814
"V4",0.935298312921077
"V5",0.309105704771355
"V6",3.75584298744798
"V7",4.08118681889027
