"names","vals"
"Intercept",-1.429410681054
"y",0.816966240294278
"V1",0.84754477837123
"V2",0.15716651128605
"V3",0.231280233478174
"V4",0.763853722717613
"V5",0.786184991709888
"V6",3.55637109838426
"V7",1.10853936895728
