"names","vals"
"Intercept",-4.03652857634239
"y",0.269493833882734
"V1",0.8528284993954
"V2",0.595354646677151
"V3",0.150217547081411
"V4",0.0238474425859749
"V5",0.0960211881902069
"V6",0.932164145866409
"V7",0.366000154754147
"V8",3.45966956857592
"V9",3.63613555021584
"V10",1.86713012773544
"V11",2.80871054250747
