"names","vals"
"Intercept",-2.43089157779701
"y",0.700078031281009
"V1",0.143670175224543
"V2",0.650243015727028
"V3",0.213288256432861
"V4",0.100008720997721
"V5",2.10800028592348
