"names","vals"
"Intercept",-8.02630485537928
"y",0.829941190080717
"V1",0.850620698183775
"V2",0.0577335774432868
"V3",0.389086647424847
"V4",0.625367020256817
"V5",0.0831711036153138
"V6",0.516906820004806
"V7",4.83358320966363
"V8",3.86794188898057
"V9",1.64664868451655
