"names","vals"
"Intercept",-6.80586545433616
"y",0.980097743449733
"V1",0.888734658947214
"V2",0.824553005164489
"V3",0.866488249506801
"V4",0.179192351410165
"V5",0.535447342321277
"V6",0.994478954933584
"V7",1.56671282928437
"V8",3.54412518441677
"V9",4.04742028564215
