"names","vals"
"Intercept",-3.66826596785802
"y",0.135504929581657
"V1",0.739880968816578
"V2",0.329371317988262
"V3",0.262539213057607
"V4",0.376688114134595
"V5",3.140545620583
