"names","vals"
"Intercept",-8.22372901854804
"y",0.526312119793147
"V1",0.19562306557782
"V2",0.415942092193291
"V3",0.333457969129086
"V4",0.533616723259911
"V5",0.833489425014704
"V6",0.844551099697128
"V7",0.556594686117023
"V8",0.330712304217741
"V9",4.47317813523114
"V10",2.48280239664018
"V11",2.52489150781184
"V12",2.95449147652835
"V13",4.50215413793921
