"names","vals"
"Intercept",-4.39264047947945
"y",0.13617336563766
"V1",0.0124325132928789
"V2",0.192289950791746
"V3",0.298553729662672
"V4",0.898994263261557
"V5",0.44532647030428
"V6",2.18772028014064
"V7",1.47885544411838
