"names","vals"
"Intercept",-2.59722911861027
"y",0.473551235860214
"V1",0.604941267287359
"V2",0.305932573741302
"V3",0.921111029805616
"V4",0.458991313818842
"V5",3.53253160603344
