"names","vals"
"Intercept",-3.36389752588235
"y",0.49387117405422
"V1",0.75793803553097
"V2",0.297825535060838
"V3",0.626082924427465
"V4",0.800817945506424
"V5",0.215974917402491
"V6",3.73257782589644
"V7",3.6635586777702
