"names","vals"
"Intercept",-2.70171253762674
"y",0.844801260856912
"V1",0.171100998064503
"V2",0.590983458328992
"V3",0.428249208489433
"V4",0.673304939176887
"V5",0.344635248649865
"V6",1.22569394856691
"V7",1.27627163752913
