"names","vals"
"Intercept",-3.01227216178086
"y",0.46497268253006
"V1",0.403748917160556
"V2",0.349577131681144
"V3",0.489218841539696
"V4",0.700515155447647
"V5",1.76594190113246
