"names","vals"
"Intercept",-4.4166837059427
"y",0.471887071849778
"V1",0.945598019519821
"V2",0.0718366994988173
"V3",0.257000855635852
"V4",0.747259006369859
"V5",0.79120618943125
"V6",1.74847609736025
"V7",2.82358525227755
