"names","vals"
"Intercept",-1.30507903377293
"y",0.358702209545299
"V1",0.990750226890668
"V2",0.475344559410587
"V3",0.198655854910612
"V4",0.0260691293515265
"V5",1.11645998246968
