"names","vals"
"Intercept",-6.89612427494721
"y",0.084939737804234
"V1",0.750258550746366
"V2",0.326915638521314
"V3",0.311001251684502
"V4",0.183154918486252
"V5",0.893521532416344
"V6",0.797111106337979
"V7",0.473355084424838
"V8",4.88946859817952
"V9",1.86951368488371
"V10",1.18640878051519
"V11",1.37479703128338
