"names","vals"
"Intercept",-7.09233184996992
"y",0.363716599764302
"V1",0.353448085254058
"V2",0.82393301022239
"V3",0.592412454308942
"V4",0.951554386643693
"V5",0.130979846697301
"V6",0.58729067305103
"V7",0.078076857374981
"V8",0.610185330267996
"V9",3.45291430782527
"V10",1.83097605593503
"V11",1.28674978110939
"V12",3.74690854549408
"V13",2.95211292058229
