"names","vals"
"Intercept",-10.9355321889743
"y",0.566453909734264
"V1",0.501352684572339
"V2",0.0442279921844602
"V3",0.13807121803984
"V4",0.860842854250222
"V5",0.891387773212045
"V6",0.193993753287941
"V7",0.739841699367389
"V8",4.50903775263578
"V9",2.61052688024938
"V10",1.98955862317234
"V11",4.29849457461387
