"names","vals"
"Intercept",-9.20013126863632
"y",0.0912658453453332
"V1",0.863112119492143
"V2",0.131041914224625
"V3",0.88837412907742
"V4",0.0972876569721848
"V5",0.306380830006674
"V6",0.362775085959584
"V7",0.158726058201864
"V8",4.99737438000739
"V9",2.97313798591495
"V10",4.79887565039098
"V11",3.76175091043115
