"names","vals"
"Intercept",-16.6226212703157
"y",0.322335003875196
"V1",0.060534079791978
"V2",0.94691131147556
"V3",0.634658161783591
"V4",0.953623353503644
"V5",0.284478283021599
"V6",0.358448012731969
"V7",0.823281456949189
"V8",0.826698421034962
"V9",2.86293576098979
"V10",3.76528457086533
"V11",4.43686346150935
"V12",1.9552860846743
"V13",4.38534662127495
