"names","vals"
"Intercept",-6.98178657477256
"y",0.349945206660777
"V1",0.0779670989140868
"V2",0.782247348688543
"V3",0.595539107220247
"V4",0.887660506879911
"V5",0.0999618927016854
"V6",0.422978149261326
"V7",0.972911031683907
"V8",4.17438294552267
"V9",4.43122774548829
"V10",1.41687994170934
"V11",1.6566498382017
