"names","vals"
"Intercept",-7.65232205262873
"y",0.242859729100019
"V1",0.725588258123025
"V2",0.196698670275509
"V3",0.146838081069291
"V4",0.874614886939526
"V5",0.495364740025252
"V6",0.715314532862976
"V7",0.298868300160393
"V8",0.767598533537239
"V9",4.78668278083205
"V10",3.89559712074697
"V11",3.73802312649786
"V12",1.08617219980806
"V13",3.26980966795236
