"names","vals"
"Intercept",-2.73079257471487
"y",0.793120594928041
"V1",0.228517485782504
"V2",0.166575112147257
"V3",0.311733747133985
"V4",0.56868567597121
"V5",2.29968262091279
