"names","vals"
"Intercept",-8.19918573877076
"y",0.572226680116728
"V1",0.86195604247041
"V2",0.999624970369041
"V3",0.723261542851105
"V4",0.0809634139295667
"V5",0.074631019262597
"V6",0.307393509196118
"V7",0.479128203354776
"V8",0.527833393774927
"V9",3.22259338293225
"V10",3.72506002988666
"V11",3.38689913321286
"V12",3.61678940989077
"V13",1.92442322801799
