"names","vals"
"Intercept",-6.81705462561222
"y",0.405427617253736
"V1",0.719462753739208
"V2",0.352608843473718
"V3",0.7724989738781
"V4",0.925995007622987
"V5",0.730578637449071
"V6",2.00672982446849
"V7",4.07615451514721
