"names","vals"
"Intercept",-8.37166976211592
"y",0.687916193157434
"V1",0.103418960236013
"V2",0.0148435793817043
"V3",0.108106364961714
"V4",0.857764194021001
"V5",0.984795838128775
"V6",0.197183975484222
"V7",0.614594062324613
"V8",0.91301133390516
"V9",3.91948646865785
"V10",2.53457567561418
"V11",1.68891246058047
"V12",1.27139376383275
"V13",3.53519313503057
