"names","vals"
"Intercept",-7.35698051444255
"y",0.306689781602472
"V1",0.359035717789084
"V2",0.232377567095682
"V3",0.330186340259388
"V4",0.451648416463286
"V5",0.193277969956398
"V6",0.704348888248205
"V7",0.787402310408652
"V8",1.24230206012726
"V9",3.09570555388927
"V10",2.89909546636045
"V11",4.42591214179993
