"names","vals"
"Intercept",-3.25194963536691
"y",0.203945705899969
"V1",0.0320327167864889
"V2",0.920453723752871
"V3",0.32531923125498
"V4",0.346936247078702
"V5",2.59972073324025
