"names","vals"
"Intercept",-8.86927333879285
"y",0.240559734636918
"V1",0.6989300691057
"V2",0.786600206512958
"V3",0.329241930739954
"V4",0.296183330472559
"V5",0.459977892460302
"V6",0.726391211617738
"V7",0.14179758168757
"V8",0.812017856864259
"V9",3.1725812740624
"V10",2.36035963054746
"V11",2.92273457534611
"V12",1.31409091316164
"V13",1.74117927066982
