"names","vals"
"Intercept",-3.10781103905058
"y",0.0865206297021359
"V1",0.894859820371494
"V2",0.0851132422685623
"V3",0.600869451416656
"V4",0.673428097274154
"V5",4.45182214491069
