"names","vals"
"Intercept",-10.4238084880752
"y",0.686173371272162
"V1",0.435982240363955
"V2",0.925718926126137
"V3",0.772077919682488
"V4",0.85614236118272
"V5",0.907432230887935
"V6",0.0656877672299743
"V7",0.837132025975734
"V8",0.125531297875568
"V9",2.33529120869935
"V10",1.93968645855784
"V11",1.58947059884667
"V12",4.33985778782517
"V13",4.61639625392854
