"names","vals"
"Intercept",-8.71312876169104
"y",0.375476514920592
"V1",0.379648060305044
"V2",0.200500079197809
"V3",0.695077033946291
"V4",0.0942616790998727
"V5",0.812464728718624
"V6",0.737768309656531
"V7",0.847032805671915
"V8",0.0853509732987732
"V9",3.52622910309583
"V10",2.81475238036364
"V11",3.56692843977362
"V12",2.25138239841908
"V13",1.4146891515702
