"names","vals"
"Intercept",-12.0872993751429
"y",0.801912156166509
"V1",0.821971290977672
"V2",0.395515149924904
"V3",0.387433224823326
"V4",0.215168690541759
"V5",0.201848704367876
"V6",0.566406902857125
"V7",0.105068328324705
"V8",2.28513083420694
"V9",2.84275696612895
"V10",2.37869952153414
"V11",4.01916689518839
