"names","vals"
"Intercept",-1.53049040637212
"y",0.104566935682669
"V1",0.232460689963773
"V2",0.666197095997632
"V3",0.0522971495520324
"V4",0.141115789068863
"V5",1.66618104930967
