"names","vals"
"Intercept",-7.14219670646125
"y",0.734828213229775
"V1",0.214824635302648
"V2",0.504091201582924
"V3",0.867112698266283
"V4",0.487170308828354
"V5",0.567465244792402
"V6",0.564094666391611
"V7",1.76141964551061
"V8",4.97249399870634
"V9",1.38101404625922
