"names","vals"
"Intercept",-5.75912682628259
"y",0.8480917471461
"V1",0.628768966533244
"V2",0.164677766384557
"V3",0.00494691869243979
"V4",0.898461362114176
"V5",0.551675649592653
"V6",0.659671704052016
"V7",1.00773245468736
"V8",1.6060154568404
"V9",2.99592774733901
