"names","vals"
"Intercept",-6.15492149418918
"y",0.450095488224179
"V1",0.730260771000758
"V2",0.0106681676115841
"V3",0.517629591748118
"V4",0.723997005727142
"V5",0.921108889160678
"V6",0.972159048076719
"V7",2.47494661156088
"V8",4.63778357207775
"V9",1.81049918662757
