"names","vals"
"Intercept",-10.2280343231396
"y",0.0817025694996119
"V1",0.104906554101035
"V2",0.185675656422973
"V3",0.292391218710691
"V4",0.6846210709773
"V5",0.512296893866733
"V6",0.741426638327539
"V7",0.541344444500282
"V8",3.64474545791745
"V9",4.69313880894333
"V10",3.6873288359493
"V11",4.96757507883012
