"names","vals"
"Intercept",-4.98672397203045
"y",0.657710440224037
"V1",0.143265555147082
"V2",0.226267099380493
"V3",0.63700713403523
"V4",0.88120227586478
"V5",0.480506848311052
"V6",3.64141971711069
"V7",2.85001183114946
