"names","vals"
"Intercept",-6.48325018999167
"y",0.279205621685833
"V1",0.822211202001199
"V2",0.116271035047248
"V3",0.961571621475741
"V4",0.859328498831019
"V5",0.745772955706343
"V6",3.18967559933662
"V7",4.26192857231945
