"names","vals"
"Intercept",-6.66120680068852
"y",0.115658537251875
"V1",0.0339737618342042
"V2",0.629070337861776
"V3",0.157254379009828
"V4",0.434620084473863
"V5",0.297846269560978
"V6",4.03124766424298
"V7",3.90570623613894
