"names","vals"
"Intercept",-3.72451285701245
"y",0.233672713628039
"V1",0.266967835836112
"V2",0.0943512166850269
"V3",0.00950293592177331
"V4",0.349471325986087
"V5",0.972044219495729
"V6",1.25439502671361
"V7",4.37436359189451
