"names","vals"
"Intercept",-10.7995070337015
"y",0.693545403657481
"V1",0.642136526294053
"V2",0.450111333746463
"V3",0.700909487903118
"V4",0.245509487809613
"V5",0.408283036667854
"V6",0.871789719210938
"V7",0.951932469615713
"V8",0.243240315467119
"V9",2.45420600939542
"V10",3.08078900538385
"V11",2.57525061909109
"V12",3.52226862683892
"V13",4.36367345508188
