"names","vals"
"Intercept",-11.3387459318992
"y",0.688432157738134
"V1",0.0297217951156199
"V2",0.0397953134961426
"V3",0.788330878131092
"V4",0.956641730619594
"V5",0.646988169057295
"V6",0.892058609519154
"V7",0.502060013124719
"V8",0.615384723991156
"V9",3.22616067901254
"V10",1.35703614819795
"V11",3.1141312578693
"V12",1.44732865411788
"V13",4.59473432227969
