"names","vals"
"Intercept",-2.41087147289654
"y",0.311328154290095
"V1",0.9344619915355
"V2",0.518946532858536
"V3",0.752016340149567
"V4",0.96438560122624
"V5",0.112867265706882
"V6",3.01310623902828
"V7",3.77442190609872
