"names","vals"
"Intercept",-2.28736010971945
"y",0.281598589615896
"V1",0.549371085129678
"V2",0.110755456145853
"V3",0.155591068090871
"V4",0.802186076296493
"V5",0.323571289656684
"V6",1.19283836707473
"V7",2.47694213408977
