"names","vals"
"Intercept",-2.1975225219666
"y",0.212136409012601
"V1",0.338861570926383
"V2",0.595583491027355
"V3",0.721090000588447
"V4",0.288785108132288
"V5",1.08089578803629
