"names","vals"
"Intercept",-4.80238247490022
"y",0.416218409314752
"V1",0.574639747384936
"V2",0.197281646542251
"V3",0.609537936747074
"V4",0.0961506126914173
"V5",4.58867753855884
