"names","vals"
"Intercept",-6.30215454115532
"y",0.986577312694862
"V1",0.153342689620331
"V2",0.600842497777194
"V3",0.506311227101833
"V4",0.53091504261829
"V5",0.84407569328323
"V6",0.468913446180522
"V7",0.987647394184023
"V8",1.42881106585264
"V9",3.83154557365924
"V10",3.03868716116995
"V11",1.68098547775298
