"names","vals"
"Intercept",-5.10122060315916
"y",0.763580845901743
"V1",0.727216193918139
"V2",0.74701644317247
"V3",0.231952651869506
"V4",0.349727863213047
"V5",0.317844808800146
"V6",0.116857398301363
"V7",0.634411795763299
"V8",2.95325319841504
"V9",2.01545862480998
"V10",2.74335401877761
"V11",4.64119096193463
