"names","vals"
"Intercept",-1.71900814391673
"y",0.374902009032667
"V1",0.663110938854516
"V2",0.480430827708915
"V3",0.0655434932559729
"V4",0.325147752650082
"V5",0.308853758499026
"V6",1.21004026383162
"V7",1.41974471509457
