"names","vals"
"Intercept",-4.13515508942306
"y",0.447804389055818
"V1",0.00704801897518337
"V2",0.0678428509272635
"V3",0.340168657479808
"V4",0.206378150731325
"V5",0.315384739777073
"V6",0.817488803062588
"V7",3.29371544532478
"V8",3.08025281969458
"V9",3.5694924602285
