"names","vals"
"Intercept",-8.42940815449692
"y",0.134645313490182
"V1",0.673764227423817
"V2",0.568060184363276
"V3",0.817894252249971
"V4",0.218963060760871
"V5",0.374784401850775
"V6",0.216666234889999
"V7",0.649338510585949
"V8",0.157600319711491
"V9",2.02490510884672
"V10",4.8272290835157
"V11",2.89379536639899
"V12",1.56558805145323
"V13",1.80658281967044
