"names","vals"
"Intercept",-7.43342439597007
"y",0.995549982180819
"V1",0.473942026728764
"V2",0.182257603155449
"V3",0.634250734932721
"V4",0.633680170634761
"V5",0.115394126623869
"V6",0.454916881863028
"V7",0.20768682542257
"V8",0.075250199297443
"V9",4.93023977428675
"V10",1.76355571486056
"V11",4.77203315589577
"V12",4.37201103847474
"V13",1.45571303088218
