"names","vals"
"Intercept",-5.62445035282755
"y",0.0188552057370543
"V1",0.742776046739891
"V2",0.97465820540674
"V3",0.885794670088217
"V4",0.954951063729823
"V5",4.64895560964942
