"names","vals"
"Intercept",-6.36011278515682
"y",0.364654279081151
"V1",0.776934978319332
"V2",0.216798903653398
"V3",0.731129224644974
"V4",0.963078960543498
"V5",0.266491758171469
"V6",0.30391824292019
"V7",4.12386203557253
"V8",2.20822506118566
"V9",2.47297523263842
