"names","vals"
"Intercept",-6.42025133588351
"y",0.0707209780812263
"V1",0.945044901687652
"V2",0.875504628987983
"V3",0.170969509053975
"V4",0.431912257568911
"V5",0.793043402256444
"V6",0.576111392350867
"V7",0.321541505632922
"V8",4.38031404372305
"V9",1.0903098937124
"V10",2.52064454741776
"V11",1.88632080517709
