"names","vals"
"Intercept",-5.47187745423056
"y",0.227380928350613
"V1",0.12389534083195
"V2",0.973300489597023
"V3",0.360602874075994
"V4",0.557201796211302
"V5",0.299170516664162
"V6",0.00571340369060636
"V7",0.341262044385076
"V8",0.159613983007148
"V9",1.66319721750915
"V10",4.260334267281
"V11",1.99484865739942
"V12",1.10582612734288
"V13",2.8403155375272
