"names","vals"
"Intercept",-6.86606160533614
"y",0.0535314611624926
"V1",0.549599088495597
"V2",0.685800897888839
"V3",0.11447943164967
"V4",0.95634762942791
"V5",0.623715053778142
"V6",0.183476745383814
"V7",0.260010301601142
"V8",1.4646411081776
"V9",3.8287979029119
"V10",3.93755254056305
"V11",3.31590355560184
