"names","vals"
"Intercept",-11.6677621265524
"y",0.280753978993744
"V1",0.0778819236438721
"V2",0.996981711592525
"V3",0.832908229902387
"V4",0.82974424934946
"V5",0.549530597403646
"V6",0.979603126179427
"V7",0.564432023093104
"V8",4.15342274308205
"V9",3.32160098198801
"V10",3.4149665646255
"V11",3.97992647439241
