"names","vals"
"Intercept",-11.5548663588474
"y",0.777442707214504
"V1",0.980908256722614
"V2",0.366154914489016
"V3",0.940835532965139
"V4",0.103744527790695
"V5",0.501327832229435
"V6",0.839562839828432
"V7",0.603845359059051
"V8",0.221803438849747
"V9",4.57294529210776
"V10",1.23112593498081
"V11",1.52424595039338
"V12",4.53279797360301
"V13",4.74000390525907
