"names","vals"
"Intercept",-7.11877166324994
"y",0.313909339020029
"V1",0.0898653771728277
"V2",0.790166665334255
"V3",0.928750148275867
"V4",0.448518877150491
"V5",0.999674344900995
"V6",0.64104016777128
"V7",2.49440788477659
"V8",2.40460590459406
"V9",3.86017977353185
