"names","vals"
"Intercept",-4.49706460168818
"y",0.682430785614997
"V1",0.950083607342094
"V2",0.823523943312466
"V3",0.685215102741495
"V4",0.54733909945935
"V5",0.259969187201932
"V6",0.173394035780802
"V7",3.48497531749308
"V8",2.45426086429507
"V9",3.3136020489037
