"names","vals"
"Intercept",-5.60230107337004
"y",0.876644536387175
"V1",0.755747593706474
"V2",0.567157321842387
"V3",0.826167463790625
"V4",0.00182821042835712
"V5",0.884756841696799
"V6",3.78780480567366
"V7",2.26175073999912
