"names","vals"
"Intercept",-4.6659584090719
"y",0.674300499726087
"V1",0.862069254042581
"V2",0.406744519947097
"V3",0.685225877678022
"V4",0.20024023228325
"V5",0.0139120046515018
"V6",4.15958368778229
"V7",4.96532245911658
