"names","vals"
"Intercept",-9.61253168636933
"y",0.144495223416016
"V1",0.502591376192868
"V2",0.16766668530181
"V3",0.611002173507586
"V4",0.985947325825691
"V5",0.380287770414725
"V6",0.738296142080799
"V7",0.710343452868983
"V8",0.00525414780713618
"V9",2.16056646127254
"V10",1.01115520019084
"V11",4.97062100656331
"V12",2.22255781386048
"V13",3.06973620131612
