"names","vals"
"Intercept",-6.66104837446706
"y",0.31844514189288
"V1",0.563726062886417
"V2",0.915951168863103
"V3",0.5703356184531
"V4",0.264259275048971
"V5",0.42265081545338
"V6",0.585499129956588
"V7",3.19030436594039
"V8",2.45292566996068
"V9",1.73506559990346
