"names","vals"
"Intercept",-4.27081413473934
"y",0.00347633380442858
"V1",0.312877110205591
"V2",0.233931667869911
"V3",0.0908873092848808
"V4",0.851703927386552
"V5",3.88280690461397
