"names","vals"
"Intercept",-8.34639706416056
"y",0.616810226114467
"V1",0.74389930604957
"V2",0.448838733369485
"V3",0.693938387325034
"V4",0.923368435353041
"V5",0.333687384612858
"V6",3.5267684282735
"V7",3.59496076498181
