"names","vals"
"Intercept",-2.32213737918064
"y",0.82458463893272
"V1",0.392809056444094
"V2",0.437724760035053
"V3",0.737140539102256
"V4",0.873985364334658
"V5",3.55933652166277
