"names","vals"
"Intercept",-9.80799991185777
"y",0.744046124629676
"V1",0.406317360466346
"V2",0.498629593290389
"V3",0.429881501710042
"V4",0.37650748481974
"V5",0.759893954731524
"V6",0.474650043994188
"V7",0.883678787620738
"V8",2.74695291370153
"V9",3.20508213061839
"V10",2.80911050830036
"V11",1.21025702916086
