"names","vals"
"Intercept",-1.89568513543345
"y",0.123919380595908
"V1",0.340340145165101
"V2",0.577097523026168
"V3",0.527193597750738
"V4",0.790853414451703
"V5",1.04433166142553
