"names","vals"
"Intercept",-4.63417774875415
"y",0.497455249074847
"V1",0.373731874162331
"V2",0.298738809069619
"V3",0.317276966292411
"V4",0.199609788134694
"V5",0.249300586758181
"V6",0.206391203450039
"V7",2.50373239535838
"V8",1.37971469853073
"V9",3.93183626979589
