"names","vals"
"Intercept",-7.00152573225787
"y",0.869182018563151
"V1",0.532623405335471
"V2",0.880281920777634
"V3",0.411727221682668
"V4",0.382788246031851
"V5",0.265420700889081
"V6",0.391100738197565
"V7",0.626891287043691
"V8",0.575618799310178
"V9",4.86972674168646
"V10",1.41524574253708
"V11",3.31236867047846
"V12",4.40074666310102
"V13",2.06193195469677
