"names","vals"
"Intercept",-6.81694112393307
"y",0.855243371799588
"V1",0.0926521313376725
"V2",0.514139181701466
"V3",0.536023112013936
"V4",0.755754802143201
"V5",0.34166606143117
"V6",4.32150766719133
"V7",3.72798836138099
