"names","vals"
"Intercept",-6.06345493688714
"y",0.375668683089316
"V1",0.912478954764083
"V2",0.893666906515136
"V3",0.652129174675792
"V4",0.552856480469927
"V5",0.904059556080028
"V6",0.596111509017646
"V7",0.686824940377846
"V8",1.11659198626876
"V9",1.67003591917455
"V10",1.83029624726623
"V11",4.61123231984675
