"names","vals"
"Intercept",-2.02183994173538
"y",0.388542226050049
"V1",0.24178464198485
"V2",0.663601376116276
"V3",0.321836070856079
"V4",0.359799547819421
"V5",1.14655839465559
