"names","vals"
"Intercept",-7.82807415229734
"y",0.139797803247347
"V1",0.469778205733746
"V2",0.658064580755308
"V3",0.424337324919179
"V4",0.0391055983491242
"V5",0.14219118328765
"V6",0.886402807431296
"V7",0.612234574276954
"V8",0.854221711633727
"V9",1.34161954466254
"V10",1.22592868376523
"V11",2.45401125680655
"V12",1.78537105023861
"V13",3.2265990357846
