"names","vals"
"Intercept",-3.54289486891357
"y",0.587986868806183
"V1",0.497595085995272
"V2",0.702207868685946
"V3",0.701521137962118
"V4",0.644844722468406
"V5",3.16568856500089
