"names","vals"
"Intercept",-6.09651520832442
"y",0.62060984922573
"V1",0.378091795137152
"V2",0.715356158558279
"V3",0.423343977425247
"V4",0.886332796886563
"V5",0.396924898261204
"V6",2.28275510016829
"V7",4.19631968252361
