"names","vals"
"Intercept",-2.93182189119747
"y",0.797943351790309
"V1",0.190463175065815
"V2",0.745474809780717
"V3",0.799908239161596
"V4",0.0773143654223531
"V5",0.0484635778702796
"V6",1.22513472102582
"V7",2.7100635105744
