"names","vals"
"Intercept",-6.55785319591872
"y",0.616572243627161
"V1",0.162076473236084
"V2",0.2501100897789
"V3",0.337290192488581
"V4",0.137530917767435
"V5",0.289688385557383
"V6",0.0267023465130478
"V7",0.554653916507959
"V8",0.224730567308143
"V9",2.63878606352955
"V10",1.87511163949966
"V11",1.55657191481441
"V12",3.77213147189468
"V13",3.49163351021707
