"names","vals"
"Intercept",-6.42075719378889
"y",0.861028683604673
"V1",0.719818160170689
"V2",0.285084442701191
"V3",0.18128812732175
"V4",0.0663322671316564
"V5",0.381483035162091
"V6",0.769013048149645
"V7",0.471971526974812
"V8",1.27447132114321
"V9",4.03287079930305
"V10",2.65608993638307
"V11",2.99296394921839
