"names","vals"
"Intercept",-2.98505526772002
"y",0.462898571975529
"V1",0.10883087082766
"V2",0.885457994882017
"V3",0.963051584782079
"V4",0.82659062044695
"V5",3.8941665077582
