"names","vals"
"Intercept",-7.13728466571774
"y",0.879023198736832
"V1",0.874664369737729
"V2",0.619545322144404
"V3",0.223837933968753
"V4",0.60607405542396
"V5",0.180221251677722
"V6",0.477898565586656
"V7",2.539052862674
"V8",2.38422486372292
"V9",2.24862260371447
