"names","vals"
"Intercept",-1.35741380891763
"y",0.794835633598268
"V1",0.481429808307439
"V2",0.642278694780543
"V3",0.353244895581156
"V4",0.144907047040761
"V5",0.693719388917089
"V6",2.88297502696514
"V7",1.86851872131228
