"names","vals"
"Intercept",-6.19467105999356
"y",0.219009237363935
"V1",0.169313810998574
"V2",0.0341966086998582
"V3",0.18147809500806
"V4",0.35501189623028
"V5",0.2771845117677
"V6",0.586094193859026
"V7",0.243399435421452
"V8",0.501585726160556
"V9",3.91655500698835
"V10",1.50063738506287
"V11",1.36420267354697
"V12",3.28665021434426
"V13",2.36735410336405
