"names","vals"
"Intercept",-9.26902487915941
"y",0.706443886971101
"V1",0.820620109792799
"V2",0.735623145010322
"V3",0.793847291264683
"V4",0.3289986026939
"V5",0.2178314125631
"V6",0.659027351532131
"V7",0.393313040956855
"V8",0.261232726275921
"V9",1.45720980223268
"V10",3.91893950197846
"V11",3.77392287645489
"V12",4.17602941859514
"V13",3.81979086715728
