"names","vals"
"Intercept",-7.00667273787782
"y",0.177657311782241
"V1",0.23348993062973
"V2",0.332853877916932
"V3",0.228468156885356
"V4",0.712179313413799
"V5",0.60051781241782
"V6",0.548829474952072
"V7",1.03606835473329
"V8",3.17682996951044
"V9",3.83358200732619
