"names","vals"
"Intercept",-15.04134946201
"y",0.432243338553235
"V1",0.743606297066435
"V2",0.102250539697707
"V3",0.141469620168209
"V4",0.180093156872317
"V5",0.539884662022814
"V6",0.92785003175959
"V7",0.285624902695417
"V8",0.985138994175941
"V9",3.36203041113913
"V10",4.56844624783844
"V11",4.3868712997064
"V12",1.65688468702137
"V13",3.16389670502394
