"names","vals"
"Intercept",-5.55970294969622
"y",0.0695186948869377
"V1",0.423734531505033
"V2",0.556301860371605
"V3",0.00780137302353978
"V4",0.688963484251872
"V5",0.757105831988156
"V6",3.89176484476775
"V7",4.07766993064433
