"names","vals"
"Intercept",-4.97744378643343
"y",0.734916027868167
"V1",0.607558341464028
"V2",0.614831221057102
"V3",0.283649294869974
"V4",0.708973681554198
"V5",0.930475334404036
"V6",0.570473588770255
"V7",1.18109532538801
"V8",4.81079574022442
"V9",1.08134001027793
