"names","vals"
"Intercept",-1.92765092650661
"y",0.319538231007755
"V1",0.572002047905698
"V2",0.407680755248293
"V3",0.868133138399571
"V4",0.734920633025467
"V5",0.182622999884188
"V6",2.89283366315067
"V7",1.01709224097431
