"names","vals"
"Intercept",-9.98574573223479
"y",0.657205022638664
"V1",0.815259060822427
"V2",0.265956119867042
"V3",0.775039563653991
"V4",0.0987053397111595
"V5",0.440800359938294
"V6",0.276437828782946
"V7",0.595588527387008
"V8",1.18116194941103
"V9",1.79614132922143
"V10",1.15554378088564
"V11",4.97506659850478
