"names","vals"
"Intercept",-6.76170295863412
"y",0.163188193459064
"V1",0.990622150711715
"V2",0.763902729609981
"V3",0.716200656956062
"V4",0.438498897012323
"V5",0.381792791886255
"V6",3.85456402227283
"V7",4.4187144106254
