"names","vals"
"Intercept",-12.4886218912643
"y",0.0986038527917117
"V1",0.170529081486166
"V2",0.742679016664624
"V3",0.0429726538714021
"V4",0.0556327041704208
"V5",0.851011471357197
"V6",0.797524070600048
"V7",0.530886007472873
"V8",0.894805947085842
"V9",4.3501114230603
"V10",4.71768824383616
"V11",2.7232368523255
"V12",4.36214742157608
"V13",3.83956277277321
