"names","vals"
"Intercept",-7.8928174639144
"y",0.468067103996873
"V1",0.152448985958472
"V2",0.300969814648852
"V3",0.31556979031302
"V4",0.430469669867307
"V5",0.483852949691936
"V6",0.465588013874367
"V7",4.71703118272126
"V8",2.05706446617842
"V9",3.67686124891043
