"names","vals"
"Intercept",-8.93141209066846
"y",0.054762079147622
"V1",0.958426811732352
"V2",0.900051944190636
"V3",0.708485417300835
"V4",0.145721457200125
"V5",0.198822197271511
"V6",0.479514328064397
"V7",0.130072216037661
"V8",1.80894243065268
"V9",4.74413397163153
"V10",3.3486168300733
"V11",4.1975523000583
