"names","vals"
"Intercept",-5.44256208910374
"y",0.76243408722803
"V1",0.0836519009899348
"V2",0.0613015422131866
"V3",0.16851196391508
"V4",0.820953150046989
"V5",0.871601246995851
"V6",1.01985667925328
"V7",4.51298220921308
