"names","vals"
"Intercept",-2.7169517654134
"y",0.687249124981463
"V1",0.146054808516055
"V2",0.464858581777662
"V3",0.291483063716441
"V4",0.995764450868592
"V5",3.18487024959177
