"names","vals"
"Intercept",-2.39058239838341
"y",0.0709978241939098
"V1",0.155262153362855
"V2",0.419050447642803
"V3",0.895062514813617
"V4",0.220611600205302
"V5",1.64579544309527
