"names","vals"
"Intercept",-14.5208770147059
"y",0.738981395494193
"V1",0.687734071863815
"V2",0.813441439764574
"V3",0.10669957799837
"V4",0.333365933736786
"V5",0.635287068318576
"V6",0.0806667320430279
"V7",0.224990645889193
"V8",0.442747820867226
"V9",4.58348086848855
"V10",4.8620328893885
"V11",4.11869402136654
"V12",1.59524775855243
"V13",4.21293018106371
