"names","vals"
"Intercept",-10.1528320425563
"y",0.489825294353068
"V1",0.665243478957564
"V2",0.510483763413504
"V3",0.442809782689437
"V4",0.15114984032698
"V5",0.484925561351702
"V6",0.660180807812139
"V7",0.812281789490953
"V8",0.203658142825589
"V9",3.58314001746476
"V10",4.64774521812797
"V11",3.8529309509322
"V12",1.43887278623879
"V13",2.26790479943156
