"names","vals"
"Intercept",-6.20573127316777
"y",0.502975800307468
"V1",0.785801851656288
"V2",0.500302933854982
"V3",0.797638397431001
"V4",0.0569658016320318
"V5",0.452717254171148
"V6",3.51197502110153
"V7",3.03672879934311
