"names","vals"
"Intercept",-1.14044523838907
"y",0.379610452568159
"V1",0.253435726510361
"V2",0.425956032704562
"V3",0.0937853765208274
"V4",0.750385880004615
"V5",3.48206052090973
