"names","vals"
"Intercept",-6.6407615684066
"y",0.77338084904477
"V1",0.59415207663551
"V2",0.268979230895638
"V3",0.467751862248406
"V4",0.290673173265532
"V5",0.862935868790373
"V6",0.0865630048792809
"V7",3.327717195265
"V8",3.49666814599186
"V9",1.80938787665218
