"names","vals"
"Intercept",-8.26035012532259
"y",0.217800936195999
"V1",0.718650913331658
"V2",0.548243459081277
"V3",0.345527198398486
"V4",0.783141624182463
"V5",0.88726898864843
"V6",0.555463449331
"V7",2.35880366526544
"V8",2.58047391846776
"V9",4.1694609420374
