"names","vals"
"Intercept",-6.27574177605566
"y",0.914297686424106
"V1",0.266330868005753
"V2",0.150911619421095
"V3",0.67402924457565
"V4",0.281397884944454
"V5",0.363904322031885
"V6",0.500949699431658
"V7",0.227573435986415
"V8",1.80634525697678
"V9",2.08836084976792
"V10",1.62786502670497
"V11",3.43839433137327
