"names","vals"
"Intercept",-12.9496615365986
"y",0.475968804210424
"V1",0.715449600014836
"V2",0.0737257113214582
"V3",0.53059214586392
"V4",0.41522490978241
"V5",0.808776437770575
"V6",0.785453094169497
"V7",4.9654254829511
"V8",4.447888052091
"V9",4.84243700373918
