"names","vals"
"Intercept",-2.64520519104786
"y",0.101369830546901
"V1",0.0336220520548522
"V2",0.397686496842653
"V3",0.313454448943958
"V4",0.955264274496585
"V5",0.925000151386485
"V6",3.77416737470776
"V7",2.95067981723696
