"names","vals"
"Intercept",-2.11316556103993
"y",0.132261979859322
"V1",0.166429968550801
"V2",0.221753571648151
"V3",0.331988843623549
"V4",0.170282255858183
"V5",0.344888379797339
"V6",0.432208466343582
"V7",4.84219127241522
"V8",1.45984326023608
"V9",2.08501325827092
