"names","vals"
"Intercept",-2.09968316513114
"y",0.690111072966829
"V1",0.218335507903248
"V2",0.0643007431644946
"V3",0.990620534401387
"V4",0.608934487914667
"V5",2.44087073020637
