"names","vals"
"Intercept",-3.23751536935102
"y",0.0220117471180856
"V1",0.953746607759967
"V2",0.503166791982949
"V3",0.66232217149809
"V4",0.384657866321504
"V5",2.6853930009529
