"names","vals"
"Intercept",-8.96188995656557
"y",0.0791139656212181
"V1",0.804836263181642
"V2",0.519921475788578
"V3",0.0762009974569082
"V4",0.643608896294609
"V5",0.994312171358615
"V6",0.202008415246382
"V7",0.0890443681273609
"V8",2.05247106496245
"V9",2.26807446125895
"V10",3.42438347358257
"V11",1.00821414124221
