"names","vals"
"Intercept",-3.31075207624817
"y",0.625262305373326
"V1",0.639299919595942
"V2",0.33300409768708
"V3",0.229117212118581
"V4",0.170300865080208
"V5",0.0464531306643039
"V6",3.42827680148184
"V7",3.0100114159286
