"names","vals"
"Intercept",-2.37127439461881
"y",0.147522973129526
"V1",0.650284764589742
"V2",0.231612432282418
"V3",0.146433512214571
"V4",0.528575483011082
"V5",2.08111006580293
