"names","vals"
"Intercept",-5.73152532743756
"y",0.92059629666619
"V1",0.510660752188414
"V2",0.329975757747889
"V3",0.721618735231459
"V4",0.315419771941379
"V5",0.283574616769329
"V6",0.0490269516594708
"V7",3.03258680086583
"V8",2.14473920222372
"V9",2.01061406824738
