"names","vals"
"Intercept",-5.71741279244889
"y",0.139308088691905
"V1",0.0646768480073661
"V2",0.879206100013107
"V3",0.211460753809661
"V4",0.954676638823003
"V5",0.778472820762545
"V6",0.167147834785283
"V7",0.573925379663706
"V8",0.0733202232513577
"V9",2.88935244083405
"V10",1.28338883630931
"V11",2.01708886679262
"V12",2.34724622312933
"V13",4.50698448903859
