"names","vals"
"Intercept",-5.54679509260226
"y",0.386906674364582
"V1",0.266926807817072
"V2",0.457690637093037
"V3",0.523171703796834
"V4",0.906710342038423
"V5",0.372199986828491
"V6",2.93134056404233
"V7",4.33597487863153
