"names","vals"
"Intercept",-10.0271103598177
"y",0.237210483988747
"V1",0.562256661010906
"V2",0.732185908360407
"V3",0.0184565186500549
"V4",0.432967953383923
"V5",0.429230538662523
"V6",0.291123630944639
"V7",0.173862632829696
"V8",0.325384826632217
"V9",2.77196576539427
"V10",2.43982286658138
"V11",2.77448616921902
"V12",4.35201880708337
"V13",4.87222623359412
