"names","vals"
"Intercept",-12.425420425164
"y",0.163746329722926
"V1",0.834007357014343
"V2",0.440295792417601
"V3",0.703778215218335
"V4",0.577013923786581
"V5",0.175006840610877
"V6",0.156522140372545
"V7",0.182256099302322
"V8",0.105149627663195
"V9",3.85277886502445
"V10",3.603511383757
"V11",1.17448155023158
"V12",4.70073422789574
"V13",2.24276892282069
