"names","vals"
"Intercept",-9.83361700145761
"y",0.672822738531977
"V1",0.621496384497732
"V2",0.374394469428807
"V3",0.494464596733451
"V4",0.907574083190411
"V5",0.18523727892898
"V6",0.343712493078783
"V7",0.611971965059638
"V8",0.605107121868059
"V9",2.31184209976345
"V10",2.16419266909361
"V11",2.71550247445703
"V12",1.6513805873692
"V13",2.1371439723298
