"names","vals"
"Intercept",-6.51433103534859
"y",0.0843422957696021
"V1",0.695993001572788
"V2",0.997475777519867
"V3",0.880138360196725
"V4",0.470644534332678
"V5",0.571625346783549
"V6",0.0718001779168844
"V7",0.956929407548159
"V8",2.99165715184063
"V9",2.04411279037595
"V10",2.27774185687304
"V11",3.04015626572073
