"names","vals"
"Intercept",-2.69531653403305
"y",0.52482727705501
"V1",0.90237829927355
"V2",0.351848719641566
"V3",0.7837579830084
"V4",0.38857160974294
"V5",4.10470085870475
