"names","vals"
"Intercept",-2.13641254583606
"y",0.592259495519102
"V1",0.824685372412205
"V2",0.22182275634259
"V3",0.892571311676875
"V4",0.940967301139608
"V5",1.11538388859481
