"names","vals"
"Intercept",-12.3600346036954
"y",0.928342399187386
"V1",0.312999699264765
"V2",0.718480002135038
"V3",0.993738629855216
"V4",0.480971564771608
"V5",0.953486959217116
"V6",0.895288537023589
"V7",0.381713373120874
"V8",0.0576104493811727
"V9",1.7863758597523
"V10",3.78073658328503
"V11",2.08354868832976
"V12",4.66703944467008
"V13",3.4125317921862
