"names","vals"
"Intercept",-2.13565143645275
"y",0.0462074489332736
"V1",0.337999364128336
"V2",0.176446869503707
"V3",0.324206475866958
"V4",0.209442934719846
"V5",4.51771466434002
