"names","vals"
"Intercept",-3.1279666689341
"y",0.14677479211241
"V1",0.283651866484433
"V2",0.770170748699456
"V3",0.290021767141297
"V4",0.135341979330406
"V5",0.847615083679557
"V6",0.358028271235526
"V7",2.36091659776866
"V8",1.7194975791499
"V9",3.16326744388789
