"names","vals"
"Intercept",-3.94950308732688
"y",0.50250515458174
"V1",0.31708388752304
"V2",0.581898151896894
"V3",0.601583551848307
"V4",0.0314147921744734
"V5",0.834753460250795
"V6",0.129585945978761
"V7",1.3676339443773
"V8",1.14819806441665
"V9",2.38132975250483
