"names","vals"
"Intercept",-9.75301118231378
"y",0.114716235781088
"V1",0.190132503397763
"V2",0.731289635645226
"V3",0.699219167931005
"V4",0.211191535694525
"V5",0.847896261140704
"V6",0.948853102046996
"V7",0.839342076797038
"V8",0.789943264331669
"V9",3.08074273075908
"V10",2.68637437652797
"V11",1.50811757147312
"V12",2.62031228654087
"V13",4.14968595094979
