"names","vals"
"Intercept",-4.63108081245096
"y",0.0299208292271942
"V1",0.516553612658754
"V2",0.848138867644593
"V3",0.835165091557428
"V4",0.275398272322491
"V5",0.175365561619401
"V6",0.364524681353942
"V7",1.59079841151834
"V8",3.58461008314043
"V9",1.93919106386602
