"names","vals"
"Intercept",-5.2749235065328
"y",0.39952761400491
"V1",0.219236149685457
"V2",0.876173835480586
"V3",0.705287961289287
"V4",0.207635999424383
"V5",4.15618360135704
