"names","vals"
"Intercept",-1.90048071199562
"y",0.690180322853848
"V1",0.762942526722327
"V2",0.223609982058406
"V3",0.333794238744304
"V4",0.366406408371404
"V5",1.70950108766556
