"names","vals"
"Intercept",-6.20689768451266
"y",0.970131485722959
"V1",0.523097928846255
"V2",0.272053143708035
"V3",0.410383123904467
"V4",0.552211549831554
"V5",0.363491654163226
"V6",0.382069444051012
"V7",0.871153898537159
"V8",0.748352142982185
"V9",1.59229539521039
"V10",3.70287727564573
"V11",1.25666003767401
"V12",1.15695353783667
"V13",2.10198593512177
