"names","vals"
"Intercept",-7.4847992346948
"y",0.205947304610163
"V1",0.332493751076981
"V2",0.484854795271531
"V3",0.74925599899143
"V4",0.0995148790534586
"V5",0.381724251201376
"V6",0.663373430026695
"V7",0.248883846681565
"V8",1.89689110498875
"V9",4.28798966202885
"V10",4.05977647937834
"V11",1.31195777188987
