"names","vals"
"Intercept",-5.28390745235374
"y",0.583624604623765
"V1",0.879497756483033
"V2",0.627578673418611
"V3",0.731408399529755
"V4",0.217957109678537
"V5",0.163767183898017
"V6",0.243625871138647
"V7",1.79219671525061
"V8",3.15523004345596
"V9",2.35665620025247
