"names","vals"
"Intercept",-6.88550621954491
"y",0.887358071748167
"V1",0.936531027080491
"V2",0.313191315392032
"V3",0.382081005489454
"V4",0.488211851334199
"V5",0.290955639444292
"V6",0.814978796290234
"V7",0.401807218324393
"V8",1.42878036759794
"V9",1.08252262789756
"V10",1.96963591687381
"V11",2.65303097106516
