"names","vals"
"Intercept",-2.07964635360986
"y",0.42608813662082
"V1",0.425413243472576
"V2",0.302982727065682
"V3",0.825600536074489
"V4",0.460081053432077
"V5",4.06189713347703
