"names","vals"
"Intercept",-4.55436978387646
"y",0.322318217949942
"V1",0.588111562887207
"V2",0.661857107654214
"V3",0.406314311083406
"V4",0.367439644178376
"V5",0.38206791668199
"V6",0.829125298652798
"V7",4.84557310212404
"V8",2.94336204882711
"V9",4.04658585693687
