"names","vals"
"Intercept",-7.74858279230539
"y",0.349990029586479
"V1",0.796356439823285
"V2",0.867280402919278
"V3",0.207696436904371
"V4",0.237264562863857
"V5",0.782063605263829
"V6",0.703880946151912
"V7",4.79754306562245
"V8",1.94420402310789
"V9",3.30684816651046
