"names","vals"
"Intercept",-1.90446164596826
"y",0.877087564207613
"V1",0.191811710828915
"V2",0.340707052731887
"V3",0.340407789452001
"V4",0.415504091186449
"V5",0.307320116553456
"V6",1.23164100572467
"V7",2.88061111513525
