"names","vals"
"Intercept",-6.21144168027211
"y",0.257114096311852
"V1",0.736391550628468
"V2",0.54750315239653
"V3",0.958480396308005
"V4",0.157211494166404
"V5",0.15475154411979
"V6",3.79220739658922
"V7",1.36697001382709
