"names","vals"
"Intercept",-4.73137328088051
"y",0.926138412673026
"V1",0.332985778339207
"V2",0.942956755170599
"V3",0.602920302422717
"V4",0.418231839546934
"V5",0.120741710532457
"V6",0.269634372089058
"V7",0.39031817484647
"V8",3.03488972131163
"V9",4.64818727970123
"V10",1.59080468863249
"V11",1.08769095782191
