"names","vals"
"Intercept",-5.58337028113892
"y",0.0593441617675126
"V1",0.0444901986047626
"V2",0.216464952332899
"V3",0.830810435581952
"V4",0.430124945240095
"V5",0.734056109096855
"V6",0.917486593825743
"V7",1.89488690719008
"V8",2.08967379666865
"V9",1.12040699739009
