"names","vals"
"Intercept",-9.54713828196982
"y",0.364944815635681
"V1",0.666806971654296
"V2",0.580859498353675
"V3",0.164213533978909
"V4",0.183597309980541
"V5",0.449030807474628
"V6",0.420074928319082
"V7",0.680406182305887
"V8",0.95598316914402
"V9",2.39499612431973
"V10",2.00575764104724
"V11",3.77590554021299
"V12",4.8780572284013
"V13",2.23056812398136
