"names","vals"
"Intercept",-3.8639784270199
"y",0.169898285996169
"V1",0.516144159482792
"V2",0.154239415423945
"V3",0.705988933099434
"V4",0.983282851288095
"V5",0.967045985627919
"V6",1.42640010174364
"V7",4.34618154540658
