"names","vals"
"Intercept",-9.10091092620511
"y",0.73358751530759
"V1",0.524376092478633
"V2",0.840121501125395
"V3",0.698115500621498
"V4",0.188546269200742
"V5",0.799550225492567
"V6",0.676350389840081
"V7",0.0551798893138766
"V8",0.522863098653033
"V9",2.20358043070883
"V10",1.71883780881763
"V11",3.78675201628357
"V12",4.3215648252517
"V13",1.46834534686059
