"names","vals"
"Intercept",-4.19509240122978
"y",0.276384894037619
"V1",0.85340514802374
"V2",0.526176111772656
"V3",0.549625632120296
"V4",0.107342066941783
"V5",3.73948257230222
