"names","vals"
"Intercept",-2.16472473589703
"y",0.996110005769879
"V1",0.230255184927955
"V2",0.588768100831658
"V3",0.720834226580337
"V4",0.678331500384957
"V5",1.48959648329765
