"names","vals"
"Intercept",-3.13208952376153
"y",0.863564582075924
"V1",0.300193533068523
"V2",0.582271799910814
"V3",0.955121342558414
"V4",0.80078700534068
"V5",0.6085719934199
"V6",2.78532569482923
"V7",2.32794401329011
