"names","vals"
"Intercept",-10.4409197410732
"y",0.166013153037056
"V1",0.522417927859351
"V2",0.749170621391386
"V3",0.465599773451686
"V4",0.474972766824067
"V5",0.489486215636134
"V6",0.541685512755066
"V7",0.537216288037598
"V8",0.735017176019028
"V9",3.92372125014663
"V10",4.37647712510079
"V11",4.26383050344884
"V12",3.12511565815657
"V13",1.94844271242619
