"names","vals"
"Intercept",-10.9586377664586
"y",0.678260455373675
"V1",0.0721934901084751
"V2",0.758045596303418
"V3",0.767697383649647
"V4",0.398689051857218
"V5",0.838019396876916
"V6",0.879021348897368
"V7",0.21820945921354
"V8",0.875370965106413
"V9",4.32430784404278
"V10",3.28906776942313
"V11",4.95098387356848
"V12",3.34735708124936
"V13",4.37944870255888
