"names","vals"
"Intercept",-2.46269766023615
"y",0.622330139391124
"V1",0.392315012170002
"V2",0.386754527688026
"V3",0.847749733831733
"V4",0.938753418857232
"V5",0.287053175270557
"V6",0.259288069792092
"V7",2.02462123986334
"V8",2.95286988746375
"V9",3.98892012052238
