"names","vals"
"Intercept",-5.73013304662891
"y",0.365266926120967
"V1",0.417930224910378
"V2",0.332417016848922
"V3",0.106981347780675
"V4",0.982914323918521
"V5",0.901699734153226
"V6",3.29399911221117
"V7",3.23787809256464
