"names","vals"
"Intercept",-5.47500947393477
"y",0.469356254907325
"V1",0.101925321854651
"V2",0.826865544077009
"V3",0.665518031921238
"V4",0.771489197853953
"V5",0.134636281756684
"V6",0.66168343112804
"V7",0.372627097181976
"V8",2.2722295653075
"V9",2.01656184718013
"V10",3.43058450892568
"V11",3.47833210323006
