"names","vals"
"Intercept",-9.71676887047943
"y",0.506352247670293
"V1",0.0518275217618793
"V2",0.124562157783657
"V3",0.888736920896918
"V4",0.668820027261972
"V5",0.0516844738740474
"V6",0.721421308582649
"V7",0.0201822982635349
"V8",0.32074935385026
"V9",2.93980982992798
"V10",4.63981100451201
"V11",3.98462950158864
"V12",3.02939826622605
"V13",3.63749852683395
