"names","vals"
"Intercept",-7.13938741467427
"y",0.24145921622403
"V1",0.650604055263102
"V2",0.194750247057527
"V3",0.211744730593637
"V4",0.59044309752062
"V5",0.0945307430811226
"V6",3.31935650482774
"V7",4.08412299491465
