"names","vals"
"Intercept",-9.1782548583392
"y",0.700382747687399
"V1",0.784916615346447
"V2",0.003668915014714
"V3",0.977426472119987
"V4",0.562858392251655
"V5",0.0142907085828483
"V6",0.627551014302298
"V7",0.825498059857637
"V8",0.910806774394587
"V9",3.53109323140234
"V10",3.20593054685742
"V11",2.11249608453363
"V12",4.1880647065118
"V13",2.28248851746321
