"names","vals"
"Intercept",-8.7924204913876
"y",0.354019477730617
"V1",0.199182159500197
"V2",0.599558488698676
"V3",0.888117439812049
"V4",0.863957308698446
"V5",0.117304886225611
"V6",0.687450277851894
"V7",0.820699533913285
"V8",0.0316382965538651
"V9",1.55599069129676
"V10",4.92002947255969
"V11",2.64022895973176
"V12",4.34299554675817
"V13",2.11290328204632
