"names","vals"
"Intercept",-2.74875963109313
"y",0.983738250564784
"V1",0.297439106972888
"V2",0.669549877755344
"V3",0.781232705339789
"V4",0.766685204114765
"V5",0.979445765959099
"V6",1.98952175956219
"V7",3.42653367854655
