"names","vals"
"Intercept",-1.6357787815039
"y",0.133808347163722
"V1",0.837045112624764
"V2",0.124901120783761
"V3",0.576892143581063
"V4",0.597628578776494
"V5",0.265389180742204
"V6",2.55473895836622
"V7",1.96070904005319
