"names","vals"
"Intercept",-4.12140464209486
"y",0.773774082772434
"V1",0.978959855623543
"V2",0.180593895493075
"V3",0.873122705379501
"V4",0.473651927663013
"V5",0.582983040018007
"V6",3.45036868192255
"V7",1.870256873779
