"names","vals"
"Intercept",-2.80292934205616
"y",0.996392151340842
"V1",0.211400514934212
"V2",0.365205851383507
"V3",0.805215087719262
"V4",0.328162481077015
"V5",0.759348693070933
"V6",1.53041235450655
"V7",1.2815524796024
