"names","vals"
"Intercept",-5.30430585138034
"y",0.910370849538594
"V1",0.135290309786797
"V2",0.864676291821525
"V3",0.151750199031085
"V4",0.379505580291152
"V5",0.0265874683391303
"V6",0.567427796078846
"V7",0.448718877509236
"V8",0.367409347323701
"V9",4.21135722286999
"V10",3.49231726117432
"V11",1.56295293010771
"V12",2.3465046947822
"V13",2.63411725964397
