"names","vals"
"Intercept",-9.63569539465243
"y",0.368115524295717
"V1",0.751706190640107
"V2",0.691950960783288
"V3",0.440433658426628
"V4",0.404279527720064
"V5",0.718913423828781
"V6",0.732300858246163
"V7",0.925387158058584
"V8",2.47961745411158
"V9",3.31767918914557
"V10",2.14711247757077
"V11",2.59781758766621
