"names","vals"
"Intercept",-4.58474252522457
"y",0.904960694024339
"V1",0.0772192471195012
"V2",0.874427353264764
"V3",0.286055703414604
"V4",0.841864998918027
"V5",0.399390201782808
"V6",0.0737292531412095
"V7",4.40770953614265
"V8",1.76204733364284
"V9",4.28257120586932
