"names","vals"
"Intercept",-5.85127020802349
"y",0.653169056866318
"V1",0.513577530626208
"V2",0.227158579975367
"V3",0.551972899353132
"V4",0.556115805404261
"V5",0.0136226150207222
"V6",0.455690623726696
"V7",4.39381719846278
"V8",3.41531906370074
"V9",4.01046541985124
