"names","vals"
"Intercept",-1.63279737617122
"y",0.729001271072775
"V1",0.273013630649075
"V2",0.593260995810851
"V3",0.040797320427373
"V4",0.281928336247802
"V5",1.16081861313432
