"names","vals"
"Intercept",-2.14449975471478
"y",0.165331514086574
"V1",0.546820810297504
"V2",0.745171814924106
"V3",0.243666973663494
"V4",0.245426292996854
"V5",2.81123063247651
