"names","vals"
"Intercept",-7.59151951514184
"y",0.889912380604073
"V1",0.327500118641183
"V2",0.357335278764367
"V3",0.784810248529539
"V4",0.735373463714495
"V5",0.596094751963392
"V6",0.226244900142774
"V7",0.468936168588698
"V8",0.999697780236602
"V9",2.78429374285042
"V10",2.9434384573251
"V11",2.60412179864943
"V12",3.03418886568397
"V13",1.13724142685533
