"names","vals"
"Intercept",-8.12544606627431
"y",0.27090270887129
"V1",0.425107449991629
"V2",0.816756253130734
"V3",0.489982152823359
"V4",0.223295645322651
"V5",0.277271846309304
"V6",0.32550813537091
"V7",0.641413740348071
"V8",4.70453614648432
"V9",4.37724210973829
"V10",2.036477195099
"V11",1.30415986850858
