"names","vals"
"Intercept",-8.30946911079343
"y",0.909407519968227
"V1",0.0650103506632149
"V2",0.22516821930185
"V3",0.741452291840687
"V4",0.793458195636049
"V5",0.239682216662914
"V6",0.354108286323026
"V7",0.312253151554614
"V8",0.960078832926229
"V9",1.92663109861314
"V10",2.44690845627338
"V11",1.35486114397645
"V12",4.19629573635757
"V13",1.00490117166191
