"names","vals"
"Intercept",-0.987278411469888
"y",0.152467341162264
"V1",0.521861370420083
"V2",0.689112360123545
"V3",0.72342896158807
"V4",0.274044805206358
"V5",2.14567435532808
