"names","vals"
"Intercept",-3.38815348709002
"y",0.972735873656347
"V1",0.0901469781529158
"V2",0.124302806798369
"V3",0.459264111006632
"V4",0.6606925658416
"V5",2.38560320157558
