"names","vals"
"Intercept",-2.6622775406763
"y",0.825982042588294
"V1",0.70717756729573
"V2",0.719378993613645
"V3",0.116695691598579
"V4",0.846550863003358
"V5",2.91179935634136
