"names","vals"
"Intercept",-1.76015812548809
"y",0.959639772539958
"V1",0.570266897324473
"V2",0.870471412548795
"V3",0.0126857222057879
"V4",0.518312401138246
"V5",0.319935851963237
"V6",1.78887387551367
"V7",2.89402439445257
