"names","vals"
"Intercept",-7.61604720806004
"y",0.0686628969851881
"V1",0.906456941738725
"V2",0.2528820943553
"V3",0.105002608383074
"V4",0.12258335063234
"V5",0.960968529805541
"V6",0.868213239358738
"V7",1.73954929877073
"V8",1.9103766772896
"V9",4.18491233792156
