"names","vals"
"Intercept",-6.25889179510297
"y",0.092039393261075
"V1",0.926176683744416
"V2",0.555674987845123
"V3",0.449663892155513
"V4",0.458250185940415
"V5",0.075980217428878
"V6",0.255852135363966
"V7",4.33105879742652
"V8",2.67872838675976
"V9",1.41282857954502
