"names","vals"
"Intercept",-2.18864398874575
"y",0.268561463570222
"V1",0.463962320238352
"V2",0.464383243350312
"V3",0.258191522443667
"V4",0.909806681331247
"V5",3.56721377093345
