"names","vals"
"Intercept",-10.7340368242934
"y",0.697538194712251
"V1",0.720077698817477
"V2",0.170605120249093
"V3",0.841265061404556
"V4",0.392709016334265
"V5",0.480352043407038
"V6",0.97300779633224
"V7",0.61980387638323
"V8",4.67285565286875
"V9",3.06479806546122
"V10",1.20526225119829
"V11",2.27423523832113
