"names","vals"
"Intercept",-4.09425125099951
"y",0.802653760649264
"V1",0.0096812651026994
"V2",0.545249999733642
"V3",0.658670582342893
"V4",0.784993733279407
"V5",3.64800424408168
