"names","vals"
"Intercept",-2.73944276652765
"y",0.406008769292384
"V1",0.59372150269337
"V2",0.173732998548076
"V3",0.203345202608034
"V4",0.205315267434344
"V5",0.838597723515704
"V6",2.98299216292799
"V7",3.67028822470456
