"names","vals"
"Intercept",-3.96719778849743
"y",0.741784804267809
"V1",0.889975512167439
"V2",0.118429503869265
"V3",0.904566725250334
"V4",0.733559264102951
"V5",0.487675153184682
"V6",1.01835937146097
"V7",2.9264800241217
