"names","vals"
"Intercept",-16.7038910382055
"y",0.70515073928982
"V1",0.923616534797475
"V2",0.851315316278487
"V3",0.901904622558504
"V4",0.375985708553344
"V5",0.559878652915359
"V6",0.096040417207405
"V7",0.931773061631247
"V8",0.412035892251879
"V9",4.89318118803203
"V10",2.37827565521002
"V11",4.25450735352933
"V12",4.58146092388779
"V13",3.08816814981401
