"names","vals"
"Intercept",-11.3066730708117
"y",0.249251900939271
"V1",0.224640561733395
"V2",0.603853540262207
"V3",0.640644733095542
"V4",0.591786457691342
"V5",0.426555660553277
"V6",0.755470156669617
"V7",0.793877430958673
"V8",3.05020368751138
"V9",2.96923963539302
"V10",4.76602823007852
"V11",2.20704158023
