"names","vals"
"Intercept",-2.52679091107566
"y",0.380153189878911
"V1",0.379885733127594
"V2",0.0329280192963779
"V3",0.55065335216932
"V4",0.989141937810928
"V5",3.09916039276868
