"names","vals"
"Intercept",-8.00390626090579
"y",0.955730851972476
"V1",0.110525910742581
"V2",0.648465631064028
"V3",0.328469190048054
"V4",0.220076193334535
"V5",0.74914862215519
"V6",0.183313013985753
"V7",0.559853739570826
"V8",3.17508113477379
"V9",1.02631241455674
"V10",2.65476528182626
"V11",1.89524404332042
