"names","vals"
"Intercept",-5.69581938331481
"y",0.392743714153767
"V1",0.182342045940459
"V2",0.54311511432752
"V3",0.490166153525934
"V4",0.0633553967345506
"V5",0.423126415349543
"V6",4.1232994440943
"V7",3.1326508903876
