"names","vals"
"Intercept",-1.45280145757832
"y",0.130105981370434
"V1",0.484728708397597
"V2",0.183984838193282
"V3",0.241401836974546
"V4",0.708160301204771
"V5",1.21637935377657
