"names","vals"
"Intercept",-5.14244756127242
"y",0.725670164451003
"V1",0.485882269684225
"V2",0.0602756438311189
"V3",0.333249671850353
"V4",0.316773362923414
"V5",0.286687452578917
"V6",0.24886034661904
"V7",0.308475594734773
"V8",1.5795438811183
"V9",1.90172438044101
"V10",2.34422047715634
"V11",4.25840147398412
