"names","vals"
"Intercept",-8.21562640611082
"y",0.964016355806962
"V1",0.706615265458822
"V2",0.839563159737736
"V3",0.883421130478382
"V4",0.995669336756691
"V5",0.523285164497793
"V6",0.0122410436160862
"V7",2.33993972185999
"V8",4.33573657646775
"V9",2.90177616477013
