"names","vals"
"Intercept",-7.43752573635429
"y",0.742963869590312
"V1",0.43269683723338
"V2",0.877116725081578
"V3",0.615271694725379
"V4",0.857006062520668
"V5",0.363826011540368
"V6",0.0206698027905077
"V7",0.252686807420105
"V8",0.526374153094366
"V9",2.78983328305185
"V10",1.42780005838722
"V11",3.59226000588387
"V12",3.99352110270411
"V13",1.54635585378855
