"names","vals"
"Intercept",-12.5490318200458
"y",0.331914010457695
"V1",0.932574103586376
"V2",0.739204434212297
"V3",0.116820487193763
"V4",0.000380482524633408
"V5",0.0692940554581583
"V6",0.264365618349984
"V7",0.370523907011375
"V8",0.202668111305684
"V9",3.40590631682426
"V10",4.45809436310083
"V11",1.22288400586694
"V12",3.72257382981479
"V13",2.69871149584651
