"names","vals"
"Intercept",-1.66567017148016
"y",0.459449154790491
"V1",0.63251594058238
"V2",0.809156018542126
"V3",0.796502782264724
"V4",0.00840907194651663
"V5",1.25681911222637
