"names","vals"
"Intercept",-1.92064841586398
"y",0.181857144227251
"V1",0.238235610537231
"V2",0.407979510724545
"V3",0.333619389450178
"V4",0.0758423500228673
"V5",3.21487418562174
