"names","vals"
"Intercept",-3.45725408319384
"y",0.819993470096961
"V1",0.167562117800117
"V2",0.135039999615401
"V3",0.38384235673584
"V4",0.35211489838548
"V5",2.65896985586733
