"names","vals"
"Intercept",-10.0626668773731
"y",0.0264539120253175
"V1",0.381799225928262
"V2",0.915298568550497
"V3",0.414718785788864
"V4",0.46615041536279
"V5",0.31457896810025
"V6",0.238111947197467
"V7",0.645316349808127
"V8",0.707478212425485
"V9",4.63865034468472
"V10",1.46286924928427
"V11",2.4939356604591
"V12",4.95996443554759
"V13",4.27133496385068
