"names","vals"
"Intercept",-4.11651325466344
"y",0.315883637871593
"V1",0.666023193858564
"V2",0.0529719274491072
"V3",0.163289097836241
"V4",0.896440271986648
"V5",0.422392630483955
"V6",0.240354178007692
"V7",0.160441808169708
"V8",1.52168656606227
"V9",2.15080542489886
"V10",3.32628279738128
"V11",2.00889120716602
