"names","vals"
"Intercept",-10.0731676193373
"y",0.693742088973522
"V1",0.942768696695566
"V2",0.497565565630794
"V3",0.0156411018688232
"V4",0.00565546494908631
"V5",0.574307019123808
"V6",0.803217998472974
"V7",0.450890186242759
"V8",0.369111368665472
"V9",2.13566779810935
"V10",3.84914978593588
"V11",4.54321205150336
"V12",3.26964203361422
"V13",2.25512461178005
