"names","vals"
"Intercept",-7.36395730193239
"y",0.654486171435565
"V1",0.262273968430236
"V2",0.460591158363968
"V3",0.207075968850404
"V4",0.991472981870174
"V5",0.273913897108287
"V6",4.9070473909378
"V7",2.52265160996467
