"names","vals"
"Intercept",-5.09989832402673
"y",0.577519499929622
"V1",0.482719126623124
"V2",0.55645799334161
"V3",0.472127178218216
"V4",0.724896945524961
"V5",0.780212976038456
"V6",0.403901602141559
"V7",0.290502971969545
"V8",0.101925719063729
"V9",3.79753888957202
"V10",1.10947465524077
"V11",2.00541550945491
"V12",4.86447530798614
"V13",3.80842493660748
