"names","vals"
"Intercept",-6.0736684572557
"y",0.104499947745353
"V1",0.998966366052628
"V2",0.469852430047467
"V3",0.475396235473454
"V4",0.821168840397149
"V5",0.196318058762699
"V6",0.089877204503864
"V7",1.26741567254066
"V8",3.37767096050084
"V9",1.46485557500273
