"names","vals"
"Intercept",-2.03115367948543
"y",0.819802188780159
"V1",0.204911807784811
"V2",0.957833812804893
"V3",0.0170972605701536
"V4",0.0217003270518035
"V5",3.85228773299605
