"names","vals"
"Intercept",-5.66540252949344
"y",0.886079851072282
"V1",0.22392348269932
"V2",0.570991602260619
"V3",0.932087275898084
"V4",0.376728316536173
"V5",0.334493477828801
"V6",0.288227934157476
"V7",3.15234009921551
"V8",2.88216438796371
"V9",2.51053925976157
