"names","vals"
"Intercept",-1.99701791503001
"y",0.534476373810321
"V1",0.945872910320759
"V2",0.713503683218732
"V3",0.175398799357936
"V4",0.0523479396943003
"V5",4.90663694869727
