"names","vals"
"Intercept",-9.41001178456936
"y",0.666571187088266
"V1",0.857476423261687
"V2",0.900033463723958
"V3",0.358096982119605
"V4",0.821252448949963
"V5",0.986506537068635
"V6",0.997442626859993
"V7",0.930979423224926
"V8",3.0479787401855
"V9",3.57835920900106
"V10",1.9696329087019
"V11",4.96517977491021
