"names","vals"
"Intercept",-5.69061828146689
"y",0.199736609356478
"V1",0.384252106072381
"V2",0.242907202104107
"V3",0.185212776996195
"V4",0.911493857624009
"V5",0.769817804452032
"V6",0.354003861779347
"V7",0.736858615418896
"V8",4.55724511202425
"V9",1.80056047998369
"V10",3.45189387630671
"V11",4.66994523163885
