"names","vals"
"Intercept",-2.65631438563112
"y",0.0798413048032671
"V1",0.685589693952352
"V2",0.846424191491678
"V3",0.904081288492307
"V4",0.213969617383555
"V5",3.67588100302964
