"names","vals"
"Intercept",-1.95045146345627
"y",0.977795589482412
"V1",0.79148658644408
"V2",0.222434779629111
"V3",0.245954200159758
"V4",0.355161803774536
"V5",4.1244361102581
