"names","vals"
"Intercept",-4.24995946131181
"y",0.328365969471633
"V1",0.626404334092513
"V2",0.798260679934174
"V3",0.825026461854577
"V4",0.0152822472155094
"V5",0.99844870949164
"V6",3.56000729557127
"V7",4.82860809843987
