"names","vals"
"Intercept",-4.13700054386864
"y",0.747015409404412
"V1",0.602467936696485
"V2",0.416334480280057
"V3",0.836149520473555
"V4",0.0259597646072507
"V5",0.581430349731818
"V6",0.321958356769755
"V7",3.77504008729011
"V8",1.35006478987634
"V9",1.70609225705266
