"names","vals"
"Intercept",-15.4210981381941
"y",0.180833754595369
"V1",0.912679133238271
"V2",0.669938205042854
"V3",0.534452892607078
"V4",0.545648528961465
"V5",0.625072778435424
"V6",0.119000076781958
"V7",0.840302617289126
"V8",0.0485857832245529
"V9",3.11008336767554
"V10",3.41958583518863
"V11",3.36814310308546
"V12",4.78690869919956
"V13",4.6400711350143
