"names","vals"
"Intercept",-14.8792476658127
"y",0.538646443048492
"V1",0.556581839453429
"V2",0.565577758941799
"V3",0.958989585516974
"V4",0.754045623587444
"V5",0.293947144644335
"V6",0.545781162334606
"V7",0.452153451740742
"V8",0.138773368438706
"V9",4.125856295228
"V10",2.23682063352317
"V11",3.35844434611499
"V12",2.70693848002702
"V13",4.83309213258326
