"names","vals"
"Intercept",-1.88083358755801
"y",0.131996461655945
"V1",0.0893115259241313
"V2",0.638808195712045
"V3",0.193414714653045
"V4",0.00181176047772169
"V5",0.441038873512298
"V6",4.69115564599633
"V7",2.0421647541225
