"names","vals"
"Intercept",-1.82289093240863
"y",0.626259533455595
"V1",0.0404023069422692
"V2",0.728306852513924
"V3",0.0916861726436764
"V4",0.491181417368352
"V5",2.64181299041957
