"names","vals"
"Intercept",-12.0425633145822
"y",0.818975053029135
"V1",0.844887093175203
"V2",0.742637495975941
"V3",0.504258419154212
"V4",0.834112525684759
"V5",0.593457136070356
"V6",0.20706519135274
"V7",0.319474069168791
"V8",0.073115513427183
"V9",4.74638052470982
"V10",4.55548924393952
"V11",2.55605166591704
"V12",3.13467861618847
"V13",1.16305606625974
