"names","vals"
"Intercept",-6.40012403974542
"y",0.247468324843794
"V1",0.855905703734607
"V2",0.630580644588917
"V3",0.711442332016304
"V4",0.0660564179997891
"V5",0.332440895959735
"V6",4.51202910020947
"V7",2.12284600827843
