"names","vals"
"Intercept",-7.01049454010557
"y",0.000858749961480498
"V1",0.646657109260559
"V2",0.974950837437063
"V3",0.75899485941045
"V4",0.206172290723771
"V5",0.596728455042467
"V6",0.44261003867723
"V7",0.292895478894934
"V8",1.78667395748198
"V9",4.81607665587217
"V10",1.27790217101574
"V11",1.26056822016835
