"names","vals"
"Intercept",-3.15160924830474
"y",0.281361522385851
"V1",0.799262041691691
"V2",0.150183769408613
"V3",0.181221254868433
"V4",0.746194801526144
"V5",0.0716594678815454
"V6",1.74665915314108
"V7",2.86479626595974
