"names","vals"
"Intercept",-1.11269257202512
"y",0.646492120111361
"V1",0.269159423420206
"V2",0.0216497052460909
"V3",0.861158334417269
"V4",0.59669148363173
"V5",3.54336710087955
