"names","vals"
"Intercept",-1.08970655762358
"y",0.147871926892549
"V1",0.686274388805032
"V2",0.0210474717896432
"V3",0.995245998725295
"V4",0.306475628167391
"V5",1.33079922385514
