"names","vals"
"Intercept",-8.54574762731558
"y",0.97045298665762
"V1",0.422610105015337
"V2",0.594793188152835
"V3",0.30976122058928
"V4",0.744880920043215
"V5",0.203125775558874
"V6",0.706717453896999
"V7",1.61448466032743
"V8",3.20384106971323
"V9",3.91215282678604
