"names","vals"
"Intercept",-7.12463185064262
"y",0.828495896188542
"V1",0.476083568297327
"V2",0.466550025390461
"V3",0.983468710910529
"V4",0.0306545754428953
"V5",0.231260893400759
"V6",0.891425151843578
"V7",4.0771663011983
"V8",3.63532901089638
"V9",1.63638732768595
