"names","vals"
"Intercept",-6.39365538433893
"y",0.910669880686328
"V1",0.0707377474755049
"V2",0.626867529237643
"V3",0.315437728539109
"V4",0.287257877644151
"V5",0.294836558867246
"V6",0.8624721840024
"V7",0.367396177258343
"V8",2.91996731981635
"V9",1.15253825951368
"V10",4.97866917401552
"V11",4.36986756138504
