"names","vals"
"Intercept",-9.87476004910655
"y",0.822262087836862
"V1",0.239321956643835
"V2",0.9808979856316
"V3",0.739437650190666
"V4",0.192414657212794
"V5",0.582939711865038
"V6",0.619510971708223
"V7",0.968203486409038
"V8",3.94039752427489
"V9",4.59906223323196
"V10",2.62301533389837
"V11",3.18680297862738
