"names","vals"
"Intercept",-4.17808004241902
"y",0.751180112129077
"V1",0.30196061055176
"V2",0.214050957700238
"V3",0.491119125392288
"V4",0.312263245694339
"V5",3.82043542526662
