"names","vals"
"Intercept",-1.70635909178993
"y",0.975869097746909
"V1",0.548727949848399
"V2",0.666897016810253
"V3",0.678938940400258
"V4",0.307415936840698
"V5",2.91521187964827
