"names","vals"
"Intercept",-2.16108054213692
"y",0.0881137533579022
"V1",0.122167214984074
"V2",0.161949254572392
"V3",0.958075189730152
"V4",0.0460166756529361
"V5",0.585139990085736
"V6",2.13490501884371
"V7",2.73023904301226
