"names","vals"
"Intercept",-5.29669347511604
"y",0.0674423067830503
"V1",0.457120466744527
"V2",0.373973875772208
"V3",0.373473131563514
"V4",0.787336673121899
"V5",0.0123268188908696
"V6",0.187940472038463
"V7",3.94466511253268
"V8",1.64752835873514
"V9",3.24915397074074
