"names","vals"
"Intercept",-9.54028305831365
"y",0.373043713858351
"V1",0.146399606019258
"V2",0.713795932941139
"V3",0.228083691326901
"V4",0.964689040789381
"V5",0.0869351585861295
"V6",0.791021236684173
"V7",0.899086980614811
"V8",0.831260304665193
"V9",1.66976752784103
"V10",3.72177328262478
"V11",3.20577905699611
"V12",4.89342689979821
"V13",4.10019087139517
