"names","vals"
"Intercept",-3.10753517158795
"y",0.212445090990514
"V1",0.0547471072059125
"V2",0.757669142913073
"V3",0.645603761076927
"V4",0.755705404095352
"V5",0.0776334514375776
"V6",1.37638182938099
"V7",1.84881730005145
