"names","vals"
"Intercept",-2.85084859151393
"y",0.0504221944138408
"V1",0.529083484550938
"V2",0.459072110010311
"V3",0.982228644890711
"V4",0.795275709824637
"V5",0.616360841784626
"V6",4.79050841461867
"V7",4.78761483356357
