"names","vals"
"Intercept",-1.82224996077828
"y",0.810117465443909
"V1",0.832530537154526
"V2",0.0172834475524724
"V3",0.0721035511232913
"V4",0.978430018993095
"V5",2.98655978869647
