"names","vals"
"Intercept",-13.8967236030614
"y",0.21880987053737
"V1",0.060081293573603
"V2",0.067877538735047
"V3",0.81844763061963
"V4",0.72910926467739
"V5",0.698953125858679
"V6",0.758584978524595
"V7",0.406746235210449
"V8",0.567383809247985
"V9",3.43299124762416
"V10",4.73826696258038
"V11",4.26890170387924
"V12",4.06395240873098
"V13",2.55131382960826
