"names","vals"
"Intercept",-6.0748107892694
"y",0.100370494415984
"V1",0.735916005680338
"V2",0.501310235122219
"V3",0.693353810114786
"V4",0.683293423615396
"V5",0.594855873379856
"V6",0.368864113930613
"V7",0.541000365978107
"V8",2.97019814699888
"V9",2.13838750403374
"V10",2.61401334777474
"V11",1.26199233345687
