"names","vals"
"Intercept",-12.9472041374655
"y",0.41944277798757
"V1",0.688685995293781
"V2",0.575418849475682
"V3",0.93613073346205
"V4",0.185511163901538
"V5",0.549320433987305
"V6",0.812682791613042
"V7",0.93941630073823
"V8",0.234434608137235
"V9",3.70044501405209
"V10",1.6366368914023
"V11",3.08680820837617
"V12",3.67592977080494
"V13",2.27593444287777
