"names","vals"
"Intercept",-1.79692932585021
"y",0.397994115017354
"V1",0.33667459548451
"V2",0.986506433226168
"V3",0.950128150871024
"V4",0.0609529698267579
"V5",1.73162053525448
