"names","vals"
"Intercept",-8.33321499031736
"y",0.0969378384761512
"V1",0.238503482425585
"V2",0.130771275609732
"V3",0.826137306401506
"V4",0.85348267480731
"V5",0.251941518159583
"V6",0.878241035621613
"V7",0.197815897408873
"V8",0.10694833798334
"V9",2.85821053385735
"V10",1.90240935236216
"V11",3.36029792204499
"V12",1.31241185590625
"V13",3.43864681292325
