"names","vals"
"Intercept",-6.45396797634894
"y",0.0124784798827022
"V1",0.43720839289017
"V2",0.134031484136358
"V3",0.3999365309719
"V4",0.637101593660191
"V5",0.077949158847332
"V6",0.918937934329733
"V7",0.718950254376978
"V8",1.37859656754881
"V9",3.80084243789315
"V10",1.72142266947776
"V11",2.46009050123394
