"names","vals"
"Intercept",-9.75327471036464
"y",0.386567927896976
"V1",0.198926844401285
"V2",0.774780817329884
"V3",0.220993508817628
"V4",0.252915390767157
"V5",0.327843977836892
"V6",0.169648182345554
"V7",0.612363569438457
"V8",4.97416085191071
"V9",4.31742615066469
"V10",4.12137625645846
"V11",3.16834398638457
