"names","vals"
"Intercept",-2.93918345988495
"y",0.54615682689473
"V1",0.526140757603571
"V2",0.129822812508792
"V3",0.17799034435302
"V4",0.23471916350536
"V5",2.3934334628284
