"names","vals"
"Intercept",-6.60286276948638
"y",0.935452981619164
"V1",0.417029096744955
"V2",0.389159552520141
"V3",0.851664111483842
"V4",0.491986820008606
"V5",0.685451294062659
"V6",0.366055903257802
"V7",0.809203033102676
"V8",3.29983231332153
"V9",4.38515471760184
"V10",2.00506937503815
"V11",4.05981360562146
