"names","vals"
"Intercept",-2.85337814192753
"y",0.0557534922845662
"V1",0.463896570494398
"V2",0.590237606549636
"V3",0.269379263976589
"V4",0.919899252476171
"V5",0.518329378217459
"V6",0.221313814166933
"V7",4.17572374921292
"V8",1.10647336579859
"V9",1.627726174891
