"names","vals"
"Intercept",-6.82172770232894
"y",0.911456459434703
"V1",0.0782944178208709
"V2",0.250244884984568
"V3",0.0952004545833915
"V4",0.433254818199202
"V5",0.89355527702719
"V6",0.482347244862467
"V7",2.13533328846097
"V8",3.09569329861552
"V9",4.05707075167447
