"names","vals"
"Intercept",-2.51621857724385
"y",0.155742788687348
"V1",0.542407620698214
"V2",0.921429665992036
"V3",0.819607938174158
"V4",0.00723301572725177
"V5",1.12864383496344
