"names","vals"
"Intercept",-5.45656469300855
"y",0.689626797335222
"V1",0.237699675140902
"V2",0.253770940471441
"V3",0.0151821782346815
"V4",0.351273130392656
"V5",0.0852809851057827
"V6",0.818247105926275
"V7",0.723226779140532
"V8",1.57810961641371
"V9",2.59971406497061
"V10",4.49632389005274
"V11",2.19634857866913
