"names","vals"
"Intercept",-9.3300353324879
"y",0.729445623466745
"V1",0.197079518577084
"V2",0.529551874380559
"V3",0.19200678402558
"V4",0.0845579076558352
"V5",0.615392702398822
"V6",0.716244770679623
"V7",0.535018584458157
"V8",0.266999820247293
"V9",3.06484369840473
"V10",2.09076291881502
"V11",2.85820851661265
"V12",3.92598809301853
"V13",1.89384885225445
