"names","vals"
"Intercept",-2.76381080552237
"y",0.1321927504614
"V1",0.672204768750817
"V2",0.171035620151088
"V3",0.595723314210773
"V4",0.703212610445917
"V5",3.12208549678326
