"names","vals"
"Intercept",-2.2826507768617
"y",0.320697202114388
"V1",0.982711608055979
"V2",0.51334916963242
"V3",0.263066904852167
"V4",0.682807379635051
"V5",0.579216341720894
"V6",1.01696920115501
"V7",1.48125144653022
