"names","vals"
"Intercept",-3.42708584796172
"y",0.556551534682512
"V1",0.89816280733794
"V2",0.605654860381037
"V3",0.490701639093459
"V4",0.908290728926659
"V5",0.0880976831540465
"V6",0.799747972982004
"V7",3.53074168134481
"V8",2.04831114131957
"V9",2.91102713532746
