"names","vals"
"Intercept",-9.4313512891205
"y",0.268555823713541
"V1",0.717991969780996
"V2",0.124045033706352
"V3",0.488723079906777
"V4",0.465209322283044
"V5",0.580464593600482
"V6",0.109451662283391
"V7",0.349981565028429
"V8",0.874678492546082
"V9",2.65103391744196
"V10",1.30498019605875
"V11",4.34894911013544
"V12",3.42688180226833
"V13",1.21877264883369
