"names","vals"
"Intercept",-8.12499988708179
"y",0.0313741301652044
"V1",0.459982534870505
"V2",0.484619084978476
"V3",0.179308692924678
"V4",0.205237932736054
"V5",0.806382981361821
"V6",0.618451111251488
"V7",0.202722725458443
"V8",3.40526866074651
"V9",2.84874022658914
"V10",2.74023296311498
"V11",4.10117303021252
