"names","vals"
"Intercept",-9.65866348320618
"y",0.949316400801763
"V1",0.0425617035944015
"V2",0.872995978686959
"V3",0.868690903531387
"V4",0.363375116605312
"V5",0.410675182938576
"V6",0.0847642400767654
"V7",4.26174872741103
"V8",4.99312402773649
"V9",3.94685836602002
