"names","vals"
"Intercept",-7.81395585907157
"y",0.0942097788210958
"V1",0.965563647449017
"V2",0.36185341142118
"V3",0.158280159812421
"V4",0.703699922887608
"V5",0.0597022231668234
"V6",0.423430779948831
"V7",1.50136735942215
"V8",3.792734188959
"V9",3.0768104698509
