"names","vals"
"Intercept",-4.26365616581403
"y",0.489775987109169
"V1",0.4625510701444
"V2",0.30252284090966
"V3",0.0170305904466659
"V4",0.978140011662617
"V5",0.919005890144035
"V6",3.0143684623763
"V7",2.2935077380389
