"names","vals"
"Intercept",-1.87352826186689
"y",0.182190385414287
"V1",0.845242079580203
"V2",0.0972689837217331
"V3",0.416955964406952
"V4",0.859685403993353
"V5",1.2071450650692
