"names","vals"
"Intercept",-3.63146207970567
"y",0.832852614345029
"V1",0.375349901849404
"V2",0.214925432577729
"V3",0.104810672579333
"V4",0.350884829415008
"V5",0.208120140479878
"V6",0.791453834390268
"V7",4.26606536377221
"V8",1.53680317755789
"V9",2.61463640443981
