"names","vals"
"Intercept",-2.37056152059231
"y",0.343306657625362
"V1",0.113295664777979
"V2",0.323613170534372
"V3",0.111136169638485
"V4",0.103441571816802
"V5",2.63866374734789
