"names","vals"
"Intercept",-3.0362258616602
"y",0.170925062848255
"V1",0.155889577697963
"V2",0.309432992246002
"V3",0.391288796206936
"V4",0.674038638360798
"V5",0.367547348840162
"V6",0.501063037663698
"V7",3.20806782972068
"V8",2.62087788432837
"V9",2.2054581483826
