"names","vals"
"Intercept",-12.1829458149383
"y",0.695302434964105
"V1",0.880863841855898
"V2",0.664930519880727
"V3",0.835061627440155
"V4",0.361307551618665
"V5",0.982727674301714
"V6",0.081557484343648
"V7",0.480269477237016
"V8",0.245566583238542
"V9",4.35336555354297
"V10",3.40906818769872
"V11",3.04666759632528
"V12",1.40747694019228
"V13",3.3808768093586
