"names","vals"
"Intercept",-12.1115850489354
"y",0.371464785886928
"V1",0.283338068751618
"V2",0.259689153870568
"V3",0.750530421268195
"V4",0.561831510160118
"V5",0.993590582627803
"V6",0.270107885124162
"V7",0.00467565818689764
"V8",0.214231363497674
"V9",3.3426328105852
"V10",2.12947716843337
"V11",1.30414562672377
"V12",4.99696743953973
"V13",1.4920432176441
