"names","vals"
"Intercept",-4.29040275635198
"y",0.915730790467933
"V1",0.164061611052603
"V2",0.404651255812496
"V3",0.755453464807943
"V4",0.543655721936375
"V5",0.0364404297433794
"V6",3.64934869296849
"V7",2.48491291888058
