"names","vals"
"Intercept",-13.7564141170471
"y",0.310339048970491
"V1",0.863760110223666
"V2",0.239157898817211
"V3",0.371944923652336
"V4",0.758585958974436
"V5",0.986462141154334
"V6",0.76325896452181
"V7",0.197234262479469
"V8",0.364097943296656
"V9",1.52084911428392
"V10",4.60544590838253
"V11",1.5621936423704
"V12",1.88255360256881
"V13",4.41061039827764
