"names","vals"
"Intercept",-5.6915899573802
"y",0.289457437116653
"V1",0.44497077469714
"V2",0.161428473191336
"V3",0.828837406588718
"V4",0.590723025845364
"V5",0.518929917830974
"V6",0.670370804145932
"V7",0.908982164692134
"V8",0.793329342734069
"V9",2.56540403980762
"V10",2.73706310801208
"V11",2.2018621545285
"V12",1.50852567981929
"V13",2.707325511612
