"names","vals"
"Intercept",-7.52456644076156
"y",0.0757238566875458
"V1",0.990492017241195
"V2",0.504788311431184
"V3",0.817040612455457
"V4",0.83218095311895
"V5",0.53266518865712
"V6",0.0180283922236413
"V7",0.643820576136932
"V8",0.417973709758371
"V9",3.09139213711023
"V10",1.32798778172582
"V11",2.74455818347633
"V12",2.51826732885092
"V13",1.10517408512533
