"names","vals"
"Intercept",-5.73590926162433
"y",0.332772225374356
"V1",0.400846875272691
"V2",0.936531022656709
"V3",0.832792000845075
"V4",0.334872560808435
"V5",0.442625238094479
"V6",0.495606148382649
"V7",0.790740557014942
"V8",0.562622071709484
"V9",3.06011004000902
"V10",2.02150983083993
"V11",2.88920501153916
"V12",4.42611557524651
"V13",4.27333296276629
