"names","vals"
"Intercept",-9.92102516393643
"y",0.446308716665953
"V1",0.330658035585657
"V2",0.954523741500452
"V3",0.459344305330887
"V4",0.9765637984965
"V5",0.873973713954911
"V6",0.398436889750883
"V7",0.0109101345296949
"V8",0.466597459279001
"V9",2.34899326041341
"V10",1.13843779265881
"V11",3.57883320748806
"V12",2.11455787904561
"V13",2.69395465124398
