"names","vals"
"Intercept",-3.95598191530444
"y",0.670767401345074
"V1",0.073196537559852
"V2",0.0531615687068552
"V3",0.796053990954533
"V4",0.0401452637743205
"V5",0.147811038419604
"V6",0.830789997475222
"V7",2.58085446897894
"V8",3.06038473080844
"V9",1.47869259864092
