"names","vals"
"Intercept",-5.93327362636337
"y",0.955120445927605
"V1",0.972373702097684
"V2",0.619138011941686
"V3",0.0443517374806106
"V4",0.0946542017627507
"V5",0.28629211965017
"V6",3.28407198283821
"V7",3.40368605963886
