"names","vals"
"Intercept",-9.45807941837702
"y",0.517292579403147
"V1",0.0597423540893942
"V2",0.986420525237918
"V3",0.726263725664467
"V4",0.685126733733341
"V5",0.660100288223475
"V6",0.589420970762148
"V7",0.890197906875983
"V8",0.659942134749144
"V9",1.58206821326166
"V10",1.95528701320291
"V11",2.01090436987579
"V12",4.23932317551225
"V13",3.35207486245781
