"names","vals"
"Intercept",-4.54088380420115
"y",0.280011339811608
"V1",0.969054923625663
"V2",0.170380645431578
"V3",0.857852132292464
"V4",0.69785489491187
"V5",0.995783654972911
"V6",0.499959351262078
"V7",2.55024361331016
"V8",2.71527308225632
"V9",1.85516695119441
