"names","vals"
"Intercept",-4.20995939202374
"y",0.997048195451498
"V1",0.447711635148153
"V2",0.733295328216627
"V3",0.5125318383798
"V4",0.570911487098783
"V5",0.630595555528998
"V6",0.0351821861695498
"V7",3.13643976766616
"V8",1.08886649925262
"V9",1.35810902994126
