"names","vals"
"Intercept",-8.71899022827856
"y",0.953628960298374
"V1",0.0481455086264759
"V2",0.947356489952654
"V3",0.433959035202861
"V4",0.170413197483867
"V5",0.467444869922474
"V6",0.0514266409445554
"V7",0.831613950198516
"V8",0.394480077549815
"V9",3.1455890070647
"V10",2.52757495362312
"V11",4.95281224139035
"V12",1.40190860442817
"V13",1.84446768928319
