"names","vals"
"Intercept",-8.67084394217469
"y",0.0274737651925534
"V1",0.839150475803763
"V2",0.116611694218591
"V3",0.381362486165017
"V4",0.204761012922972
"V5",0.825223698979244
"V6",0.146931298309937
"V7",4.61163356807083
"V8",4.50337980967015
"V9",4.94644837267697
