"names","vals"
"Intercept",-9.32502551515354
"y",0.441091827349737
"V1",0.753927811747417
"V2",0.20035780291073
"V3",0.590572761604562
"V4",0.200984111521393
"V5",0.232865971513093
"V6",4.00479432754219
"V7",4.92370445374399
