"names","vals"
"Intercept",-8.36565546072088
"y",0.490569203160703
"V1",0.423973046476021
"V2",0.500361384823918
"V3",0.497090804157779
"V4",0.697160600451753
"V5",0.581523472210392
"V6",0.753939363639802
"V7",0.896529767196625
"V8",0.61098883417435
"V9",4.96377915423363
"V10",2.02178684342653
"V11",3.76454558689147
"V12",1.81445547379553
"V13",3.55045581050217
