"names","vals"
"Intercept",-6.06346378758317
"y",0.0563937681727111
"V1",0.132932879729196
"V2",0.190610545920208
"V3",0.830249313032255
"V4",0.880482285981998
"V5",0.810198602732271
"V6",3.80516499839723
"V7",2.64530443958938
