"names","vals"
"Intercept",-7.81095343431225
"y",0.275487043196335
"V1",0.203140193363652
"V2",0.610134937101975
"V3",0.246738216141239
"V4",0.24654675857164
"V5",0.577202936867252
"V6",0.925198478857055
"V7",3.11900972668082
"V8",3.01223058532923
"V9",3.78108356893063
