"names","vals"
"Intercept",-10.9480608607992
"y",0.924142185365781
"V1",0.677738088648766
"V2",0.00968895689584315
"V3",0.458888589870185
"V4",0.359939126065001
"V5",0.995808084262535
"V6",0.538212953601032
"V7",0.863063057884574
"V8",0.49475918058306
"V9",2.63746150117368
"V10",4.41515755280852
"V11",2.41912335529923
"V12",2.14610521681607
"V13",1.71933774650097
