"names","vals"
"Intercept",-11.3383772913646
"y",0.117471904261038
"V1",0.673984088702127
"V2",0.961152566596866
"V3",0.0683782824780792
"V4",0.113438269356266
"V5",0.119064783910289
"V6",0.322589674266055
"V7",0.573222951963544
"V8",4.05722460430115
"V9",4.94243517611176
"V10",4.35587127134204
"V11",3.4338598633185
