"names","vals"
"Intercept",-6.64564161798684
"y",0.442841585259885
"V1",0.370874647051096
"V2",0.278845899039879
"V3",0.36866521066986
"V4",0.00632538716308773
"V5",0.122010085266083
"V6",0.986696873093024
"V7",0.31397637235932
"V8",1.30475981533527
"V9",2.74609248060733
"V10",3.16445323638618
"V11",2.52173102088273
