"names","vals"
"Intercept",-4.7133852844825
"y",0.00436626374721527
"V1",0.236847933381796
"V2",0.100802671629936
"V3",0.967127903364599
"V4",0.418145644245669
"V5",0.994270037161186
"V6",0.979209264041856
"V7",1.36701556481421
"V8",1.56109462399036
"V9",4.91162989474833
