"names","vals"
"Intercept",-9.33849674014142
"y",0.321591893909499
"V1",0.0242881015874445
"V2",0.666037798160687
"V3",0.386298601748422
"V4",0.58837052481249
"V5",0.801320256665349
"V6",0.240397488232702
"V7",0.247480572899804
"V8",2.68387214560062
"V9",2.55422758217901
"V10",4.52433559857309
"V11",3.56672235578299
