"names","vals"
"Intercept",-4.16269980541896
"y",0.760541995288804
"V1",0.564931118162349
"V2",0.618276258464903
"V3",0.638480050256476
"V4",0.8939153784886
"V5",3.06295172311366
