"names","vals"
"Intercept",-2.80816933629336
"y",0.663646386470646
"V1",0.721563339233398
"V2",0.772650682134554
"V3",0.0953604807145894
"V4",0.711016094312072
"V5",0.879434405593202
"V6",2.31884338892996
"V7",1.24341392610222
