"names","vals"
"Intercept",-11.1776160334656
"y",0.657663805875927
"V1",0.365383746568114
"V2",0.474814660847187
"V3",0.0610916649457067
"V4",0.725729917641729
"V5",0.526886156992987
"V6",0.970694211311638
"V7",0.920164078706875
"V8",0.0274987483862787
"V9",1.57239025365561
"V10",3.82203176431358
"V11",4.28800684772432
"V12",2.92162284441292
"V13",2.11463216412812
