"names","vals"
"Intercept",-5.56958157514455
"y",0.453018523287028
"V1",0.661231371108443
"V2",0.629099403275177
"V3",0.781821594340727
"V4",0.967415611958131
"V5",0.776057582348585
"V6",0.00576149369589984
"V7",0.107096753083169
"V8",4.65159952547401
"V9",1.81122510507703
"V10",3.20221193972975
"V11",4.87979975435883
