"names","vals"
"Intercept",-8.06651148409583
"y",0.333259171806276
"V1",0.0780092354398221
"V2",0.948361484799534
"V3",0.996620141668245
"V4",0.337832163088024
"V5",0.641711242729798
"V6",0.345240683993325
"V7",0.127118726959452
"V8",0.385690033901483
"V9",4.83447274938226
"V10",2.19270864594728
"V11",3.43485733307898
"V12",3.54956267680973
"V13",4.84215276315808
