"names","vals"
"Intercept",-8.49462968387641
"y",0.35067166434601
"V1",0.35917561664246
"V2",0.842784428969026
"V3",0.21727831964381
"V4",0.62465493218042
"V5",0.311759631149471
"V6",0.933141773333773
"V7",0.476655690930784
"V8",0.495982598280534
"V9",1.20808506850153
"V10",3.71794824302197
"V11",1.62133642099798
"V12",2.84323413204402
"V13",2.7574379555881
