"names","vals"
"Intercept",-8.40519113222603
"y",0.383159818127751
"V1",0.363766042282805
"V2",0.658485380699858
"V3",0.76086715515703
"V4",0.675474161282182
"V5",0.398786144098267
"V6",3.29567070119083
"V7",3.66089765075594
