"names","vals"
"Intercept",-4.73509728416335
"y",0.77702961396426
"V1",0.482802748912945
"V2",0.892085149185732
"V3",0.798599771922454
"V4",0.320684580598027
"V5",0.0984346659388393
"V6",1.95316980034113
"V7",4.81810140516609
