"names","vals"
"Intercept",-13.4797458309727
"y",0.982861086260527
"V1",0.719602966215461
"V2",0.773855007952079
"V3",0.384647701168433
"V4",0.455798226641491
"V5",0.747869361424819
"V6",0.248686383478343
"V7",0.571493619820103
"V8",0.0881965884473175
"V9",3.42095856089145
"V10",4.0505426377058
"V11",3.80937628727406
"V12",3.31057537719607
"V13",2.82561208214611
