"names","vals"
"Intercept",-10.0237241712329
"y",0.156275750603527
"V1",0.532652873545885
"V2",0.963695341721177
"V3",0.440666917478666
"V4",0.864925569621846
"V5",0.415554178413004
"V6",0.640086228959262
"V7",0.991099044680595
"V8",4.7414583042264
"V9",4.59616063069552
"V10",3.34284216444939
"V11",3.70238865911961
