"names","vals"
"Intercept",-5.42438970894553
"y",0.460834618192166
"V1",0.0432706258725375
"V2",0.256726366234943
"V3",0.978729222668335
"V4",0.987624859204516
"V5",4.56012976821512
