"names","vals"
"Intercept",-8.24433314373018
"y",0.556193902622908
"V1",0.686162236845121
"V2",0.500277352519333
"V3",0.474788730731234
"V4",0.732398137683049
"V5",0.437605536077172
"V6",0.290356613928452
"V7",0.357761033577845
"V8",4.96418982092291
"V9",2.10489960387349
"V10",2.8042945349589
"V11",2.19996891077608
