"names","vals"
"Intercept",-6.1000071090227
"y",0.876077809603885
"V1",0.496669154847041
"V2",0.830955220852047
"V3",0.139536974020302
"V4",0.235602134140208
"V5",0.287301817443222
"V6",0.0847058910876513
"V7",2.04597510118037
"V8",4.55942104849964
"V9",2.32227107137442
