"names","vals"
"Intercept",-1.15744447057601
"y",0.0143074106890708
"V1",0.0672532182652503
"V2",0.481207306496799
"V3",0.138797762570903
"V4",0.927666948409751
"V5",1.64181389473379
