"names","vals"
"Intercept",-9.25136969422921
"y",0.812515437835827
"V1",0.409582461463287
"V2",0.101940278196707
"V3",0.315084091154858
"V4",0.309393265517429
"V5",0.33798334444873
"V6",0.362241789931431
"V7",0.0645962625276297
"V8",1.14513095933944
"V9",2.15028767008334
"V10",3.03017485607415
"V11",4.05239928048104
