"names","vals"
"Intercept",-5.85412242418854
"y",0.771296857157722
"V1",0.570033715805039
"V2",0.688069731462747
"V3",0.524491043761373
"V4",0.791354580316693
"V5",4.25008411798626
