"names","vals"
"Intercept",-4.96625194025924
"y",0.718734801048413
"V1",0.407092667883262
"V2",0.485512368148193
"V3",0.208731797290966
"V4",0.972331947181374
"V5",0.195600337116048
"V6",0.0078939797822386
"V7",0.439396873582155
"V8",1.49740860145539
"V9",2.08941863384098
"V10",1.21701214835048
"V11",4.89164713118225
