"names","vals"
"Intercept",-1.33047495516948
"y",0.404723329935223
"V1",0.0228329664096236
"V2",0.0267148436978459
"V3",0.743735685944557
"V4",0.5542049522046
"V5",1.80648755840957
