"names","vals"
"Intercept",-10.895027251495
"y",0.748247619485483
"V1",0.617209495743737
"V2",0.197015538811684
"V3",0.941677142167464
"V4",0.0564031575340778
"V5",0.670795761514455
"V6",0.269052695250139
"V7",0.989119609119371
"V8",4.78618524409831
"V9",4.21595432795584
"V10",3.08462455868721
"V11",3.8660940779373
