"names","vals"
"Intercept",-2.45198858861346
"y",0.508424407802522
"V1",0.376677826745436
"V2",0.336308242753148
"V3",0.020222682505846
"V4",0.0933036170899868
"V5",4.73891816474497
