"names","vals"
"Intercept",-8.8155275759683
"y",0.366440725745633
"V1",0.829875688999891
"V2",0.685433289501816
"V3",0.56323345657438
"V4",0.980898248264566
"V5",0.0685347581747919
"V6",0.478155515855178
"V7",0.358147430233657
"V8",1.60844192560762
"V9",1.03102124109864
"V10",4.0141209801659
"V11",4.81096594873816
