"names","vals"
"Intercept",-8.14192438923055
"y",0.170621390920132
"V1",0.83322427328676
"V2",0.480835210299119
"V3",0.887970379088074
"V4",0.256141248159111
"V5",0.571677911560982
"V6",0.688863943796605
"V7",0.0387427147943527
"V8",2.43779908493161
"V9",1.19289832562208
"V10",1.59108717460185
"V11",4.0816864958033
