"names","vals"
"Intercept",-3.60460956746247
"y",0.963038077112287
"V1",0.147430474637076
"V2",0.760039168642834
"V3",0.384452741825953
"V4",0.544082800857723
"V5",0.0758740489836782
"V6",1.73247596994042
"V7",4.61665484961122
