"names","vals"
"Intercept",-2.38464086891152
"y",0.840943249873817
"V1",0.907731387298554
"V2",0.33116611558944
"V3",0.456742639420554
"V4",0.127367866924033
"V5",4.14129410218447
