"names","vals"
"Intercept",-3.16543418428861
"y",0.869035281939432
"V1",0.113284165970981
"V2",0.835822228109464
"V3",0.694409330841154
"V4",0.226926134899259
"V5",3.99429345689714
