"names","vals"
"Intercept",-11.9114426878886
"y",0.870563591364771
"V1",0.823829036671668
"V2",0.597212556749582
"V3",0.0648585266899318
"V4",0.239693681476638
"V5",0.690243777818978
"V6",0.258849460631609
"V7",0.473927035927773
"V8",4.65844610799104
"V9",3.84849899541587
"V10",2.16974019352347
"V11",1.82300472725183
