"names","vals"
"Intercept",-8.97543737719301
"y",0.160812250804156
"V1",0.94691680604592
"V2",0.229829626856372
"V3",0.629114016890526
"V4",0.623441372765228
"V5",0.576737623428926
"V6",0.817852047504857
"V7",0.542279346613213
"V8",2.74066349770874
"V9",3.61091997195035
"V10",1.94860952906311
"V11",1.582738914527
