"names","vals"
"Intercept",-8.56734352233587
"y",0.124777942430228
"V1",0.0459294538013637
"V2",0.472440091893077
"V3",0.953215516638011
"V4",0.0564748332835734
"V5",0.229965527076274
"V6",0.580495320493355
"V7",0.61553262360394
"V8",0.481326126027852
"V9",3.78155269287527
"V10",2.93464285228401
"V11",2.97174403071404
"V12",4.4103079624474
"V13",2.58573450800031
