"names","vals"
"Intercept",-2.51872884900076
"y",0.67779444064945
"V1",0.0885955456178635
"V2",0.299745680298656
"V3",0.044660936575383
"V4",0.520252500660717
"V5",0.0266609929967672
"V6",1.03888183273375
"V7",1.77652759011835
