"names","vals"
"Intercept",-8.09274693873478
"y",0.53843067586422
"V1",0.784497278742492
"V2",0.843636019388214
"V3",0.698725759517401
"V4",0.875706438207999
"V5",0.360050938092172
"V6",0.0766673923935741
"V7",0.449476566398516
"V8",0.671236712485552
"V9",4.0817902283743
"V10",2.35195341985673
"V11",2.53178975079209
"V12",3.13317353557795
"V13",3.19296552985907
