"names","vals"
"Intercept",-6.43871178623289
"y",0.713516674935818
"V1",0.57965965452604
"V2",0.1000826661475
"V3",0.151581397745758
"V4",0.389134970260784
"V5",0.371524066664279
"V6",0.425016305409372
"V7",4.1524172089994
"V8",1.1387705616653
"V9",3.05286165140569
