"names","vals"
"Intercept",-7.47951129970606
"y",0.616213677218184
"V1",0.189528592163697
"V2",0.715422236127779
"V3",0.208745092852041
"V4",0.10630544135347
"V5",0.783544816309586
"V6",0.323000029660761
"V7",0.0860560853034258
"V8",0.996452685445547
"V9",2.48844967316836
"V10",3.23798892647028
"V11",1.57450985722244
"V12",4.90795388445258
"V13",1.77359454147518
