"names","vals"
"Intercept",-10.8217067033146
"y",0.388711611973122
"V1",0.114166063256562
"V2",0.680646007414907
"V3",0.488353682681918
"V4",0.672764136921614
"V5",0.59837811999023
"V6",0.451201461954042
"V7",0.334913736442104
"V8",0.293766904855147
"V9",4.70720643177629
"V10",1.51394648104906
"V11",3.63553736917675
"V12",1.61316608544439
"V13",3.09337313193828
