"names","vals"
"Intercept",-6.82060029648012
"y",0.731925560394302
"V1",0.887175200507045
"V2",0.509080617222935
"V3",0.0350603302940726
"V4",0.479036147007719
"V5",0.451252988539636
"V6",4.16681953147054
"V7",1.44624408800155
