"names","vals"
"Intercept",-7.58248522629961
"y",0.540693288901821
"V1",0.532020246610045
"V2",0.561679956270382
"V3",0.703744176542386
"V4",0.750980404438451
"V5",0.989152506459504
"V6",0.591838533291593
"V7",0.960625012172386
"V8",2.89770530443639
"V9",1.41701668966562
"V10",2.98515286482871
"V11",4.39172413013875
