"names","vals"
"Intercept",-2.63033072473947
"y",0.847644005669281
"V1",0.151559078833088
"V2",0.300365966977552
"V3",0.592362042749301
"V4",0.768104717135429
"V5",3.253297730349
