"names","vals"
"Intercept",-9.27869608544744
"y",0.101980088045821
"V1",0.0429657257627696
"V2",0.856564503861591
"V3",0.618210629560053
"V4",0.644831206882372
"V5",0.191111258231103
"V6",0.524754619691521
"V7",0.462353454902768
"V8",0.810718298889697
"V9",3.42040026187897
"V10",1.16531265061349
"V11",3.3629041807726
"V12",2.72924263961613
"V13",4.29570470191538
