"names","vals"
"Intercept",-4.12927151134703
"y",0.514696447411552
"V1",0.556748007889837
"V2",0.8977703852579
"V3",0.0368350236676633
"V4",0.254189928527921
"V5",0.197260011918843
"V6",3.16651794314384
"V7",1.30468215513974
