"names","vals"
"Intercept",-4.40088749045273
"y",0.346873416798189
"V1",0.281032050494105
"V2",0.910384629620239
"V3",0.385058645624667
"V4",0.534397170646116
"V5",0.730642928741872
"V6",4.65332884900272
"V7",4.87176668271422
