"names","vals"
"Intercept",-6.62967067124788
"y",0.550930424593389
"V1",0.580802113981918
"V2",0.580196211114526
"V3",0.162303449353203
"V4",0.00960035878233612
"V5",0.773188127903268
"V6",0.463326564524323
"V7",0.45822646887973
"V8",4.7838604580611
"V9",3.48472662270069
"V10",3.64207717590034
"V11",2.18020516820252
