"names","vals"
"Intercept",-5.35824217972811
"y",0.95708424737677
"V1",0.254523554816842
"V2",0.920956059126183
"V3",0.832480876706541
"V4",0.284173669526353
"V5",0.948032046901062
"V6",1.27716657239944
"V7",2.27977601438761
