"names","vals"
"Intercept",-5.00599503124366
"y",0.32518808497116
"V1",0.696659032255411
"V2",0.792207602411509
"V3",0.821472871350124
"V4",0.947258546249941
"V5",0.377937764395028
"V6",0.326047385809943
"V7",0.128309606807306
"V8",3.06713151093572
"V9",2.62448470946401
"V10",4.95234941877425
"V11",3.52489081211388
