"names","vals"
"Intercept",-6.58012540256605
"y",0.518490135902539
"V1",0.518513103714213
"V2",0.17499992903322
"V3",0.738605318358168
"V4",0.410773050738499
"V5",0.87592569203116
"V6",0.69412751798518
"V7",1.86658967472613
"V8",2.05341374222189
"V9",4.23145781550556
