"names","vals"
"Intercept",-3.97202039666008
"y",0.550963992485777
"V1",0.622338381130248
"V2",0.104387418134138
"V3",0.924669005675241
"V4",0.947566089686006
"V5",0.766314932378009
"V6",3.88653482310474
"V7",4.37416343018413
