"names","vals"
"Intercept",-12.3528813228523
"y",0.418262063991278
"V1",0.161425425671041
"V2",0.669747636420652
"V3",0.0820096600800753
"V4",0.484213725663722
"V5",0.645617616130039
"V6",0.907914433162659
"V7",0.90446743555367
"V8",1.92558698914945
"V9",2.29246512241662
"V10",4.48085235711187
"V11",4.11458062939346
