"names","vals"
"Intercept",-2.55226746108849
"y",0.596716455649585
"V1",0.43247626721859
"V2",0.783238146454096
"V3",0.936790471896529
"V4",0.538532139034942
"V5",2.29539659712464
