"names","vals"
"Intercept",-7.11840030312072
"y",0.752691752044484
"V1",0.623842309927568
"V2",0.589482086943462
"V3",0.108091554604471
"V4",0.0213413494639099
"V5",0.270726126851514
"V6",0.596374663058668
"V7",0.104583899490535
"V8",1.931536603719
"V9",1.27224074024707
"V10",2.66707727592438
"V11",3.93736200965941
