"names","vals"
"Intercept",-9.83652101798216
"y",0.0363400592468679
"V1",0.93151910440065
"V2",0.303015440935269
"V3",0.341826325049624
"V4",0.806578521383926
"V5",0.699344646884128
"V6",0.557891935808584
"V7",0.130171579541638
"V8",0.710132791427895
"V9",1.73972799349576
"V10",2.42515743151307
"V11",2.90805589873344
"V12",3.43734185304493
"V13",1.9606511881575
