"names","vals"
"Intercept",-4.69590524930274
"y",0.947801626287401
"V1",0.0768050360493362
"V2",0.48639489710331
"V3",0.849485722603276
"V4",0.117709764279425
"V5",0.225418029818684
"V6",2.75730643421412
"V7",4.52068946696818
