"names","vals"
"Intercept",-9.79483974451898
"y",0.804149470524862
"V1",0.954085866454989
"V2",0.91244655707851
"V3",0.235742978285998
"V4",0.0802860814146698
"V5",0.382144390838221
"V6",0.253897199174389
"V7",0.784254515776411
"V8",1.58759197127074
"V9",4.27639072388411
"V10",3.28954823222011
"V11",4.94537195190787
