"names","vals"
"Intercept",-6.03324326362926
"y",0.318479997105896
"V1",0.109312983928248
"V2",0.895284806378186
"V3",0.74263655859977
"V4",0.58777356822975
"V5",0.889144796645269
"V6",0.613551553804427
"V7",4.90308226738125
"V8",2.15490659326315
"V9",3.61369002703577
