"names","vals"
"Intercept",-9.20012981052045
"y",0.520597128896043
"V1",0.264667329145595
"V2",0.436446444131434
"V3",0.381298318505287
"V4",0.199158780975267
"V5",0.968429242726415
"V6",0.868227448547259
"V7",0.187064105877653
"V8",0.31978911999613
"V9",2.41929600108415
"V10",3.16417646966875
"V11",3.55917304288596
"V12",2.93727923370898
"V13",3.24088185373694
