"names","vals"
"Intercept",-8.398919577247
"y",0.939157505054027
"V1",0.814899259945378
"V2",0.793762097368017
"V3",0.150434084236622
"V4",0.100356476381421
"V5",0.639018414542079
"V6",0.414922339143232
"V7",0.905282615916803
"V8",1.59987441357225
"V9",4.74668589420617
"V10",2.58098929189146
"V11",1.1552925882861
