"names","vals"
"Intercept",-13.8038409966743
"y",0.684143519029021
"V1",0.0749892645981163
"V2",0.369661641772836
"V3",0.756400804501027
"V4",0.828888251213357
"V5",0.566180079476908
"V6",0.208515941165388
"V7",0.449266421841457
"V8",0.0335239886771888
"V9",2.01744388602674
"V10",4.15355167724192
"V11",4.90045493934304
"V12",2.02326563373208
"V13",4.99470809474587
