"names","vals"
"Intercept",-2.84761615166208
"y",0.605469833593816
"V1",0.52637141244486
"V2",0.830582694848999
"V3",0.484353311592713
"V4",0.947465987177566
"V5",3.69976363796741
