"names","vals"
"Intercept",-6.66176835950464
"y",0.595942813903093
"V1",0.685651334235445
"V2",0.605739934602752
"V3",0.678458816837519
"V4",0.904859549831599
"V5",0.20810497016646
"V6",0.0192674156278372
"V7",4.82603759784251
"V8",1.33153810258955
"V9",4.2999123102054
