"names","vals"
"Intercept",-6.99693088776898
"y",0.778378244489431
"V1",0.29461194970645
"V2",0.370043743168935
"V3",0.650770117063075
"V4",0.455816562287509
"V5",0.892598660895601
"V6",3.05833580717444
"V7",3.50587756745517
