"names","vals"
"Intercept",-6.4114049910754
"y",0.835438990965486
"V1",0.0227291975170374
"V2",0.420609773369506
"V3",0.5018863203004
"V4",0.993648065486923
"V5",0.897484848275781
"V6",0.379277638159692
"V7",0.408550839405507
"V8",0.189451880287379
"V9",2.11633750610054
"V10",1.28021670505404
"V11",4.64152171742171
"V12",3.07383070699871
"V13",3.11721146851778
