"names","vals"
"Intercept",-4.85631290202728
"y",0.860439050476998
"V1",0.182161247590557
"V2",0.0752653514500707
"V3",0.185980918817222
"V4",0.747649882454425
"V5",0.398635424440727
"V6",0.219844355247915
"V7",3.56440905388445
"V8",1.45492269191891
"V9",4.46343052666634
