"names","vals"
"Intercept",-8.87777385544032
"y",0.233055228134617
"V1",0.052197105018422
"V2",0.536568682873622
"V3",0.142399434000254
"V4",0.0911570554599166
"V5",0.733467328594998
"V6",0.193425430683419
"V7",0.00806435220874846
"V8",0.980168966110796
"V9",1.88310441374779
"V10",1.16895005479455
"V11",3.82057434227318
"V12",1.71374369133264
"V13",4.97903446760029
