"names","vals"
"Intercept",-4.79598321297672
"y",0.97970885457471
"V1",0.948476740624756
"V2",0.965562759898603
"V3",0.864638997474685
"V4",0.256984827807173
"V5",0.620433482574299
"V6",1.96531274728477
"V7",1.14048764947802
