"names","vals"
"Intercept",-12.3054350541905
"y",0.264767845859751
"V1",0.635812073014677
"V2",0.370949610834941
"V3",0.952499381499365
"V4",0.977379434509203
"V5",0.595334975514561
"V6",0.708106520818546
"V7",0.996000793995336
"V8",3.75261511374265
"V9",4.62259384337813
"V10",2.00610940530896
"V11",1.94878279976547
