"names","vals"
"Intercept",-4.42385482843965
"y",0.751414417987689
"V1",0.813427987508476
"V2",0.264638564316556
"V3",0.740824177162722
"V4",0.953427406726405
"V5",0.0527619344647974
"V6",4.17666189279407
"V7",1.56891616992652
