"names","vals"
"Intercept",-1.99210535864113
"y",0.543268281966448
"V1",0.254679881967604
"V2",0.25384716806002
"V3",0.601966243935749
"V4",0.217018967727199
"V5",2.1666544796899
