"names","vals"
"Intercept",-9.01615759601817
"y",0.864782595075667
"V1",0.528437269385904
"V2",0.150088056456298
"V3",0.957616762490943
"V4",0.366095075849444
"V5",0.427009345730767
"V6",0.35370853357017
"V7",4.65697260480374
"V8",4.98109904490411
"V9",3.0357638662681
