"names","vals"
"Intercept",-13.060462240004
"y",0.115995926316828
"V1",0.573040153365582
"V2",0.125513511011377
"V3",0.585692920722067
"V4",0.514854444889352
"V5",0.176242015324533
"V6",0.475724551826715
"V7",0.224525480763987
"V8",4.55365538038313
"V9",4.52418703492731
"V10",4.82054661214352
"V11",2.07448795996606
