"names","vals"
"Intercept",-7.8424746641377
"y",0.429442975437269
"V1",0.68886004970409
"V2",0.884869867935777
"V3",0.519525477895513
"V4",0.824782385490835
"V5",0.609857051866129
"V6",4.50215925555676
"V7",3.29450387414545
