"names","vals"
"Intercept",-2.6032974926848
"y",0.523937572725117
"V1",0.459889113437384
"V2",0.259453190723434
"V3",0.665751757100224
"V4",0.571414859732613
"V5",1.65439550764859
