"names","vals"
"Intercept",-4.7097358634416
"y",0.764860748779029
"V1",0.505969858262688
"V2",0.83113106386736
"V3",0.0344649932812899
"V4",0.545898718293756
"V5",0.356068207416683
"V6",0.559313451405615
"V7",2.06203245744109
"V8",3.8466097554192
"V9",3.56201139744371
