"names","vals"
"Intercept",-1.04374513002578
"y",0.648265003459528
"V1",0.450535870157182
"V2",0.150236026383936
"V3",0.0649630820844322
"V4",0.120858008041978
"V5",1.34302076976746
