"names","vals"
"Intercept",-4.53521885406226
"y",0.169507694430649
"V1",0.646609204355627
"V2",0.417788477381691
"V3",0.382846405496821
"V4",0.215206044726074
"V5",0.596008610446006
"V6",1.13513096980751
"V7",3.0302875963971
