"names","vals"
"Intercept",-4.68441979601048
"y",0.55349904880859
"V1",0.606302647152916
"V2",0.759206522023305
"V3",0.204983758274466
"V4",0.0483203907497227
"V5",0.586923578288406
"V6",0.54872453561984
"V7",0.18943864479661
"V8",4.72208577394485
"V9",1.8434967212379
"V10",4.0561476610601
"V11",3.51053703017533
