"names","vals"
"Intercept",-9.64723951299675
"y",0.68060863786377
"V1",0.632106303004548
"V2",0.500927324639633
"V3",0.372812859015539
"V4",0.542504426790401
"V5",0.885233521927148
"V6",0.879267813172191
"V7",0.152269406942651
"V8",4.44371392391622
"V9",1.32462344598025
"V10",1.17870401963592
"V11",4.11091591883451
