"names","vals"
"Intercept",-11.3875763111864
"y",0.369540808256716
"V1",0.587073493050411
"V2",0.668502102140337
"V3",0.493158259429038
"V4",0.316848527640104
"V5",0.944463703315705
"V6",0.74605514970608
"V7",0.781453345902264
"V8",0.456374264089391
"V9",1.58721129968762
"V10",1.67958422936499
"V11",2.39152524061501
"V12",3.06446744408458
"V13",3.74512602202594
