"names","vals"
"Intercept",-7.28426140908152
"y",0.687372454674914
"V1",0.299550759606063
"V2",0.318191168364137
"V3",0.964250558055937
"V4",0.355549266561866
"V5",0.0711886521894485
"V6",0.525566884083673
"V7",0.584622227121145
"V8",2.11378390900791
"V9",1.53515755757689
"V10",2.24120297655463
"V11",4.18802794534713
