"names","vals"
"Intercept",-3.31988576379372
"y",0.397012535715476
"V1",0.299106901278719
"V2",0.594730667769909
"V3",0.86330781923607
"V4",0.126532689202577
"V5",1.58284538425505
