"names","vals"
"Intercept",-4.7513441550266
"y",0.940125545486808
"V1",0.754790222505108
"V2",0.474309106357396
"V3",0.858605374582112
"V4",0.983345850137994
"V5",2.20165291242301
