"names","vals"
"Intercept",-7.73647897745948
"y",0.168590892339125
"V1",0.491662783082575
"V2",0.00116536673158407
"V3",0.263705759309232
"V4",0.0842696870677173
"V5",0.616545806173235
"V6",0.837676343275234
"V7",1.36101174820215
"V8",4.0408893218264
"V9",2.73459006287158
