"names","vals"
"Intercept",-5.36376628065947
"y",0.0095001570880413
"V1",0.494745576754212
"V2",0.107549753040075
"V3",0.596406992292032
"V4",0.0896328904200345
"V5",0.688095341436565
"V6",4.95292784273624
"V7",1.95663131866604
