"names","vals"
"Intercept",-3.68376126006711
"y",0.561272068414837
"V1",0.229640174889937
"V2",0.429398734821007
"V3",0.358594198711216
"V4",0.256306066177785
"V5",0.258311256766319
"V6",3.77709916140884
"V7",4.37476636841893
