"names","vals"
"Intercept",-5.15013403313002
"y",0.0375529245939106
"V1",0.231656308285892
"V2",0.103225527331233
"V3",0.251397727522999
"V4",0.72178861615248
"V5",0.739723175996915
"V6",4.80268540233374
"V7",2.48593044187874
