"names","vals"
"Intercept",-6.71495187336579
"y",0.722428573062643
"V1",0.472640963969752
"V2",0.81012636073865
"V3",0.792772011831403
"V4",0.0358421027194709
"V5",0.338065870339051
"V6",0.795215999241918
"V7",4.44960651919246
"V8",3.39896077197045
"V9",2.77279385644943
