"names","vals"
"Intercept",-5.26725275025237
"y",0.160605441313237
"V1",0.384252005256712
"V2",0.755014179972932
"V3",0.0150264811236411
"V4",0.296183313475922
"V5",0.78183885733597
"V6",0.584799605654553
"V7",0.350048519670963
"V8",1.13926202990115
"V9",1.98161077685654
"V10",1.62191626988351
"V11",3.91644892748445
