"names","vals"
"Intercept",-5.34521807553247
"y",0.291378344641998
"V1",0.453864654293284
"V2",0.0633606873452663
"V3",0.996493367711082
"V4",0.58385029505007
"V5",0.30518474872224
"V6",0.0607968450058252
"V7",2.48802672792226
"V8",1.624367762357
"V9",2.63931963127106
