"names","vals"
"Intercept",-6.26694201546256
"y",0.306846467312425
"V1",0.13719041692093
"V2",0.807484559947625
"V3",0.634414973435923
"V4",0.857923623872921
"V5",0.919053664430976
"V6",0.423406910616904
"V7",4.04333406500518
"V8",4.34118151944131
"V9",3.00542558822781
