"names","vals"
"Intercept",-7.66188441028353
"y",0.724126736400649
"V1",0.694617168279365
"V2",0.091200997820124
"V3",0.0980924186296761
"V4",0.206916490569711
"V5",0.564920955104753
"V6",0.0745262431446463
"V7",1.14914664346725
"V8",4.51524390932173
"V9",1.10477107018232
