"names","vals"
"Intercept",-1.70529010646045
"y",0.912801059661433
"V1",0.688111363677308
"V2",0.614016553852707
"V3",0.631455349968746
"V4",0.0826980350539088
"V5",1.77117317356169
