"names","vals"
"Intercept",-11.1461015129345
"y",0.0147448377683759
"V1",0.997141364961863
"V2",0.274230325128883
"V3",0.81723469006829
"V4",0.100397595437244
"V5",0.129291862715036
"V6",0.076119493227452
"V7",0.34823582530953
"V8",4.8788796318695
"V9",4.27132511790842
"V10",1.07416604552418
"V11",4.41832516994327
