"names","vals"
"Intercept",-9.97563627122901
"y",0.682080735685304
"V1",0.722722901497036
"V2",0.463493075920269
"V3",0.98798644519411
"V4",0.703258912777528
"V5",0.798546310281381
"V6",0.30018424289301
"V7",0.103210036177188
"V8",4.8076230706647
"V9",1.99295568745583
"V10",4.75643725134432
"V11",4.13551678694785
