"names","vals"
"Intercept",-9.02965123148635
"y",0.969238483114168
"V1",0.713031450286508
"V2",0.491997874574736
"V3",0.196872318629175
"V4",0.0703720829915255
"V5",0.845252682920545
"V6",0.275259999325499
"V7",3.95290335640311
"V8",3.06560819130391
"V9",4.84884570352733
