"names","vals"
"Intercept",-10.4134188686498
"y",0.590422300854698
"V1",0.375380121869966
"V2",0.0855117228347808
"V3",0.906479909317568
"V4",0.244277941761538
"V5",0.450731075135991
"V6",0.0284102072473615
"V7",0.463508748449385
"V8",2.19452578295022
"V9",4.09179372899234
"V10",4.82302706222981
"V11",1.28295685816556
