"names","vals"
"Intercept",-8.59946504151449
"y",0.268827589694411
"V1",0.000554254045709968
"V2",0.542515243869275
"V3",0.942684896988794
"V4",0.981975156115368
"V5",0.189316899282858
"V6",0.87064267648384
"V7",4.456996624358
"V8",1.38811566401273
"V9",1.85426735784858
