"names","vals"
"Intercept",-7.16037504041567
"y",0.395755937555805
"V1",0.976990848314017
"V2",0.492618338437751
"V3",0.691065235529095
"V4",0.765822613611817
"V5",0.00315636186860502
"V6",0.472851622616872
"V7",3.59489081799984
"V8",1.3520740410313
"V9",4.00674097333103
