"names","vals"
"Intercept",-2.35185911523178
"y",0.714485972886905
"V1",0.648274372331798
"V2",0.321192071540281
"V3",0.509982114192098
"V4",0.179381368216127
"V5",3.12111847195774
