"names","vals"
"Intercept",-8.39492270975606
"y",0.585653598885983
"V1",0.907687212340534
"V2",0.920556074241176
"V3",0.0402527363039553
"V4",0.201347386930138
"V5",0.143447526730597
"V6",0.2332728295587
"V7",0.603546507423744
"V8",4.32967350073159
"V9",3.53152197599411
"V10",2.11010536830872
"V11",1.71595065202564
