"names","vals"
"Intercept",-5.14560883122031
"y",0.929235451854765
"V1",0.298895473824814
"V2",0.241319329012185
"V3",0.636801931075752
"V4",0.330408294452354
"V5",0.997710469644517
"V6",4.37426520325243
"V7",2.88898621220142
