"names","vals"
"Intercept",-4.10901986347511
"y",0.628084797412157
"V1",0.935715409461409
"V2",0.983063732506707
"V3",0.501928933197632
"V4",0.798611044185236
"V5",2.44384809397161
