"names","vals"
"Intercept",-9.59409251524601
"y",0.293172767618671
"V1",0.950052910251543
"V2",0.399007060099393
"V3",0.137421572348103
"V4",0.813864136114717
"V5",0.847554767038673
"V6",0.153435017447919
"V7",0.19706941745244
"V8",0.41699818521738
"V9",4.41627545375377
"V10",1.79695546068251
"V11",4.06920482777059
"V12",3.80222934763879
"V13",3.13875453080982
