"names","vals"
"Intercept",-9.39676180621609
"y",0.826916099060327
"V1",0.894282055087388
"V2",0.534484948264435
"V3",0.665930393850431
"V4",0.694150465074927
"V5",0.676994205685332
"V6",0.597860134672374
"V7",0.481896813493222
"V8",2.18613733816892
"V9",2.48979287780821
"V10",1.77149108145386
"V11",4.89187783002853
