"names","vals"
"Intercept",-6.16438422122737
"y",0.9043359530624
"V1",0.630178875289857
"V2",0.943791633937508
"V3",0.710536804748699
"V4",0.418788034003228
"V5",0.348503266461194
"V6",0.736045020632446
"V7",2.20285146310925
"V8",3.09014126192778
"V9",4.1327720656991
