"names","vals"
"Intercept",-7.86474831710802
"y",0.02172976359725
"V1",0.784940656274557
"V2",0.628685583593324
"V3",0.891201126389205
"V4",0.174651103792712
"V5",0.441041593207046
"V6",0.192194325150922
"V7",3.15875598974526
"V8",4.59348174463958
"V9",2.1748469825834
