"names","vals"
"Intercept",-10.1647235941282
"y",0.0892835068516433
"V1",0.611178823048249
"V2",0.976986513240263
"V3",0.869051184738055
"V4",0.565612213220447
"V5",0.385066119488329
"V6",0.405531991040334
"V7",0.623206951888278
"V8",0.703810819424689
"V9",2.20580939482898
"V10",4.12587366811931
"V11",1.49479103926569
"V12",2.66106683481485
"V13",2.18794200848788
