"names","vals"
"Intercept",-10.4229393182159
"y",0.434875194216147
"V1",0.468919331440702
"V2",0.515578177990392
"V3",0.427941821981221
"V4",0.397090578684583
"V5",0.981387497391552
"V6",0.224877912551165
"V7",4.91548604611307
"V8",3.57818508986384
"V9",4.97272559162229
