"names","vals"
"Intercept",-7.24077281048521
"y",0.702906775753945
"V1",0.952542379498482
"V2",0.954751785844564
"V3",0.890609249006957
"V4",0.509076767368242
"V5",0.223618016112596
"V6",0.270845910068601
"V7",0.117135122185573
"V8",2.97471036575735
"V9",2.56761148013175
"V10",1.45401974115521
"V11",3.13258844520897
