"names","vals"
"Intercept",-8.35346457586158
"y",0.49337404826656
"V1",0.753935527987778
"V2",0.175729526905343
"V3",0.419411062728614
"V4",0.275711860042065
"V5",0.722847528522834
"V6",0.748721194453537
"V7",0.924866218818352
"V8",0.0505205686204135
"V9",1.11282128747553
"V10",2.28993851784617
"V11",3.43858947977424
"V12",1.262490587309
"V13",4.22837239596993
