"names","vals"
"Intercept",-7.11067426813301
"y",0.605537483934313
"V1",0.914046553662047
"V2",0.75367353996262
"V3",0.355921092908829
"V4",0.740043596131727
"V5",0.527016007108614
"V6",0.827083952492103
"V7",0.57822429551743
"V8",4.90005314815789
"V9",2.36967696901411
"V10",2.9698303733021
"V11",1.26786857284606
