"names","vals"
"Intercept",-5.15904727546964
"y",0.0668380563147366
"V1",0.949082563398406
"V2",0.126912273699418
"V3",0.670500405831262
"V4",0.281460449099541
"V5",4.13132965844125
