"names","vals"
"Intercept",-4.56290304382564
"y",0.326902236323804
"V1",0.446901792893186
"V2",0.545648836297914
"V3",0.311856573680416
"V4",0.259687692858279
"V5",0.626624704571441
"V6",0.574894230579957
"V7",0.470849959179759
"V8",2.33328498061746
"V9",2.72775467392057
"V10",4.83299524243921
"V11",2.11942531634122
