"names","vals"
"Intercept",-5.88953797764843
"y",0.931749248411506
"V1",0.726285569369793
"V2",0.944673137739301
"V3",0.361135806422681
"V4",0.656133599346504
"V5",0.63156612124294
"V6",0.355698813451454
"V7",0.347570857731625
"V8",0.373591596260667
"V9",3.65529160853475
"V10",1.5821354938671
"V11",1.59747515525669
"V12",2.16126282326877
"V13",3.17615409567952
