"names","vals"
"Intercept",-3.81782504913863
"y",0.0312816600780934
"V1",0.314889346016571
"V2",0.724298735614866
"V3",0.482429797295481
"V4",0.556879438925534
"V5",3.15881002135575
