"names","vals"
"Intercept",-12.5299631418916
"y",0.338659540051594
"V1",0.82382596982643
"V2",0.707666996866465
"V3",0.0393142320681363
"V4",0.141500954981893
"V5",0.768194708041847
"V6",0.194583207834512
"V7",0.617710646707565
"V8",0.672927512554452
"V9",1.13880120031536
"V10",4.35355052631348
"V11",1.76307882461697
"V12",1.87523629609495
"V13",4.75579357426614
