"names","vals"
"Intercept",-3.31629226618679
"y",0.284920024918392
"V1",0.587463457370177
"V2",0.665360702201724
"V3",0.167242118623108
"V4",0.672143404372036
"V5",0.15730052255094
"V6",2.12722076755017
"V7",3.95410031080246
