"names","vals"
"Intercept",-1.63677660254762
"y",0.102660739794374
"V1",0.160860367352143
"V2",0.460345715517178
"V3",0.137417297577485
"V4",0.938048446783796
"V5",2.37783331237733
