"names","vals"
"Intercept",-8.84136594810057
"y",0.544545146171004
"V1",0.0694100032560527
"V2",0.515110054751858
"V3",0.71619975566864
"V4",0.679618180030957
"V5",0.161666902247816
"V6",0.0748320971615613
"V7",0.854645617073402
"V8",0.143457981524989
"V9",4.71224824432284
"V10",2.61526534054428
"V11",4.90893695317209
"V12",1.32753229234368
"V13",3.48975787777454
