"names","vals"
"Intercept",-7.88296724687098
"y",0.467361825983971
"V1",0.0651793400757015
"V2",0.802850603125989
"V3",0.446226771688089
"V4",0.835071057314053
"V5",0.343286661664024
"V6",0.958167773205787
"V7",0.939829110633582
"V8",4.08309489674866
"V9",2.3441426679492
"V10",3.45735105313361
"V11",4.01964636705816
