"names","vals"
"Intercept",-2.41490585739259
"y",0.00793639197945595
"V1",0.565653119934723
"V2",0.881513248663396
"V3",0.509743816452101
"V4",0.00710801780223846
"V5",0.385793283116072
"V6",0.746401839423925
"V7",4.92624900583178
"V8",2.5325026717037
"V9",3.32925821095705
