"names","vals"
"Intercept",-4.33476103708148
"y",0.769369784509763
"V1",0.681595886824653
"V2",0.828547994839028
"V3",0.653947761049494
"V4",0.35897610289976
"V5",0.492163009475917
"V6",1.96102563757449
"V7",4.029999807477
