"names","vals"
"Intercept",-3.75865797961596
"y",0.211716946912929
"V1",0.0667928580660373
"V2",0.234213233692572
"V3",0.368693414144218
"V4",0.780255385674536
"V5",0.218395790783688
"V6",0.413071684772149
"V7",2.33433675020933e-05
"V8",2.23445097915828
"V9",2.59362083580345
"V10",1.2577227698639
"V11",4.8976652668789
