"names","vals"
"Intercept",-7.39259832535172
"y",0.82376388576813
"V1",0.280930571258068
"V2",0.942830303451046
"V3",0.362391960108653
"V4",0.213916966924444
"V5",0.509411958046257
"V6",0.17309047258459
"V7",3.67189348302782
"V8",4.96314847283065
"V9",4.38524982146919
