"names","vals"
"Intercept",-2.69804223997053
"y",0.582062675151974
"V1",0.036090990062803
"V2",0.302723501576111
"V3",0.588176131714135
"V4",0.304186429828405
"V5",0.121752087492496
"V6",4.87812473904341
"V7",2.64586571324617
