"names","vals"
"Intercept",-2.43881853956962
"y",0.764345648465678
"V1",0.29742393665947
"V2",0.376572442473844
"V3",0.456917890580371
"V4",0.662293397588655
"V5",2.78172921855003
