"names","vals"
"Intercept",-2.29390941384481
"y",0.980492344126105
"V1",0.620979346567765
"V2",0.056508791865781
"V3",0.280337648931891
"V4",0.891013868153095
"V5",2.75721072312444
