"names","vals"
"Intercept",-2.39979066672735
"y",0.319881279487163
"V1",0.203295478597283
"V2",0.69707564660348
"V3",0.660355253377929
"V4",0.414620061405003
"V5",0.382402787450701
"V6",1.08549540955573
"V7",1.61234100069851
