"names","vals"
"Intercept",-3.94065346990246
"y",0.277165543520823
"V1",0.852458852110431
"V2",0.022425283677876
"V3",0.868361875414848
"V4",0.990288525819778
"V5",3.92877418082207
