"names","vals"
"Intercept",-5.79258671512362
"y",0.438540960429236
"V1",0.686965709319338
"V2",0.359991137636825
"V3",0.257926686201245
"V4",0.0250991070643067
"V5",0.831684980075806
"V6",0.793367158388719
"V7",4.5764935137704
"V8",2.46964066568762
"V9",2.94872987549752
