"names","vals"
"Intercept",-7.31126482333522
"y",0.769999367184937
"V1",0.639843460870907
"V2",0.199831620790064
"V3",0.633870529243723
"V4",0.379126033047214
"V5",0.555316727608442
"V6",0.242915824055672
"V7",4.22793192602694
"V8",1.84469602163881
"V9",1.32822860311717
