"names","vals"
"Intercept",-5.48269642692525
"y",0.316970952786505
"V1",0.335242294007912
"V2",0.901330064516515
"V3",0.171160009689629
"V4",0.162198163336143
"V5",0.635896693682298
"V6",0.721792365889996
"V7",1.89900205936283
"V8",1.53358463943005
"V9",3.27916856855154
