"names","vals"
"Intercept",-4.38337875352241
"y",0.733760609757155
"V1",0.65012411121279
"V2",0.544990704162046
"V3",0.278872793307528
"V4",0.826340707018971
"V5",0.00978088309057057
"V6",3.27747145481408
"V7",1.38030414748937
