"names","vals"
"Intercept",-5.9679334475426
"y",0.496767397969961
"V1",0.293463475303724
"V2",0.881634644931182
"V3",0.540999745484442
"V4",0.0766416043043137
"V5",0.0701377103105187
"V6",0.847353130811825
"V7",3.28225086536258
"V8",3.78555654082447
"V9",4.50794777926058
