"names","vals"
"Intercept",-5.29885569566628
"y",0.000128373969346285
"V1",0.254561143927276
"V2",0.746072153327987
"V3",0.319530220702291
"V4",0.80571592785418
"V5",0.152761037927121
"V6",0.0406376901082695
"V7",0.939237308921292
"V8",2.12276100553572
"V9",1.88394058961421
"V10",4.86180932726711
"V11",2.3239085553214
