"names","vals"
"Intercept",-10.2286463661236
"y",0.44539844058454
"V1",0.947604088345543
"V2",0.543927285354584
"V3",0.562236229889095
"V4",0.519168600440025
"V5",0.730950135039166
"V6",0.184918861137703
"V7",0.81536136358045
"V8",0.51574491080828
"V9",3.79330102261156
"V10",4.37047404050827
"V11",3.85306608863175
"V12",3.10509218741208
"V13",3.05900326743722
