"names","vals"
"Intercept",-11.5620800774451
"y",0.432985454797745
"V1",0.89499643817544
"V2",0.857241758843884
"V3",0.192539684474468
"V4",0.327901821350679
"V5",0.724759444594383
"V6",0.0089588740374893
"V7",4.88592445850372
"V8",1.33696767594665
"V9",4.76322757918388
