"names","vals"
"Intercept",-8.97932623849018
"y",0.832463977159932
"V1",0.604135082801804
"V2",0.147802541032434
"V3",0.54568332969211
"V4",0.406971703516319
"V5",0.633541376329958
"V6",0.353190653724596
"V7",0.188642756082118
"V8",2.85933657642454
"V9",1.16894584801048
"V10",2.40869153290987
"V11",4.78390952106565
