"names","vals"
"Intercept",-6.31646653353237
"y",0.917714352719486
"V1",0.184511188184842
"V2",0.083320027217269
"V3",0.917287912685424
"V4",0.903659488540143
"V5",0.259498437866569
"V6",0.0227448486257344
"V7",3.05928235501051
"V8",2.28843588102609
"V9",2.62014451436698
