"names","vals"
"Intercept",-3.45328878517961
"y",0.429470663424581
"V1",0.228401658823714
"V2",0.646783746080473
"V3",0.979021785780787
"V4",0.53826796496287
"V5",0.44846894685179
"V6",3.74004494957626
"V7",1.58586972299963
