"names","vals"
"Intercept",-2.56206002755789
"y",0.392675293376669
"V1",0.871899245074019
"V2",0.0321724840905517
"V3",0.520699584856629
"V4",0.441746035590768
"V5",0.622399009065703
"V6",4.2379848388955
"V7",2.18772315979004
