"names","vals"
"Intercept",-4.3290036783088
"y",0.468111690832302
"V1",0.0816658823750913
"V2",0.873743576463312
"V3",0.41629078076221
"V4",0.676146213896573
"V5",0.0340893198736012
"V6",0.00128440000116825
"V7",1.5210394449532
"V8",2.70180021133274
"V9",2.66789876669645
