"names","vals"
"Intercept",-8.9186783208861
"y",0.716300742700696
"V1",0.342034316854551
"V2",0.125819959212095
"V3",0.062462963629514
"V4",0.205097087426111
"V5",0.502926894230768
"V6",0.0712634711526334
"V7",0.168835007352754
"V8",3.49397589918226
"V9",1.3523022281006
"V10",2.19431346375495
"V11",4.59645825531334
