"names","vals"
"Intercept",-3.85604615281336
"y",0.668465284164995
"V1",0.216516749467701
"V2",0.0674057465512305
"V3",0.960239271633327
"V4",0.293968643760309
"V5",0.764404943678528
"V6",4.26166852470487
"V7",1.29207359068096
