"names","vals"
"Intercept",-6.59904511721805
"y",0.267378612421453
"V1",0.849061915650964
"V2",0.990785878151655
"V3",0.833736205939204
"V4",0.0768568927887827
"V5",0.249094927217811
"V6",0.040203744545579
"V7",0.337479753652588
"V8",2.58106690552086
"V9",2.07368444930762
"V10",2.79452890064567
"V11",4.07463163882494
