"names","vals"
"Intercept",-3.449071512667
"y",0.79369392292574
"V1",0.605885627679527
"V2",0.00899245939217508
"V3",0.540229321457446
"V4",0.193930854089558
"V5",0.859731976641342
"V6",4.18139506317675
"V7",4.01128349173814
