"names","vals"
"Intercept",-3.27689700894989
"y",0.123241145862266
"V1",0.193829978117719
"V2",0.286849735537544
"V3",0.975772940088063
"V4",0.287215895252302
"V5",0.525626636343077
"V6",0.439442899543792
"V7",3.15958727244288
"V8",1.16563441976905
"V9",1.3708004951477
