"names","vals"
"Intercept",-3.77816999274073
"y",0.778566990280524
"V1",0.514848495833576
"V2",0.0280941391829401
"V3",0.815478026401252
"V4",0.204657221445814
"V5",3.12452706042677
