"names","vals"
"Intercept",-5.12732918820111
"y",0.160608374048024
"V1",0.771486378274858
"V2",0.577717806212604
"V3",0.158215819625184
"V4",0.640782658476382
"V5",0.965872906846926
"V6",4.39690656587481
"V7",2.29842796828598
