"names","vals"
"Intercept",-9.78177802860038
"y",0.525575468782336
"V1",0.763827200047672
"V2",0.726611048681661
"V3",0.169052943587303
"V4",0.546993381343782
"V5",0.132552874274552
"V6",0.00345202465541661
"V7",0.741686208872125
"V8",0.61887936713174
"V9",2.70887540653348
"V10",1.0300865508616
"V11",3.14429923240095
"V12",3.85728422738612
"V13",1.37344324309379
