"names","vals"
"Intercept",-5.49680205651559
"y",0.521765381097794
"V1",0.885612656828016
"V2",0.38164124218747
"V3",0.773261404596269
"V4",0.216701813042164
"V5",4.3561579529196
