"names","vals"
"Intercept",-5.08155463641509
"y",0.653039675438777
"V1",0.788250273093581
"V2",0.629788683960214
"V3",0.87420751224272
"V4",0.521975100273266
"V5",0.355925349751487
"V6",0.0830429154448211
"V7",0.488402786199003
"V8",1.37737022992224
"V9",4.19657565653324
"V10",1.42097223177552
"V11",2.63642949704081
