"names","vals"
"Intercept",-2.35005637772847
"y",0.307468777056783
"V1",0.704812824493274
"V2",0.833814969053492
"V3",0.527763914549723
"V4",0.427374626509845
"V5",4.79535664990544
