"names","vals"
"Intercept",-1.76158272851026
"y",0.849337637424469
"V1",0.0311399281490594
"V2",0.639457106823102
"V3",0.407850084360689
"V4",0.319150877417997
"V5",3.68437376152724
