"names","vals"
"Intercept",-6.34849033739883
"y",0.958193645812571
"V1",0.89082621014677
"V2",0.354431555140764
"V3",0.500776634318754
"V4",0.668006392428651
"V5",4.63741051405668
