"names","vals"
"Intercept",-5.43124844857026
"y",0.150229607475922
"V1",0.243972481926903
"V2",0.125027213944122
"V3",0.643860038602725
"V4",0.37020543566905
"V5",0.909846560563892
"V6",0.4268543953076
"V7",0.164201862877235
"V8",0.129103345796466
"V9",2.3684888985008
"V10",2.38306570984423
"V11",1.11993289086968
"V12",2.98533016256988
"V13",1.04058464057744
