"names","vals"
"Intercept",-3.55393863993231
"y",0.279346874915063
"V1",0.815470237517729
"V2",0.464487678837031
"V3",0.790823654038832
"V4",0.0621725278906524
"V5",0.317369256634265
"V6",0.0762011143378913
"V7",0.541087498888373
"V8",1.37490104790777
"V9",4.87567918282002
"V10",2.41928146686405
"V11",3.17806596960872
