"names","vals"
"Intercept",-9.19407067461405
"y",0.524596187053248
"V1",0.647444346919656
"V2",0.347662783926353
"V3",0.189847754081711
"V4",0.998065422056243
"V5",0.439065211219713
"V6",0.690898474538699
"V7",0.365959767019376
"V8",4.63537361379713
"V9",4.82984975166619
"V10",3.94362109620124
"V11",1.42140209674835
