"names","vals"
"Intercept",-8.03259624392958
"y",0.265240107430145
"V1",0.254580192035064
"V2",0.298628268763423
"V3",0.504071050090715
"V4",0.843419345794246
"V5",0.0996120553463697
"V6",0.61442928831093
"V7",0.607315665110946
"V8",0.778573007322848
"V9",2.15365972742438
"V10",1.72622534260154
"V11",1.51013194862753
"V12",3.50110695511103
"V13",1.18363227695227
