"names","vals"
"Intercept",-12.70060313778
"y",0.565545849967748
"V1",0.636607275577262
"V2",0.609339625341818
"V3",0.096363426418975
"V4",0.809971072012559
"V5",0.571368080331013
"V6",0.414103213232011
"V7",0.0709898299537599
"V8",2.956268385984
"V9",4.34675768110901
"V10",4.99732111673802
"V11",4.1762653151527
