"names","vals"
"Intercept",-8.93943907991517
"y",0.967122071422637
"V1",0.919734497787431
"V2",0.17343979422003
"V3",0.931618688162416
"V4",0.986186015419662
"V5",0.572840288281441
"V6",0.479903726605698
"V7",0.871270709903911
"V8",2.66541854571551
"V9",2.97768247965723
"V10",2.13165573682636
"V11",1.63391548767686
