"names","vals"
"Intercept",-9.43748536567669
"y",0.390216597588733
"V1",0.952819049358368
"V2",0.920301926089451
"V3",0.0547474047634751
"V4",0.752070805057883
"V5",0.0659510281402618
"V6",0.543761998880655
"V7",0.862675221404061
"V8",0.408164610387757
"V9",2.84714082349092
"V10",4.82888282835484
"V11",3.00676670391113
"V12",2.35059328656644
"V13",1.87051397468895
