"names","vals"
"Intercept",-5.86057624070905
"y",0.964745726203546
"V1",0.112605115165934
"V2",0.877150021027774
"V3",0.821227753767744
"V4",0.344132757047191
"V5",0.425331165781245
"V6",0.304631406674162
"V7",0.990773668512702
"V8",2.08216001931578
"V9",4.56116682756692
"V10",1.78818921837956
"V11",2.96171586308628
