"names","vals"
"Intercept",-2.15831996212248
"y",0.257395140593871
"V1",0.877882881322876
"V2",0.840525693958625
"V3",0.173215831629932
"V4",0.287310073617846
"V5",1.29432811308652
