"names","vals"
"Intercept",-6.09199611026328
"y",0.211556224152446
"V1",0.241946839960292
"V2",0.496748020406812
"V3",0.420150320511311
"V4",0.991712536429986
"V5",0.573950445046648
"V6",3.25224346853793
"V7",4.13952847849578
