"names","vals"
"Intercept",-2.37460686864331
"y",0.650987211149186
"V1",0.0299869570881128
"V2",0.279118549078703
"V3",0.675611404236406
"V4",0.94807208282873
"V5",2.78049099072814
