"names","vals"
"Intercept",-8.81919640570413
"y",0.603108802111819
"V1",0.765457507688552
"V2",0.366872646147385
"V3",0.900547039229423
"V4",0.208357176743448
"V5",0.505799670703709
"V6",0.120931825134903
"V7",0.00261276098899543
"V8",0.977107994724065
"V9",4.41729894932359
"V10",4.633634082973
"V11",2.29708230681717
"V12",4.93345914967358
"V13",1.19523260276765
