"names","vals"
"Intercept",-1.4254248083476
"y",0.868956762598827
"V1",0.0284595945850015
"V2",0.778395112138242
"V3",0.924142746953294
"V4",0.356079851277173
"V5",0.346430097240955
"V6",4.4125329433009
"V7",1.08723973855376
