"names","vals"
"Intercept",-7.34962049869355
"y",0.103316804859787
"V1",0.889012391213328
"V2",0.0225475374609232
"V3",0.331890838220716
"V4",0.720875076483935
"V5",0.0687587894499302
"V6",0.433205118402839
"V7",0.106375901959836
"V8",3.96337739191949
"V9",1.47677820827812
"V10",2.71306161954999
"V11",3.33411695249379
