"names","vals"
"Intercept",-12.884034419863
"y",0.332279219524935
"V1",0.0769546267110854
"V2",0.961341323563829
"V3",0.895649923477322
"V4",0.181085583055392
"V5",0.369351774919778
"V6",0.555777141125873
"V7",0.22460197401233
"V8",4.26723265647888
"V9",1.81547730229795
"V10",4.89089799765497
"V11",1.67944788746536
