"names","vals"
"Intercept",-10.4929475811031
"y",0.803377543343231
"V1",0.536395531147718
"V2",0.196517527801916
"V3",0.321551338303834
"V4",0.637616583378986
"V5",0.5103776876349
"V6",0.805758566129953
"V7",0.961310179205611
"V8",0.580455951858312
"V9",3.45076764654368
"V10",3.6627585189417
"V11",1.19844838418067
"V12",3.0591606721282
"V13",4.12440668884665
