"names","vals"
"Intercept",-8.02669315347215
"y",0.586785395164043
"V1",0.0481295955833048
"V2",0.819314493564889
"V3",0.178365152329206
"V4",0.406701771775261
"V5",0.558156689861789
"V6",0.518998005660251
"V7",0.128982946975157
"V8",4.8210385972634
"V9",2.66537439264357
"V10",3.55609928444028
"V11",1.38260281551629
