"names","vals"
"Intercept",-6.5758935400797
"y",0.287878846982494
"V1",0.28927274630405
"V2",0.809432574780658
"V3",0.802121737506241
"V4",0.647147766780108
"V5",0.142677674768493
"V6",4.93630944285542
"V7",2.67262757848948
