"names","vals"
"Intercept",-7.97710158076137
"y",0.939145667944103
"V1",0.725213932571933
"V2",0.406698605278507
"V3",0.489318904234096
"V4",0.846550533547997
"V5",0.629051955649629
"V6",4.55308067984879
"V7",3.86556016188115
