"names","vals"
"Intercept",-5.21797860260122
"y",0.433401642600074
"V1",0.302834247006103
"V2",0.152643038425595
"V3",0.179213913623244
"V4",0.856903317384422
"V5",0.870563771110028
"V6",4.16886295098811
"V7",4.65607823431492
