"names","vals"
"Intercept",-11.3565221171873
"y",0.915897700935602
"V1",0.910517591051757
"V2",0.139789332170039
"V3",0.893842439400032
"V4",0.434380338992923
"V5",0.125224968185648
"V6",0.703019401989877
"V7",2.6837833635509
"V8",4.87287886440754
"V9",2.91827969066799
