"names","vals"
"Intercept",-6.88056684348267
"y",0.0554813533090055
"V1",0.418463325593621
"V2",0.887168337358162
"V3",0.825254773721099
"V4",0.528271231101826
"V5",0.102094773668796
"V6",0.0534009835682809
"V7",3.62421890161932
"V8",2.20647357404232
"V9",2.42562260013074
