"names","vals"
"Intercept",-12.8620302062901
"y",0.608546609524637
"V1",0.0339764144737273
"V2",0.529556630644947
"V3",0.69197100889869
"V4",0.862732899142429
"V5",0.939016604796052
"V6",0.665768497390673
"V7",0.804904286749661
"V8",0.199185374658555
"V9",3.84748500306159
"V10",2.40963940881193
"V11",3.19932948891073
"V12",4.0308423191309
"V13",2.99281771574169
