"names","vals"
"Intercept",-6.218358207657
"y",0.740199978230521
"V1",0.289334213361144
"V2",0.0524232822936028
"V3",0.827297393931076
"V4",0.0985063263215125
"V5",0.285871889907867
"V6",2.93310537841171
"V7",3.21095643565059
