"names","vals"
"Intercept",-4.64469562513987
"y",0.596248425310478
"V1",0.958236011909321
"V2",0.657565551809967
"V3",0.471240590326488
"V4",0.945508409524336
"V5",0.357780069578439
"V6",2.4424997670576
"V7",3.06345180608332
