"names","vals"
"Intercept",-3.35504889938515
"y",0.489422967424616
"V1",0.937102549476549
"V2",0.826271348865703
"V3",0.474481897195801
"V4",0.157180380541831
"V5",0.00791921722702682
"V6",1.43990940786898
"V7",1.67750251758844
