"names","vals"
"Intercept",-7.10162793011172
"y",0.0867879029829055
"V1",0.936887942254543
"V2",0.702364177443087
"V3",0.856595726683736
"V4",0.449878236278892
"V5",0.981224247487262
"V6",0.471582942409441
"V7",3.09123212471604
"V8",3.34810963831842
"V9",2.25450009759516
