"names","vals"
"Intercept",-4.54304477233905
"y",0.636334391543642
"V1",0.996213650563732
"V2",0.886940637836233
"V3",0.0541734143625945
"V4",0.199558422435075
"V5",0.0875184566248208
"V6",0.354415457230061
"V7",0.214284606976435
"V8",4.07205157820135
"V9",2.69226158037782
"V10",2.46691047213972
"V11",1.04986166767776
