"names","vals"
"Intercept",-8.34087933455128
"y",0.110982210142538
"V1",0.941082892240956
"V2",0.499056574190035
"V3",0.932746780570596
"V4",0.590679976623505
"V5",0.814547941787168
"V6",4.97502181306481
"V7",3.6643047221005
