"names","vals"
"Intercept",-5.59931500507984
"y",0.55368114169687
"V1",0.0484687921125442
"V2",0.369485377334058
"V3",0.879339420935139
"V4",0.851527150720358
"V5",0.977214369457215
"V6",0.38698970945552
"V7",4.64848187193274
"V8",1.46608922630548
"V9",1.33518977463245
