"names","vals"
"Intercept",-2.3235721299937
"y",0.0933737466111779
"V1",0.356618415564299
"V2",0.926035724813119
"V3",0.901506676338613
"V4",0.00358039932325482
"V5",2.41147785913199
