"names","vals"
"Intercept",-12.4277074287552
"y",0.783176339464262
"V1",0.434182979632169
"V2",0.99192659300752
"V3",0.596899938536808
"V4",0.396601002896205
"V5",0.924813976278529
"V6",0.3091985960491
"V7",0.987287205876783
"V8",3.32914913352579
"V9",3.26085804216564
"V10",4.79634694010019
"V11",3.6686307573691
