"names","vals"
"Intercept",-6.92806122863898
"y",0.540554673178121
"V1",0.082861844683066
"V2",0.550330089172348
"V3",0.0243765327613801
"V4",0.707329832483083
"V5",0.797504672780633
"V6",0.245285696815699
"V7",0.132681239629164
"V8",1.72294425219297
"V9",3.77285675425082
"V10",2.9217731161043
"V11",3.76200482528657
