"names","vals"
"Intercept",-9.56728590020444
"y",0.271366520319134
"V1",0.156808052444831
"V2",0.280104506295174
"V3",0.713148441864178
"V4",0.259904560400173
"V5",0.610793203581125
"V6",0.777189772110432
"V7",0.571240650722757
"V8",0.399357746355236
"V9",2.06713628396392
"V10",3.29694783315063
"V11",1.17535836901516
"V12",2.27165523823351
"V13",2.83312276005745
