"names","vals"
"Intercept",-4.27902920427732
"y",0.38624739041552
"V1",0.551215270301327
"V2",0.413812268991023
"V3",0.292015225393698
"V4",0.860290682408959
"V5",0.0853330686222762
"V6",1.87639473564923
"V7",4.14765513967723
