"names","vals"
"Intercept",-6.65537953425664
"y",0.883072844706476
"V1",0.44319085474126
"V2",0.977847538888454
"V3",0.0504279129672796
"V4",0.914790066191927
"V5",0.925164313288406
"V6",0.116043114103377
"V7",0.764623214956373
"V8",1.47198504209518
"V9",2.56909679993987
"V10",2.03343823272735
"V11",3.95098814181983
