"names","vals"
"Intercept",-4.02857566083781
"y",0.88663389836438
"V1",0.872331391554326
"V2",0.109254508046433
"V3",0.658470223192126
"V4",0.0432692242320627
"V5",0.966431862674654
"V6",4.25327602121979
"V7",4.03053114935756
