"names","vals"
"Intercept",-1.49099963869667
"y",0.536318571306765
"V1",0.594470724463463
"V2",0.629102556267753
"V3",0.946078701643273
"V4",0.741581499809399
"V5",1.70513965282589
