"names","vals"
"Intercept",-10.3400738258893
"y",0.551676810253412
"V1",0.666188699891791
"V2",0.51215702528134
"V3",0.526464568916708
"V4",0.943602526094764
"V5",0.745791040360928
"V6",0.192206876119599
"V7",3.14404854830354
"V8",4.58281772118062
"V9",3.74833252094686
