"names","vals"
"Intercept",-1.98983636873774
"y",0.183242384810001
"V1",0.58716140827164
"V2",0.208433541469276
"V3",0.568353191483766
"V4",0.88901046779938
"V5",0.522244649473578
"V6",3.18862686119974
"V7",1.69546996057034
