"names","vals"
"Intercept",-5.48432527612895
"y",0.958093221532181
"V1",0.0640407609753311
"V2",0.155048484448344
"V3",0.868931030388921
"V4",0.457707810215652
"V5",0.50491300993599
"V6",0.160131359472871
"V7",0.402639307081699
"V8",1.16472270712256
"V9",4.85735972877592
"V10",1.43736574240029
"V11",3.07741358969361
