"names","vals"
"Intercept",-5.44337894676719
"y",0.867968579288572
"V1",0.75592514895834
"V2",0.468362286919728
"V3",0.982658502878621
"V4",0.495980852749199
"V5",0.666506258537993
"V6",0.691642443882301
"V7",0.623364762403071
"V8",1.86068352870643
"V9",3.59386399853975
"V10",3.95873477123678
"V11",3.36478898208588
