"names","vals"
"Intercept",-3.78457813999383
"y",0.0506447835359722
"V1",0.281543727964163
"V2",0.397913394961506
"V3",0.954638230381534
"V4",0.903760097920895
"V5",0.08925337693654
"V6",3.08668260183185
"V7",1.94163165707141
