"names","vals"
"Intercept",-7.47361987727694
"y",0.380540599813685
"V1",0.922472093487158
"V2",0.980425673769787
"V3",0.466319796862081
"V4",0.121580788167194
"V5",0.430224691517651
"V6",4.64838452171534
"V7",4.77539927698672
