"names","vals"
"Intercept",-12.98791959011
"y",0.676758298883215
"V1",0.281938017578796
"V2",0.243892116006464
"V3",0.898839795729145
"V4",0.474609166383743
"V5",0.101559639209881
"V6",0.460333075607195
"V7",0.292285146657377
"V8",0.274978481000289
"V9",2.35357142053545
"V10",3.44171504117548
"V11",4.04558796342462
"V12",4.36747733317316
"V13",3.48193936422467
