"names","vals"
"Intercept",-11.1806540113618
"y",0.0476321205496788
"V1",0.245771449292079
"V2",0.355346427531913
"V3",0.941642879508436
"V4",0.625248592579737
"V5",0.661459506256506
"V6",0.557455030968413
"V7",0.266441035550088
"V8",3.8429634841159
"V9",4.3430217942223
"V10",4.40092232357711
"V11",2.02410162519664
