"names","vals"
"Intercept",-4.26664955231827
"y",0.88888646569103
"V1",0.936320254579186
"V2",0.0504600976128131
"V3",0.897671542596072
"V4",0.600940419593826
"V5",0.620960319647565
"V6",0.158824135083705
"V7",0.60195352579467
"V8",1.560805875808
"V9",4.28606763854623
"V10",3.16029629576951
"V11",4.25274122040719
