"names","vals"
"Intercept",-3.18364876814885
"y",0.946074446896091
"V1",0.345966344466433
"V2",0.340476088225842
"V3",0.434809422353283
"V4",0.42995726200752
"V5",0.942188902525231
"V6",1.45295023638755
"V7",2.34190336707979
