"names","vals"
"Intercept",-5.82925178797217
"y",0.403831833740696
"V1",0.991315179504454
"V2",0.491215477464721
"V3",0.874854485038668
"V4",0.90340411872603
"V5",0.600122098112479
"V6",4.91089945379645
"V7",4.89507508836687
