"names","vals"
"Intercept",-6.94761819252511
"y",0.431199828628451
"V1",0.98258452792652
"V2",0.538559573702514
"V3",0.34393856744282
"V4",0.196677785366774
"V5",0.209993644384667
"V6",0.319114151643589
"V7",0.222277460154146
"V8",0.27163996361196
"V9",3.5360927125439
"V10",1.06877755653113
"V11",3.85257172584534
"V12",1.82484511472285
"V13",2.01915730256587
