"names","vals"
"Intercept",-7.29276946305763
"y",0.992752990452573
"V1",0.122505767270923
"V2",0.74230025918223
"V3",0.327611285727471
"V4",0.941758447093889
"V5",0.716849574353546
"V6",0.678303360240534
"V7",3.45998827088624
"V8",4.67898091487586
"V9",1.87540799751878
