"names","vals"
"Intercept",-6.36644365569577
"y",0.538618373917416
"V1",0.786900190636516
"V2",0.129495883360505
"V3",0.118976027239114
"V4",0.573388613061979
"V5",0.353219482814893
"V6",1.68109873775393
"V7",4.5594329200685
