"names","vals"
"Intercept",-7.93481012963457
"y",0.557067661080509
"V1",0.678380433470011
"V2",0.372816458111629
"V3",0.93346049473621
"V4",0.149455435574055
"V5",0.572197705274448
"V6",0.337704075034708
"V7",0.0789093757048249
"V8",0.494286189321429
"V9",1.56982774287462
"V10",3.81137926410884
"V11",1.73397446330637
"V12",3.26850123517215
"V13",3.37982829939574
