"names","vals"
"Intercept",-2.74761612261413
"y",0.519849489443004
"V1",0.816846392350271
"V2",0.955107488436624
"V3",0.254223472671583
"V4",0.841383737046272
"V5",4.62378044147044
