"names","vals"
"Intercept",-2.48988708149176
"y",0.670303958002478
"V1",0.198413345497102
"V2",0.37456695153378
"V3",0.702259728685021
"V4",0.450746385147795
"V5",2.02904049865901
