"names","vals"
"Intercept",-11.5941006613499
"y",0.932354840449989
"V1",0.520275596063584
"V2",0.812896069837734
"V3",0.142397488700226
"V4",0.625266792951152
"V5",0.677748508984223
"V6",0.169394664932042
"V7",0.258067183196545
"V8",0.749330074060708
"V9",3.4282157747075
"V10",4.98361265100539
"V11",4.14198672492057
"V12",1.69351367373019
"V13",2.80840619839728
