"names","vals"
"Intercept",-4.52300993249519
"y",0.264300019247457
"V1",0.0774213552940637
"V2",0.772771324263886
"V3",0.362386787077412
"V4",0.85193498712033
"V5",0.761931323213503
"V6",0.936367086367682
"V7",0.582799451192841
"V8",1.95908367447555
"V9",4.29764708131552
"V10",1.3427716922015
"V11",3.02080682013184
