"names","vals"
"Intercept",-2.38537839347264
"y",0.248614866286516
"V1",0.581308295484632
"V2",0.647732233628631
"V3",0.266213087132201
"V4",0.619839207269251
"V5",1.92494179029018
