"names","vals"
"Intercept",-5.23053542006295
"y",0.84723871992901
"V1",0.581904439721256
"V2",0.650703166378662
"V3",0.0301116041373461
"V4",0.185935839777812
"V5",0.0358532040845603
"V6",0.876351366750896
"V7",0.831496154889464
"V8",1.80269011110067
"V9",4.76823876332492
"V10",1.33680997230113
"V11",3.49334272369742
