"names","vals"
"Intercept",-7.00169831313659
"y",0.686184548540041
"V1",0.838179558049887
"V2",0.461666683666408
"V3",0.755441556917503
"V4",0.664324563695118
"V5",0.0714785477612168
"V6",2.91019917558879
"V7",4.28207594156265
