"names","vals"
"Intercept",-3.48813427326735
"y",0.73298158752732
"V1",0.812835259828717
"V2",0.993832140229642
"V3",0.313123941654339
"V4",0.742777373176068
"V5",1.55176580231637
