"names","vals"
"Intercept",-11.0001258486765
"y",0.892660077195615
"V1",0.345407285029069
"V2",0.739915472455323
"V3",0.585938000120223
"V4",0.25689686043188
"V5",0.0203151309397072
"V6",0.218901932705194
"V7",0.845584011171013
"V8",4.45875013899058
"V9",4.2001892728731
"V10",2.11245420668274
"V11",3.82391457818449
