"names","vals"
"Intercept",-3.47957004435593
"y",0.480200626188889
"V1",0.181583886733279
"V2",0.626837049378082
"V3",0.18955075670965
"V4",0.17783909314312
"V5",0.934636513469741
"V6",0.484639111673459
"V7",2.09532311465591
"V8",1.41368247382343
"V9",1.02395128738135
