"names","vals"
"Intercept",-1.80429918323644
"y",0.62271987949498
"V1",0.656879812246189
"V2",0.638328220229596
"V3",0.355787352193147
"V4",0.0112177322153002
"V5",2.6124879559502
