"names","vals"
"Intercept",-2.84294059080537
"y",0.422537685837597
"V1",0.346530705690384
"V2",0.827891617547721
"V3",0.119474802864715
"V4",0.334069517906755
"V5",0.593849372817203
"V6",2.11345831584185
"V7",2.19278327282518
