"names","vals"
"Intercept",-7.39556077594869
"y",0.209575275890529
"V1",0.989445952698588
"V2",0.83692316361703
"V3",0.339056154014543
"V4",0.530976478010416
"V5",0.223909959429875
"V6",0.339392819209024
"V7",0.537476117257029
"V8",0.045771720353514
"V9",4.87049721553922
"V10",4.81488314829767
"V11",4.71274515148252
"V12",4.52893905248493
"V13",1.00061635486782
