"names","vals"
"Intercept",-2.97184380363906
"y",0.0511103079188615
"V1",0.899261605460197
"V2",0.789453181438148
"V3",0.254848888143897
"V4",0.802270882530138
"V5",3.1660698261112
