"names","vals"
"Intercept",-5.68465383890783
"y",0.148972957162187
"V1",0.898922197753564
"V2",0.34537243610248
"V3",0.882081667194143
"V4",0.682455282658339
"V5",0.359013971639797
"V6",0.140212684404105
"V7",3.20453957282007
"V8",4.43819399829954
"V9",3.11464935727417
