"names","vals"
"Intercept",-9.66291569879977
"y",0.96107708918862
"V1",0.935050604399294
"V2",0.046617073006928
"V3",0.146258960710838
"V4",0.626105736242607
"V5",0.461965920170769
"V6",4.72415704559535
"V7",4.24040420819074
