"names","vals"
"Intercept",-1.93809078587219
"y",0.373443748801947
"V1",0.999047448392957
"V2",0.46878377860412
"V3",0.130054962355644
"V4",0.639730759430677
"V5",3.0795661509037
