"names","vals"
"Intercept",-8.7834383409936
"y",0.620774473063648
"V1",0.298278427915648
"V2",0.172466767486185
"V3",0.771855623694137
"V4",0.658712803851813
"V5",0.0275943584274501
"V6",0.115958935581148
"V7",0.326186381513253
"V8",0.439359066775069
"V9",1.01160181034356
"V10",2.56516612041742
"V11",4.06235687900335
"V12",3.89358733221889
"V13",4.79422212205827
