"names","vals"
"Intercept",-10.9572777391295
"y",0.378084001829848
"V1",0.809579707682133
"V2",0.346391984028742
"V3",0.641684812726453
"V4",0.341606825590134
"V5",0.226939053740352
"V6",0.835263547953218
"V7",0.275447078747675
"V8",4.64832841139287
"V9",1.96431795880198
"V10",3.0738429473713
"V11",2.26266752649099
