"names","vals"
"Intercept",-2.50463499370962
"y",0.782232278259471
"V1",0.943815851816908
"V2",0.839604976586998
"V3",0.471443818183616
"V4",0.768845498561859
"V5",1.78550089895725
