"names","vals"
"Intercept",-5.53082569889724
"y",0.0120939495973289
"V1",0.139985831687227
"V2",0.365023332647979
"V3",0.851555126486346
"V4",0.277914579724893
"V5",0.057392718270421
"V6",0.573984157294035
"V7",0.276769118616357
"V8",4.16786228027195
"V9",3.38751544430852
"V10",2.19816396944225
"V11",4.93288498278707
