"names","vals"
"Intercept",-2.44257748309756
"y",0.177538686431944
"V1",0.729898802004755
"V2",0.396009088028222
"V3",0.127594250487164
"V4",0.452018132433295
"V5",2.81157631240785
