"names","vals"
"Intercept",-4.88330600766465
"y",0.191918348427862
"V1",0.982667733216658
"V2",0.955289394361898
"V3",0.42821580870077
"V4",0.114559881854802
"V5",0.332056726329029
"V6",3.46292998548597
"V7",4.31478357035667
