"names","vals"
"Intercept",-8.79899694893742
"y",0.190623855451122
"V1",0.662305452860892
"V2",0.0219445005059242
"V3",0.0588082573376596
"V4",0.920113122556359
"V5",0.901425248477608
"V6",0.492365138139576
"V7",0.600612720707431
"V8",0.677205031039193
"V9",1.34568506386131
"V10",4.60879515483975
"V11",1.99366789869964
"V12",1.03649712633342
"V13",2.00985934492201
