"names","vals"
"Intercept",-4.30364289168501
"y",0.343444373225793
"V1",0.377876149956137
"V2",0.346205876907334
"V3",0.689256588695571
"V4",0.140601354883984
"V5",0.531391677912325
"V6",1.62048542685807
"V7",3.19267865363508
