"names","vals"
"Intercept",-5.28583443468437
"y",0.576518750516698
"V1",0.537201664876193
"V2",0.860177591908723
"V3",0.766778590157628
"V4",0.508375488221645
"V5",0.166430161567405
"V6",0.705116232391447
"V7",2.04063264280558
"V8",2.61104882042855
"V9",2.51867817528546
