"names","vals"
"Intercept",-1.37621520771645
"y",0.311119724065065
"V1",0.116443342762068
"V2",0.333634153474122
"V3",0.334113195771351
"V4",0.989719131961465
"V5",1.20753614977002
