"names","vals"
"Intercept",-1.76961173950229
"y",0.481363774975762
"V1",0.451409056317061
"V2",0.484347608871758
"V3",0.63883993588388
"V4",0.11377413966693
"V5",0.0123424849007279
"V6",0.0111152634490281
"V7",2.16802824288607
"V8",4.23285934049636
"V9",2.03877202793956
