"names","vals"
"Intercept",-11.2313467409299
"y",0.491733891423792
"V1",0.216662244405597
"V2",0.076586591778323
"V3",0.188794520217925
"V4",0.248398307012394
"V5",0.699008275521919
"V6",0.371542559703812
"V7",0.120069765951484
"V8",3.31300747487694
"V9",4.01147245150059
"V10",3.41858570557088
"V11",3.11180079821497
