"names","vals"
"Intercept",-6.40416894076858
"y",0.220600041793659
"V1",0.394031240371987
"V2",0.207233513938263
"V3",0.00121570192277431
"V4",0.0951877303887159
"V5",0.417362647596747
"V6",0.625835004262626
"V7",0.615788820199668
"V8",4.25532399304211
"V9",3.10007632151246
"V10",3.03143857046962
"V11",2.51731958240271
