"names","vals"
"Intercept",-7.23047705698991
"y",0.0652303916867822
"V1",0.556121886242181
"V2",0.109413202153519
"V3",0.443902119528502
"V4",0.142358685610816
"V5",0.481918333098292
"V6",0.161114569753408
"V7",0.72664480516687
"V8",0.1191314549651
"V9",4.58344206493348
"V10",4.36354201007634
"V11",3.70523880422115
"V12",2.62872207444161
"V13",2.13834467157722
