"names","vals"
"Intercept",-9.66138497760985
"y",0.570239924360067
"V1",0.10021572932601
"V2",0.356142351869494
"V3",0.267271204618737
"V4",0.709123952081427
"V5",0.460532710189
"V6",0.388562008738518
"V7",0.209651698824018
"V8",0.939184468705207
"V9",1.12524759117514
"V10",2.66697804722935
"V11",3.68849468044937
"V12",4.19052659906447
"V13",3.19750559236854
