"names","vals"
"Intercept",-5.35572442608653
"y",0.279680670704693
"V1",0.175501083955169
"V2",0.363866020226851
"V3",0.779462343547493
"V4",0.299373811343685
"V5",0.61123371263966
"V6",0.506234587635845
"V7",0.532955948263407
"V8",0.409314748365432
"V9",1.28641199972481
"V10",3.20207822229713
"V11",2.60934652481228
"V12",4.95075847581029
"V13",1.79265822283924
