"names","vals"
"Intercept",-4.80805439227261
"y",0.846653961576521
"V1",0.806931934319437
"V2",0.851226297905669
"V3",0.988311885390431
"V4",0.11776970163919
"V5",0.35572045808658
"V6",1.19855836126953
"V7",4.70670879725367
