"names","vals"
"Intercept",-3.65374842574121
"y",0.844039495568722
"V1",0.33636862761341
"V2",0.198029107181355
"V3",0.499035482294858
"V4",0.0376336022745818
"V5",3.6431882288307
