"names","vals"
"Intercept",-3.62535921881441
"y",0.719812523340806
"V1",0.568308797199279
"V2",0.268101848196238
"V3",0.513849947601557
"V4",0.735057836631313
"V5",2.39247243944556
