"names","vals"
"Intercept",-3.59626258861274
"y",0.845051658572629
"V1",0.567503682337701
"V2",0.734631583560258
"V3",0.876992137636989
"V4",0.85491136694327
"V5",0.434354896191508
"V6",0.153165558353066
"V7",0.0554982526227832
"V8",0.339019702048972
"V9",1.13866163417697
"V10",2.94673277903348
"V11",3.14215482398868
"V12",2.54723449703306
"V13",1.54416072368622
