"names","vals"
"Intercept",-1.52750794560416
"y",0.237318940926343
"V1",0.200203265994787
"V2",0.212732774438336
"V3",0.413790439022705
"V4",0.411978349089622
"V5",2.70645225513726
