"names","vals"
"Intercept",-1.33361121956259
"y",0.825403749011457
"V1",0.458947943290696
"V2",0.23992443527095
"V3",0.106383424485102
"V4",0.110894528450444
"V5",0.669974969001487
"V6",4.07006346806884
"V7",1.3992914352566
