"names","vals"
"Intercept",-4.0083960566856
"y",0.041930234991014
"V1",0.0121247044298798
"V2",0.166743635665625
"V3",0.688862883253023
"V4",0.250087939668447
"V5",0.234268705593422
"V6",0.61235519265756
"V7",1.0884623285383
"V8",1.80130065977573
"V9",4.21163615491241
