"names","vals"
"Intercept",-10.0471047322848
"y",0.69551307009533
"V1",0.238406397402287
"V2",0.852849072311074
"V3",0.739804465789348
"V4",0.935961213661358
"V5",0.543469117954373
"V6",0.452375015011057
"V7",0.341698297066614
"V8",3.69615135341883
"V9",1.77390401624143
"V10",3.06692188419402
"V11",2.78074793610722
