"names","vals"
"Intercept",-1.0682403034321
"y",0.374883325072005
"V1",0.781726249493659
"V2",0.350716021843255
"V3",0.426987380255014
"V4",0.295517949620262
"V5",3.26567030418664
