"names","vals"
"Intercept",-5.76357216707198
"y",0.0322758906986564
"V1",0.887373783858493
"V2",0.58335709781386
"V3",0.127189418999478
"V4",0.177750074770302
"V5",0.268306498415768
"V6",0.00143081718124449
"V7",2.61385426018387
"V8",3.91631007101387
"V9",2.97257947176695
