"names","vals"
"Intercept",-6.69850993465167
"y",0.758586764335632
"V1",0.240845834836364
"V2",0.879574364982545
"V3",0.2579318897333
"V4",0.864382278872654
"V5",0.456424650503322
"V6",0.653543688124046
"V7",3.3351345602423
"V8",2.79355560708791
"V9",1.83314703777432
