"names","vals"
"Intercept",-10.5657242098032
"y",0.149807013338432
"V1",0.392891104333103
"V2",0.05692208558321
"V3",0.487460631411523
"V4",0.85631165606901
"V5",0.154740244848654
"V6",0.00648270361125469
"V7",0.298586005577818
"V8",3.17260224465281
"V9",4.24964662641287
"V10",2.37189632840455
"V11",4.84593251999468
