"names","vals"
"Intercept",-8.04693002767162
"y",0.0633363977540284
"V1",0.684734159847721
"V2",0.0491097057238221
"V3",0.751630624290556
"V4",0.247509331675246
"V5",0.172234875150025
"V6",0.277786726830527
"V7",0.508602968882769
"V8",2.73034077510238
"V9",2.59657630696893
"V10",4.88365823496133
"V11",2.92852066550404
