"names","vals"
"Intercept",-6.68795453233179
"y",0.321049854392186
"V1",0.497181805083528
"V2",0.893772138515487
"V3",0.515607993584126
"V4",0.000166265526786447
"V5",0.992798761930317
"V6",0.225815792102367
"V7",0.653712820028886
"V8",4.13336079567671
"V9",4.22501669917256
"V10",1.78008843585849
"V11",3.21303529571742
