"names","vals"
"Intercept",-13.9266785479314
"y",0.867918459698558
"V1",0.777486827457324
"V2",0.163751594722271
"V3",0.876529578585178
"V4",0.712725028628483
"V5",0.147038070019335
"V6",0.0703024475369602
"V7",0.981042664730921
"V8",0.6515420563519
"V9",1.27753191720694
"V10",4.59177563898265
"V11",1.03954772744328
"V12",3.76033800002187
"V13",4.73823230620474
