"names","vals"
"Intercept",-11.4415304871742
"y",0.541914600646123
"V1",0.0392482578754425
"V2",0.0164433696772903
"V3",0.810619961936027
"V4",0.0753575505223125
"V5",0.316138396970928
"V6",0.141394403763115
"V7",0.211000057402998
"V8",0.906153705203906
"V9",4.09810363966972
"V10",4.15445477329195
"V11",4.8331750491634
"V12",3.25309030711651
"V13",3.34440216608346
