"names","vals"
"Intercept",-1.89389764508
"y",0.0210969909094274
"V1",0.447312515927479
"V2",0.432423911755905
"V3",0.00504373502917588
"V4",0.114519227296114
"V5",1.2443770095706
