"names","vals"
"Intercept",-2.77365187333198
"y",0.136228110641241
"V1",0.684510884108022
"V2",0.0984988093841821
"V3",0.0748017290607095
"V4",0.218113510170951
"V5",4.0801009722054
