"names","vals"
"Intercept",-0.972342268214561
"y",0.00216445187106729
"V1",0.900030784541741
"V2",0.56121068703942
"V3",0.175645521609113
"V4",0.616105941822752
"V5",2.56965700071305
