"names","vals"
"Intercept",-11.0524543458759
"y",0.703547574579716
"V1",0.532735629472882
"V2",0.228762325830758
"V3",0.847728883149102
"V4",0.604569203220308
"V5",0.98683991516009
"V6",0.838597716763616
"V7",0.50553537835367
"V8",0.900169844273478
"V9",4.25964558962733
"V10",2.89979015290737
"V11",4.99422215204686
"V12",4.19308959878981
"V13",3.88911601901054
