"names","vals"
"Intercept",-7.43983936173376
"y",0.4116975099314
"V1",0.718889617128298
"V2",0.583310689311475
"V3",0.847239393740892
"V4",0.652942478191108
"V5",0.599850058555603
"V6",0.476723654661328
"V7",0.0817351615987718
"V8",4.11854426003993
"V9",1.90519040822983
"V10",1.46998759638518
"V11",4.08335533738136
