"names","vals"
"Intercept",-4.89348982340656
"y",0.409428137121722
"V1",0.977642682380974
"V2",0.165752568747848
"V3",0.293819043086842
"V4",0.111954883439466
"V5",0.708755661733449
"V6",0.386255871970206
"V7",1.93970669060946
"V8",2.8181835655123
"V9",4.41542148776352
