"names","vals"
"Intercept",-8.58430177184986
"y",0.627159440657124
"V1",0.983586572343484
"V2",0.481948288157582
"V3",0.883031597360969
"V4",0.0709179278928787
"V5",0.78472886281088
"V6",0.760542407864705
"V7",0.651114616775885
"V8",0.523065316257998
"V9",1.06552156060934
"V10",1.32989002671093
"V11",4.32231686450541
"V12",4.22081786766648
"V13",4.71742164064199
