"names","vals"
"Intercept",-8.85245189332636
"y",0.717953704763204
"V1",0.925295079825446
"V2",0.919108292087913
"V3",0.782175596570596
"V4",0.343186820857227
"V5",0.576161684002727
"V6",0.24645186192356
"V7",0.12841121503152
"V8",2.33178672380745
"V9",3.13420438580215
"V10",2.07475490029901
"V11",2.21178029477596
