"names","vals"
"Intercept",-4.28041070952546
"y",0.695503145689145
"V1",0.0710382652468979
"V2",0.128428023308516
"V3",0.397303208010271
"V4",0.634668388636783
"V5",0.705699937650934
"V6",0.721703012241051
"V7",0.259292054921389
"V8",4.17794032115489
"V9",1.72290145792067
"V10",2.66723228432238
"V11",3.95691616460681
