"names","vals"
"Intercept",-2.69450904197758
"y",0.893478957470506
"V1",0.503058813512325
"V2",0.485399352153763
"V3",0.676543388515711
"V4",0.512287183431908
"V5",0.873425365891308
"V6",1.99599253293127
"V7",1.53472035657614
