"names","vals"
"Intercept",-4.38296548581682
"y",0.79248080891557
"V1",0.202066326281056
"V2",0.0379312632139772
"V3",0.0983339643571526
"V4",0.642503651091829
"V5",0.1224180245772
"V6",0.393000743351877
"V7",0.912184232845902
"V8",2.50298945698887
"V9",1.71828858647496
"V10",2.51290640421212
"V11",2.62593103293329
