"names","vals"
"Intercept",-4.71287242920604
"y",0.568730708444491
"V1",0.252757157897577
"V2",0.416724961949512
"V3",0.807091790251434
"V4",0.358566895127296
"V5",0.636082895798609
"V6",1.20240817032754
"V7",3.84811894968152
