"names","vals"
"Intercept",-7.53703321903013
"y",0.487623237306252
"V1",0.923454731237143
"V2",0.781569427577779
"V3",0.944807939231396
"V4",0.138301091501489
"V5",0.234084409894422
"V6",0.947783856419846
"V7",0.142697297036648
"V8",0.657725615659729
"V9",2.24418347980827
"V10",2.32418365869671
"V11",1.67936824262142
"V12",4.26954035274684
"V13",2.14717895071954
