"names","vals"
"Intercept",-4.95533671291778
"y",0.176684849662706
"V1",0.117459799628705
"V2",0.589495562482625
"V3",0.545080304378644
"V4",0.479539222782478
"V5",0.644433229463175
"V6",1.71063205786049
"V7",3.7716243872419
