"names","vals"
"Intercept",-4.6330783631932
"y",0.00984779931604862
"V1",0.120296540437266
"V2",0.671805592020974
"V3",0.486818523146212
"V4",0.649749664356932
"V5",0.860040728002787
"V6",4.49740731436759
"V7",3.60775262862444
