"names","vals"
"Intercept",-2.63314307200024
"y",0.665048928000033
"V1",0.67929142457433
"V2",0.408630843274295
"V3",0.459458844736218
"V4",0.857070903060958
"V5",1.85651464574039
