"names","vals"
"Intercept",-4.01026272949297
"y",0.462138660717756
"V1",0.461683650268242
"V2",0.61911271745339
"V3",0.569970438955352
"V4",0.897721538320184
"V5",0.822605449473485
"V6",4.08928766287863
"V7",1.17887108772993
