"names","vals"
"Intercept",-1.28870742791565
"y",0.63093966175802
"V1",0.58791754883714
"V2",0.851252119289711
"V3",0.65164709626697
"V4",0.0111123819369823
"V5",3.47768307011575
