"names","vals"
"Intercept",-8.32457945909118
"y",0.672970041865483
"V1",0.0138621390797198
"V2",0.912896736524999
"V3",0.170029885601252
"V4",0.694918288150802
"V5",0.405477879103273
"V6",0.23663344909437
"V7",0.414673472521827
"V8",4.68148082774132
"V9",1.69057370442897
"V10",2.36388242803514
"V11",1.92858865298331
