"names","vals"
"Intercept",-3.20533893119777
"y",0.3761058349628
"V1",0.263715889072046
"V2",0.28490512422286
"V3",0.891293311258778
"V4",0.157816498773172
"V5",2.46644841600209
