"names","vals"
"Intercept",-2.14026888119988
"y",0.0222164671868086
"V1",0.624214373994619
"V2",0.814445092808455
"V3",0.0561054248828441
"V4",0.152843842050061
"V5",1.59818202909082
