"names","vals"
"Intercept",-3.56337041205261
"y",0.357977411476895
"V1",0.424679833929986
"V2",0.921844572061673
"V3",0.0136200110428035
"V4",0.373891580384225
"V5",0.21157610276714
"V6",4.03374822437763
"V7",1.10861390363425
