"names","vals"
"Intercept",-4.44210096276831
"y",0.912445685593411
"V1",0.278003942454234
"V2",0.347440923098475
"V3",0.7976252771914
"V4",0.176212781574577
"V5",0.311320747248828
"V6",4.76249068882316
"V7",2.43871011026204
