"names","vals"
"Intercept",-9.61498735371977
"y",0.639321573311463
"V1",0.0655072410590947
"V2",0.29084736504592
"V3",0.506881262408569
"V4",0.397920141927898
"V5",0.537905364530161
"V6",0.28506725654006
"V7",0.139114439487457
"V8",0.365413752617314
"V9",3.23178946226835
"V10",3.98898323718458
"V11",2.1077623963356
"V12",4.21391513198614
"V13",4.9372587762773
