"names","vals"
"Intercept",-8.4874337637797
"y",0.047334587899968
"V1",0.747374028898776
"V2",0.474650242133066
"V3",0.585478210356086
"V4",0.0474676806479692
"V5",0.380286738974974
"V6",0.655753042781726
"V7",4.51696926075965
"V8",2.12818203028291
"V9",1.38820268493146
