"names","vals"
"Intercept",-4.21382769717835
"y",0.579747183248401
"V1",0.174541151151061
"V2",0.570648699067533
"V3",0.568558289669454
"V4",0.171072686091065
"V5",4.91272284090519
