"names","vals"
"Intercept",-2.03808552101254
"y",0.507203063927591
"V1",0.300215703668073
"V2",0.375318814301863
"V3",0.30126351560466
"V4",0.847734401235357
"V5",0.87822049180977
"V6",1.88759865052998
"V7",2.80964595079422
