"names","vals"
"Intercept",-6.91666530690854
"y",0.921048634918407
"V1",0.209770188201219
"V2",0.290442529367283
"V3",0.942494893679395
"V4",0.762199440272525
"V5",0.132624826626852
"V6",0.181604622397572
"V7",0.483221538597718
"V8",0.134891814319417
"V9",3.04931374639273
"V10",1.61813307926059
"V11",3.9712446378544
"V12",2.01870084460825
"V13",3.85411198902875
