"names","vals"
"Intercept",-11.1009667543136
"y",0.290554461069405
"V1",0.518271363107488
"V2",0.0779926308896393
"V3",0.643594209104776
"V4",0.12111295061186
"V5",0.209976867772639
"V6",0.402131978189573
"V7",0.79863201524131
"V8",0.739987923763692
"V9",1.69020154047757
"V10",4.90521001350135
"V11",1.04420275427401
"V12",4.68059857003391
"V13",1.95517983380705
