"names","vals"
"Intercept",-8.6357630812563
"y",0.95215652929619
"V1",0.504754354478791
"V2",0.667238355148584
"V3",0.29687698581256
"V4",0.050349090481177
"V5",0.277130309958011
"V6",0.944433861644939
"V7",0.329141459194943
"V8",2.72273103985935
"V9",2.87760419677943
"V10",3.46421539597213
"V11",1.12619677465409
