"names","vals"
"Intercept",-13.6057737542968
"y",0.847127427114174
"V1",0.8171302867122
"V2",0.516497878124937
"V3",0.582198593765497
"V4",0.333721781615168
"V5",0.334220652934164
"V6",0.436194580048323
"V7",0.614244804019108
"V8",0.138129978906363
"V9",3.30370463244617
"V10",4.31374426838011
"V11",2.18335490301251
"V12",2.57479584589601
"V13",4.67740399204195
