"names","vals"
"Intercept",-3.68192999864696
"y",0.603743540355936
"V1",0.496697331080213
"V2",0.312338904477656
"V3",0.864932626252994
"V4",0.34227223531343
"V5",0.581209901720285
"V6",0.208476030966267
"V7",0.800944086164236
"V8",4.15497384406626
"V9",4.7830098066479
"V10",2.84167562797666
"V11",1.43081384338439
