"names","vals"
"Intercept",-7.30064842561958
"y",0.812966560944915
"V1",0.716713363770396
"V2",0.86648181732744
"V3",0.0258601198438555
"V4",0.853801947785541
"V5",0.399309159023687
"V6",4.90038075298071
"V7",2.10979656595737
