"names","vals"
"Intercept",-8.25060878978111
"y",0.180146398721263
"V1",0.422259343788028
"V2",0.0817927315365523
"V3",0.44344809348695
"V4",0.702101033646613
"V5",0.56833031354472
"V6",0.458477716427296
"V7",0.087144183460623
"V8",0.276529322843999
"V9",2.27203645091504
"V10",3.288475045003
"V11",3.96362509671599
"V12",2.69007808063179
"V13",4.20306070800871
