"names","vals"
"Intercept",-4.17085062784143
"y",0.669369732728228
"V1",0.461252115899697
"V2",0.428119513439015
"V3",0.421320553869009
"V4",0.725259531987831
"V5",0.599753374466673
"V6",1.0547240478918
"V7",2.6510367654264
