"names","vals"
"Intercept",-2.47507265655324
"y",0.251925383927301
"V1",0.49075564625673
"V2",0.254507898818702
"V3",0.408166104229167
"V4",0.87481524143368
"V5",0.601968984818086
"V6",0.520752634154633
"V7",3.99791167676449
"V8",4.61164228245616
"V9",1.56659891270101
