"names","vals"
"Intercept",-1.95291718171444
"y",0.819504011189565
"V1",0.452351738000289
"V2",0.819659744855016
"V3",0.765713839791715
"V4",0.0155744184739888
"V5",1.98357234708965
