"names","vals"
"Intercept",-2.05805305253016
"y",0.37367846025154
"V1",0.605632985010743
"V2",0.148387872381136
"V3",0.258840081747621
"V4",0.986521410057321
"V5",3.44145223684609
