"names","vals"
"Intercept",-11.0448042714619
"y",0.742538784630597
"V1",0.436436467105523
"V2",0.371413953136653
"V3",0.836833842331544
"V4",0.0766228698194027
"V5",0.694532973924652
"V6",0.784407211933285
"V7",0.787307053338736
"V8",0.971810175571591
"V9",3.02379059325904
"V10",4.81679341569543
"V11",1.40948776248842
"V12",3.018574019894
"V13",4.54668659437448
