"names","vals"
"Intercept",-4.01609275509138
"y",0.329719536006451
"V1",0.533139571081847
"V2",0.555643276078627
"V3",0.524309836095199
"V4",0.179145723814145
"V5",0.155441835522652
"V6",2.90232765767723
"V7",1.67673382069916
