"names","vals"
"Intercept",-10.6594884338323
"y",0.221631092019379
"V1",0.241109506227076
"V2",0.529327346710488
"V3",0.678026386070997
"V4",0.355272197164595
"V5",0.585476408246905
"V6",0.204618168761954
"V7",0.820147280814126
"V8",0.22232579276897
"V9",2.92206409573555
"V10",2.63731172680855
"V11",4.6535031888634
"V12",4.51509386859834
"V13",1.0228181630373
