"names","vals"
"Intercept",-4.0745609056321
"y",0.801357567077503
"V1",0.527587091783062
"V2",0.420915251597762
"V3",0.673033053055406
"V4",0.747781939571723
"V5",0.274271319853142
"V6",4.20559372380376
"V7",1.96394778694957
