"names","vals"
"Intercept",-10.6259975208528
"y",0.912311569554731
"V1",0.966339621692896
"V2",0.289602254750207
"V3",0.073899446753785
"V4",0.628509737318382
"V5",0.155257086036727
"V6",0.796114569995552
"V7",0.58366315276362
"V8",0.686617582803592
"V9",1.07492354232818
"V10",3.68546281382442
"V11",4.2581674773246
"V12",1.40463354624808
"V13",4.33505622576922
