"names","vals"
"Intercept",-2.54726751402253
"y",0.0332268490456045
"V1",0.0132864802144468
"V2",0.0162563598714769
"V3",0.0253275875002146
"V4",0.0315144271589816
"V5",0.117161251837388
"V6",2.64976049680263
"V7",4.99080135300756
