"names","vals"
"Intercept",-7.42248074826319
"y",0.790847215102986
"V1",0.580806445796043
"V2",0.0587021617684513
"V3",0.551672065630555
"V4",0.248554492834955
"V5",0.712298957165331
"V6",0.0119039413984865
"V7",0.235355619341135
"V8",3.01630367152393
"V9",1.74787248112261
"V10",3.30600140057504
"V11",3.61280183773488
