"names","vals"
"Intercept",-8.78140399151016
"y",0.0413120449520648
"V1",0.656444828025997
"V2",0.66292966902256
"V3",0.787714869016781
"V4",0.527061695000157
"V5",0.216497557004914
"V6",0.538552091224119
"V7",0.0389930654782802
"V8",0.253134003607556
"V9",3.02652949467301
"V10",3.36328086443245
"V11",4.14594857860357
"V12",1.3264858238399
"V13",3.60590535588562
