"names","vals"
"Intercept",-4.02264456451405
"y",0.829135281732306
"V1",0.675370301818475
"V2",0.6508579258807
"V3",0.634748146869242
"V4",0.204435308231041
"V5",2.20915272645652
