"names","vals"
"Intercept",-13.9516525635263
"y",0.176063161343336
"V1",0.390234268736094
"V2",0.465787272201851
"V3",0.254999024560675
"V4",0.214422120479867
"V5",0.0394269262906164
"V6",0.796736088581383
"V7",0.895869307219982
"V8",0.336436811601743
"V9",4.76110767945647
"V10",4.92242653295398
"V11",2.19761409889907
"V12",1.6756739038974
"V13",3.91880020033568
