"names","vals"
"Intercept",-7.9742146873055
"y",0.870705612003803
"V1",0.686176777351648
"V2",0.97149645537138
"V3",0.828004367649555
"V4",0.580072993179783
"V5",0.57356930244714
"V6",0.135527481790632
"V7",0.184322630055249
"V8",3.85241709649563
"V9",2.02013032883406
"V10",3.16751865297556
"V11",4.57262786664069
