"names","vals"
"Intercept",-8.37324336039834
"y",0.735540108755231
"V1",0.34742225217633
"V2",0.936187217012048
"V3",0.65287170233205
"V4",0.556096794083714
"V5",0.328157775802538
"V6",0.0341372662223876
"V7",0.920042671263218
"V8",3.02144249714911
"V9",2.08346131909639
"V10",3.09583920799196
"V11",2.42570245452225
