"names","vals"
"Intercept",-1.31489408884663
"y",0.073187101399526
"V1",0.744659741409123
"V2",0.277609098702669
"V3",0.00517223821952939
"V4",0.557971863774583
"V5",2.98240409325808
