"names","vals"
"Intercept",-4.54689566868823
"y",0.900121554732323
"V1",0.271719449898228
"V2",0.68308876384981
"V3",0.517825253307819
"V4",0.738988099852577
"V5",3.69856012519449
