"names","vals"
"Intercept",-5.50995793726295
"y",0.455012218095362
"V1",0.261685559758916
"V2",0.258504424244165
"V3",0.378553577000275
"V4",0.201779427006841
"V5",0.428971143439412
"V6",0.193200344685465
"V7",3.13283183053136
"V8",2.55192455183715
"V9",3.80145124532282
