"names","vals"
"Intercept",-5.32499319491908
"y",0.0691651704255491
"V1",0.90143231744878
"V2",0.3376399949193
"V3",0.394872051430866
"V4",0.649876244599
"V5",0.899719109525904
"V6",0.448951060185209
"V7",0.37085365713574
"V8",2.20887655485421
"V9",1.27927626948804
"V10",1.45677167456597
"V11",1.11463014036417
