"names","vals"
"Intercept",-12.6142924037576
"y",0.454253735952079
"V1",0.0172482063062489
"V2",0.100766846677288
"V3",0.00424356199800968
"V4",0.95928716706112
"V5",0.682901881402358
"V6",0.751961330417544
"V7",0.322912410600111
"V8",0.660196654032916
"V9",4.10391185525805
"V10",1.3286917861551
"V11",2.31377916969359
"V12",3.22514022141695
"V13",4.03761167265475
