"names","vals"
"Intercept",-3.89409116125898
"y",0.0309722775127739
"V1",0.10160659160465
"V2",0.288303850684315
"V3",0.674072853988037
"V4",0.058831965085119
"V5",0.864994002738968
"V6",0.461308235302567
"V7",4.0862314524129
"V8",1.70215976517648
"V9",2.21493584290147
