"names","vals"
"Intercept",-5.26930548750097
"y",0.921419254736975
"V1",0.000981439603492618
"V2",0.156667280709371
"V3",0.916283992584795
"V4",0.222626754548401
"V5",0.876518302364275
"V6",0.456161690643057
"V7",4.43079600762576
"V8",3.11085073277354
"V9",3.68771787919104
