"names","vals"
"Intercept",-1.97830995706376
"y",0.656244564102963
"V1",0.65467324689962
"V2",0.0628884471952915
"V3",0.284329125424847
"V4",0.868236516835168
"V5",1.66883459128439
