"names","vals"
"Intercept",-4.97882759007625
"y",0.217681481968611
"V1",0.476359582040459
"V2",0.625322012929246
"V3",0.66360705695115
"V4",0.941129568498582
"V5",0.786784357856959
"V6",0.382272195303813
"V7",0.260328374104574
"V8",4.66758835315704
"V9",1.32819011528045
"V10",1.72411414142698
"V11",4.56230838783085
