"names","vals"
"Intercept",-7.28527942953631
"y",0.552667314885184
"V1",0.619217613944784
"V2",0.453594148857519
"V3",0.871010466711596
"V4",0.070253933314234
"V5",0.316597001859918
"V6",0.933499903418124
"V7",1.54744957573712
"V8",3.27411147858948
"V9",3.37786504253745
