"names","vals"
"Intercept",-5.67985722015845
"y",0.168128715129569
"V1",0.183921511983499
"V2",0.600304389838129
"V3",0.78817363944836
"V4",0.93116089142859
"V5",0.998950468143448
"V6",0.352658265503123
"V7",4.42959981877357
"V8",1.50689411535859
"V9",1.69960820488632
