"names","vals"
"Intercept",-3.45667574191466
"y",0.149817121447995
"V1",0.731306289089844
"V2",0.288754338165745
"V3",0.361005645710975
"V4",0.810200562002137
"V5",0.508775585098192
"V6",3.58881262689829
"V7",4.98044977150857
