"names","vals"
"Intercept",-2.02537241000682
"y",0.351742852479219
"V1",0.0672508154530078
"V2",0.330584296490997
"V3",0.113930069841444
"V4",0.0958222514018416
"V5",0.72881971555762
"V6",2.70753144286573
"V7",4.8357910560444
