"names","vals"
"Intercept",-7.07073137120344
"y",0.0813405828084797
"V1",0.51656439085491
"V2",0.596261757658795
"V3",0.608424764825031
"V4",0.249738140730187
"V5",0.444237486692145
"V6",0.105594775406644
"V7",1.65913411416113
"V8",2.45842380262911
"V9",4.69757146760821
