"names","vals"
"Intercept",-7.23683854913106
"y",0.243274320149794
"V1",0.0290917935781181
"V2",0.657387849409133
"V3",0.866510071093217
"V4",0.851813570363447
"V5",0.607463442720473
"V6",3.96276988089085
"V7",4.46248203981668
