"names","vals"
"Intercept",-9.85303910301998
"y",0.4788861440029
"V1",0.295543814543635
"V2",0.638827980961651
"V3",0.423950764583424
"V4",0.502169571816921
"V5",0.254368755733594
"V6",0.0724494871683419
"V7",0.918810115894303
"V8",2.64004628360271
"V9",4.31751571409404
"V10",3.21600475069135
"V11",4.13238906674087
