"names","vals"
"Intercept",-2.82346343338722
"y",0.317912124795839
"V1",0.782674920512363
"V2",0.364035462960601
"V3",0.459736942313612
"V4",0.37454946199432
"V5",2.27719997055829
