"names","vals"
"Intercept",-1.85285504943458
"y",0.760874749626964
"V1",0.100096009438857
"V2",0.74849667144008
"V3",0.805655682692304
"V4",0.996209971373901
"V5",1.02559882309288
