"names","vals"
"Intercept",-7.48692459478043
"y",0.593259481713176
"V1",0.274713549530134
"V2",0.836981491884217
"V3",0.735307881608605
"V4",0.870121616171673
"V5",0.271099812816828
"V6",0.0587258494924754
"V7",0.102374629350379
"V8",3.21424308326095
"V9",1.75051181204617
"V10",4.33130627218634
"V11",4.33672002144158
