"names","vals"
"Intercept",-6.27833745649084
"y",0.811162231722847
"V1",0.733467473648489
"V2",0.487643944099545
"V3",0.676069224718958
"V4",0.1431814590469
"V5",0.52225498505868
"V6",4.86546506173909
"V7",2.25909331813455
