"names","vals"
"Intercept",-12.2644500447949
"y",0.791742626344785
"V1",0.292732261586934
"V2",0.849494982045144
"V3",0.465064778923988
"V4",0.948972315061837
"V5",0.457774852169678
"V6",0.230890215141699
"V7",0.165483767632395
"V8",0.720194780267775
"V9",3.94265039637685
"V10",3.65238800644875
"V11",4.16389090567827
"V12",2.96406059991568
"V13",2.86223234143108
