"names","vals"
"Intercept",-1.28814249854069
"y",0.910958764376119
"V1",0.458863412495703
"V2",0.557662942679599
"V3",0.600554036907852
"V4",0.220136573771015
"V5",3.1821941640228
