"names","vals"
"Intercept",-2.61649750503246
"y",0.614211552543566
"V1",0.144645330263302
"V2",0.592367942910641
"V3",0.800736760254949
"V4",0.824945884058252
"V5",2.24763130769134
