"names","vals"
"Intercept",-11.5470443726284
"y",0.623403233475983
"V1",0.32339346781373
"V2",0.139986548107117
"V3",0.358878790866584
"V4",0.973511085379869
"V5",0.372274943394586
"V6",0.151878895005211
"V7",3.92942147981375
"V8",4.05630812048912
"V9",3.82314668409526
