"names","vals"
"Intercept",-11.3744789770129
"y",0.0575156342238188
"V1",0.719910266343504
"V2",0.228229974862188
"V3",0.226725001586601
"V4",0.890271065756679
"V5",0.473068334860727
"V6",0.530245122732595
"V7",0.774858753196895
"V8",0.720897464081645
"V9",2.15322166495025
"V10",2.36998787336051
"V11",3.14371238648891
"V12",3.46376344002783
"V13",3.34255510754883
