"names","vals"
"Intercept",-1.64257282901555
"y",0.875701995799318
"V1",0.314364249119535
"V2",0.0684480499476194
"V3",0.345786975696683
"V4",0.88560802070424
"V5",1.72679374460131
