"names","vals"
"Intercept",-7.29107301163254
"y",0.549970767460763
"V1",0.93395651737228
"V2",0.00299355178140104
"V3",0.86073499568738
"V4",0.244894916890189
"V5",0.11297815409489
"V6",0.954787745373324
"V7",0.164678607368842
"V8",0.0268247036729008
"V9",4.02515787445009
"V10",3.49935672339052
"V11",1.18073939438909
"V12",1.46631730441004
"V13",3.16984967794269
