"names","vals"
"Intercept",-7.52134040601086
"y",0.373301942599937
"V1",0.472403873456642
"V2",0.167953862575814
"V3",0.293431826401502
"V4",0.498965396080166
"V5",0.153490056749433
"V6",0.547648883191869
"V7",0.548876290675253
"V8",0.662217012839392
"V9",2.27835030481219
"V10",4.3257888071239
"V11",3.91604407969862
"V12",4.46795759629458
"V13",3.59009148832411
