"names","vals"
"Intercept",-3.30931914741173
"y",0.00987463328056037
"V1",0.98262459714897
"V2",0.37586273252964
"V3",0.99428993742913
"V4",0.525148370070383
"V5",0.192590797552839
"V6",0.0488391255494207
"V7",1.79884505923837
"V8",3.95030609797686
"V9",4.14538553729653
