"names","vals"
"Intercept",-6.3484073757357
"y",0.803556396625936
"V1",0.0514177333097905
"V2",0.208523334003985
"V3",0.150130080990493
"V4",0.14632509322837
"V5",0.772712861886248
"V6",0.204894655849785
"V7",0.702271599089727
"V8",0.624482921790332
"V9",2.30364801641554
"V10",1.12374468334019
"V11",3.44808183796704
"V12",1.60714836791158
"V13",1.14245657622814
