"names","vals"
"Intercept",-5.35092952408828
"y",0.985211406368762
"V1",0.154626790201291
"V2",0.789193779695779
"V3",0.730012224055827
"V4",0.758807407692075
"V5",4.5064362604171
