"names","vals"
"Intercept",-7.72683049137006
"y",0.768132890341803
"V1",0.441219685366377
"V2",0.0523626480717212
"V3",0.0813305755145848
"V4",0.920165312709287
"V5",0.763941175304353
"V6",0.497513926587999
"V7",0.858028703834862
"V8",0.123092112597078
"V9",4.01335441414267
"V10",3.2569762673229
"V11",4.1843743538484
"V12",1.33718565944582
"V13",4.32179809641093
