"names","vals"
"Intercept",-2.82872665924486
"y",0.764455017866567
"V1",0.0886948574334383
"V2",0.725995704298839
"V3",0.741058226209134
"V4",0.951908432645723
"V5",1.77049214206636
