"names","vals"
"Intercept",-9.14190990322735
"y",0.96723473793827
"V1",0.750818403670564
"V2",0.90738833299838
"V3",0.615484987851232
"V4",0.462470560334623
"V5",0.513204441173002
"V6",0.680350117385387
"V7",4.71788871102035
"V8",4.5179769154638
"V9",3.42838476225734
