"names","vals"
"Intercept",-10.0996044438193
"y",0.252995675196871
"V1",0.42722475877963
"V2",0.399826659122482
"V3",0.29626288334839
"V4",0.101058351574466
"V5",0.243776673451066
"V6",0.751966948155314
"V7",0.306112399790436
"V8",0.408581234049052
"V9",3.62999518495053
"V10",1.19423597306013
"V11",3.75555929914117
"V12",4.58286396041512
"V13",1.87897651083767
