"names","vals"
"Intercept",-6.73884762647329
"y",0.222732509719208
"V1",0.0591010404750705
"V2",0.195485185366124
"V3",0.000227989628911018
"V4",0.977500910870731
"V5",0.476272780215368
"V6",0.094797968165949
"V7",2.52491738274693
"V8",1.13434959482402
"V9",4.99902324564755
