"names","vals"
"Intercept",-5.95192964222748
"y",0.536148628918454
"V1",0.852771510370076
"V2",0.475714383879676
"V3",0.35566240712069
"V4",0.109390592668205
"V5",0.446795212337747
"V6",4.70967970322818
"V7",4.17178457137197
