"names","vals"
"Intercept",-5.60895569271874
"y",0.182995550800115
"V1",0.541464964626357
"V2",0.562410286394879
"V3",0.947280293563381
"V4",0.369309524074197
"V5",0.0499012968502939
"V6",4.49933065660298
"V7",2.6515571558848
