"names","vals"
"Intercept",-11.6560860547703
"y",0.261354599846527
"V1",0.549135818379
"V2",0.29844493418932
"V3",0.31783184222877
"V4",0.203137576114386
"V5",0.956355117028579
"V6",0.171032689046115
"V7",0.229649402201176
"V8",0.498302223859355
"V9",3.44502002373338
"V10",1.49647158943117
"V11",1.54434694256634
"V12",3.88852085545659
"V13",4.89955364726484
