"names","vals"
"Intercept",-4.1414640838746
"y",0.405837956350297
"V1",0.564658065559343
"V2",0.709447218803689
"V3",0.484473971417174
"V4",0.0575466980226338
"V5",0.192348209442571
"V6",0.316851994721219
"V7",1.55970945488662
"V8",3.19021147862077
"V9",3.88233763817698
