"names","vals"
"Intercept",-2.29456813594326
"y",0.872541383840144
"V1",0.176084310514852
"V2",0.246675649192184
"V3",0.603314143838361
"V4",0.155311498558149
"V5",0.848360273055732
"V6",2.15453402418643
"V7",1.63077666424215
