"names","vals"
"Intercept",-4.81134400186595
"y",0.209237296367064
"V1",0.333391410764307
"V2",0.473241159692407
"V3",0.139725317247212
"V4",0.980329219950363
"V5",0.75531612127088
"V6",0.754945875843987
"V7",3.46109071187675
"V8",2.64351636171341
"V9",4.57175927422941
