"names","vals"
"Intercept",-10.3232267635106
"y",0.759997112909332
"V1",0.464842090848833
"V2",0.630115141859278
"V3",0.85518984333612
"V4",0.468450390966609
"V5",0.258866772521287
"V6",0.198840029072016
"V7",0.918104176409543
"V8",0.57209060410969
"V9",4.93815077561885
"V10",3.7783463364467
"V11",2.71186343580484
"V12",1.73727040737867
"V13",2.35153553355485
