"names","vals"
"Intercept",-5.88157291305251
"y",0.550374247599393
"V1",0.318279134575278
"V2",0.58168713748455
"V3",0.942054697778076
"V4",0.80995348514989
"V5",0.00910515990108252
"V6",0.29816184611991
"V7",0.828661459963769
"V8",3.6159952711314
"V9",4.49680263269693
"V10",2.45377785060555
"V11",4.2159407902509
