"names","vals"
"Intercept",-9.90812205363531
"y",0.507458387641236
"V1",0.654447690350935
"V2",0.119055039715022
"V3",0.157065826701
"V4",0.256155905779451
"V5",0.982992322649807
"V6",0.700723184738308
"V7",0.849293835228309
"V8",0.289190424373373
"V9",4.83769741747528
"V10",2.22659215889871
"V11",4.24652750138193
"V12",1.04908542521298
"V13",3.06955634616315
