"names","vals"
"Intercept",-4.16033441736363
"y",0.0598637564107776
"V1",0.0903457498643547
"V2",0.638435057364404
"V3",0.89025280950591
"V4",0.590952778002247
"V5",0.0794033277779818
"V6",4.25650188885629
"V7",4.31839295942336
