"names","vals"
"Intercept",-9.85427592008607
"y",0.526627181330696
"V1",0.335471170488745
"V2",0.004891557386145
"V3",0.0968513325788081
"V4",0.182401138357818
"V5",0.543585174717009
"V6",0.381780556868762
"V7",0.445438662078232
"V8",3.87309769354761
"V9",3.94941196404397
"V10",2.04720426164567
"V11",3.47183499671519
