"names","vals"
"Intercept",-5.8176946902601
"y",0.450343862874433
"V1",0.953665897483006
"V2",0.0603223359212279
"V3",0.448998098028824
"V4",0.275141251739115
"V5",0.652917497325689
"V6",0.420799512648955
"V7",0.76623664284125
"V8",4.38262123987079
"V9",2.88143819756806
"V10",2.56685485877097
"V11",1.39607893303037
