"names","vals"
"Intercept",-5.59238408964127
"y",0.0875088346656412
"V1",0.192402163753286
"V2",0.322492872364819
"V3",0.436750339111313
"V4",0.238077711313963
"V5",0.577882375335321
"V6",4.73313289321959
"V7",4.60904552973807
