"names","vals"
"Intercept",-5.29442456404679
"y",0.618603751296178
"V1",0.304771166294813
"V2",0.142649601213634
"V3",0.111172097269446
"V4",0.310813383199275
"V5",0.24309850204736
"V6",2.79216766171157
"V7",3.9414091091603
