"names","vals"
"Intercept",-2.53140907821245
"y",0.0739994551986456
"V1",0.057251182384789
"V2",0.172644765349105
"V3",0.413546956144273
"V4",0.295536094577983
"V5",0.158949075033888
"V6",2.46619832981378
"V7",2.76334405411035
