"names","vals"
"Intercept",-8.63011704059318
"y",0.146944381995127
"V1",0.940276184352115
"V2",0.766509921988472
"V3",0.313730053137988
"V4",0.160752839641646
"V5",0.905054265167564
"V6",4.61285414081067
"V7",4.81338303349912
