"names","vals"
"Intercept",-9.94403307762695
"y",0.72743965103291
"V1",0.165997001808137
"V2",0.550851178588346
"V3",0.762712293770164
"V4",0.249790748814121
"V5",0.716171112144366
"V6",0.561872301856056
"V7",0.903311974834651
"V8",0.273155603790656
"V9",2.77291002962738
"V10",3.86082197260112
"V11",2.90927293617278
"V12",1.72753984853625
"V13",2.06186995189637
