"names","vals"
"Intercept",-4.93709253245266
"y",0.654544742312282
"V1",0.55701896850951
"V2",0.0636250076349825
"V3",0.0394123224541545
"V4",0.738769148942083
"V5",0.656962872482836
"V6",0.142280298052356
"V7",0.795581325888634
"V8",1.59201961196959
"V9",4.28419197443873
"V10",2.48536866623908
"V11",4.63365639932454
