"names","vals"
"Intercept",-3.4988025339134
"y",0.0462654691655189
"V1",0.86536646541208
"V2",0.532603422412649
"V3",0.0855985984671861
"V4",0.0831460140179843
"V5",0.69126388640143
"V6",0.757300484227017
"V7",0.0185242430306971
"V8",1.02451712172478
"V9",1.7445934638381
"V10",1.08093063812703
"V11",1.19039396755397
