"names","vals"
"Intercept",-6.5466108491947
"y",0.061588131589815
"V1",0.936944624176249
"V2",0.280053020920604
"V3",0.249303771881387
"V4",0.95064619765617
"V5",0.933876730268821
"V6",0.379228530451655
"V7",3.73777289316058
"V8",1.9798927931115
"V9",2.70274333935231
