"names","vals"
"Intercept",-5.3674311718042
"y",0.398968575289473
"V1",0.648187658982351
"V2",0.80699250032194
"V3",0.108434971654788
"V4",0.490074113244191
"V5",0.866266666678712
"V6",3.35716263949871
"V7",3.3143660183996
