"names","vals"
"Intercept",-4.91176202773117
"y",0.816769047174603
"V1",0.72962410794571
"V2",0.699268880765885
"V3",0.0800815345719457
"V4",0.329140258487314
"V5",0.149668922647834
"V6",0.627216178923845
"V7",1.89816648513079
"V8",3.553272257559
"V9",3.12342919223011
