"names","vals"
"Intercept",-9.95630860539153
"y",0.262420313898474
"V1",0.0782544638495892
"V2",0.322730759391561
"V3",0.377699533710256
"V4",0.716015731915832
"V5",0.33901598979719
"V6",0.703512657200918
"V7",0.190087622497231
"V8",0.584027762757614
"V9",4.80180655233562
"V10",3.04970352165401
"V11",2.10020308475941
"V12",4.21006231475621
"V13",4.68521665968001
