"names","vals"
"Intercept",-1.61426640472841
"y",0.897851253394037
"V1",0.529484666883945
"V2",0.0698255971074104
"V3",0.482171036070213
"V4",0.72079106932506
"V5",2.09222860634327
