"names","vals"
"Intercept",-2.26373702935409
"y",0.887306534918025
"V1",0.302109827520326
"V2",0.133133183931932
"V3",0.0632570327725261
"V4",0.198574056383222
"V5",0.620608584489673
"V6",1.49999319016933
"V7",3.22851421870291
