"names","vals"
"Intercept",-2.94275509130675
"y",0.842367023229599
"V1",0.981639458565041
"V2",0.723307965090498
"V3",0.599367208546028
"V4",0.262922069290653
"V5",3.17503249738365
