"names","vals"
"Intercept",-3.34164894631598
"y",0.576353957178071
"V1",0.037997292354703
"V2",0.229896305361763
"V3",0.579365971265361
"V4",0.265577513491735
"V5",3.69577924720943
