"names","vals"
"Intercept",-1.41128417168511
"y",0.192808321909979
"V1",0.284170192433521
"V2",0.928257844876498
"V3",0.0341194968204945
"V4",0.43626948655583
"V5",3.5451746834442
