"names","vals"
"Intercept",-10.1559459579061
"y",0.959789130138233
"V1",0.899238734971732
"V2",0.546376928919926
"V3",0.0951072645839304
"V4",0.840024695498869
"V5",0.937214651610702
"V6",0.99002003017813
"V7",0.45023095025681
"V8",0.939064814010635
"V9",2.80815444514155
"V10",3.35557242482901
"V11",4.87647230084985
"V12",3.58351844549179
"V13",1.01983433868736
