"names","vals"
"Intercept",-4.66704637121875
"y",0.280407993821427
"V1",0.0140212005935609
"V2",0.364131652051583
"V3",0.5712158693932
"V4",0.911995297297835
"V5",0.0143322802614421
"V6",4.63019253499806
"V7",4.36131261102855
