"names","vals"
"Intercept",-6.50459007018944
"y",0.723072707420215
"V1",0.682670256355777
"V2",0.551549090538174
"V3",0.795395926106721
"V4",0.0273545142263174
"V5",0.121888663852587
"V6",0.631312697427347
"V7",0.119960410520434
"V8",3.23584457486868
"V9",1.51988327503204
"V10",4.04838766716421
"V11",1.16573477163911
