"names","vals"
"Intercept",-3.80264866093639
"y",0.368399719474837
"V1",0.952870387583971
"V2",0.810596350114793
"V3",0.0790127436630428
"V4",0.128821734338999
"V5",0.134817009791732
"V6",3.02421558927745
"V7",3.21435639820993
