"names","vals"
"Intercept",-6.97507915957831
"y",0.340326634701341
"V1",0.196381638292223
"V2",0.54257587925531
"V3",0.311165763065219
"V4",0.178213420789689
"V5",0.513174934079871
"V6",0.198164476780221
"V7",1.70373510476202
"V8",1.41448225360364
"V9",4.33614025451243
