"names","vals"
"Intercept",-6.47503247128334
"y",0.728745852131397
"V1",0.62155719450675
"V2",0.282885626191273
"V3",0.516618262277916
"V4",0.985638027312234
"V5",0.829326493199915
"V6",4.25553184282035
"V7",3.62296887487173
