"names","vals"
"Intercept",-4.15206740742316
"y",0.660510532790795
"V1",0.956588618690148
"V2",0.56699811341241
"V3",0.457642525434494
"V4",0.509100447874516
"V5",4.46915447618812
