"names","vals"
"Intercept",-4.95881824291311
"y",0.635959119303152
"V1",0.39492191770114
"V2",0.989274949301034
"V3",0.400894027203321
"V4",0.52687075198628
"V5",0.800238851457834
"V6",0.868135503260419
"V7",1.53271768987179
"V8",2.27965433802456
"V9",4.69424922857434
