"names","vals"
"Intercept",-3.03087513113627
"y",0.283773459959775
"V1",0.170533777680248
"V2",0.135638937121257
"V3",0.121083354577422
"V4",0.78343928209506
"V5",0.430786589160562
"V6",3.02806514501572
"V7",3.12054239958525
