"names","vals"
"Intercept",-5.86057262978051
"y",0.134217307670042
"V1",0.98994860239327
"V2",0.367254948476329
"V3",0.323339634109288
"V4",0.527544376440346
"V5",4.95160309225321
