"names","vals"
"Intercept",-2.278791874093
"y",0.238800573162735
"V1",0.603515782626346
"V2",0.0959397703409195
"V3",0.266365906456485
"V4",0.181314406683668
"V5",0.782252196455374
"V6",2.69065482914448
"V7",1.15789062250406
