"names","vals"
"Intercept",-8.98897731176112
"y",0.602371230721474
"V1",0.68722029752098
"V2",0.381364282220602
"V3",0.558621522039175
"V4",0.0855042322073132
"V5",0.454720769077539
"V6",0.997008709702641
"V7",0.00225526769645512
"V8",0.290692368755117
"V9",4.20315277762711
"V10",3.87902020104229
"V11",3.15128070302308
"V12",1.1248805616051
"V13",1.17133732698858
