"names","vals"
"Intercept",-3.19889407034498
"y",0.518515387782827
"V1",0.460946056526154
"V2",0.464815702755004
"V3",0.827298138057813
"V4",0.133099707541987
"V5",4.50303699169308
