"names","vals"
"Intercept",-2.65099613061175
"y",0.307202900759876
"V1",0.254319196566939
"V2",0.644802846945822
"V3",0.506881671026349
"V4",0.0160508693661541
"V5",4.85482521075755
