"names","vals"
"Intercept",-1.90953391135205
"y",0.419247467536479
"V1",0.113330197986215
"V2",0.550467474851757
"V3",0.19971409603022
"V4",0.915185931837186
"V5",0.220056593650952
"V6",3.42116296850145
"V7",2.4539294205606
