"names","vals"
"Intercept",-7.03808341129217
"y",0.201719414675608
"V1",0.78210490825586
"V2",0.377874744823202
"V3",0.39876331249252
"V4",0.226020683767274
"V5",0.425466598011553
"V6",4.46020924579352
"V7",3.59539681207389
