"names","vals"
"Intercept",-6.62639344952302
"y",0.871407265076414
"V1",0.269686799496412
"V2",0.609859287040308
"V3",0.408446372719482
"V4",0.000225573545321822
"V5",0.678355362964794
"V6",0.576489817118272
"V7",0.473777834558859
"V8",3.15367752313614
"V9",3.06078634317964
"V10",4.47320040035993
"V11",1.07798227760941
