"names","vals"
"Intercept",-6.20301970335422
"y",0.664488184731454
"V1",0.664023406570777
"V2",0.572691540699452
"V3",0.497312119463459
"V4",0.684571264311671
"V5",0.992859508376569
"V6",0.533724845154211
"V7",0.832257044501603
"V8",1.15357319638133
"V9",3.76850637234747
"V10",1.91299613099545
"V11",1.76324277278036
