"names","vals"
"Intercept",-5.53692489394452
"y",0.291099827503785
"V1",0.17542059184052
"V2",0.271220877300948
"V3",0.561617672909051
"V4",0.182563629699871
"V5",0.945215356303379
"V6",4.15393487550318
"V7",1.73030104022473
