"names","vals"
"Intercept",-4.18764484131243
"y",0.287790655856952
"V1",0.927065104013309
"V2",0.647169110598043
"V3",0.928490678779781
"V4",0.760603515896946
"V5",0.926959531614557
"V6",2.79650103021413
"V7",4.29494699276984
