"names","vals"
"Intercept",-6.44046151909512
"y",0.161574867554009
"V1",0.766957060899585
"V2",0.350300363730639
"V3",0.245155960088596
"V4",0.387470023008063
"V5",0.523310463875532
"V6",0.287871883483604
"V7",1.95145465247333
"V8",2.58721777610481
"V9",3.09185578487813
