"names","vals"
"Intercept",-2.27809805476572
"y",0.469786624191329
"V1",0.299612468807027
"V2",0.431512089679018
"V3",0.638983238488436
"V4",0.361933859996498
"V5",0.0321787956636399
"V6",2.42832363024354
"V7",1.62235758360475
