"names","vals"
"Intercept",-3.7344405092299
"y",0.530385286547244
"V1",0.615379814524204
"V2",0.0405485897790641
"V3",0.535086788702756
"V4",0.546586140990257
"V5",0.216125555103645
"V6",0.614012766629457
"V7",4.35575642809272
"V8",3.52455112989992
"V9",3.92567705921829
