"names","vals"
"Intercept",-2.38978674096987
"y",0.437121707713231
"V1",0.776428424520418
"V2",0.931280231103301
"V3",0.104069164022803
"V4",0.278218360152096
"V5",1.29037397075444
