"names","vals"
"Intercept",-0.912761872191913
"y",0.0672258883714676
"V1",0.12787204189226
"V2",0.555241125868633
"V3",0.161897137761116
"V4",0.317169446265325
"V5",2.90284574404359
