"names","vals"
"Intercept",-2.24542127024382
"y",0.491205142810941
"V1",0.751878391485661
"V2",0.0823913933709264
"V3",0.694046076154336
"V4",0.697980335447937
"V5",4.14377212058753
