"names","vals"
"Intercept",-1.61355563771445
"y",0.0543200569227338
"V1",0.285413437988609
"V2",0.601442879065871
"V3",0.363897333852947
"V4",0.142293930519372
"V5",0.36248929402791
"V6",1.31389025226235
"V7",2.24609889741987
