"names","vals"
"Intercept",-8.68310831155395
"y",0.790813047671691
"V1",0.0953024793416262
"V2",0.675416940124705
"V3",0.224154521711171
"V4",0.374007332138717
"V5",0.717851556371897
"V6",4.95944823604077
"V7",3.14701472315937
