"names","vals"
"Intercept",-13.1581730928621
"y",0.869630114641041
"V1",0.890215865336359
"V2",0.878065896686167
"V3",0.737436875933781
"V4",0.813354518264532
"V5",0.94775447039865
"V6",0.433138959109783
"V7",0.591388841858134
"V8",0.68555308971554
"V9",3.5764810917899
"V10",3.25592945702374
"V11",3.55124417878687
"V12",3.38850005622953
"V13",1.70288339816034
