"names","vals"
"Intercept",-6.84024278870784
"y",0.667948635062203
"V1",0.948795437579975
"V2",0.404328786768019
"V3",0.990984045434743
"V4",0.7480522939004
"V5",4.4198073009029
