"names","vals"
"Intercept",-7.87476199081168
"y",0.44272628147155
"V1",0.621500996872783
"V2",0.271548385964707
"V3",0.315192362526432
"V4",0.333724403986707
"V5",0.383631583536044
"V6",0.494578333338723
"V7",0.723439470632002
"V8",3.740697350353
"V9",2.79741301480681
"V10",2.14655833039433
"V11",1.21907190326601
