"names","vals"
"Intercept",-8.18311742876191
"y",0.582050400786102
"V1",0.0811880708206445
"V2",0.807119775097817
"V3",0.668945867102593
"V4",0.346771563636139
"V5",0.563732737675309
"V6",0.915503467433155
"V7",0.850659565534443
"V8",3.04469716083258
"V9",3.99251658469439
"V10",4.67787052225322
"V11",2.31080342456698
