"names","vals"
"Intercept",-11.3927631421597
"y",0.850905122468248
"V1",0.981670491630211
"V2",0.549944278085604
"V3",0.692473767092451
"V4",0.235385141801089
"V5",0.158345492789522
"V6",0.620795833179727
"V7",0.390006930334494
"V8",0.778027538908646
"V9",3.79510761424899
"V10",3.96328681241721
"V11",2.94410891737789
"V12",4.82935488875955
"V13",1.01200800854713
