"names","vals"
"Intercept",-9.98250687110238
"y",0.208771067671478
"V1",0.248192962026224
"V2",0.607114995829761
"V3",0.196268118452281
"V4",0.537011937005445
"V5",0.75305331707932
"V6",0.871029258007184
"V7",0.492434436222538
"V8",4.96686961688101
"V9",3.00707938056439
"V10",1.95476684067398
"V11",3.9880602164194
