"names","vals"
"Intercept",-7.58022531388327
"y",0.508034445811063
"V1",0.802978476043791
"V2",0.696391181554645
"V3",0.356462774332613
"V4",0.054399281507358
"V5",0.0135472577530891
"V6",0.760972694959491
"V7",4.73262061737478
"V8",2.97791356407106
"V9",2.62421324104071
