"names","vals"
"Intercept",-1.92438807652798
"y",0.740960713010281
"V1",0.0737292529083788
"V2",0.365649561630562
"V3",0.471391167258844
"V4",0.106915356125683
"V5",0.280115957837552
"V6",3.43192510772496
"V7",1.80267820786685
