"names","vals"
"Intercept",-7.08974501772784
"y",0.565480260644108
"V1",0.853376051643863
"V2",0.930606476264074
"V3",0.568453303771093
"V4",0.0191059918142855
"V5",0.688331989338621
"V6",0.860535602550954
"V7",2.81209104694426
"V8",2.24936353880912
"V9",3.92128363437951
