"names","vals"
"Intercept",-10.1098323654942
"y",0.148811812279746
"V1",0.897868374362588
"V2",0.445529952878132
"V3",0.522362446179613
"V4",0.0860797832719982
"V5",0.174239206360653
"V6",0.615344997029752
"V7",0.0467523413244635
"V8",0.607916767941788
"V9",4.05129863880575
"V10",1.34500612597913
"V11",4.93173799850047
"V12",3.90417099930346
"V13",3.76100019086152
