"names","vals"
"Intercept",-4.43172757450957
"y",0.511334203882143
"V1",0.990456188097596
"V2",0.581301567610353
"V3",0.128887959057465
"V4",0.335882246727124
"V5",0.474563224706799
"V6",0.485123417340219
"V7",2.4345648996532
"V8",2.07308794185519
"V9",4.28813961148262
