"names","vals"
"Intercept",-9.01822307995753
"y",0.309234153246507
"V1",0.712605989305303
"V2",0.750227107200772
"V3",0.854061888763681
"V4",0.0764928802382201
"V5",0.447567705763504
"V6",0.655180865433067
"V7",0.835526845185086
"V8",1.58837551530451
"V9",2.01549017895013
"V10",4.48637419380248
"V11",3.96891421731561
