"names","vals"
"Intercept",-8.29995086690178
"y",0.847593213198707
"V1",0.628627984318882
"V2",0.407685564830899
"V3",0.222841042559594
"V4",0.799291977426037
"V5",0.348100638249889
"V6",0.763101240620017
"V7",4.65148888435215
"V8",4.84814538713545
"V9",1.8816338609904
