"names","vals"
"Intercept",-9.18999222818296
"y",0.640034597599879
"V1",0.114716282580048
"V2",0.696697685634717
"V3",0.998624055879191
"V4",0.84602133417502
"V5",0.858998587355018
"V6",0.0263861122075468
"V7",0.368214045418426
"V8",0.114713571965694
"V9",2.54251490626484
"V10",2.34606158453971
"V11",4.0527126295492
"V12",3.13747424352914
"V13",4.36635492555797
