"names","vals"
"Intercept",-1.83336903111776
"y",0.956987902522087
"V1",0.797740542795509
"V2",0.78400966967456
"V3",0.881671088049188
"V4",0.771281048888341
"V5",0.807857415406033
"V6",4.33785940054804
"V7",4.55125953722745
