"names","vals"
"Intercept",-3.58683861523867
"y",0.988414308521897
"V1",0.329917306778952
"V2",0.085709958570078
"V3",0.38473950070329
"V4",0.377957294462249
"V5",0.546253480948508
"V6",2.10334494058043
"V7",1.46535853389651
