"names","vals"
"Intercept",-9.9242772124242
"y",0.0912926127202809
"V1",0.674372405745089
"V2",0.775929103605449
"V3",0.905777821084484
"V4",0.280385852791369
"V5",0.467117360560223
"V6",0.300800477154553
"V7",0.0884669050574303
"V8",2.48166696634144
"V9",4.06728466693312
"V10",4.75653532892466
"V11",2.17621921282262
