"names","vals"
"Intercept",-12.820280280984
"y",0.280105258803815
"V1",0.638309732777998
"V2",0.395053638610989
"V3",0.848258612910286
"V4",0.760196749120951
"V5",0.379823737312108
"V6",0.0973005921114236
"V7",0.854462229181081
"V8",0.318723117467016
"V9",2.73795497044921
"V10",2.26502859219909
"V11",1.90231781359762
"V12",1.54081655200571
"V13",4.29980960674584
