"names","vals"
"Intercept",-1.5439632565598
"y",0.893406611401588
"V1",0.300303063122556
"V2",0.94714782317169
"V3",0.851855226792395
"V4",0.989117294782773
"V5",1.7070284774527
