"names","vals"
"Intercept",-5.81745803596918
"y",0.549222782021388
"V1",0.524626089027151
"V2",0.0331894864793867
"V3",0.258392540737987
"V4",0.890259842388332
"V5",0.129222700838
"V6",0.40282907243818
"V7",0.412928982637823
"V8",0.603959301719442
"V9",1.20490962918848
"V10",1.00783168990165
"V11",2.10322275198996
"V12",3.9309319164604
"V13",4.57925598602742
