"names","vals"
"Intercept",-10.6866998825036
"y",0.0223033577203751
"V1",0.111259158700705
"V2",0.762636782135814
"V3",0.889901509974152
"V4",0.235266692005098
"V5",0.886867314809933
"V6",0.443047205917537
"V7",0.541846253909171
"V8",0.593984905164689
"V9",4.11377624236047
"V10",1.27275477256626
"V11",4.61973546072841
"V12",1.27790498919785
"V13",4.28996851481497
