"names","vals"
"Intercept",-11.0551767712599
"y",0.015666734194383
"V1",0.144989892374724
"V2",0.197251283330843
"V3",0.174378579016775
"V4",0.27105629327707
"V5",0.711020753020421
"V6",0.369905842235312
"V7",0.127681546378881
"V8",1.72258200962096
"V9",2.86140324920416
"V10",4.88469632994384
"V11",4.76866828091443
