"names","vals"
"Intercept",-12.7364694650122
"y",0.446561669232324
"V1",0.0946844783611596
"V2",0.302610987331718
"V3",0.750492565566674
"V4",0.0211135658901185
"V5",0.957391164964065
"V6",0.271494614658877
"V7",0.556060650153086
"V8",3.67267134413123
"V9",4.73859226703644
"V10",4.91709371469915
"V11",4.0005299160257
