"names","vals"
"Intercept",-6.28485061627114
"y",0.106170899234712
"V1",0.325290475273505
"V2",0.59923655143939
"V3",0.224371796008199
"V4",0.333148376550525
"V5",0.175139494473115
"V6",0.947827694704756
"V7",3.2804510332644
"V8",1.27074876520783
"V9",1.76381802838296
