"names","vals"
"Intercept",-9.12645245521329
"y",0.87907074438408
"V1",0.84656688850373
"V2",0.739833332132548
"V3",0.24382816744037
"V4",0.21510872291401
"V5",0.309322267305106
"V6",0.192032659193501
"V7",0.713917136192322
"V8",1.8388685984537
"V9",4.76375276874751
"V10",2.61049581039697
"V11",3.67592907976359
