"names","vals"
"Intercept",-2.64665621499997
"y",0.336002444615588
"V1",0.545243305154145
"V2",0.900066677248105
"V3",0.763043415499851
"V4",0.344648604746908
"V5",0.179499285761267
"V6",2.02429907303303
"V7",3.30511052068323
