"names","vals"
"Intercept",-7.33868028520141
"y",0.779632908990607
"V1",0.793300810968503
"V2",0.348653875524178
"V3",0.197486512130126
"V4",0.675361039815471
"V5",0.614516689674929
"V6",4.13745788577944
"V7",3.65825016610324
