"names","vals"
"Intercept",-6.75790188735817
"y",0.513247300637886
"V1",0.0395090917591006
"V2",0.931337477173656
"V3",0.478662153007463
"V4",0.804456270532683
"V5",0.338611868210137
"V6",0.125222103204578
"V7",0.371753313113004
"V8",1.46858380269259
"V9",3.24817041773349
"V10",4.55130933783948
"V11",4.19742972962558
