"names","vals"
"Intercept",-3.65870725696906
"y",0.794716039206833
"V1",0.561376245692372
"V2",0.728292107582092
"V3",0.790515993256122
"V4",0.50557252112776
"V5",0.800573633052409
"V6",2.73177461326122
"V7",1.61448186077178
