"names","vals"
"Intercept",-10.3216459293035
"y",0.445350272580981
"V1",0.0776858872268349
"V2",0.279454146511853
"V3",0.92874195240438
"V4",0.0983531358651817
"V5",0.197726217331365
"V6",0.170452096033841
"V7",0.185301635414362
"V8",0.399678144138306
"V9",2.2203554790467
"V10",2.51235149614513
"V11",4.49277132470161
"V12",2.48070205561817
"V13",1.13377047888935
