"names","vals"
"Intercept",-0.51351529293228
"y",0.00861422717571259
"V1",0.566557666985318
"V2",0.191969858249649
"V3",0.0282025882042944
"V4",0.322014992823824
"V5",1.75613465253264
