"names","vals"
"Intercept",-5.01368611516664
"y",0.175480069592595
"V1",0.24845032626763
"V2",0.0623356921132654
"V3",0.841065475950018
"V4",0.337025456363335
"V5",0.990194913931191
"V6",0.0526190237142146
"V7",4.48716276884079
"V8",4.34445610735565
"V9",3.02920681610703
