"names","vals"
"Intercept",-0.894398354454897
"y",0.745045295218006
"V1",0.00233189249411225
"V2",0.0502605056390166
"V3",0.0663230537902564
"V4",0.481826988048851
"V5",1.58564262557775
