"names","vals"
"Intercept",-2.8842997588939
"y",0.649511198978871
"V1",0.649532362353057
"V2",0.668832064606249
"V3",0.241375065175816
"V4",0.624147749738768
"V5",4.03145061340183
