"names","vals"
"Intercept",-4.48669596477179
"y",0.715028821723536
"V1",0.187802731059492
"V2",0.550952104851604
"V3",0.0542961927130818
"V4",0.867078494047746
"V5",0.250383873004466
"V6",0.889013276202604
"V7",3.85538959596306
"V8",2.22142113931477
"V9",3.79253933671862
