"names","vals"
"Intercept",-4.58417413061252
"y",0.549541951157153
"V1",0.461945554474369
"V2",0.254139178665355
"V3",0.528537079691887
"V4",0.478202740196139
"V5",0.513319874415174
"V6",0.896923401858658
"V7",1.53958386182785
"V8",4.08507885225117
"V9",1.49047167785466
