"names","vals"
"Intercept",-1.41041509722127
"y",0.845092113595456
"V1",0.165648917434737
"V2",0.46609224868007
"V3",0.461835982277989
"V4",0.249425061745569
"V5",3.51372737437487
