"names","vals"
"Intercept",-3.0409017748828
"y",0.357945086201653
"V1",0.487781861098483
"V2",0.184612936805934
"V3",0.913360164035112
"V4",0.401391143444926
"V5",3.3284604139626
