"names","vals"
"Intercept",-4.95785944800591
"y",0.51129143522121
"V1",0.205477045616135
"V2",0.284942312631756
"V3",0.417305568698794
"V4",0.702774363104254
"V5",4.52965902537107
