"names","vals"
"Intercept",-3.74419105865294
"y",0.733663045801222
"V1",0.721517610363662
"V2",0.915731086861342
"V3",0.538923502201214
"V4",0.417829588754103
"V5",2.20230582263321
