"names","vals"
"Intercept",-9.58561949980445
"y",0.506383335683495
"V1",0.157781753223389
"V2",0.345618831226602
"V3",0.292598783504218
"V4",0.15233339718543
"V5",0.146713313879445
"V6",0.9637163921725
"V7",0.762052081292495
"V8",2.33776394743472
"V9",4.53957452718168
"V10",3.60769026726484
"V11",3.42799101117998
