"names","vals"
"Intercept",-4.50898840745445
"y",0.95770026021637
"V1",0.152700919425115
"V2",0.548781167948619
"V3",0.363561926875263
"V4",0.670568403089419
"V5",0.0440102920401841
"V6",0.477356479270384
"V7",3.40309026185423
"V8",1.44422029238194
"V9",4.38417656812817
