"names","vals"
"Intercept",-1.80875059301034
"y",0.806732132099569
"V1",0.893791636219248
"V2",0.98481150297448
"V3",0.57116467365995
"V4",0.494238211074844
"V5",3.43901065178216
