"names","vals"
"Intercept",-2.11666704698
"y",0.166178490035236
"V1",0.350952923763543
"V2",0.027204200392589
"V3",0.58827207214199
"V4",0.777917285216972
"V5",1.42523093428463
