"names","vals"
"Intercept",-11.3527194783022
"y",0.635838706744835
"V1",0.286457390757278
"V2",0.680713722715154
"V3",0.740759130101651
"V4",0.12768734828569
"V5",0.0404956177808344
"V6",0.741072691744193
"V7",0.943324765888974
"V8",2.84568715654314
"V9",4.46027599088848
"V10",4.24200557265431
"V11",3.02358136512339
