"names","vals"
"Intercept",-1.23319673116785
"y",0.334405448287725
"V1",0.144462071824819
"V2",0.298770552733913
"V3",0.363179288804531
"V4",0.514633436687291
"V5",1.1716786744073
