"names","vals"
"Intercept",-3.38378959884867
"y",0.07200205209665
"V1",0.693501021480188
"V2",0.806945660617203
"V3",0.614277531625703
"V4",0.669314028695226
"V5",2.45267863478512
