"names","vals"
"Intercept",-10.4989515549969
"y",0.214716426795349
"V1",0.785723458277062
"V2",0.475777386920527
"V3",0.0132311650086194
"V4",0.979290932184085
"V5",0.177320832852274
"V6",0.990107079967856
"V7",0.411765441531315
"V8",4.0547296917066
"V9",1.63512619957328
"V10",3.36740762740374
"V11",2.72639668919146
