"names","vals"
"Intercept",-3.00387022387935
"y",0.252846556250006
"V1",0.889526025857776
"V2",0.500465808901936
"V3",0.693077550968155
"V4",0.520948996534571
"V5",2.40953253954649
