"names","vals"
"Intercept",-6.22882205001311
"y",0.736784049542621
"V1",0.89366108761169
"V2",0.599577438086271
"V3",0.208240373292938
"V4",0.395303926430643
"V5",0.543641607509926
"V6",0.640180886024609
"V7",0.786818979075179
"V8",1.92804618086666
"V9",3.55668828450143
"V10",2.01683727372438
"V11",2.84542531426996
