"names","vals"
"Intercept",-11.1352029072959
"y",0.44468529894948
"V1",0.888527929084376
"V2",0.53257097909227
"V3",0.965408961521462
"V4",0.527068032883108
"V5",0.714454129803926
"V6",0.581590723944828
"V7",0.540423362981528
"V8",0.755978644127026
"V9",3.1901626130566
"V10",3.41555114462972
"V11",3.0343749076128
"V12",2.68187386449426
"V13",2.48183699697256
