"names","vals"
"Intercept",-11.7495041674515
"y",0.461866854224354
"V1",0.919061650522053
"V2",0.601675768848509
"V3",0.720361105166376
"V4",0.85060411831364
"V5",0.585785534232855
"V6",0.610342040425166
"V7",0.53175624855794
"V8",4.97910087835044
"V9",4.42555515654385
"V10",2.7598447855562
"V11",4.05559308454394
