"names","vals"
"Intercept",-5.08725396541879
"y",0.691245539812371
"V1",0.995925574796274
"V2",0.96418381575495
"V3",0.140354744158685
"V4",0.193204005714506
"V5",0.544402796775103
"V6",4.19402330555022
"V7",2.69412061478943
