"names","vals"
"Intercept",-3.52783127696253
"y",0.869972116546705
"V1",0.621232440462336
"V2",0.7468426018022
"V3",0.35361808934249
"V4",0.740387390600517
"V5",0.12372240726836
"V6",1.7708876170218
"V7",1.97302227187902
