"names","vals"
"Intercept",-1.4661722777877
"y",0.560958408517763
"V1",0.0608525052666664
"V2",0.573793807765469
"V3",0.972205043537542
"V4",0.806283702841029
"V5",0.90468658786267
"V6",2.31833551451564
"V7",1.63260060921311
