"names","vals"
"Intercept",-3.86143477304839
"y",0.3302610097453
"V1",0.760055498685688
"V2",0.030909254681319
"V3",0.93784458283335
"V4",0.432194398250431
"V5",0.34081880422309
"V6",2.73994761426002
"V7",2.81351412739605
