"names","vals"
"Intercept",-2.08466587602161
"y",0.479439188959077
"V1",0.254963645944372
"V2",0.564931225730106
"V3",0.655965617159382
"V4",0.653344478923827
"V5",2.92858099099249
