"names","vals"
"Intercept",-6.6913975426578
"y",0.715505915228277
"V1",0.302946481155232
"V2",0.401264213258401
"V3",0.974774272879586
"V4",0.282558446284384
"V5",0.222118794452399
"V6",0.220109898829833
"V7",0.462877803714946
"V8",0.169809113023803
"V9",4.4097078088671
"V10",3.03166024014354
"V11",3.02733414061368
"V12",1.05610026512295
"V13",1.21910416055471
