"names","vals"
"Intercept",-5.89087231164332
"y",0.384753146208823
"V1",0.003841124009341
"V2",0.208119438262656
"V3",0.04389543319121
"V4",0.74013340822421
"V5",0.111703821690753
"V6",4.94093046709895
"V7",1.80520205758512
