"names","vals"
"Intercept",-11.9774103278317
"y",0.63684363826178
"V1",0.825863636331633
"V2",0.63684908952564
"V3",0.671355949249119
"V4",0.130739192245528
"V5",0.39477427629754
"V6",0.199956327211112
"V7",0.119407849851996
"V8",0.00605727010406554
"V9",2.8520026113838
"V10",3.66482972167432
"V11",4.97658118605614
"V12",3.62454023119062
"V13",3.12852290086448
