"names","vals"
"Intercept",-8.62239786915015
"y",0.0941809266805649
"V1",0.186668425332755
"V2",0.309588904725388
"V3",0.480281842406839
"V4",0.403521804604679
"V5",0.176077018491924
"V6",0.259852069430053
"V7",0.248346073785797
"V8",0.381752828601748
"V9",2.2918247114867
"V10",3.21063824743032
"V11",3.30634301248938
"V12",3.00152987800539
"V13",3.76157291419804
