"names","vals"
"Intercept",-6.04241297753993
"y",0.226339444983751
"V1",0.109587147831917
"V2",0.672185757663101
"V3",0.95066291000694
"V4",0.160202266415581
"V5",0.675455531803891
"V6",3.99664381146431
"V7",2.6888227565214
