"names","vals"
"Intercept",-7.50039391542319
"y",0.276207812363282
"V1",0.908687773160636
"V2",0.6536735300906
"V3",0.955247796839103
"V4",0.587249015690759
"V5",0.832342983689159
"V6",0.658424801426008
"V7",3.0471919272095
"V8",1.90789262857288
"V9",1.77398215699941
