"names","vals"
"Intercept",-7.25627555685816
"y",0.209739637793973
"V1",0.601906144525856
"V2",0.264071804005653
"V3",0.554112747311592
"V4",0.518355046864599
"V5",0.648208117578179
"V6",0.457578092580661
"V7",0.705075293080881
"V8",0.756870876066387
"V9",3.28524305298924
"V10",2.16896424535662
"V11",2.10178255103528
"V12",1.57971631921828
"V13",3.03103115223348
