"names","vals"
"Intercept",-4.2218032212113
"y",0.534295870456845
"V1",0.28721019346267
"V2",0.881567677017301
"V3",0.762633136706427
"V4",0.405082473065704
"V5",0.626492875162512
"V6",0.909511864650995
"V7",2.17887363117188
"V8",1.64239584840834
"V9",2.19373466353863
