"names","vals"
"Intercept",-3.08861894752597
"y",0.373795906547457
"V1",0.0193637972697616
"V2",0.862689601024613
"V3",0.747724264394492
"V4",0.643417089013383
"V5",0.580249906051904
"V6",1.65211354754865
"V7",2.7623748332262
