"names","vals"
"Intercept",-7.78111184244975
"y",0.503756708465517
"V1",0.645551608642563
"V2",0.551851539872587
"V3",0.579477189108729
"V4",0.310487402835861
"V5",0.0286740667652339
"V6",0.614393357886001
"V7",0.774047787068412
"V8",1.67669448256493
"V9",4.95127348508686
"V10",1.97704777680337
"V11",2.39084011688828
