"names","vals"
"Intercept",-7.6813814637484
"y",0.341556448023766
"V1",0.893031965242699
"V2",0.00955641502514482
"V3",0.447231090860441
"V4",0.344384882831946
"V5",0.0767718416173011
"V6",0.726293141720816
"V7",0.560412151971832
"V8",0.221290505956858
"V9",4.03808213490993
"V10",4.23842374142259
"V11",3.62311435397714
"V12",1.26947994623333
"V13",3.46310726739466
