"names","vals"
"Intercept",-3.1879531470174
"y",0.930906020104885
"V1",0.407924451632425
"V2",0.561000779038295
"V3",0.00713398866355419
"V4",0.818537822458893
"V5",2.84716948214918
