"names","vals"
"Intercept",-3.37359256035648
"y",0.0314177819527686
"V1",0.255082257091999
"V2",0.100485974457115
"V3",0.886728948913515
"V4",0.801181527553126
"V5",0.426280385116115
"V6",0.560974566964433
"V7",0.415144311031327
"V8",1.36096498463303
"V9",1.02102692984045
"V10",1.10181588679552
"V11",4.21304934378713
