"names","vals"
"Intercept",-4.62254786760081
"y",0.503438393119723
"V1",0.482025161851197
"V2",0.431493652286008
"V3",0.919604863738641
"V4",0.825467266375199
"V5",0.500064360676333
"V6",0.84176720562391
"V7",1.93918290641159
"V8",1.1570546971634
"V9",1.55131714697927
