"names","vals"
"Intercept",-3.60870325729484
"y",0.495151662267745
"V1",0.711160928709432
"V2",0.0805615272838622
"V3",0.0506231337785721
"V4",0.154444133862853
"V5",3.58248716685921
