"names","vals"
"Intercept",-4.78552243623184
"y",0.293981310445815
"V1",0.977004688465968
"V2",0.554402872221544
"V3",0.84733464778401
"V4",0.512487718835473
"V5",0.817054076353088
"V6",0.904369838535786
"V7",1.61963242664933
"V8",4.29696672968566
"V9",3.77939294930547
