"names","vals"
"Intercept",-7.0161886421917
"y",0.627289230702445
"V1",0.932256515137851
"V2",0.288623189786449
"V3",0.15212239138782
"V4",0.159480926115066
"V5",0.931631878018379
"V6",0.85646833665669
"V7",4.95078362245113
"V8",1.42290812544525
"V9",3.38726229872555
