"names","vals"
"Intercept",-3.96289455825929
"y",0.641019448405132
"V1",0.665952316951007
"V2",0.722193958004937
"V3",0.607097502797842
"V4",0.110319151543081
"V5",0.526595411589369
"V6",4.41678361408412
"V7",3.38622687570751
