"names","vals"
"Intercept",-1.44605105973314
"y",0.643541644793004
"V1",0.111927292076871
"V2",0.0200724410824478
"V3",0.922458158573136
"V4",0.485987982247025
"V5",2.17436349578202
