"names","vals"
"Intercept",-8.88597913351841
"y",0.663830479374155
"V1",0.78906558570452
"V2",0.514420815510675
"V3",0.123967910651118
"V4",0.619808663846925
"V5",0.0344534784089774
"V6",4.36994367372245
"V7",3.85670644883066
