"names","vals"
"Intercept",-14.3582216709107
"y",0.866839693160728
"V1",0.930905517190695
"V2",0.616081090178341
"V3",0.797489857301116
"V4",0.559856090694666
"V5",0.544868369586766
"V6",0.937921158503741
"V7",0.398414422990754
"V8",0.559484485769644
"V9",2.9053737455979
"V10",1.00916226487607
"V11",4.48564816266298
"V12",4.95238405372947
"V13",2.68484067730606
