"names","vals"
"Intercept",-9.56261398690986
"y",0.74914624216035
"V1",0.6322744297795
"V2",0.826637579826638
"V3",0.469034161418676
"V4",0.187688150908798
"V5",0.72745529259555
"V6",0.027292343089357
"V7",0.671733507886529
"V8",3.41566848475486
"V9",2.00834048166871
"V10",4.40997721999884
"V11",2.63495483249426
