"names","vals"
"Intercept",-6.3647948618792
"y",0.330696218879893
"V1",0.351189430803061
"V2",0.916256000520661
"V3",0.0206774114631116
"V4",0.699600858846679
"V5",0.275354819372296
"V6",0.150843115989119
"V7",1.1001613419503
"V8",4.384656265378
"V9",4.29416809603572
