"names","vals"
"Intercept",-6.3696944418014
"y",0.204194458201528
"V1",0.813641105778515
"V2",0.744298790814355
"V3",0.731773990904912
"V4",0.127351334085688
"V5",0.232417040504515
"V6",1.65583394002169
"V7",4.04376248084009
