"names","vals"
"Intercept",-2.06737013618695
"y",0.243874085601419
"V1",0.800786705221981
"V2",0.315090905176476
"V3",0.890985663281754
"V4",0.549430137965828
"V5",1.21298693306744
