"names","vals"
"Intercept",-9.98761296495795
"y",0.704689696198329
"V1",0.170895237242803
"V2",0.187283402075991
"V3",0.691287391353399
"V4",0.657319171819836
"V5",0.557918999576941
"V6",0.616709218593314
"V7",0.674226992065087
"V8",0.663022407796234
"V9",3.48833568021655
"V10",4.89965020399541
"V11",4.50920454226434
"V12",4.35078500304371
"V13",3.74149672500789
