"names","vals"
"Intercept",-1.82733459895477
"y",0.165997148491442
"V1",0.274970303755254
"V2",0.146138915792108
"V3",0.820258932886645
"V4",0.0691508729942143
"V5",1.07639969047159
