"names","vals"
"Intercept",-2.42162963035516
"y",0.154675948899239
"V1",0.811620270600542
"V2",0.330069071613252
"V3",0.921136372257024
"V4",0.677599516231567
"V5",1.64279227610677
