"names","vals"
"Intercept",-1.02302254968556
"y",0.17266736831516
"V1",0.21137649170123
"V2",0.453295301413164
"V3",0.271235995925963
"V4",0.100390156731009
"V5",1.44677725154907
