"names","vals"
"Intercept",-10.0892421007855
"y",0.854430391453207
"V1",0.201571010285988
"V2",0.607899315655231
"V3",0.111145672854036
"V4",0.59204249130562
"V5",0.299258168321103
"V6",0.311041367705911
"V7",0.924773180857301
"V8",4.95408399868757
"V9",3.31647050846368
"V10",4.4451150726527
"V11",4.22861600480974
