"names","vals"
"Intercept",-4.86611348102801
"y",0.77340902434662
"V1",0.402708310401067
"V2",0.181439887033775
"V3",0.401696777902544
"V4",0.762300458038226
"V5",0.505296816816553
"V6",4.89087859541178
"V7",3.05935535673052
