"names","vals"
"Intercept",-11.9558571966831
"y",0.123814567457885
"V1",0.789318044902757
"V2",0.256751200649887
"V3",0.142019639723003
"V4",0.851130080875009
"V5",0.0999888067599386
"V6",0.537593082757667
"V7",0.820445054676384
"V8",0.479142125230283
"V9",4.54100299160928
"V10",1.95414194837213
"V11",3.82000355329365
"V12",3.89752870891243
"V13",1.70518580824137
