"names","vals"
"Intercept",-4.02279610550031
"y",0.995338592445478
"V1",0.326328912284225
"V2",0.628072211751714
"V3",0.0161479348316789
"V4",0.821303610689938
"V5",0.653825813205913
"V6",1.69249208644032
"V7",3.97921162564307
