"names","vals"
"Intercept",-8.7187987965229
"y",0.754757480463013
"V1",0.937346671475098
"V2",0.823201739462093
"V3",0.868683373788372
"V4",0.175422829575837
"V5",0.520070668775588
"V6",0.732694459380582
"V7",3.06375990994275
"V8",1.45311858411878
"V9",3.77448104787618
