"names","vals"
"Intercept",-5.86165143622551
"y",0.46130677848123
"V1",0.701170152751729
"V2",0.880308730527759
"V3",0.0142193974461406
"V4",0.375334358308464
"V5",0.447632795432582
"V6",0.167970468988642
"V7",2.62593877501786
"V8",4.06973851192743
"V9",1.92645004857332
