"names","vals"
"Intercept",-6.64138590479968
"y",0.966970467474312
"V1",0.243738424032927
"V2",0.871655592229217
"V3",0.551013724179938
"V4",0.757837328361347
"V5",0.835248037008569
"V6",0.938562718685716
"V7",0.83820026437752
"V8",2.02954704500735
"V9",2.50553606450558
"V10",1.81736355181783
"V11",3.92687408439815
