"names","vals"
"Intercept",-7.58436160056153
"y",0.212093384470791
"V1",0.310677944915369
"V2",0.198130762670189
"V3",0.423181515885517
"V4",0.967815653886646
"V5",0.680423132143915
"V6",0.753738339524716
"V7",2.29119958169758
"V8",4.50785576272756
"V9",1.77984158229083
