"names","vals"
"Intercept",-5.16571884755976
"y",0.202667689649388
"V1",0.258329344214872
"V2",0.649218883598223
"V3",0.270241439575329
"V4",0.107427041046321
"V5",0.127866801340133
"V6",3.888985526748
"V7",4.29539694823325
