"names","vals"
"Intercept",-4.62232112966478
"y",0.263130418257788
"V1",0.776376972673461
"V2",0.30642770556733
"V3",0.0182037043850869
"V4",0.0760194268077612
"V5",0.142501116497442
"V6",0.915586638264358
"V7",1.9164575887844
"V8",2.96663926821202
"V9",2.80750490631908
