"names","vals"
"Intercept",-4.12012250679545
"y",0.409733947366476
"V1",0.106518898392096
"V2",0.720246791606769
"V3",0.413819215726107
"V4",0.920889675617218
"V5",2.98895588889718
