"names","vals"
"Intercept",-5.59440559926443
"y",0.310410518432036
"V1",0.116054363781586
"V2",0.648518138332292
"V3",0.746957811294124
"V4",0.871024974621832
"V5",0.0156507678329945
"V6",3.2646051729098
"V7",4.2943432694301
