"names","vals"
"Intercept",-7.74589546809904
"y",0.443638349650428
"V1",0.873878734651953
"V2",0.321209863061085
"V3",0.313342962646857
"V4",0.911316070938483
"V5",0.704484079498798
"V6",0.517653812188655
"V7",0.926550255389884
"V8",0.858053087955341
"V9",3.26699479110539
"V10",1.94000215176493
"V11",2.95990002434701
"V12",1.35851064603776
"V13",1.77334239427
