"names","vals"
"Intercept",-5.27286328339018
"y",0.238453564466909
"V1",0.305958423996344
"V2",0.702418176224455
"V3",0.94878704752773
"V4",0.498798307264224
"V5",0.322943711653352
"V6",0.0360335926525295
"V7",0.423293642466888
"V8",1.1707018846646
"V9",1.29031151812524
"V10",2.91759329661727
"V11",1.5618683360517
