"names","vals"
"Intercept",-2.10802745442605
"y",0.0334429654758424
"V1",0.331345740938559
"V2",0.975340958917513
"V3",0.763596339849755
"V4",0.557781458599493
"V5",0.273277946049348
"V6",1.37542423047125
"V7",1.02381665911525
