"names","vals"
"Intercept",-13.6828474800102
"y",0.196406060829759
"V1",0.00299915508367121
"V2",0.010084570851177
"V3",0.97180983168073
"V4",0.848743118112907
"V5",0.324446998536587
"V6",0.520991831785068
"V7",0.991969155613333
"V8",0.621639166260138
"V9",4.64967656694353
"V10",4.20508148986846
"V11",1.59404411353171
"V12",3.18393985927105
"V13",2.90095499902964
