"names","vals"
"Intercept",-5.5461626598821
"y",0.728307495359331
"V1",0.29791474994272
"V2",0.761701009469107
"V3",0.254429305437952
"V4",0.216939821839333
"V5",0.0324639822356403
"V6",0.135365261463448
"V7",0.785155401332304
"V8",0.447402885416523
"V9",1.74164408165962
"V10",2.75897086132318
"V11",4.74450405314565
"V12",4.87629925925285
"V13",2.72917613573372
