"names","vals"
"Intercept",-9.72051885774126
"y",0.611696430947632
"V1",0.0212302226573229
"V2",0.688793759327382
"V3",0.136062436038628
"V4",0.672146698925644
"V5",0.190560425398871
"V6",0.738882863428444
"V7",0.247626215452328
"V8",2.61762397084385
"V9",2.27093515917659
"V10",4.05217232741416
"V11",1.24295114353299
