"names","vals"
"Intercept",-8.65670602555852
"y",0.495532085886225
"V1",0.104830301366746
"V2",0.250519367633387
"V3",0.962362276623026
"V4",0.283233250956982
"V5",0.412334840744734
"V6",0.70986522664316
"V7",0.681547699263319
"V8",3.72331944853067
"V9",4.58328686840832
"V10",4.09001314733177
"V11",4.70700173638761
