"names","vals"
"Intercept",-2.60120428538416
"y",0.639613358536735
"V1",0.446637933840975
"V2",0.942050328943878
"V3",0.0439412358682603
"V4",0.270827988628298
"V5",4.14211572613567
