"names","vals"
"Intercept",-12.833174221951
"y",0.199032941833138
"V1",0.9913651405368
"V2",0.694747535977513
"V3",0.56399488192983
"V4",0.638924763537943
"V5",0.456470349803567
"V6",0.215387655654922
"V7",0.826593055622652
"V8",0.652929734671488
"V9",2.13343996740878
"V10",4.05437960941344
"V11",3.4251494416967
"V12",4.44023677799851
"V13",1.18031859304756
