"names","vals"
"Intercept",-3.05641787304077
"y",0.178682050202042
"V1",0.992292465409264
"V2",0.873955589951947
"V3",0.296173710841686
"V4",0.567381579428911
"V5",4.63622438069433
