"names","vals"
"Intercept",-4.38535165385576
"y",0.295211837161332
"V1",0.193939430406317
"V2",0.339734186651185
"V3",0.348447788041085
"V4",0.617036177078262
"V5",4.41595297213644
