"names","vals"
"Intercept",-8.97228864653735
"y",0.24787840154022
"V1",0.504094699630514
"V2",0.604591877898201
"V3",0.961862865602598
"V4",0.64850015216507
"V5",0.48465193901211
"V6",0.43044297141023
"V7",0.558484255103394
"V8",0.990527102723718
"V9",4.18384000100195
"V10",1.09748317208141
"V11",1.95387764275074
"V12",4.73227234557271
"V13",1.63965691812336
