"names","vals"
"Intercept",-8.38547046286287
"y",0.079149036668241
"V1",0.168293160153553
"V2",0.243891400285065
"V3",0.386231137672439
"V4",0.853233598871157
"V5",0.554453414399177
"V6",0.289454515324906
"V7",0.419403858250007
"V8",0.539192412281409
"V9",4.64625063538551
"V10",2.01287671737373
"V11",3.73241205699742
"V12",4.17962563224137
"V13",1.56401903834194
