"names","vals"
"Intercept",-5.5640292268456
"y",0.817472288850695
"V1",0.0808570466469973
"V2",0.0244254351127893
"V3",0.13279872876592
"V4",0.335455670952797
"V5",0.166372406296432
"V6",3.80648315791041
"V7",4.45432846620679
