"names","vals"
"Intercept",-2.59611956172157
"y",0.656267520971596
"V1",0.293302817968652
"V2",0.240104455966502
"V3",0.763167314697057
"V4",0.429360181326047
"V5",1.27768737822771
