"names","vals"
"Intercept",-3.09154470762471
"y",0.0148674324154854
"V1",0.284866542788222
"V2",0.899462735978886
"V3",0.085318120662123
"V4",0.739646182162687
"V5",3.95440613571554
