"names","vals"
"Intercept",-5.59317107143346
"y",0.613018210977316
"V1",0.863121081609279
"V2",0.983159527881071
"V3",0.808812765637413
"V4",0.462009203154594
"V5",0.562839840305969
"V6",0.588898906484246
"V7",2.01300269924104
"V8",3.40923796780407
"V9",1.33775889407843
