"names","vals"
"Intercept",-10.3071928833751
"y",0.112261823611334
"V1",0.270660933339968
"V2",0.332352909725159
"V3",0.981080224271864
"V4",0.232264493824914
"V5",0.944809638196602
"V6",0.63463503587991
"V7",3.30586920212954
"V8",3.95356570277363
"V9",4.78991832863539
