"names","vals"
"Intercept",-0.875627111487556
"y",0.180517792468891
"V1",0.613160827197134
"V2",0.671680636238307
"V3",0.0516416565515101
"V4",0.0104447787161916
"V5",4.82234141044319
