"names","vals"
"Intercept",-11.2165014453232
"y",0.883547706529498
"V1",0.358785694465041
"V2",0.743431136244908
"V3",0.875298985512927
"V4",0.579049953725189
"V5",0.317748132394627
"V6",0.853483698796481
"V7",0.375086948508397
"V8",0.571480023441836
"V9",3.2823185492307
"V10",2.75589724071324
"V11",3.93663802929223
"V12",1.74911040626466
"V13",2.98052214458585
