"names","vals"
"Intercept",-5.7425203488674
"y",0.78334278985858
"V1",0.885909725679085
"V2",0.990046938415617
"V3",0.687994779786095
"V4",0.949086303589866
"V5",0.41204338055104
"V6",3.97485351655632
"V7",1.56518250424415
