"names","vals"
"Intercept",-10.7907987643848
"y",0.540040345629677
"V1",0.260463980259374
"V2",0.204666305100545
"V3",0.254724518628791
"V4",0.486479384824634
"V5",0.426045024069026
"V6",0.877201902680099
"V7",0.0756310885772109
"V8",0.0708374714013189
"V9",1.97903972119093
"V10",4.79680883511901
"V11",4.51339894905686
"V12",2.88277537561953
"V13",1.02193456981331
