"names","vals"
"Intercept",-15.8291607389227
"y",0.618694963399321
"V1",0.348060134332627
"V2",0.866783519973978
"V3",0.232209108769894
"V4",0.942728642607108
"V5",0.891453261952847
"V6",0.754616898251697
"V7",0.136185178067535
"V8",0.453754703514278
"V9",4.77588067948818
"V10",4.49388203863055
"V11",4.11613453738391
"V12",2.915981259197
"V13",3.13454156275839
