"names","vals"
"Intercept",-5.09043137948029
"y",0.453293259255588
"V1",0.836365652969107
"V2",0.126891606487334
"V3",0.922706895042211
"V4",0.28668902697973
"V5",0.161953201750293
"V6",3.90133844316006
"V7",1.61225945875049
