"names","vals"
"Intercept",-3.20294302555732
"y",0.618148517562076
"V1",0.0805229502730072
"V2",0.536370174493641
"V3",0.31112575600855
"V4",0.206735999323428
"V5",0.281422517029569
"V6",1.0878468407318
"V7",3.52914570365101
