"names","vals"
"Intercept",-7.33262043520343
"y",0.0700398148037493
"V1",0.0987765775062144
"V2",0.33140352088958
"V3",0.376923442119732
"V4",0.819161675637588
"V5",0.327123808907345
"V6",0.39393134159036
"V7",4.47370716556907
"V8",4.98026483785361
"V9",2.19902788475156
