"names","vals"
"Intercept",-10.8713387791137
"y",0.894746324978769
"V1",0.111013754736632
"V2",0.0825366829521954
"V3",0.247020070673898
"V4",0.375460019567981
"V5",0.686461185803637
"V6",0.790897643426433
"V7",0.576039935462177
"V8",4.96783277206123
"V9",4.4081166870892
"V10",4.73457429744303
"V11",4.47597641404718
