"names","vals"
"Intercept",-4.5668456313666
"y",0.223837391007692
"V1",0.857751901494339
"V2",0.00907207420095801
"V3",0.690971820848063
"V4",0.713508440181613
"V5",4.38361583370715
