"names","vals"
"Intercept",-6.78430257080123
"y",0.916702992748469
"V1",0.120733550284058
"V2",0.646762656513602
"V3",0.480087662581354
"V4",0.632432602578774
"V5",0.00340701313689351
"V6",0.815445859683678
"V7",4.38589671254158
"V8",4.28029230982065
"V9",3.71232563722879
