"names","vals"
"Intercept",-5.69980155623052
"y",0.804716259473935
"V1",0.126955861458555
"V2",0.594213711097836
"V3",0.348661792231724
"V4",0.0492164108436555
"V5",0.731621502898633
"V6",0.477195631712675
"V7",0.0693035696167499
"V8",0.417119244346395
"V9",3.32562175579369
"V10",3.43422825727612
"V11",1.40254285000265
"V12",3.12031694129109
"V13",1.33870940282941
