"names","vals"
"Intercept",-14.473557743663
"y",0.650044904090464
"V1",0.897710955701768
"V2",0.161484234500676
"V3",0.244542046450078
"V4",0.443175412714481
"V5",0.907530881930143
"V6",0.677405689842999
"V7",0.588546661427245
"V8",0.950122963869944
"V9",3.77955396380275
"V10",3.6041130181402
"V11",2.74666013848037
"V12",4.64250103011727
"V13",4.1051331134513
