"names","vals"
"Intercept",-4.7718769701547
"y",0.0851863587740809
"V1",0.824433066416532
"V2",0.173729736823589
"V3",0.764586135279387
"V4",0.773909197421744
"V5",0.222990880720317
"V6",3.94887877255678
"V7",3.1840491220355
