"names","vals"
"Intercept",-5.18439029953443
"y",0.466252051526681
"V1",0.676355406176299
"V2",0.0615493499208242
"V3",0.0846355706453323
"V4",0.576801117975265
"V5",0.148861629422754
"V6",0.655557518359274
"V7",2.19844118878245
"V8",1.82512316480279
"V9",4.47628986649215
