"names","vals"
"Intercept",-5.28412701244233
"y",0.663857014849782
"V1",0.0668763536959887
"V2",0.837386063998565
"V3",0.986678878776729
"V4",0.51604043203406
"V5",0.965033589629456
"V6",3.72407490201294
"V7",1.24484431464225
