"names","vals"
"Intercept",-9.47039693120169
"y",0.390591914765537
"V1",0.111156795872375
"V2",0.242428833385929
"V3",0.630929360166192
"V4",0.181243969127536
"V5",0.927742449566722
"V6",0.668711250182241
"V7",0.786173616535962
"V8",1.50374380499125
"V9",3.83222985360771
"V10",4.09340375475585
"V11",3.24943399615586
