"names","vals"
"Intercept",-6.22646172830602
"y",0.0143794890027493
"V1",0.881999979261309
"V2",0.652778303949162
"V3",0.0514811857137829
"V4",0.0206938167102635
"V5",0.811682646162808
"V6",0.296417206525803
"V7",2.65622567292303
"V8",2.08393964823335
"V9",2.52229861821979
