"names","vals"
"Intercept",-8.5643493018765
"y",0.901987501652911
"V1",0.199302709428594
"V2",0.969243811443448
"V3",0.178777454886585
"V4",0.081317147705704
"V5",0.415397731587291
"V6",0.911190464626998
"V7",0.889899355592206
"V8",0.766888412181288
"V9",2.26788256410509
"V10",1.83935024496168
"V11",4.95222381316125
"V12",3.18939466401935
"V13",2.03493717778474
