"names","vals"
"Intercept",-4.49329534990247
"y",0.822506514610723
"V1",0.819109380012378
"V2",0.0509331647772342
"V3",0.416318129748106
"V4",0.347080901730806
"V5",3.47373969014734
