"names","vals"
"Intercept",-6.91171012776904
"y",0.668023821432143
"V1",0.670168153708801
"V2",0.141816498013213
"V3",0.499394045909867
"V4",0.199514253530651
"V5",0.958934551337734
"V6",4.20237964112312
"V7",4.7082022447139
