"names","vals"
"Intercept",-0.725634562571067
"y",0.208209535107017
"V1",0.0318336118943989
"V2",0.338464080821723
"V3",0.835741223068908
"V4",0.961868640501052
"V5",1.65726900752634
