"names","vals"
"Intercept",-7.75355359897949
"y",0.910030419472605
"V1",0.073015145258978
"V2",0.00198229751549661
"V3",0.425851193489507
"V4",0.247292316984385
"V5",0.100376263493672
"V6",0.528545569861308
"V7",3.98691398184747
"V8",2.43655775021762
"V9",3.68759051058441
