"names","vals"
"Intercept",-2.60013131790329
"y",0.459428798640147
"V1",0.750143224839121
"V2",0.794974595541134
"V3",0.396684160688892
"V4",0.814486014889553
"V5",3.73486884683371
