"names","vals"
"Intercept",-4.07068434142508
"y",0.633476478746161
"V1",0.124736769124866
"V2",0.00558989495038986
"V3",0.127543101087213
"V4",0.905492770951241
"V5",4.51814075373113
