"names","vals"
"Intercept",-8.16618855783017
"y",0.152846048120409
"V1",0.31040227599442
"V2",0.726029601879418
"V3",0.0560331754386425
"V4",0.527769710170105
"V5",0.597940212581307
"V6",0.930475474568084
"V7",3.32000470720232
"V8",4.56785077601671
"V9",1.55586096923798
