"names","vals"
"Intercept",-5.59083661099197
"y",0.627798616653308
"V1",0.306683454895392
"V2",0.769305897410959
"V3",0.751512084156275
"V4",0.678303831722587
"V5",0.419298112392426
"V6",0.699853438185528
"V7",4.94232648611069
"V8",1.35152078326792
"V9",2.1530718607828
