"names","vals"
"Intercept",-9.91589288461255
"y",0.718574471771717
"V1",0.576878338353708
"V2",0.632588792126626
"V3",0.117188623407856
"V4",0.733245339477435
"V5",0.363406513351947
"V6",0.602980223484337
"V7",0.861160619882867
"V8",0.113029752857983
"V9",3.95883752964437
"V10",4.71611936204135
"V11",1.50277852453291
"V12",2.37461994681507
"V13",1.03142859507352
