"names","vals"
"Intercept",-9.38217740335502
"y",0.595837618457153
"V1",0.25665731402114
"V2",0.265035102143884
"V3",0.835723858093843
"V4",0.784025975503027
"V5",0.290120856370777
"V6",0.593779247952625
"V7",0.166125491261482
"V8",0.494687294121832
"V9",4.35734962578863
"V10",3.07029063906521
"V11",2.9454143140465
"V12",2.4864860009402
"V13",1.36544570140541
