"names","vals"
"Intercept",-4.4996483526798
"y",0.473713577492163
"V1",0.0980072375386953
"V2",0.772454722551629
"V3",0.100437026238069
"V4",0.984172192867845
"V5",0.232654726831242
"V6",1.60002061631531
"V7",3.2187440386042
