"names","vals"
"Intercept",-3.93766043578507
"y",0.998193832114339
"V1",0.545048003550619
"V2",0.173372531542554
"V3",0.477086240658537
"V4",0.07422447623685
"V5",0.0479156845249236
"V6",0.297070667147636
"V7",2.16977412905544
"V8",4.37667972408235
"V9",4.71760064922273
