"names","vals"
"Intercept",-12.6613689463353
"y",0.406087699811906
"V1",0.200433404417709
"V2",0.413017792161554
"V3",0.112310629803687
"V4",0.783013430889696
"V5",0.747157550416887
"V6",0.602433195570484
"V7",0.941279700724408
"V8",0.577941962284967
"V9",4.26065384689718
"V10",4.19522966258228
"V11",2.80246720928699
"V12",4.33074632287025
"V13",2.74708594940603
