"names","vals"
"Intercept",-6.20143882422708
"y",0.47937343060039
"V1",0.714471262181178
"V2",0.182409709785134
"V3",0.181520819896832
"V4",0.507402313640341
"V5",0.791897973977029
"V6",0.944886024110019
"V7",2.4165004407987
"V8",2.12219847831875
"V9",1.49145604018122
