"names","vals"
"Intercept",-2.69282215539133
"y",0.203376792138442
"V1",0.626685757189989
"V2",0.479993094224483
"V3",0.132084673270583
"V4",0.550666041439399
"V5",0.735509741818532
"V6",1.57787824701518
"V7",4.92991877254099
