"names","vals"
"Intercept",-8.05368624034338
"y",0.73476779088378
"V1",0.550507680978626
"V2",0.850704607320949
"V3",0.406575529603288
"V4",0.0484133632853627
"V5",0.160199335077778
"V6",3.66429635882378
"V7",4.49812212027609
