"names","vals"
"Intercept",-4.70738199429121
"y",0.476364692440256
"V1",0.922020273981616
"V2",0.106523705646396
"V3",0.839481280418113
"V4",0.540838308399543
"V5",0.124467219691724
"V6",4.69410710316151
"V7",1.22975205723196
