"names","vals"
"Intercept",-2.45684840761824
"y",0.263192055281252
"V1",0.638812017859891
"V2",0.00299862679094076
"V3",0.109909422462806
"V4",0.796752667287365
"V5",0.38515393761918
"V6",3.95287150796503
"V7",1.86098908260465
