"names","vals"
"Intercept",-7.32035839544842
"y",0.233063131570816
"V1",0.884555972879753
"V2",0.147162426030263
"V3",0.553070721914992
"V4",0.289829613408074
"V5",0.0197949076537043
"V6",0.204481879249215
"V7",0.757374789798632
"V8",0.281172013375908
"V9",1.86452976241708
"V10",2.75519373454154
"V11",3.18571518547833
"V12",3.25422676838934
"V13",1.69690872449428
