"names","vals"
"Intercept",-2.1060707146069
"y",0.767032847041264
"V1",0.722729133209214
"V2",0.717455327045172
"V3",0.539474707329646
"V4",0.797594419913366
"V5",2.71511285286397
