"names","vals"
"Intercept",-2.87725308015943
"y",0.405280588427559
"V1",0.457335314480588
"V2",0.0846775972750038
"V3",0.901018048869446
"V4",0.25758873228915
"V5",2.33299642801285
