"names","vals"
"Intercept",-6.96874679344939
"y",0.274704446550459
"V1",0.558319741860032
"V2",0.78958648443222
"V3",0.199531397549435
"V4",0.563452441012487
"V5",0.241189250489697
"V6",4.89428246673197
"V7",4.67341099772602
