"names","vals"
"Intercept",-3.88930958187906
"y",0.374935563653708
"V1",0.426968631334603
"V2",0.43948969966732
"V3",0.723653921391815
"V4",0.533087222604081
"V5",0.094213493168354
"V6",0.874609129503369
"V7",3.07874704711139
"V8",1.46191780362278
"V9",2.28593186847866
