"names","vals"
"Intercept",-2.77254004123388
"y",0.205054926453158
"V1",0.00054831150919199
"V2",0.177837311755866
"V3",0.980444552842528
"V4",0.106861286796629
"V5",2.70602492056787
