"names","vals"
"Intercept",-2.80894810340367
"y",0.555123307975009
"V1",0.607041743351147
"V2",0.788915793877095
"V3",0.0537570025771856
"V4",0.0251955848652869
"V5",1.83290341030806
