"names","vals"
"Intercept",-3.66363004607614
"y",0.399506392190233
"V1",0.0224403347820044
"V2",0.527350660413504
"V3",0.0517824455164373
"V4",0.907394050154835
"V5",0.345811773091555
"V6",0.450701266527176
"V7",0.349876307183877
"V8",1.65627229306847
"V9",1.25660226400942
"V10",3.00363149680197
"V11",3.46485703624785
