"names","vals"
"Intercept",-7.10536270363256
"y",0.0259293946437538
"V1",0.268804427003488
"V2",0.684862564783543
"V3",0.949666415341198
"V4",0.923692443640903
"V5",0.0259784602094442
"V6",0.787276621675119
"V7",0.117730384459719
"V8",3.99562001507729
"V9",1.93013802357018
"V10",1.72436795011163
"V11",4.67822314333171
