"names","vals"
"Intercept",-5.19734275869094
"y",0.773599640233442
"V1",0.337622951017693
"V2",0.101367234485224
"V3",0.504992644535378
"V4",0.30538781103678
"V5",0.208294792566448
"V6",0.200795895420015
"V7",0.49355614813976
"V8",0.643552307505161
"V9",2.28047507256269
"V10",4.9562965054065
"V11",2.75648813135922
"V12",1.94261808972806
"V13",2.09556537307799
