"names","vals"
"Intercept",-1.67338690797333
"y",0.635026357835159
"V1",0.484445127425715
"V2",0.827184432651848
"V3",0.385620966088027
"V4",0.0316127955447882
"V5",1.15959154814482
