"names","vals"
"Intercept",-12.2331116637401
"y",0.995091609656811
"V1",0.0217598008457571
"V2",0.378227872774005
"V3",0.225704786134884
"V4",0.110566121758893
"V5",0.971590914065018
"V6",0.525454542832449
"V7",0.872294898610562
"V8",0.255759895313531
"V9",3.91113423649222
"V10",4.56728990841657
"V11",1.20496384054422
"V12",3.07729189377278
"V13",4.41531681269407
