"names","vals"
"Intercept",-3.3511907568574
"y",0.942397659644485
"V1",0.79930716054514
"V2",0.938765868544579
"V3",0.38360557728447
"V4",0.980159223545343
"V5",3.68322389293462
