"names","vals"
"Intercept",-10.572598689897
"y",0.66681484063156
"V1",0.457253453787416
"V2",0.025736247189343
"V3",0.0748173627071083
"V4",0.976658309577033
"V5",0.276686375262216
"V6",0.240738449152559
"V7",0.602481961017475
"V8",0.657404414378107
"V9",2.7844010591507
"V10",2.91413010656834
"V11",4.44814418349415
"V12",1.73597802221775
"V13",3.84124632366002
