"names","vals"
"Intercept",-8.44553532416467
"y",0.347106769913808
"V1",0.364381812512875
"V2",0.076160499593243
"V3",0.138616323005408
"V4",0.537619485519826
"V5",0.319827603874728
"V6",0.292739751283079
"V7",0.202513873344287
"V8",0.292062753345817
"V9",3.88150921929628
"V10",1.11267236154526
"V11",4.00286879297346
"V12",4.79845585301518
"V13",2.54934677481651
