"names","vals"
"Intercept",-7.05713428595336
"y",0.918998538982123
"V1",0.131828457117081
"V2",0.886468050768599
"V3",0.849488269304857
"V4",0.362987793050706
"V5",0.289811259601265
"V6",0.36404311330989
"V7",2.54166560433805
"V8",3.39728739205748
"V9",3.45562742184848
