"names","vals"
"Intercept",-5.31890268847812
"y",0.169285552110523
"V1",0.156337732914835
"V2",0.982181143946946
"V3",0.188147757900879
"V4",0.00449243956245482
"V5",0.87631873274222
"V6",0.507192169548944
"V7",0.25165001838468
"V8",4.11056257318705
"V9",1.33823105785996
"V10",2.49319114536047
"V11",1.93555846158415
