"names","vals"
"Intercept",-2.35430166254519
"y",0.591482433956116
"V1",0.199244721094146
"V2",0.747791497735307
"V3",0.592571812449023
"V4",0.125027008587494
"V5",3.15772288944572
