"names","vals"
"Intercept",-4.12819487952394
"y",0.299970073858276
"V1",0.462840558029711
"V2",0.677053211489692
"V3",0.357056213309988
"V4",0.176262818975374
"V5",0.400003298418596
"V6",1.56542854849249
"V7",3.27180568315089
