"names","vals"
"Intercept",-4.02259350179462
"y",0.147240384714678
"V1",0.028301854385063
"V2",0.0492335616145283
"V3",0.295744218863547
"V4",0.862104903673753
"V5",0.797185589326546
"V6",3.7274272646755
"V7",1.25017754267901
