"names","vals"
"Intercept",-11.2837785350392
"y",0.455036252271384
"V1",0.722707337001339
"V2",0.825358001980931
"V3",0.961825164500624
"V4",0.0200636829249561
"V5",0.715250042732805
"V6",0.783973878715187
"V7",0.574937179684639
"V8",2.90825749654323
"V9",4.75778535194695
"V10",4.8822809420526
"V11",2.27044883929193
