"names","vals"
"Intercept",-6.5862524408102
"y",0.867906104307622
"V1",0.788873106474057
"V2",0.984020747011527
"V3",0.595978435827419
"V4",0.211847248952836
"V5",0.767128256382421
"V6",0.635719896992669
"V7",0.490294968243688
"V8",4.28989054914564
"V9",4.88502386584878
"V10",2.10327650047839
"V11",2.9806363824755
