"names","vals"
"Intercept",-5.468846680813
"y",0.943556042620912
"V1",0.29583178833127
"V2",0.89331201207824
"V3",0.710258741630241
"V4",0.165108870947734
"V5",4.95685154292732
