"names","vals"
"Intercept",-4.08143571628258
"y",0.873452279018238
"V1",0.0149106639437377
"V2",0.757013184949756
"V3",0.532214464852586
"V4",0.0619004827458411
"V5",0.900574343744665
"V6",1.17227086704224
"V7",2.30872689932585
