"names","vals"
"Intercept",-5.91450133539038
"y",0.544117225566879
"V1",0.806060292525217
"V2",0.759358674520627
"V3",0.340064058545977
"V4",0.134593783412129
"V5",0.307867089519277
"V6",0.335335777141154
"V7",4.14859285484999
"V8",1.4517915090546
"V9",4.39338916260749
