"names","vals"
"Intercept",-6.02441063172882
"y",0.583191726822406
"V1",0.648444221355021
"V2",0.486100373789668
"V3",0.199051703559235
"V4",0.446604275610298
"V5",0.0710623837076128
"V6",0.23367739492096
"V7",0.293573244009167
"V8",0.773972172057256
"V9",2.02749303448945
"V10",4.59185585007071
"V11",2.25777676608413
"V12",1.46733099594712
"V13",2.65137724671513
