"names","vals"
"Intercept",-0.574905545420479
"y",0.212086090119556
"V1",0.926305844914168
"V2",0.0768818273209035
"V3",0.0735570688266307
"V4",0.24418833386153
"V5",1.95893470384181
