"names","vals"
"Intercept",-7.12951024268754
"y",0.947047884343192
"V1",0.253670706413686
"V2",0.502623339183629
"V3",0.74569529062137
"V4",0.415246661519632
"V5",0.920605128630996
"V6",0.43521169363521
"V7",0.632114315405488
"V8",3.14129795040935
"V9",1.76043403893709
"V10",3.40069758705795
"V11",2.20244026277214
