"names","vals"
"Intercept",-8.00433280013734
"y",0.804485202766955
"V1",0.593531526857987
"V2",0.878547226078808
"V3",0.851108723320067
"V4",0.882493996992707
"V5",0.888261372456327
"V6",0.772512881783769
"V7",0.80714685167186
"V8",0.425648585893214
"V9",2.31607149261981
"V10",1.5149435531348
"V11",2.30131025705487
"V12",4.3622036203742
"V13",3.32046345993876
