"names","vals"
"Intercept",-5.69070194348227
"y",0.281216355040669
"V1",0.394790191203356
"V2",0.292412554379553
"V3",0.0147394039668143
"V4",0.265194989740849
"V5",0.43204216635786
"V6",0.471357377013192
"V7",0.355239927303046
"V8",4.08296750672162
"V9",3.27671201433986
"V10",2.99575576279312
"V11",3.04883558116853
