"names","vals"
"Intercept",-12.4785035689548
"y",0.960508520016447
"V1",0.0281556216068566
"V2",0.994502157671377
"V3",0.977276353398338
"V4",0.353790232911706
"V5",0.149167800787836
"V6",0.335320723708719
"V7",0.39214976108633
"V8",0.16468320065178
"V9",1.22798109799623
"V10",3.49759582336992
"V11",2.93867011368275
"V12",4.21161353774369
"V13",3.71079399716109
