"names","vals"
"Intercept",-1.4758601615089
"y",0.797983959084377
"V1",0.964283215347677
"V2",0.723386098863557
"V3",0.631545616779476
"V4",0.493294385960326
"V5",4.40587605256587
