"names","vals"
"Intercept",-6.79802852694411
"y",0.746251896489412
"V1",0.902134850621223
"V2",0.0322193996980786
"V3",0.000193515326827765
"V4",0.690021554240957
"V5",0.726119789527729
"V6",0.550229029264301
"V7",2.13120000809431
"V8",2.80202468391508
"V9",1.51538173202425
