"names","vals"
"Intercept",-13.4711748816259
"y",0.67166893882677
"V1",0.903811018913984
"V2",0.837420098250732
"V3",0.849745297338814
"V4",0.651246630353853
"V5",0.207124588079751
"V6",0.382882162230089
"V7",0.913577679777518
"V8",0.658229683060199
"V9",4.93901582341641
"V10",1.21023524180055
"V11",3.76503569725901
"V12",1.95685464143753
"V13",3.59923782758415
