"names","vals"
"Intercept",-9.0345495238551
"y",0.779672964476049
"V1",0.765522730071098
"V2",0.553997587645426
"V3",0.351847836282104
"V4",0.924579247366637
"V5",0.878292652545497
"V6",0.299999191891402
"V7",3.96004319749773
"V8",4.51001911051571
"V9",3.28467157576233
