"names","vals"
"Intercept",-8.31332164723892
"y",0.284993067616597
"V1",0.474248699145392
"V2",0.595428101019934
"V3",0.117961547104642
"V4",0.815444879001006
"V5",0.105258984491229
"V6",0.916694045765325
"V7",4.29042926803231
"V8",2.43776011746377
"V9",4.594999874942
