"names","vals"
"Intercept",-9.47090959099354
"y",0.58369027893059
"V1",0.452313214773312
"V2",0.000147244427353144
"V3",0.598618734162301
"V4",0.536469974555075
"V5",0.409911631140858
"V6",0.124366864794865
"V7",0.76345945848152
"V8",0.823383884970099
"V9",1.95188200101256
"V10",2.92904150485992
"V11",3.62438938673586
"V12",3.4058244144544
"V13",1.38628728687763
