"names","vals"
"Intercept",-11.5871384556871
"y",0.266068144002929
"V1",0.385610317112878
"V2",0.248393314424902
"V3",0.928935352480039
"V4",0.108724256511778
"V5",0.299028594279662
"V6",0.50787271023728
"V7",0.0378605250734836
"V8",0.898030606564134
"V9",1.22275542933494
"V10",3.70478645339608
"V11",3.81367872096598
"V12",2.80355386156589
"V13",4.73674784228206
