"names","vals"
"Intercept",-5.50703312184196
"y",0.855154102900997
"V1",0.0418129810132086
"V2",0.270163373788819
"V3",0.756834199419245
"V4",0.56821870454587
"V5",0.757307038176805
"V6",0.322299585212022
"V7",1.23006688803434
"V8",3.12946820817888
"V9",2.60702302120626
