"names","vals"
"Intercept",-6.13215946294367
"y",0.946677202824503
"V1",0.609475086443126
"V2",0.0959240738302469
"V3",0.146090260939673
"V4",0.828428617911413
"V5",0.1449363832362
"V6",0.838113230653107
"V7",2.65886402036995
"V8",1.17487313598394
"V9",3.85583627317101
