"names","vals"
"Intercept",-7.10372177633457
"y",0.0537568696308881
"V1",0.690473346505314
"V2",0.936402677791193
"V3",0.43410093523562
"V4",0.445098247611895
"V5",0.228342290269211
"V6",0.460344263119623
"V7",0.140869216294959
"V8",2.41319492366165
"V9",1.57356651220471
"V10",2.34807760361582
"V11",2.44785099755973
