"names","vals"
"Intercept",-4.82018049880862
"y",0.398938454920426
"V1",0.501449247822165
"V2",0.834015337750316
"V3",0.51170804258436
"V4",0.560880597215146
"V5",0.682426297804341
"V6",1.61373209394515
"V7",4.27664190158248
