"names","vals"
"Intercept",-12.8226111966302
"y",0.683611530577764
"V1",0.685843574348837
"V2",0.15583244455047
"V3",0.91419230401516
"V4",0.187466287054121
"V5",0.0362028325907886
"V6",0.918860626174137
"V7",0.0495109870098531
"V8",0.22284848568961
"V9",3.91588435415179
"V10",2.51912418100983
"V11",1.81419397518039
"V12",2.31590270157903
"V13",4.74262373894453
