"names","vals"
"Intercept",-2.7111678441288
"y",0.421923857182264
"V1",0.207088859286159
"V2",0.610988101689145
"V3",0.233591248746961
"V4",0.314608417684212
"V5",2.7448005201295
