"names","vals"
"Intercept",-2.36452999121975
"y",0.929916250286624
"V1",0.0364697047043592
"V2",0.104504264891148
"V3",0.186694692354649
"V4",0.487301294924691
"V5",3.14668965060264
