"names","vals"
"Intercept",-8.18829208850162
"y",0.572746244492009
"V1",0.908661064459011
"V2",0.346375009045005
"V3",0.104956427589059
"V4",0.981957724550739
"V5",0.254927860340104
"V6",0.245042626513168
"V7",0.153409860795364
"V8",4.86683616787195
"V9",1.87659923266619
"V10",3.85239140316844
"V11",1.32317480258644
