"names","vals"
"Intercept",-4.2537306304439
"y",0.657485602190718
"V1",0.587627684231848
"V2",0.17292211134918
"V3",0.386208771495149
"V4",0.228239361895248
"V5",3.9579770937562
