"names","vals"
"Intercept",-5.73731139097363
"y",2.89999879896641e-05
"V1",0.370861729374155
"V2",0.949039573548362
"V3",0.798850206192583
"V4",0.420513530960307
"V5",0.986411337042227
"V6",0.938128270674497
"V7",0.430877653183416
"V8",3.89167605619878
"V9",4.13828164618462
"V10",4.63405401725322
"V11",3.07527101226151
