"names","vals"
"Intercept",-9.13551410579821
"y",0.699172052787617
"V1",0.267824789276347
"V2",0.582350568380207
"V3",0.207553415093571
"V4",0.43284478248097
"V5",0.986407426884398
"V6",0.112875914433971
"V7",0.182879689382389
"V8",1.54781228862703
"V9",1.38053920399398
"V10",3.14360228274018
"V11",3.69007772114128
