"names","vals"
"Intercept",-11.7371321778931
"y",0.268144354224205
"V1",0.12295371782966
"V2",0.478413300355896
"V3",0.0454228871967643
"V4",0.564032054739073
"V5",0.76785039412789
"V6",0.247998454608023
"V7",0.799845695728436
"V8",0.79681961494498
"V9",1.94510310236365
"V10",3.892060498707
"V11",3.76362643577158
"V12",2.92609093803912
"V13",1.92927577998489
