"names","vals"
"Intercept",-15.3325686736056
"y",0.326398783363402
"V1",0.604265623027459
"V2",0.19442913797684
"V3",0.880930202547461
"V4",0.87246015528217
"V5",0.525012229336426
"V6",0.465066998731345
"V7",0.895619083894417
"V8",0.22700930130668
"V9",2.44592732004821
"V10",1.15918624028563
"V11",4.67245432734489
"V12",4.63062624819577
"V13",4.56762862857431
