"names","vals"
"Intercept",-2.34218954955693
"y",0.994907629210502
"V1",0.1189504947979
"V2",0.190845167962834
"V3",0.992942966287956
"V4",0.182856380240992
"V5",3.56435960438102
