"names","vals"
"Intercept",-7.58035224599298
"y",0.86128197866492
"V1",0.0998444040305912
"V2",0.414087237790227
"V3",0.803350968752056
"V4",0.636332304915413
"V5",0.597619314445183
"V6",0.213531069923192
"V7",4.50978521909565
"V8",3.20564222615212
"V9",1.41762460954487
