"names","vals"
"Intercept",-10.0548475862946
"y",0.956141464645043
"V1",0.702587148873135
"V2",0.131749652093276
"V3",0.534368011169136
"V4",0.23038762435317
"V5",0.377081892453134
"V6",0.45054928981699
"V7",0.135050537530333
"V8",0.764565729768947
"V9",3.20962886326015
"V10",1.90185984782875
"V11",2.18768428266048
"V12",2.45692515745759
"V13",2.12252863775939
