"names","vals"
"Intercept",-5.80912682954222
"y",0.763978184666485
"V1",0.639759511686862
"V2",0.495432791765779
"V3",0.285591767635196
"V4",0.303357562515885
"V5",0.420618343167007
"V6",0.813273585634306
"V7",4.13478101510555
"V8",3.42549925856292
"V9",1.2455383175984
