"names","vals"
"Intercept",-3.92075471720891
"y",0.205349839990959
"V1",0.641752960393205
"V2",0.133216794813052
"V3",0.669209566665813
"V4",0.110175667330623
"V5",0.815553747117519
"V6",2.33486460801214
"V7",4.32752235978842
