"names","vals"
"Intercept",-4.39906782646431
"y",0.160742601845413
"V1",0.665333847748116
"V2",0.0412937731016427
"V3",0.445568783674389
"V4",0.13158354582265
"V5",3.79604460857809
