"names","vals"
"Intercept",-1.94936579263303
"y",0.044851052807644
"V1",0.493282321840525
"V2",0.507261570543051
"V3",0.202168912161142
"V4",0.449041076237336
"V5",3.02254343312234
