"names","vals"
"Intercept",-2.33043724681484
"y",0.992506601149216
"V1",0.881527632474899
"V2",0.0761737003922462
"V3",0.819034194806591
"V4",0.706066401442513
"V5",1.82043194025755
