"names","vals"
"Intercept",-2.133478648155
"y",0.211163339903578
"V1",0.846200464293361
"V2",0.135523231467232
"V3",0.439489455660805
"V4",0.00700653158128262
"V5",3.03533527068794
