"names","vals"
"Intercept",-10.9910545058176
"y",0.650724238716066
"V1",0.116838472429663
"V2",0.533106158720329
"V3",0.538458456518129
"V4",0.837374329101294
"V5",0.349927045637742
"V6",0.0463188888970762
"V7",0.654739413177595
"V8",0.0961500701960176
"V9",4.6125151226297
"V10",2.7433559698984
"V11",1.55654038581997
"V12",3.65149035584182
"V13",1.15885078720748
