"names","vals"
"Intercept",-8.13987888282631
"y",0.114446082618088
"V1",0.457564794225618
"V2",0.526310235029086
"V3",0.658652814105153
"V4",0.543618973810226
"V5",0.300896896747872
"V6",0.568672395311296
"V7",0.977964566554874
"V8",4.47495000250638
"V9",3.71441349759698
"V10",4.46165304258466
"V11",4.62135745212436
