"names","vals"
"Intercept",-2.82131964262808
"y",0.851095614023507
"V1",0.93243005592376
"V2",0.309004705399275
"V3",0.138870445312932
"V4",0.474429885391146
"V5",0.535581403644755
"V6",0.0656495257280767
"V7",1.56876880023628
"V8",3.55257912166417
"V9",3.0958935348317
