"names","vals"
"Intercept",-3.16116543506505
"y",0.483675432391465
"V1",0.391995976911858
"V2",0.0718254316598177
"V3",0.665823315503076
"V4",0.629708637483418
"V5",3.63592523057014
