"names","vals"
"Intercept",-3.4228875161265
"y",0.494895461015403
"V1",0.00345423445105553
"V2",0.0449779795017093
"V3",0.884543905267492
"V4",0.398078823694959
"V5",0.923576136119664
"V6",1.52690326236188
"V7",2.06869018170983
