"names","vals"
"Intercept",-10.4188017643057
"y",0.733909411821514
"V1",0.901271804003045
"V2",0.782333929790184
"V3",0.627027989830822
"V4",0.00549809844233096
"V5",0.708091017091647
"V6",0.960046745371073
"V7",0.237746507162228
"V8",4.97421459387988
"V9",4.74933306220919
"V10",2.6368536632508
"V11",4.33129059057683
