"names","vals"
"Intercept",-1.3196783888014
"y",0.764933055732399
"V1",0.841877491446212
"V2",0.163187363417819
"V3",0.493273024680093
"V4",0.212864886736497
"V5",1.43364206980914
