"names","vals"
"Intercept",-5.82928087473614
"y",0.734326602192596
"V1",0.333749438636005
"V2",0.116004322422668
"V3",0.927424347028136
"V4",0.148540009744465
"V5",0.632247445639223
"V6",0.674911152105778
"V7",0.869975034147501
"V8",1.00800384487957
"V9",2.27351779676974
"V10",2.09488510806113
"V11",1.26548004988581
