"names","vals"
"Intercept",-6.15520025768317
"y",0.0665037876460701
"V1",0.759417262393981
"V2",0.621426095254719
"V3",0.515743124764413
"V4",0.323252256494015
"V5",0.0225434526801109
"V6",0.549978803144768
"V7",3.13048114720732
"V8",1.09282824676484
"V9",2.75720170047134
