"names","vals"
"Intercept",-11.0779215908726
"y",0.582385413348675
"V1",0.230599903967232
"V2",0.662587956059724
"V3",0.558679979061708
"V4",0.795603198930621
"V5",0.170516867190599
"V6",0.893641374539584
"V7",0.330750271677971
"V8",0.0904570808634162
"V9",3.81368323229253
"V10",2.64493288099766
"V11",4.99958050064743
"V12",1.2592232953757
"V13",3.56491117365658
