"names","vals"
"Intercept",-0.768700282445643
"y",0.654376646038145
"V1",0.72711344435811
"V2",0.0514054051600397
"V3",0.441400736337528
"V4",0.440879271365702
"V5",2.42233057133853
