"names","vals"
"Intercept",-10.3329201289802
"y",0.863371519837528
"V1",0.632747798692435
"V2",0.686601861845702
"V3",0.286746658850461
"V4",0.154513120418414
"V5",0.987851058598608
"V6",0.0523364765103906
"V7",0.870052754413337
"V8",0.832197769545019
"V9",4.47107091546059
"V10",4.87820923887193
"V11",2.66250576637685
"V12",3.4254950704053
"V13",3.50014166533947
