"names","vals"
"Intercept",-7.88713057569694
"y",0.230974943377078
"V1",0.0279611079022288
"V2",0.401428000535816
"V3",0.524046611506492
"V4",0.672695481684059
"V5",0.483401044039056
"V6",0.441794916754588
"V7",4.85568006709218
"V8",2.38269429281354
"V9",3.85828608926386
