"names","vals"
"Intercept",-4.74035616256762
"y",0.979334713658318
"V1",0.592341066570953
"V2",0.689987422665581
"V3",0.931419025175273
"V4",0.898246241733432
"V5",0.209305829368532
"V6",2.92106767650694
"V7",3.12559023033828
