"names","vals"
"Intercept",-9.08011751686688
"y",0.06580814672634
"V1",0.0925194604787976
"V2",0.248874377459288
"V3",0.0864566455129534
"V4",0.492953767068684
"V5",0.909328555688262
"V6",0.784561538137496
"V7",0.842785858549178
"V8",0.842595235444605
"V9",3.66816176474094
"V10",2.2420273302123
"V11",2.17269964516163
"V12",2.47980681061745
"V13",4.93275849893689
