"names","vals"
"Intercept",-3.15367692251457
"y",0.07467957213521
"V1",0.958493172423914
"V2",0.568708314094692
"V3",0.472389239585027
"V4",0.579363039229065
"V5",0.44855374074541
"V6",3.24021281767637
"V7",2.19974053651094
