"names","vals"
"Intercept",-11.1707125159446
"y",0.794218424707651
"V1",0.986334982793778
"V2",0.966353691183031
"V3",0.385529508581385
"V4",0.801554027246311
"V5",0.174982477910817
"V6",0.294276803731918
"V7",0.714559517567977
"V8",0.541010344401002
"V9",3.04003368224949
"V10",2.945761048235
"V11",3.9665029970929
"V12",2.52444558497518
"V13",1.19723614770919
