"names","vals"
"Intercept",-8.43497449412243
"y",0.606881819199771
"V1",0.823510902700946
"V2",0.298449634341523
"V3",0.614186498336494
"V4",0.0680052053648978
"V5",0.714689101791009
"V6",4.34298565518111
"V7",4.90518766641617
