"names","vals"
"Intercept",-5.04127206340665
"y",0.684066871413961
"V1",0.989938031416386
"V2",0.273854710860178
"V3",0.598066045204177
"V4",0.242153586586937
"V5",0.856055949814618
"V6",3.23984120134264
"V7",3.77865630015731
