"names","vals"
"Intercept",-3.43560716980137
"y",0.88994711288251
"V1",0.85105944913812
"V2",0.0914779403246939
"V3",0.373965256847441
"V4",0.804468226153404
"V5",0.97259223042056
"V6",2.36565179843456
"V7",1.35094426944852
