"names","vals"
"Intercept",-14.5548904647864
"y",0.711082310415804
"V1",0.808701609261334
"V2",0.162875248119235
"V3",0.344427289674059
"V4",0.108755476074293
"V5",0.937263753265142
"V6",0.290357600897551
"V7",0.0350863116327673
"V8",0.380977041320875
"V9",2.18849366810173
"V10",4.2243578042835
"V11",1.18675143271685
"V12",4.32485647220165
"V13",3.77475268859416
