"names","vals"
"Intercept",-6.97700553170871
"y",0.78975605010055
"V1",0.589019815437496
"V2",0.501274010166526
"V3",0.94732982153073
"V4",0.725194622064009
"V5",0.934933413984254
"V6",0.734352923696861
"V7",4.87180329114199
"V8",4.78982056491077
"V9",3.53955677058548
