"names","vals"
"Intercept",-5.39731742118485
"y",0.696665156167
"V1",0.528262099716812
"V2",0.589182516792789
"V3",0.334861534414813
"V4",0.208447654498741
"V5",3.98580355849117
