"names","vals"
"Intercept",-1.31333522520727
"y",0.145611502462998
"V1",0.789060208713636
"V2",0.949113745009527
"V3",0.198870461201295
"V4",0.265306664630771
"V5",3.3296062508598
