"names","vals"
"Intercept",-3.62301313803531
"y",0.733068703208119
"V1",0.900156448828056
"V2",0.915565263014287
"V3",0.414520079037175
"V4",0.75349977822043
"V5",0.182418674929067
"V6",1.1114822011441
"V7",3.91840582620353
