"names","vals"
"Intercept",-3.02148494767956
"y",0.214697951916605
"V1",0.520867827581242
"V2",0.154587147757411
"V3",0.956405668519437
"V4",0.976201048120856
"V5",0.34391567343846
"V6",2.11649757344276
"V7",2.02202392369509
