"names","vals"
"Intercept",-1.82098090502433
"y",0.597181525779888
"V1",0.771866154624149
"V2",0.361654853448272
"V3",0.522267000051215
"V4",0.258199277101085
"V5",2.0771893337369
