"names","vals"
"Intercept",-2.90356833529659
"y",0.0876402403227985
"V1",0.235537676140666
"V2",0.251533318543807
"V3",0.694324024021626
"V4",0.433835442876443
"V5",0.222624561749399
"V6",1.04232183098793
"V7",3.44684101920575
