"names","vals"
"Intercept",-2.73812553047435
"y",0.112871336517856
"V1",0.0216026296839118
"V2",0.13456929451786
"V3",0.053220548434183
"V4",0.196188367670402
"V5",2.8420583512634
