"names","vals"
"Intercept",-1.74063092216384
"y",0.114203951787204
"V1",0.959695877507329
"V2",0.408231872133911
"V3",0.336106644012034
"V4",0.437101395335048
"V5",0.500586172565818
"V6",1.46667832694948
"V7",1.04911345243454
