"names","vals"
"Intercept",-3.15862643879605
"y",0.99381612543948
"V1",0.767466610530391
"V2",0.613423415692523
"V3",0.395363499643281
"V4",0.493519718293101
"V5",0.418098882306367
"V6",3.31111202575266
"V7",4.85213584266603
