"names","vals"
"Intercept",-10.9460927556106
"y",0.148021922446787
"V1",0.0726242028176785
"V2",0.837710714666173
"V3",0.372122056549415
"V4",0.0422159535810351
"V5",0.0747435444500297
"V6",0.473775563528761
"V7",0.678033242933452
"V8",0.395166371716186
"V9",4.92857276182622
"V10",3.18314901273698
"V11",4.26934717129916
"V12",4.62358328141272
"V13",2.4173043621704
