"names","vals"
"Intercept",-6.81968637628015
"y",0.965605746023357
"V1",0.824974193703383
"V2",0.396053280681372
"V3",0.764897120185196
"V4",0.690385092282668
"V5",0.983061649138108
"V6",2.52785274013877
"V7",3.87152902502567
