"names","vals"
"Intercept",-1.63356562416535
"y",0.598755541723222
"V1",0.837692211614922
"V2",0.468623984605074
"V3",0.938537950860336
"V4",0.4911042987369
"V5",0.25820172089152
"V6",2.06663211714476
"V7",1.25629393104464
