"names","vals"
"Intercept",-11.2540618558298
"y",0.571638790657744
"V1",0.889536656206474
"V2",0.860911570489407
"V3",0.367706485791132
"V4",0.433670008555055
"V5",0.712303888052702
"V6",0.0801875533070415
"V7",0.578878894913942
"V8",1.89190346281976
"V9",2.79693023394793
"V10",4.95607522223145
"V11",4.46955960150808
