"names","vals"
"Intercept",-5.51219761861721
"y",0.474074959289283
"V1",0.898143793921918
"V2",0.880476669641212
"V3",0.14990315050818
"V4",0.875784641131759
"V5",0.331712497398257
"V6",0.267053426709026
"V7",0.641186594730243
"V8",0.556827913969755
"V9",4.39707882050425
"V10",2.64542445167899
"V11",2.13530390150845
"V12",1.01550751086324
"V13",1.59725277405232
