"names","vals"
"Intercept",-5.07046387178125
"y",0.348076632712036
"V1",0.849684813991189
"V2",0.916159454965964
"V3",0.269259145716205
"V4",0.185615339316428
"V5",0.665626725414768
"V6",4.96678547933698
"V7",2.75048034172505
