"names","vals"
"Intercept",-5.37077666260302
"y",0.84285427024588
"V1",0.0325945247896016
"V2",0.357081064255908
"V3",0.0202090523671359
"V4",0.303527065552771
"V5",0.0409222648013383
"V6",0.408568922430277
"V7",2.05465209390968
"V8",1.69891027361155
"V9",3.66439774911851
