"names","vals"
"Intercept",-5.7329463800462
"y",0.46478787320666
"V1",0.236422323621809
"V2",0.851770249195397
"V3",0.611435713479295
"V4",0.120603249408305
"V5",0.203282900620252
"V6",2.05619489960372
"V7",4.18236525170505
