"names","vals"
"Intercept",-8.80422205049545
"y",0.814135222230107
"V1",0.813409622525796
"V2",0.0393799238372594
"V3",0.105699575506151
"V4",0.829230998409912
"V5",0.11412114999257
"V6",0.0388920234981924
"V7",0.108565119327977
"V8",4.10356001276523
"V9",1.35440467391163
"V10",2.62184192053974
"V11",4.70711426530033
