"names","vals"
"Intercept",-2.53645971354563
"y",0.457537540700287
"V1",0.00886075920425355
"V2",0.472330445889384
"V3",0.709850074723363
"V4",0.276330262189731
"V5",4.49293707218021
