"names","vals"
"Intercept",-2.31318562733009
"y",0.250446119345725
"V1",0.895084684947506
"V2",0.115240532672033
"V3",0.464106931118295
"V4",0.0184618586208671
"V5",1.53877401445061
