"names","vals"
"Intercept",-9.69929455692181
"y",0.220122718717903
"V1",0.439016879536211
"V2",0.0766979902982712
"V3",0.970194016350433
"V4",0.924023935571313
"V5",0.688037906074896
"V6",0.488080883165821
"V7",0.243998951744288
"V8",0.59683757298626
"V9",2.48842610791326
"V10",2.43690231069922
"V11",2.75113840121776
"V12",2.48654314037412
"V13",3.92937770672143
