"names","vals"
"Intercept",-6.93095953079872
"y",0.677658756263554
"V1",0.128063772572204
"V2",0.843590243021026
"V3",0.308729196665809
"V4",0.952118397224694
"V5",0.230011187726632
"V6",4.71652255486697
"V7",3.07460269611329
