"names","vals"
"Intercept",-7.38401094610337
"y",0.279873830266297
"V1",0.697028272086754
"V2",0.753175311489031
"V3",0.838450652780011
"V4",0.470207676757127
"V5",0.723576325690374
"V6",0.227407088736072
"V7",4.13026550970972
"V8",2.51860723923892
"V9",3.66305489372462
