"names","vals"
"Intercept",-10.4544363291352
"y",0.880661300383508
"V1",0.386575209209695
"V2",0.813435551477596
"V3",0.0642284664791077
"V4",0.777104694629088
"V5",0.76544680306688
"V6",0.557095542317256
"V7",2.73178462963551
"V8",2.27958937827498
"V9",3.79578207433224
