"names","vals"
"Intercept",-6.19909979491029
"y",0.444895973196253
"V1",0.280284374486655
"V2",0.724924839101732
"V3",0.00923827243968844
"V4",0.369073812384158
"V5",0.578421394573525
"V6",4.9277984648943
"V7",3.67166496440768
