"names","vals"
"Intercept",-2.7456316789682
"y",0.651252039475366
"V1",0.0175652292091399
"V2",0.692118931328878
"V3",0.970597526524216
"V4",0.110532826976851
"V5",2.81999712344259
