"names","vals"
"Intercept",-6.62473950899439
"y",0.248955422313884
"V1",0.900449749780819
"V2",0.330886909039691
"V3",0.614013558253646
"V4",0.185461409855634
"V5",0.818832292919978
"V6",0.974497150629759
"V7",4.94964697491378
"V8",3.92679401952773
"V9",2.2068296726793
