"names","vals"
"Intercept",-7.18782199818874
"y",0.84521962585859
"V1",0.793644639896229
"V2",0.153694938402623
"V3",0.314672860782593
"V4",0.582857500296086
"V5",0.848517200211063
"V6",0.596343575045466
"V7",0.720326894661412
"V8",2.12451826129109
"V9",1.12493431475013
"V10",4.92556922044605
"V11",3.62328434269875
