"names","vals"
"Intercept",-4.90224396926351
"y",0.0906592789106071
"V1",0.845587404444814
"V2",0.13264002208598
"V3",0.540636667981744
"V4",0.378241391619667
"V5",0.841372565831989
"V6",4.13338936120272
"V7",2.27877640258521
