"names","vals"
"Intercept",-2.69727521863533
"y",0.293314739363268
"V1",0.858181906398386
"V2",0.664793906966224
"V3",0.101476425072178
"V4",0.562142716953531
"V5",0.135748841799796
"V6",1.10588928312063
"V7",2.41525363735855
