"names","vals"
"Intercept",-12.4699229426309
"y",0.905604389728978
"V1",0.0855671081226319
"V2",0.10070050903596
"V3",0.277168233180419
"V4",0.753525520442054
"V5",0.931355548091233
"V6",0.816702882293612
"V7",0.774942670017481
"V8",4.25067138392478
"V9",2.699677224271
"V10",3.45473633520305
"V11",4.43721804674715
