"names","vals"
"Intercept",-4.96865391670726
"y",0.871026442851871
"V1",0.775579687673599
"V2",0.0743173160590231
"V3",0.771929014241323
"V4",0.978561188094318
"V5",0.555765544064343
"V6",1.98269084747881
"V7",2.77671416476369
