"names","vals"
"Intercept",-11.3789213906694
"y",0.271593992132694
"V1",0.162657678825781
"V2",0.696053276769817
"V3",0.98368795029819
"V4",0.352309692883864
"V5",0.289745062356815
"V6",0.914536563912407
"V7",0.493271614192054
"V8",0.137659144587815
"V9",2.94060658290982
"V10",4.10447521414608
"V11",1.13086151983589
"V12",3.8419187264517
"V13",2.28210760094225
