"names","vals"
"Intercept",-13.1387933167559
"y",0.42583411000669
"V1",0.619589161593467
"V2",0.703019995475188
"V3",0.663122806232423
"V4",0.394496922614053
"V5",0.287245011422783
"V6",0.135282386792824
"V7",0.604799886932597
"V8",0.224514012224972
"V9",3.94877786841244
"V10",3.52167071029544
"V11",3.12243998982012
"V12",4.11376320291311
"V13",3.63889066036791
