"names","vals"
"Intercept",-4.54026814305922
"y",0.484175205929205
"V1",0.295905571896583
"V2",0.274419927503914
"V3",0.185160418739542
"V4",0.97878205217421
"V5",0.119021987076849
"V6",3.70846221782267
"V7",1.77649566810578
