"names","vals"
"Intercept",-2.44744052112801
"y",0.168907980434597
"V1",0.547064257320017
"V2",0.428891873918474
"V3",0.70293774199672
"V4",0.729557271115482
"V5",3.38555751554668
