"names","vals"
"Intercept",-2.36031428255374
"y",0.162295466754586
"V1",0.550192612688988
"V2",0.173835345543921
"V3",0.218335130019113
"V4",0.00958753051236272
"V5",4.68692576885223
