"names","vals"
"Intercept",-9.55832573878113
"y",0.128548083594069
"V1",0.915789215825498
"V2",0.373441848671064
"V3",0.0780609587673098
"V4",0.70384588255547
"V5",0.0553463681135327
"V6",0.503422489855438
"V7",0.479781318688765
"V8",0.821085640462115
"V9",3.21950037498027
"V10",3.34917995985597
"V11",2.7486157361418
"V12",2.2008813880384
"V13",2.69699645042419
