"names","vals"
"Intercept",-11.7214254796505
"y",0.582093617413193
"V1",0.669088047230616
"V2",0.685366878751665
"V3",0.411290894960985
"V4",0.877101837191731
"V5",0.985151266679168
"V6",0.457588556688279
"V7",0.414353333413601
"V8",0.701420586090535
"V9",2.38908901065588
"V10",3.93056829366833
"V11",1.92976894322783
"V12",4.78475540690124
"V13",4.96140568517148
