"names","vals"
"Intercept",-3.34510922187241
"y",0.23553581116721
"V1",0.533569402061403
"V2",0.962341415463015
"V3",0.464591310126707
"V4",0.122830571373925
"V5",4.19081723410636
