"names","vals"
"Intercept",-4.73007226905785
"y",0.139397958759218
"V1",0.253740923013538
"V2",0.493510853732005
"V3",0.241261176997796
"V4",0.186221637297422
"V5",0.500138234114274
"V6",0.157841797219589
"V7",2.1029624864459
"V8",1.10948344226927
"V9",4.98048364836723
