"names","vals"
"Intercept",-2.53905622734455
"y",0.684430429711938
"V1",0.936159129021689
"V2",0.479143598116934
"V3",0.718050716677681
"V4",0.112959059886634
"V5",0.00724786892533302
"V6",3.43342182785273
"V7",3.27823778335005
