"names","vals"
"Intercept",-3.90450917047448
"y",0.562567533226684
"V1",0.838046690449119
"V2",0.15831774706021
"V3",0.20160776306875
"V4",0.727368217427284
"V5",0.574277063598856
"V6",1.58921889215708
"V7",2.72647895850241
