"names","vals"
"Intercept",-2.52717084281379
"y",0.296375632518902
"V1",0.00561132561415434
"V2",0.0061410388443619
"V3",0.493634122889489
"V4",0.73518549464643
"V5",0.164520162856206
"V6",4.87295840214938
"V7",4.60368790756911
