"names","vals"
"Intercept",-9.07740601043915
"y",0.431730112526566
"V1",0.625578503822908
"V2",0.590657457243651
"V3",0.95719284331426
"V4",0.754325910005718
"V5",0.00437423237599432
"V6",0.143922431161627
"V7",0.876194058684632
"V8",0.80531200254336
"V9",2.26901638600975
"V10",3.96467661950737
"V11",2.48951933439821
"V12",3.74893919099122
"V13",1.59266204107553
