"names","vals"
"Intercept",-8.65927575992886
"y",0.661238602362573
"V1",0.687614719616249
"V2",0.83911819756031
"V3",0.0765266218222678
"V4",0.569716022815555
"V5",0.109688871074468
"V6",0.333333377959207
"V7",0.417903094785288
"V8",0.539320704294369
"V9",1.79477736074477
"V10",2.95489750150591
"V11",4.06806086935103
"V12",4.69574311748147
"V13",2.2547935238108
