"names","vals"
"Intercept",-9.73273300923407
"y",0.717966355849057
"V1",0.167896624887362
"V2",0.548363049980253
"V3",0.653994651744142
"V4",0.929140612483025
"V5",0.0500907823443413
"V6",0.8501743148081
"V7",0.728485544444993
"V8",2.92076666280627
"V9",4.00681067164987
"V10",4.48464160226285
"V11",2.56847417261451
