"names","vals"
"Intercept",-6.55108225791482
"y",0.0824173665605485
"V1",0.494109340943396
"V2",0.576134235830978
"V3",0.362215501256287
"V4",0.254231050610542
"V5",0.0379770528525114
"V6",0.0986870268825442
"V7",0.726460760692134
"V8",3.4830761924386
"V9",1.67838811781257
"V10",3.84190701320767
"V11",4.83484964258969
