"names","vals"
"Intercept",-7.85604407193605
"y",0.487676394637674
"V1",0.332099484046921
"V2",0.810663955518976
"V3",0.238329275278375
"V4",0.530831929761916
"V5",0.781100845662877
"V6",0.379983380902559
"V7",0.848479352891445
"V8",4.99476130958647
"V9",2.01885622180998
"V10",4.66640554089099
"V11",3.79027661215514
