"names","vals"
"Intercept",-5.72141033580527
"y",0.188990472815931
"V1",0.607994006713852
"V2",0.614417999517173
"V3",0.532328934175894
"V4",0.403166729724035
"V5",0.347044310765341
"V6",0.263366868952289
"V7",0.422451243503019
"V8",4.14827667921782
"V9",4.14218121673912
"V10",1.98917977325618
"V11",4.00271659437567
