"names","vals"
"Intercept",-11.7424712621607
"y",0.119560478720814
"V1",0.0721600260585546
"V2",0.377329111564904
"V3",0.0307275727391243
"V4",0.590397561201826
"V5",0.383791879750788
"V6",0.716633201576769
"V7",0.421185260638595
"V8",1.71790505200624
"V9",1.69848383497447
"V10",4.85119196586311
"V11",4.80036854930222
