"names","vals"
"Intercept",-5.70779900898924
"y",0.0283587696030736
"V1",0.947524860268459
"V2",0.481821634573862
"V3",0.339193642605096
"V4",0.922403731849045
"V5",0.603300362126902
"V6",1.65633720811456
"V7",3.88618269003928
