"names","vals"
"Intercept",-4.53141614184249
"y",0.61503059300594
"V1",0.0782529667485505
"V2",0.426850207149982
"V3",0.922550500603393
"V4",0.562300143530592
"V5",0.512162371538579
"V6",2.56924312282354
"V7",1.79923192877322
