"names","vals"
"Intercept",-8.19528373648413
"y",0.751035294728354
"V1",0.719817169709131
"V2",0.862218575086445
"V3",0.133977034362033
"V4",0.368883020943031
"V5",0.605089124990627
"V6",0.904920843662694
"V7",0.307049594819546
"V8",0.268157645827159
"V9",2.88907807227224
"V10",2.42641191463917
"V11",2.96906049828976
"V12",4.75383631885052
"V13",4.6915753223002
