"names","vals"
"Intercept",-3.73024955715518
"y",0.733276156475767
"V1",0.44768701842986
"V2",0.203089233022183
"V3",0.407205161172897
"V4",0.847812234191224
"V5",3.89103297889233
