"names","vals"
"Intercept",-2.42715168686118
"y",0.409929052693769
"V1",0.746722532203421
"V2",0.681745373876765
"V3",0.628212507581338
"V4",0.346383426571265
"V5",4.49628640711308
