"names","vals"
"Intercept",-7.10271906227339
"y",0.864996384829283
"V1",0.0767756688874215
"V2",0.933378076180816
"V3",0.188170503592119
"V4",0.439178414875641
"V5",0.732975069899112
"V6",0.40803049155511
"V7",0.527910401578993
"V8",0.395821586251259
"V9",3.40824497397989
"V10",1.52256340067834
"V11",1.12297625374049
"V12",1.71020234189928
"V13",1.82100397441536
