"names","vals"
"Intercept",-4.70103932453785
"y",0.762015286134556
"V1",0.22638242598623
"V2",0.254266475327313
"V3",0.16595360962674
"V4",0.086552866268903
"V5",0.533433276461437
"V6",0.390391589142382
"V7",1.43609724380076
"V8",3.90983656235039
"V9",4.49672840069979
