"names","vals"
"Intercept",-12.8243464560201
"y",0.532084942096844
"V1",0.776746258838102
"V2",0.325575126335025
"V3",0.15717972186394
"V4",0.519596367841586
"V5",0.21505832276307
"V6",0.0821728480514139
"V7",0.965142292669043
"V8",0.661397373303771
"V9",1.21330406423658
"V10",4.33636237308383
"V11",3.30814463272691
"V12",4.85865354258567
"V13",2.08067964110523
