"names","vals"
"Intercept",-7.33577731916448
"y",0.906546901213005
"V1",0.522702514659613
"V2",0.562687780475244
"V3",0.896626527886838
"V4",0.921724326442927
"V5",0.530823556473479
"V6",0.904160765232518
"V7",3.69698569271713
"V8",3.93068840820342
"V9",2.27049841918051
