"names","vals"
"Intercept",-8.38974087281385
"y",0.836795761948451
"V1",0.347033534897491
"V2",0.077274490846321
"V3",0.82810287643224
"V4",0.91011385852471
"V5",0.200363857671618
"V6",0.605631872080266
"V7",2.81959826033562
"V8",1.30134778097272
"V9",4.94785380549729
