"names","vals"
"Intercept",-11.8571156909689
"y",0.62760465638712
"V1",0.200462545268238
"V2",0.736037316964939
"V3",0.589608948910609
"V4",0.0810387548990548
"V5",0.413993489230052
"V6",0.764943177811801
"V7",0.818112442968413
"V8",0.222171744098887
"V9",4.0194006152451
"V10",4.73247917741537
"V11",4.22001198586076
"V12",1.40870485641062
"V13",3.96050575841218
