"names","vals"
"Intercept",-5.25580339193111
"y",0.469790265196934
"V1",0.772521338192746
"V2",0.459794570691884
"V3",0.406362931244075
"V4",0.921320061897859
"V5",0.187041944125667
"V6",0.692694193217903
"V7",3.98639513552189
"V8",1.91177572216839
"V9",1.16240550763905
