"names","vals"
"Intercept",-7.8601113803219
"y",0.935117775108665
"V1",0.535249456297606
"V2",0.254564158152789
"V3",0.98328352579847
"V4",0.754264275310561
"V5",0.000671095680445433
"V6",0.940042455680668
"V7",0.0851694252341986
"V8",3.25662210211158
"V9",1.74351157713681
"V10",1.83836942911148
"V11",3.20576057489961
