"names","vals"
"Intercept",-4.25737647150643
"y",0.515692919725552
"V1",0.40273795556277
"V2",0.898899057181552
"V3",0.774538351921365
"V4",0.244920983444899
"V5",0.675916297361255
"V6",0.417596742045134
"V7",1.0076771741733
"V8",4.13164100144058
"V9",4.90932314097881
