"names","vals"
"Intercept",-5.38035285278223
"y",0.952706890646368
"V1",0.994111786596477
"V2",0.453888769960031
"V3",0.83947141119279
"V4",0.425601040711626
"V5",0.638272321550176
"V6",1.09489393420517
"V7",3.2066205823794
