"names","vals"
"Intercept",-4.94541482328437
"y",0.821029485203326
"V1",0.304388693766668
"V2",0.858793460065499
"V3",0.0743092750199139
"V4",0.204429159406573
"V5",0.200825770385563
"V6",3.64099064096808
"V7",4.10618630703539
