"names","vals"
"Intercept",-5.24622700541746
"y",0.635189852211624
"V1",0.996491839876398
"V2",0.62660830677487
"V3",0.847743477439508
"V4",0.752218992915004
"V5",0.196410705102608
"V6",2.20007911045104
"V7",3.42594655416906
