"names","vals"
"Intercept",-7.35673876818037
"y",0.611768839647993
"V1",0.00571003276854753
"V2",0.354797368170694
"V3",0.491120906313881
"V4",0.179883738048375
"V5",0.387691113399342
"V6",0.873605359112844
"V7",1.15434574056417
"V8",4.5948496805504
"V9",3.90883971285075
