"names","vals"
"Intercept",-4.90541577510769
"y",0.100078494055197
"V1",0.393687072210014
"V2",0.851340069435537
"V3",0.894823057809845
"V4",0.789547501830384
"V5",0.282640662975609
"V6",0.79163990309462
"V7",2.58746273443103
"V8",2.64486787747592
"V9",2.2014597915113
