"names","vals"
"Intercept",-5.54437649104511
"y",0.213546232320368
"V1",0.265164271695539
"V2",0.191065908176824
"V3",0.193731121951714
"V4",0.291080411756411
"V5",0.488218495156616
"V6",0.332074575591832
"V7",4.55781153682619
"V8",2.52250956464559
"V9",3.03076402563602
