"names","vals"
"Intercept",-2.56141004110454
"y",0.97484785807319
"V1",0.466806868556887
"V2",0.711069905897602
"V3",0.434998098760843
"V4",0.516731718787923
"V5",1.9023875836283
