"names","vals"
"Intercept",-8.90645774472738
"y",0.292277988046408
"V1",0.500284114619717
"V2",0.0600184437353164
"V3",0.07359903678298
"V4",0.482330040540546
"V5",0.0331549413967878
"V6",0.605668322881684
"V7",0.929357451153919
"V8",3.14855197723955
"V9",3.32455784548074
"V10",1.45219924673438
"V11",3.03144517261535
