"names","vals"
"Intercept",-9.54372365121963
"y",0.0799988999497145
"V1",0.739317942410707
"V2",0.121657330775633
"V3",0.00540038524195552
"V4",0.216291709570214
"V5",0.749821086646989
"V6",0.45634972397238
"V7",0.859668926568702
"V8",0.631732103414834
"V9",4.26752639655024
"V10",2.34280574601144
"V11",1.69509058073163
"V12",2.18722315412015
"V13",4.23780704010278
