"names","vals"
"Intercept",-8.28999357427238
"y",0.956064662896097
"V1",0.960092668188736
"V2",0.00028896820731461
"V3",0.982719516614452
"V4",0.591067212168127
"V5",0.653109103208408
"V6",0.532787044299766
"V7",0.511400402756408
"V8",4.39009677618742
"V9",3.3069338100031
"V10",2.33701941557229
"V11",2.54252718295902
