"names","vals"
"Intercept",-2.53116894129198
"y",0.546885096468031
"V1",0.559232593514025
"V2",0.425720986211672
"V3",0.424369551707059
"V4",0.859935682499781
"V5",4.8830118952319
