"names","vals"
"Intercept",-6.98999003422214
"y",0.763314200332388
"V1",0.530675149289891
"V2",0.829346937825903
"V3",0.732281861128286
"V4",0.157894432311878
"V5",0.668592644156888
"V6",0.569680584827438
"V7",4.42525848001242
"V8",1.84688649419695
"V9",4.97837640345097
