"names","vals"
"Intercept",-11.2760906493524
"y",0.965123666683212
"V1",0.354544090805575
"V2",0.642547953873873
"V3",0.670554802520201
"V4",0.709650423843414
"V5",0.266816657036543
"V6",0.873217037180439
"V7",0.412818517070264
"V8",0.0350650232285261
"V9",1.4855526369065
"V10",4.51551964879036
"V11",4.44961265660822
"V12",3.31341166514903
"V13",1.84102404396981
