"names","vals"
"Intercept",-9.04918105007382
"y",0.394789608428255
"V1",0.366721518104896
"V2",0.886666489765048
"V3",0.33462530001998
"V4",0.786368171684444
"V5",0.119379352778196
"V6",0.672736862907186
"V7",2.71681336406618
"V8",2.8558811545372
"V9",4.94416296202689
