"names","vals"
"Intercept",-0.0690879369821527
"V1",2.29122731648386
"V2",1.02120082639158
"V3",2.31400503590703
"V4",2.09110978432
"V5",4.36504016909748
"V6",0
"V7",0
"V8",0
"V9",0
"V10",0
