"names","vals"
"Intercept",0.836524517487523
"V1",4.26620388869196
"V2",3.3289531134069
"V3",4.00403281208128
"V4",4.68051059078425
"V5",2.46705763135105
"V6",4.71437561698258
"V7",3.40275834221393
"V8",4.0184006113559
"V9",2.46994436625391
"V10",0
