"names","vals"
"Intercept",-0.0164834614885237
"V1",1.90727926045656
"V2",0
"V3",0
"V4",0
"V5",0
"V6",0
"V7",0
"V8",0
"V9",0
"V10",0
