"names","vals"
"Intercept",-0.578955260534341
"V1",2.36899165250361
"V2",2.49951333273202
"V3",1.53367015998811
"V4",3.31961648073047
"V5",4.62515301257372
"V6",0
"V7",0
"V8",0
"V9",0
"V10",0
