"names","vals"
"Intercept",1.00964579719737
"V1",1.94559143763036
"V2",3.87080657854676
"V3",4.34730341937393
"V4",3.35029229521751
"V5",3.74475990328938
"V6",4.77331934776157
"V7",3.0275796931237
"V8",4.55110025871545
"V9",2.49358993489295
"V10",0
