"names","vals"
"Intercept",0.339406421271705
"V1",2.55443805642426
"V2",2.68183505535126
"V3",1.4644939545542
"V4",4.38631002046168
"V5",1.07894555106759
"V6",2.88329172041267
"V7",1.1519130943343
"V8",2.69593584816903
"V9",1.5397675614804
"V10",0
