"names","vals"
"Intercept",-0.262504791143739
"V1",1.29392650071532
"V2",4.53622958809137
"V3",2.15118061285466
"V4",2.4025378106162
"V5",1.27205967996269
"V6",2.66660338081419
"V7",1.28771856706589
"V8",1.06406766548753
"V9",3.36002209130675
"V10",0
