"names","vals"
"Intercept",0.177687526144253
"V1",2.20675948541611
"V2",3.262431117706
"V3",1.23523824475706
"V4",4.00500948540866
"V5",4.43617766164243
"V6",0
"V7",0
"V8",0
"V9",0
"V10",0
