"names","vals"
"Intercept",-0.0488072934256876
"V1",3.81482127401978
"V2",1.90722497086972
"V3",1.30387322790921
"V4",3.99029132071882
"V5",1.91535160318017
"V6",0
"V7",0
"V8",0
"V9",0
"V10",0
