"names","vals"
"Intercept",-0.5137521300762
"V1",2.05113665293902
"V2",4.0217442503199
"V3",4.91529803909361
"V4",2.81372745148838
"V5",2.77698792144656
"V6",0
"V7",0
"V8",0
"V9",0
"V10",0
