"names","vals"
"Intercept",-0.707185626662608
"V1",2.59876365587115
"V2",2.17556654941291
"V3",4.63082927651703
"V4",3.56878350675106
"V5",3.78070564381778
"V6",2.02392137330025
"V7",4.77135917451233
"V8",4.3517665239051
"V9",4.49863447807729
"V10",0
