"names","vals"
"Intercept",-0.257831546549232
"V1",2.49772865045816
"V2",3.22099946346134
"V3",1.71023666020483
"V4",1.38350126054138
"V5",2.04552823863924
"V6",1.2730365190655
"V7",4.30891657341272
"V8",4.69703977648169
"V9",3.21873175632209
"V10",0
