"names","vals"
"Intercept",-0.166299170396426
"V1",3.53266248106956
"V2",3.67278570774943
"V3",3.07133722491562
"V4",2.80089743528515
"V5",3.18287153355777
"V6",4.50403767451644
"V7",1.2727260934189
"V8",3.96691534854472
"V9",2.83401773590595
"V10",0
