"names","vals"
"Intercept",0.0203317658375348
"V1",4.72168747335672
"V2",0
"V3",0
"V4",0
"V5",0
"V6",0
"V7",0
"V8",0
"V9",0
"V10",0
