"names","vals"
"Intercept",0.123065661280175
"V1",2.98484756797552
"V2",0
"V3",0
"V4",0
"V5",0
"V6",0
"V7",0
"V8",0
"V9",0
"V10",0
