"names","vals"
"Intercept",0.0227078073092168
"V1",2.86720110662282
"V2",1.24872149340808
"V3",3.92151900194585
"V4",1.31350290682167
"V5",3.65850290097296
"V6",3.89927267003804
"V7",1.45593339018524
"V8",3.29731593281031
"V9",4.95973640400916
"V10",0
