"names","vals"
"Intercept",0.38248405128812
"V1",2.04147445596755
"V2",3.97548124101013
"V3",2.86539823655039
"V4",4.70517541654408
"V5",3.19127726275474
"V6",0
"V7",0
"V8",0
"V9",0
"V10",0
