"names","vals"
"Intercept",-0.246210444526042
"V1",1.06525646802038
"V2",3.83606859017164
"V3",2.82532348204404
"V4",4.55087692197412
"V5",1.19186521042138
"V6",0
"V7",0
"V8",0
"V9",0
"V10",0
