"names","vals"
"Intercept",0.207371031543007
"V1",3.28720091748983
"V2",3.29848544485867
"V3",2.55104482453316
"V4",4.93576683290303
"V5",1.47987377550453
"V6",4.66765543352813
"V7",4.125443845056
"V8",3.08602780848742
"V9",3.25509775336832
"V10",0
