"names","vals"
"Intercept",0.92626999626321
"V1",2.78334330487996
"V2",4.51548204850405
"V3",1.0984226455912
"V4",2.55907959211618
"V5",4.41261847317219
"V6",0
"V7",0
"V8",0
"V9",0
"V10",0
