"names","vals"
"Intercept",-0.0926647326887085
"V1",1.9735058285296
"V2",2.0989593276754
"V3",3.58141063340008
"V4",1.08565542846918
"V5",3.34459541086107
"V6",0
"V7",0
"V8",0
"V9",0
"V10",0
