"names","vals"
"Intercept",-5.44199780467479
"y",0.765512493439019
"V1",0.0949419448152184
"V2",0.545296629657969
"V3",0.233090598834679
"V4",0.229370983550325
"V5",1.90096389036626
"V6",3.36891428474337
"V7",2.95998198818415
"V8",1.60026187170297
"V9",1.67748576868325
