"names","vals"
"Intercept",-9.28779249404813
"y",0.266485966276377
"V1",0.487810756778345
"V2",0.111740769119933
"V3",0.644812390208244
"V4",0.36066355346702
"V5",3.91486060712487
"V6",4.04528135899454
"V7",1.6288754446432
"V8",4.40666018333286
"V9",2.4771878644824
