"names","vals"
"Intercept",-16.3256894271746
"y",2.79123513028026
"V1",3.79896394256502
"V2",3.74269627314061
"V3",4.84128772560507
"V4",3.15424229390919
"V5",3.94422238692641
"V6",1.9601419409737
"V7",4.11339062638581
"V8",1.73691479768604
"V9",4.6301135821268
