"names","vals"
"Intercept",-8.67087851259974
"y",0.640008983900771
"V1",0.15470830630511
"V2",0.26378935133107
"V3",0.232560808304697
"V4",0.153976018307731
"V5",1.06036892533302
"V6",1.50267763249576
"V7",4.77031214069575
"V8",1.80071540921926
"V9",1.08629030361772
