"names","vals"
"Intercept",-3.9784010610613
"y",0.970048399874941
"V1",0.714159928960726
"V2",0.856460379669443
"V3",0.80371507210657
"V4",0.652733799768612
"V5",0.432587231975049
"V6",0.950145758455619
"V7",0.521150090266019
"V8",0.272916325833648
"V9",0.815582055365667
