"names","vals"
"Intercept",-2.67156405082042
"y",0.553859324427322
"V1",0.650473853806034
"V2",0.332268936792389
"V3",0.240746930707246
"V4",0.582852314924821
"V5",0.199750695377588
"V6",0.693397929193452
"V7",0.599133650539443
"V8",0.492576693883166
"V9",0.372147646266967
