"names","vals"
"Intercept",-1.88863847209699
"y",0.35357289435342
"V1",0.161586324451491
"V2",0.895319520728663
"V3",0.679654464824125
"V4",0.0363525135908276
"V5",0.0759655274450779
"V6",0.0382394392509013
"V7",0.165834826882929
"V8",0.453745104605332
"V9",0.816994987661019
