"names","vals"
"Intercept",-12.5756944392687
"y",1.19554799143225
"V1",3.95470203831792
"V2",1.41129164490849
"V3",2.34722185973078
"V4",3.70463829766959
"V5",2.91321310121566
"V6",1.28132255002856
"V7",1.00250599347055
"V8",3.07781413383782
"V9",4.0606348104775
