"names","vals"
"Intercept",-15.6909722929364
"y",3.18901089113206
"V1",3.01271280646324
"V2",4.31123424973339
"V3",2.92341253347695
"V4",1.61952540185302
"V5",2.81847243383527
"V6",1.00338159035891
"V7",1.18091631960124
"V8",3.62397359311581
"V9",1.46314985118806
