"names","vals"
"Intercept",-21.0499351211432
"y",2.39131247159094
"V1",3.43957497645169
"V2",3.96958094742149
"V3",3.8265214683488
"V4",1.96097337454557
"V5",3.19207805208862
"V6",4.44787103775889
"V7",3.79534599278122
"V8",4.31498973816633
"V9",1.66666220966727
