"names","vals"
"Intercept",-20.1169590138691
"y",2.08149404730648
"V1",4.79341635107994
"V2",1.6089553264901
"V3",4.34606408234686
"V4",3.3594964062795
"V5",4.59687915723771
"V6",2.11518576554954
"V7",4.09193995874375
"V8",4.1010278025642
"V9",4.22130416613072
