"names","vals"
"Intercept",-2.1688946664203
"y",0.403410860570148
"V1",0.263412734027952
"V2",0.861631640698761
"V3",0.40408871602267
"V4",0.27106680511497
"V5",0.127697544172406
"V6",0.457156720105559
"V7",0.850244488101453
"V8",0.0125147874932736
"V9",0.224428612506017
