"names","vals"
"Intercept",-17.3159805391841
"y",3.48689685296267
"V1",4.37181658484042
"V2",3.15333241317421
"V3",4.94028416834772
"V4",2.74902541562915
"V5",1.10695143043995
"V6",1.3580685723573
"V7",3.48628547973931
"V8",1.1484168516472
"V9",3.95084127876908
