"names","vals"
"Intercept",-2.18598679038091
"y",0.357146761845797
"V1",0.431095520500094
"V2",0.640246845548972
"V3",0.82245133840479
"V4",0.414852699497715
"V5",0.329362654360011
"V6",0.580505457008258
"V7",0.695045741507784
"V8",0.419647182105109
"V9",0.437711548991501
