"names","vals"
"Intercept",-11.33995831226
"y",3.72230557724833
"V1",3.12812657468021
"V2",2.26573916897178
"V3",3.426863075234
"V4",1.59624133724719
"V5",3.69747909530997
"V6",2.04332774598151
"V7",3.69545131642371
"V8",4.98511765617877
"V9",4.46847516484559
