"names","vals"
"Intercept",-8.02824960131897
"y",0.328403833555058
"V1",0.926008430309594
"V2",0.698911264073104
"V3",0.924748953431845
"V4",0.764766490319744
"V5",4.78007955849171
"V6",2.14766489248723
"V7",4.10362409427762
"V8",2.64639898668975
"V9",3.49757124017924
