"names","vals"
"Intercept",-7.5202061147457
"y",0.570579637307674
"V1",0.43897431017831
"V2",0.734159507323056
"V3",0.187277601566166
"V4",0.495130536146462
"V5",1.44679784215987
"V6",1.68634581938386
"V7",3.84505862183869
"V8",3.7517589526251
"V9",1.692810902372
