"names","vals"
"Intercept",-13.9883643429615
"y",1.50622098520398
"V1",1.0115255061537
"V2",2.04494721069932
"V3",4.42715238872916
"V4",3.07008763030171
"V5",4.24670043773949
"V6",3.21885113511235
"V7",3.69298650324345
"V8",3.78153957705945
"V9",1.86578821856529
