"names","vals"
"Intercept",-7.88799477021326
"y",0.196730716153979
"V1",0.0526197522412986
"V2",0.50059384224005
"V3",0.569370282581076
"V4",0.837556110927835
"V5",4.84799270145595
"V6",3.918999847956
"V7",2.08872194867581
"V8",2.66311084665358
"V9",2.43635741434991
