"names","vals"
"Intercept",-12.4975318067623
"y",4.14265206176788
"V1",2.18998382519931
"V2",3.56393024604768
"V3",3.09153009951115
"V4",3.27526407316327
"V5",2.48350577522069
"V6",4.54174230527133
"V7",2.67378384247422
"V8",2.4390084380284
"V9",3.5127986362204
