"names","vals"
"Intercept",-7.55220548433671
"y",0.335405113175511
"V1",0.706112748011947
"V2",0.305562161374837
"V3",0.426900972379372
"V4",0.0718290023505688
"V5",3.90225193463266
"V6",2.96330950967968
"V7",3.7033977760002
"V8",1.17595983389765
"V9",2.32092450093478
