"names","vals"
"Intercept",-3.65749847062281
"y",0.441328257322311
"V1",0.752890161471441
"V2",0.781139908591285
"V3",0.713916768319905
"V4",0.212806565919891
"V5",0.221670482540503
"V6",0.966276671504602
"V7",0.39258253434673
"V8",0.741284388117492
"V9",0.686310034245253
