"names","vals"
"Intercept",-2.56371385670966
"y",0.918911681743339
"V1",0.86173755954951
"V2",0.193288615206257
"V3",0.70431296993047
"V4",0.228595799067989
"V5",0.780906924046576
"V6",0.0775680511724204
"V7",0.974866738310084
"V8",0.233705413760617
"V9",0.958053207956254
