"names","vals"
"Intercept",-1.85815729190037
"y",0.141963659552857
"V1",0.344926928170025
"V2",0.241790334461257
"V3",0.960679734591395
"V4",0.500655255746096
"V5",0.232494517927989
"V6",0.98777321074158
"V7",0.740325580118224
"V8",0.55442397785373
"V9",0.975526593159884
