"names","vals"
"Intercept",-2.41379187599057
"y",0.581444962881505
"V1",0.149746504379436
"V2",0.0418692831881344
"V3",0.980332117294893
"V4",0.057545252609998
"V5",0.700883661862463
"V6",0.492498680949211
"V7",0.137794480193406
"V8",0.854090080363676
"V9",0.288527023745701
