"names","vals"
"Intercept",-7.01004939769371
"y",0.823145366506651
"V1",0.155409897211939
"V2",0.715992767130956
"V3",0.884452988160774
"V4",0.699050009483472
"V5",3.59721651487052
"V6",1.50824112445116
"V7",1.42799514252692
"V8",3.01710274349898
"V9",1.47669537179172
