"names","vals"
"Intercept",-2.29322691854951
"y",0.251691210549325
"V1",0.72314442996867
"V2",0.933456475613639
"V3",0.946986180962995
"V4",0.262474677758291
"V5",0.136207311879843
"V6",0.739303261507303
"V7",0.421369350515306
"V8",0.252843406051397
"V9",0.580635116202757
