"names","vals"
"Intercept",-16.3398412204068
"y",2.54147337190807
"V1",3.67178793251514
"V2",2.03146840725094
"V3",4.64925855956972
"V4",3.04519786220044
"V5",3.67223663348705
"V6",3.73035991471261
"V7",4.81301512662321
"V8",1.30399026162922
"V9",2.52861944120377
