"names","vals"
"Intercept",-3.78871400205535
"y",0.268018236383796
"V1",0.598752856720239
"V2",0.53764405939728
"V3",0.0156619646586478
"V4",0.957401741528884
"V5",0.502888469258323
"V6",0.999870012048632
"V7",0.398429160239175
"V8",0.980417696293443
"V9",0.970390475355089
