"names","vals"
"Intercept",-9.49603654971439
"y",0.268095102161169
"V1",0.993874837877229
"V2",0.53226732253097
"V3",0.00760014122352004
"V4",0.938389600021765
"V5",1.00753326807171
"V6",2.87377082090825
"V7",4.32351832929999
"V8",3.51724432967603
"V9",4.76268674992025
