"names","vals"
"Intercept",-13.0342219468832
"y",0.12734738457948
"V1",0.629744436359033
"V2",0.593175117857754
"V3",0.895251452224329
"V4",0.423850311199203
"V5",4.57046303432435
"V6",4.59190451353788
"V7",2.37718558870256
"V8",3.17578032799065
"V9",1.79502020403743
