"names","vals"
"Intercept",-2.5518740392474
"y",0.442539086565375
"V1",0.240441869711503
"V2",0.756753597175702
"V3",0.889662546571344
"V4",0.145020548487082
"V5",0.831229434581473
"V6",0.465507891960442
"V7",0.167240696260706
"V8",0.19454859639518
"V9",0.372604649979621
