"names","vals"
"Intercept",-7.22083346996014
"y",0.421274565393105
"V1",0.387662447290495
"V2",0.649437503656372
"V3",0.525878975400701
"V4",0.571591903921217
"V5",2.17153441160917
"V6",2.3147257687524
"V7",3.12105514574796
"V8",2.57621452026069
"V9",2.24481801502407
