"names","vals"
"Intercept",-13.4548084016212
"y",0.793864607345313
"V1",0.442836384987459
"V2",0.382823436753824
"V3",0.991598300170153
"V4",0.354004295775667
"V5",2.36891548614949
"V6",3.76584875769913
"V7",2.49194301664829
"V8",4.50219102110714
"V9",3.88986681587994
