"names","vals"
"Intercept",-2.61814884748589
"y",0.64219160983339
"V1",0.855894888984039
"V2",0.710404882906005
"V3",0.32761872257106
"V4",0.467558173695579
"V5",0.946442843414843
"V6",0.318225702503696
"V7",0.88014718494378
"V8",0.262052010977641
"V9",0.157390294829383
