"names","vals"
"Intercept",-11.1450787239
"y",2.38391316775233
"V1",3.45729871001095
"V2",2.6004232224077
"V3",1.54014632478356
"V4",2.47294660005718
"V5",1.76978366542608
"V6",2.64916485641152
"V7",3.57511970493942
"V8",2.92786502093077
"V9",1.89657466672361
