"names","vals"
"Intercept",-19.5220936619435
"y",3.77819671947509
"V1",2.6834532963112
"V2",3.65677792858332
"V3",1.86247201450169
"V4",2.71622021775693
"V5",4.3012333130464
"V6",1.95565703138709
"V7",3.30446049291641
"V8",4.22165348753333
"V9",3.94182414188981
