"names","vals"
"Intercept",-7.87273608271801
"y",0.77513833832927
"V1",0.561891172081232
"V2",0.888282819883898
"V3",0.504216863773763
"V4",0.61136814346537
"V5",3.36087868362665
"V6",3.22250875644386
"V7",2.99891112279147
"V8",4.94106572214514
"V9",3.92998790740967
