"names","vals"
"Intercept",-1.96494429322775
"y",0.0959236512426287
"V1",0.348756340099499
"V2",0.520820190664381
"V3",0.548357276944444
"V4",0.422953098081052
"V5",0.551216849591583
"V6",0.571338501991704
"V7",0.814492708304897
"V8",0.0338307465426624
"V9",0.0590261842589825
