"names","vals"
"Intercept",-3.22571553037874
"y",0.102022849489003
"V1",0.926708797924221
"V2",0.539734110236168
"V3",0.610066627152264
"V4",0.108290994074196
"V5",0.165525610093027
"V6",0.914624696597457
"V7",0.775352237047628
"V8",0.200171943055466
"V9",0.496818033279851
