"names","vals"
"Intercept",-8.95011257909471
"y",0.00537019642069936
"V1",0.284482545917854
"V2",0.355922537157312
"V3",0.428572113858536
"V4",0.352748296689242
"V5",1.43014930468053
"V6",2.08002446126193
"V7",2.93160221260041
"V8",1.51674659643322
"V9",4.16271791234612
