"names","vals"
"Intercept",-20.0045567244114
"y",1.38096946012229
"V1",2.75139293819666
"V2",4.36109267920256
"V3",3.46932486817241
"V4",3.28108016308397
"V5",4.19674512092024
"V6",3.94380930904299
"V7",4.91118113510311
"V8",4.03590243589133
"V9",4.77024391759187
