"names","vals"
"Intercept",-11.2909528545011
"y",4.18948458414525
"V1",4.99079812783748
"V2",1.74342834483832
"V3",1.17575263883919
"V4",2.29461285937577
"V5",1.41096293739974
"V6",1.97100572381169
"V7",1.73783558420837
"V8",1.48593309894204
"V9",2.38267564959824
