"names","vals"
"Intercept",-12.7602134318762
"y",1.22842222359031
"V1",1.34743838198483
"V2",4.72346151061356
"V3",2.71568879764527
"V4",4.85334479622543
"V5",4.49017009232193
"V6",3.57810280378908
"V7",1.76523054763675
"V8",3.00464863423258
"V9",3.63234271388501
