"names","vals"
"Intercept",-8.67167737959418
"y",0.845035636797547
"V1",0.68065832532011
"V2",0.804928361671045
"V3",0.999000379815698
"V4",0.383295531617478
"V5",0.875732775311917
"V6",0.0363492367323488
"V7",1.05835142359138
"V8",2.78024595882744
"V9",4.99779770616442
