"names","vals"
"Intercept",-4.33547639016062
"y",0.210022772662342
"V1",0.0446271908003837
"V2",0.940804006764665
"V3",0.752122361911461
"V4",0.0234594657085836
"V5",0.121770992642269
"V6",3.23081175237894
"V7",3.14684931840748
