"names","vals"
"Intercept",-6.38087815990439
"y",0.125078696990386
"V1",0.919800551142544
"V2",0.232699886197224
"V3",0.528822525870055
"V4",0.856966452440247
"V5",0.98054310400039
"V6",0.921615569619462
"V7",1.08752770163119
"V8",3.17724820971489
"V9",4.51999762095511
