"names","vals"
"Intercept",-3.52865790395532
"y",0.918719333596528
"V1",0.240626174490899
"V2",0.485253501683474
"V3",0.294911444885656
"V4",0.707612828584388
"V5",0.363443248905241
"V6",4.5677799731493
"V7",3.76032934617251
