"names","vals"
"Intercept",-4.06662466223352
"y",0.035319242393598
"V1",0.559841295704246
"V2",0.494820454856381
"V3",0.82879886822775
"V4",0.761576438089833
"V5",0.0260087291244417
"V6",2.05370275862515
"V7",2.31317574437708
