"names","vals"
"Intercept",-3.19713529946748
"y",0.872483427170664
"V1",0.0983113895636052
"V2",0.773923862958327
"V3",0.0274347956292331
"V4",0.907040007878095
"V5",0.0483372181188315
"V6",1.08517505787313
"V7",3.70646603405476
