"names","vals"
"Intercept",-2.60538283003494
"y",0.821904336335137
"V1",0.39617546251975
"V2",0.725511245895177
"V3",0.0140678528696299
"V4",0.817682593362406
"V5",0.701875732047483
"V6",3.17946420330554
"V7",4.60283740889281
