"names","vals"
"Intercept",-4.79044500719989
"y",0.752294892212376
"V1",0.741789955412969
"V2",0.0147296404466033
"V3",0.999946490861475
"V4",0.0227236514911056
"V5",0.0432221873197705
"V6",0.742145456373692
"V7",2.48273352067918
"V8",4.56313033308834
"V9",2.14790207054466
