"names","vals"
"Intercept",-2.4413845599792
"y",0.391494145151228
"V1",0.127147302264348
"V2",0.86432337667793
"V3",0.916032116860151
"V4",0.0831511835567653
"V5",3.96339423209429
