"names","vals"
"Intercept",-4.85211842017714
"y",0.908809761283919
"V1",0.694769304711372
"V2",0.420551358954981
"V3",0.772667950484902
"V4",0.926389539148659
"V5",0.151138912187889
"V6",3.22922721598297
"V7",3.56525999307632
