"names","vals"
"Intercept",-4.52040918680839
"y",0.299349037697539
"V1",0.240331226494163
"V2",0.88813857967034
"V3",0.0901968029793352
"V4",0.622741214931011
"V5",0.208249044604599
"V6",1.3858169587329
"V7",4.00877413433045
