"names","vals"
"Intercept",-3.24113853998017
"y",0.692999951774254
"V1",0.00567101663909853
"V2",0.341093885246664
"V3",0.553627621149644
"V4",0.700494184857234
"V5",4.95947329513729
