"names","vals"
"Intercept",-1.62723466754425
"y",0.119995651300997
"V1",0.929182003485039
"V2",0.28931393660605
"V3",0.378672103630379
"V4",0.681263693375513
"V5",1.78786586411297
