"names","vals"
"Intercept",-10.0472384534124
"y",0.984065493801609
"V1",0.986506602028385
"V2",0.739289353368804
"V3",0.0887260013259947
"V4",0.663161973468959
"V5",0.766860822448507
"V6",0.0484417541883886
"V7",0.470963047584519
"V8",1.14254442602396
"V9",2.86380548588932
"V10",1.62409703247249
"V11",4.14125474635512
