"names","vals"
"Intercept",-9.64277591248509
"y",0.528604920487851
"V1",0.608097521122545
"V2",0.790916193509474
"V3",0.162468631751835
"V4",0.129638461163267
"V5",0.493732450297102
"V6",0.260520071489736
"V7",0.528441848699003
"V8",1.34266977757215
"V9",3.02856070268899
"V10",3.85648740734905
"V11",2.21943226736039
