"names","vals"
"Intercept",-3.22044073720463
"y",0.749861011747271
"V1",0.624501695623621
"V2",0.951454755151644
"V3",0.870983866043389
"V4",0.248732674866915
"V5",1.05126443970948
