"names","vals"
"Intercept",-8.96311588022159
"y",0.398731824941933
"V1",0.662888828897849
"V2",0.859355606371537
"V3",0.92845238163136
"V4",0.517471392406151
"V5",0.678330527385697
"V6",0.0324375876225531
"V7",3.7003811057657
"V8",3.65429616253823
"V9",3.12737209163606
