"names","vals"
"Intercept",-7.10289602987468
"y",0.991848056437448
"V1",0.884546404471621
"V2",0.800863860873505
"V3",0.399041739292443
"V4",0.450417549815029
"V5",0.207949546864256
"V6",0.568549946649
"V7",4.02577860932797
"V8",4.11334664933383
"V9",2.3886887114495
