"names","vals"
"Intercept",-8.78977924291743
"y",0.35722278081812
"V1",0.669140646466985
"V2",0.560449309414253
"V3",0.071099329739809
"V4",0.0528216504026204
"V5",0.757977207424119
"V6",0.0228070490993559
"V7",2.20606462750584
"V8",4.2429906828329
"V9",3.31526581291109
