"names","vals"
"Intercept",-6.83243596036453
"y",0.332801443291828
"V1",0.236992265330628
"V2",0.735900315688923
"V3",0.740163895301521
"V4",0.870925217168406
"V5",0.407147814286873
"V6",0.902351148892194
"V7",0.557875147089362
"V8",0.390129002509639
"V9",2.18656043801457
"V10",2.03413116838783
"V11",1.03701638337225
"V12",2.30263760406524
"V13",2.60378370247781
