"names","vals"
"Intercept",-1.37019027702045
"y",0.616561291273683
"V1",0.17455491097644
"V2",0.0640445954632014
"V3",0.284860362997279
"V4",0.895521405618638
"V5",3.27697073109448
