"names","vals"
"Intercept",-6.65810091302265
"y",0.153466444928199
"V1",0.232802825514227
"V2",0.702796833822504
"V3",0.959394067758694
"V4",0.987127350177616
"V5",0.578211471904069
"V6",0.775989160640165
"V7",0.281987835420296
"V8",2.50429935008287
"V9",2.14688755758107
"V10",3.215192431584
"V11",3.99014782346785
