"names","vals"
"Intercept",-7.53203357079765
"y",0.998251820448786
"V1",0.0702011499088258
"V2",0.941638224758208
"V3",0.771476082736626
"V4",0.155810576630756
"V5",0.737876133294776
"V6",0.342704183422029
"V7",0.370594741776586
"V8",4.26831315457821
"V9",4.52489879354835
"V10",1.1278839437291
"V11",3.2553460849449
