"names","vals"
"Intercept",-3.56040130418725
"y",0.779970756731927
"V1",0.971158811124042
"V2",0.239856278523803
"V3",0.0556422136723995
"V4",0.311725705396384
"V5",0.160765312146395
"V6",0.00277683977037668
"V7",0.205463730730116
"V8",0.337479078443721
"V9",4.17046207934618
"V10",2.0284640584141
"V11",2.18569481465966
"V12",1.14649865590036
"V13",4.21922027412802
