"names","vals"
"Intercept",-3.64242285426939
"y",0.332297721179202
"V1",0.747165131382644
"V2",0.00258911098353565
"V3",0.744196866406128
"V4",0.955271023558453
"V5",0.449927375419065
"V6",3.48793290555477
"V7",2.97763159591705
