"names","vals"
"Intercept",-15.3070940981503
"y",0.991548156132922
"V1",0.484321041498333
"V2",0.743462070822716
"V3",0.563781413016841
"V4",0.888993728673086
"V5",0.166489489609376
"V6",0.524420856498182
"V7",0.933739040512592
"V8",0.93656309437938
"V9",4.19706110749394
"V10",4.41018933150917
"V11",4.64374775160104
"V12",1.64657998550683
"V13",3.44703070633113
