"names","vals"
"Intercept",-10.9103456487088
"y",0.415977331344038
"V1",0.235597389051691
"V2",0.504020417807624
"V3",0.883004975505173
"V4",0.326058700680733
"V5",0.296984984539449
"V6",0.0962303886190057
"V7",0.576996435876936
"V8",3.26735258381814
"V9",2.93317683320493
"V10",4.57404125761241
"V11",2.4305441910401
