"names","vals"
"Intercept",-5.47336724646157
"y",0.727087131002918
"V1",0.441623918013647
"V2",0.761085551930591
"V3",0.202676643384621
"V4",0.0377017532009631
"V5",0.315723696025088
"V6",0.322499620961025
"V7",4.62438036408275
"V8",2.73115558270365
"V9",3.55163508839905
