"names","vals"
"Intercept",-4.11803349804832
"y",0.435835112584755
"V1",0.637722571613267
"V2",0.409319701837376
"V3",0.604912357404828
"V4",0.520930171012878
"V5",0.488274115370587
"V6",0.900455316994339
"V7",0.664239687146619
"V8",4.78092090878636
"V9",1.00058414321393
"V10",4.98358909972012
"V11",2.18223127350211
