"names","vals"
"Intercept",-11.2413972218242
"y",0.976296121953055
"V1",0.453188079874963
"V2",0.417728065047413
"V3",0.707166679669172
"V4",0.717361494200304
"V5",0.423340611392632
"V6",0.174779983935878
"V7",0.189690816449001
"V8",4.22161640506238
"V9",2.22289451863617
"V10",4.98029735404998
"V11",3.12070617545396
