"names","vals"
"Intercept",-6.0382948468579
"y",0.664299009600654
"V1",0.529312627390027
"V2",0.373325773514807
"V3",0.477956810966134
"V4",0.702122281771153
"V5",4.23536105919629
