"names","vals"
"Intercept",-6.81738289392553
"y",0.638543387874961
"V1",0.956043790560216
"V2",0.831141696544364
"V3",0.0885106394998729
"V4",0.782818451523781
"V5",0.3561841850169
"V6",0.222298738081008
"V7",0.542608520248905
"V8",3.0465641906485
"V9",2.94742386415601
"V10",1.9822213826701
"V11",1.81907557696104
