"names","vals"
"Intercept",-10.6243982425379
"y",0.415282823611051
"V1",0.0605818156618625
"V2",0.148209144361317
"V3",0.506034998456016
"V4",0.806534309405833
"V5",0.968716910574585
"V6",0.869774204911664
"V7",2.56003245804459
"V8",3.56402859184891
"V9",4.73802494350821
