"names","vals"
"Intercept",-4.8678643403016
"y",0.581387978512794
"V1",0.371888142544776
"V2",0.901432040613145
"V3",0.0835344542283565
"V4",0.645081924973056
"V5",0.409223050577566
"V6",0.687991879181936
"V7",0.973214405588806
"V8",4.28788910061121
"V9",3.29150635097176
"V10",2.52983966842294
"V11",1.22756012249738
