"names","vals"
"Intercept",-1.29744632763322
"y",0.677674767095596
"V1",0.113889628089964
"V2",0.726939372485504
"V3",0.0819918506313115
"V4",0.247349170036614
"V5",2.32757391780615
