"names","vals"
"Intercept",-7.05961995603982
"y",0.94420793838799
"V1",0.296289301710203
"V2",0.153107903432101
"V3",0.553520247805864
"V4",0.127462463686243
"V5",0.602873020572588
"V6",0.849833777640015
"V7",1.89730682503432
"V8",4.1185212386772
"V9",3.93024585582316
