"names","vals"
"Intercept",-4.0403313983418
"y",0.837885226588696
"V1",0.915523567935452
"V2",0.166457501938567
"V3",0.691545909270644
"V4",0.434038638137281
"V5",0.543145433068275
"V6",3.79657688736916
"V7",1.44383663125336
