"names","vals"
"Intercept",-8.75397528620437
"y",0.662220543250442
"V1",0.954278308199719
"V2",0.326003826921806
"V3",0.957819513510913
"V4",0.0636952354107052
"V5",0.444231077795848
"V6",0.664378224872053
"V7",0.0334144909866154
"V8",3.985865034163
"V9",2.63122593052685
"V10",2.08287662547082
"V11",2.80711698904634
