"names","vals"
"Intercept",-1.29727648887318
"y",0.760946925496683
"V1",0.266424245666713
"V2",0.493128960719332
"V3",0.00540430773980916
"V4",0.335362298879772
"V5",2.16939250379801
