"names","vals"
"Intercept",-8.11965248641558
"y",0.754797493806109
"V1",0.451282175024971
"V2",0.68061061645858
"V3",0.471228431444615
"V4",0.429204467916861
"V5",0.518758695805445
"V6",4.31736050825566
"V7",3.69313921779394
