"names","vals"
"Intercept",-1.8697791609983
"y",0.489831295795739
"V1",0.283686284907162
"V2",0.643786411033943
"V3",0.291339508024976
"V4",0.511995281558484
"V5",1.12606738042086
