"names","vals"
"Intercept",-7.25925204035826
"y",0.770507444627583
"V1",0.228683838155121
"V2",0.106131138978526
"V3",0.32189576420933
"V4",0.707123300759122
"V5",0.338501666439697
"V6",0.454092881875113
"V7",1.45881104376167
"V8",2.2144845565781
"V9",3.61577617097646
