"names","vals"
"Intercept",-5.35373269386124
"y",0.295964146731421
"V1",0.310503809247166
"V2",0.427835669834167
"V3",0.616325340000913
"V4",0.798490755958483
"V5",0.734822715166956
"V6",4.11539868824184
"V7",1.46929971501231
