"names","vals"
"Intercept",-9.0882165367459
"y",0.894910403294489
"V1",0.926692222477868
"V2",0.221563037484884
"V3",0.269300577230752
"V4",0.404120381688699
"V5",0.544500448275357
"V6",0.825699436478317
"V7",0.639897034969181
"V8",1.28347843978554
"V9",2.77135855425149
"V10",3.96308520808816
"V11",4.29350529331714
