"names","vals"
"Intercept",-7.0440487717744
"y",0.0908184354193509
"V1",0.510287333279848
"V2",0.693924105493352
"V3",0.992844562744722
"V4",0.405128446407616
"V5",0.132181296590716
"V6",0.913718202151358
"V7",0.227585258660838
"V8",0.741523479111493
"V9",2.61133187543601
"V10",4.19937632232904
"V11",2.87257085181773
"V12",3.77022374141961
"V13",1.23654923494905
