"names","vals"
"Intercept",-10.6824529609643
"y",0.686223261291161
"V1",0.331118187634274
"V2",0.983257544692606
"V3",0.695642557926476
"V4",0.313497961731628
"V5",0.312767391325906
"V6",0.60230338294059
"V7",0.408015867928043
"V8",0.430173298344016
"V9",2.02256657835096
"V10",2.99879646394402
"V11",4.17545424215496
"V12",4.75983437895775
"V13",2.34939229488373
