"names","vals"
"Intercept",-1.36700791449286
"y",0.352763762464747
"V1",0.377703878562897
"V2",0.0560099906288087
"V3",0.682579755084589
"V4",0.0751637055072933
"V5",0.380974652478471
"V6",1.32630810048431
"V7",1.55369636416435
