"names","vals"
"Intercept",-6.42266277512768
"y",0.907949130283669
"V1",0.950012978166342
"V2",0.140603402396664
"V3",0.278515485581011
"V4",0.316801981534809
"V5",0.77978974301368
"V6",0.282985617872328
"V7",4.35614436678588
"V8",1.27819349989295
"V9",2.27496484015137
