"names","vals"
"Intercept",-9.13967834398383
"y",0.288945693988353
"V1",0.444321656832471
"V2",0.484114768914878
"V3",0.862616367638111
"V4",0.0773660633713007
"V5",0.561310734832659
"V6",0.963059765286744
"V7",0.978960886131972
"V8",0.670062055811286
"V9",3.03935939352959
"V10",2.08773332182318
"V11",1.27058429270983
"V12",4.67359093297273
"V13",1.75150498468429
