"names","vals"
"Intercept",-8.32294233802706
"y",0.726572765270248
"V1",0.56864320114255
"V2",0.896723154000938
"V3",0.464626691304147
"V4",0.169521237025037
"V5",0.813620055094361
"V6",0.482333107152954
"V7",0.46228712098673
"V8",1.84719805233181
"V9",4.25025537516922
"V10",1.0978779476136
"V11",2.59853627067059
