"names","vals"
"Intercept",-12.5807942871121
"y",0.409899034071714
"V1",0.699989317916334
"V2",0.206162851536646
"V3",0.102762917522341
"V4",0.511197506450117
"V5",0.184907462680712
"V6",0.434891661861911
"V7",0.161872526397929
"V8",1.63136175461113
"V9",4.14107667095959
"V10",4.03135486412793
"V11",3.37818684987724
