"names","vals"
"Intercept",-12.5568148326548
"y",0.855040109483525
"V1",0.894442379940301
"V2",0.966550217475742
"V3",0.248494293540716
"V4",0.624607990495861
"V5",0.188139636535197
"V6",0.253123425180092
"V7",0.655843182001263
"V8",0.110422162571922
"V9",4.66147654969245
"V10",1.32986285258085
"V11",1.39190682955086
"V12",2.44943737238646
"V13",3.15312809031457
