"names","vals"
"Intercept",-4.33536588565446
"y",0.577191976597533
"V1",0.297355213668197
"V2",0.887343684677035
"V3",0.517554998397827
"V4",0.0436613576021045
"V5",0.407560016494244
"V6",2.33422024082392
"V7",3.94107836857438
