"names","vals"
"Intercept",-4.52576152201276
"y",0.00914644985459745
"V1",0.948359515983611
"V2",0.315114396857098
"V3",0.899343409808353
"V4",0.127625062130392
"V5",0.416892983019352
"V6",0.459130135132
"V7",3.77155017666519
"V8",2.65316422283649
"V9",2.57195048872381
