"names","vals"
"Intercept",-10.5445146269863
"y",0.398052362026647
"V1",0.695798594038934
"V2",0.026993888663128
"V3",0.86119432002306
"V4",0.120450399117544
"V5",0.860750472405925
"V6",0.666930214269087
"V7",0.721263317624107
"V8",0.934583835769445
"V9",3.66859636362642
"V10",1.74574998393655
"V11",2.37418637890369
"V12",3.64469345845282
"V13",3.97162638790905
