"names","vals"
"Intercept",-3.83971052434063
"y",0.477448287652805
"V1",0.809454464586452
"V2",0.769633973250166
"V3",0.778589977417141
"V4",0.416552963899449
"V5",2.72209663502872
