"names","vals"
"Intercept",-4.85200597655494
"y",0.368130299029872
"V1",0.632138734916225
"V2",0.337972900830209
"V3",0.0924813554156572
"V4",0.750509219709784
"V5",0.712361997924745
"V6",3.31226619984955
"V7",3.44702599477023
