"names","vals"
"Intercept",-9.2693119854643
"y",0.730451779672876
"V1",0.420083905337378
"V2",0.36490858043544
"V3",0.847020170651376
"V4",0.612930577713996
"V5",0.889501464786008
"V6",0.81220169714652
"V7",0.821551915258169
"V8",4.27541800308973
"V9",1.7688018605113
"V10",1.39011254999787
"V11",1.6819181162864
