"names","vals"
"Intercept",-6.99721259006765
"y",0.523773683002219
"V1",0.344318207819015
"V2",0.405906965956092
"V3",0.330306582385674
"V4",0.201079263351858
"V5",0.6393267379608
"V6",0.953945555724204
"V7",0.416334474924952
"V8",0.528155754553154
"V9",2.22832083702087
"V10",3.43656373210251
"V11",1.63012061361223
"V12",3.3631679341197
"V13",1.25452102907002
