"names","vals"
"Intercept",-3.50061386737507
"y",0.975679947063327
"V1",0.21098309266381
"V2",0.905725077958778
"V3",0.525373991113156
"V4",0.891556054120883
"V5",0.0763317788951099
"V6",0.64444047305733
"V7",1.24764996953309
"V8",3.56565102748573
"V9",2.28468969557434
