"names","vals"
"Intercept",-1.85400898156222
"y",0.0177773365285248
"V1",0.308789449045435
"V2",0.464347417932004
"V3",0.0480307266116142
"V4",0.88977394415997
"V5",2.53719941340387
