"names","vals"
"Intercept",-2.28128144965973
"y",0.604324862360954
"V1",0.122282135300338
"V2",0.785805429099128
"V3",0.259707886725664
"V4",0.271614846307784
"V5",2.20812389720231
