"names","vals"
"Intercept",-2.43390632069204
"y",0.254261226626113
"V1",0.655545989749953
"V2",0.394828784512356
"V3",0.402754696086049
"V4",0.0798901033122092
"V5",3.38552343193442
