"names","vals"
"Intercept",-3.40611454818863
"y",0.843994738301262
"V1",0.371782172704116
"V2",0.552545511396602
"V3",0.645441967295483
"V4",0.155766136245802
"V5",0.450831167167053
"V6",3.7886687675491
"V7",3.10795291047543
