"names","vals"
"Intercept",-2.16231627137167
"y",0.0739184322301298
"V1",0.962421847740188
"V2",0.217706558993086
"V3",0.429652873659506
"V4",0.101074797799811
"V5",0.146598841296509
"V6",2.36266144178808
"V7",1.8671925989911
