"names","vals"
"Intercept",-2.22178167046513
"y",0.545153291895986
"V1",0.00381456408649683
"V2",0.337318412726745
"V3",0.346401429502293
"V4",0.0785339367575943
"V5",0.158060203539208
"V6",2.24757867399603
"V7",1.90409134142101
