"names","vals"
"Intercept",-6.40892549822107
"y",0.0592984042596072
"V1",0.874092808924615
"V2",0.60390389058739
"V3",0.252431718166918
"V4",0.220593087607995
"V5",0.787628798512742
"V6",0.534329261863604
"V7",0.159658229444176
"V8",4.71723686717451
"V9",2.8588740658015
"V10",4.88493552990258
"V11",1.19060088228434
