"names","vals"
"Intercept",-6.34042483465746
"y",0.387287515448406
"V1",0.0748990150168538
"V2",0.698884538374841
"V3",0.0579123585484922
"V4",0.839260355802253
"V5",0.241673601092771
"V6",4.91431396733969
"V7",1.08424836397171
