"names","vals"
"Intercept",-1.75536391524598
"y",0.935706979595125
"V1",0.0457862261682749
"V2",0.259873478673398
"V3",0.835089961998165
"V4",0.687343937344849
"V5",2.91913344711065
