"names","vals"
"Intercept",-3.18147901795805
"y",0.49360317713581
"V1",0.56121491221711
"V2",0.495657032355666
"V3",0.504066374385729
"V4",0.575503277825192
"V5",0.495304586132988
"V6",1.21295585762709
"V7",4.30595763865858
