"names","vals"
"Intercept",-5.14026909110136
"y",0.224146607099101
"V1",0.534628873923793
"V2",0.114750964567065
"V3",0.161478783469647
"V4",0.422803175402805
"V5",4.92838686611503
