"names","vals"
"Intercept",-3.53451431847177
"y",0.416051768232137
"V1",0.827305363724008
"V2",0.740183540387079
"V3",0.207408128073439
"V4",0.996874734759331
"V5",3.47219395451248
