"names","vals"
"Intercept",-5.06457780641969
"y",0.637720003956929
"V1",0.348560994723812
"V2",0.680658467346802
"V3",0.571291538886726
"V4",0.548050790093839
"V5",0.870352749247104
"V6",0.5089679826051
"V7",0.0184902870096266
"V8",0.501923508709297
"V9",2.62310002744198
"V10",1.92713327985257
"V11",3.48085367772728
"V12",1.22332470025867
"V13",1.31051134038717
