"names","vals"
"Intercept",-7.82855729988776
"y",0.108749136328697
"V1",0.439689291873947
"V2",0.929173243697733
"V3",0.10604211431928
"V4",0.177022753050551
"V5",0.851471238071099
"V6",0.0193405232857913
"V7",0.234736697049811
"V8",2.42238558549434
"V9",2.30838405899704
"V10",4.99668159242719
"V11",3.04827844537795
