"names","vals"
"Intercept",-4.41774300240912
"y",0.044732762966305
"V1",0.206499813124537
"V2",0.227815595688298
"V3",0.982545331353322
"V4",0.296072557102889
"V5",0.680760279064998
"V6",0.785970295779407
"V7",2.2407295005396
"V8",1.02465413045138
"V9",1.74698963668197
