"names","vals"
"Intercept",-2.20696436743718
"y",0.367701946059242
"V1",0.258572935592383
"V2",0.303863619454205
"V3",0.875550212105736
"V4",0.31985450652428
"V5",4.43438209500164
