"names","vals"
"Intercept",-7.18878759101965
"y",0.383033274207264
"V1",0.706104000564665
"V2",0.331398656358942
"V3",0.99879913777113
"V4",0.287492436589673
"V5",0.861061122501269
"V6",0.330820558592677
"V7",0.065668580122292
"V8",2.92501997668296
"V9",2.04808441828936
"V10",4.22486141882837
"V11",2.3721602903679
