"names","vals"
"Intercept",-8.26096943931188
"y",0.21955925016664
"V1",0.206216234248132
"V2",0.883062039734796
"V3",0.0938011256512254
"V4",0.7515448553022
"V5",0.985453138360754
"V6",0.824928937247023
"V7",0.478752826340497
"V8",0.90149168856442
"V9",2.19708561059088
"V10",2.75096172653139
"V11",1.92828459944576
"V12",3.69548246543854
"V13",1.77195400092751
