"names","vals"
"Intercept",-9.46921692641918
"y",0.409398175077513
"V1",0.511746891541407
"V2",0.237533328589052
"V3",0.0239360185805708
"V4",0.741626298986375
"V5",0.0523797143250704
"V6",0.505669083911926
"V7",0.656614002306014
"V8",4.40399933699518
"V9",1.46858319360763
"V10",1.12341777514666
"V11",3.54729444440454
