"names","vals"
"Intercept",-4.30119029338704
"y",0.0573186869733036
"V1",0.117064952850342
"V2",0.194145609159023
"V3",0.505240273429081
"V4",0.510771691100672
"V5",0.389475414063781
"V6",3.06133448798209
"V7",4.63617497682571
