"names","vals"
"Intercept",-4.80906710687559
"y",0.0412907355930656
"V1",0.727162072667852
"V2",0.840227540815249
"V3",0.513500791974366
"V4",0.595804991899058
"V5",0.153120053932071
"V6",0.894551394507289
"V7",1.64397954382002
"V8",1.61419262271374
"V9",2.65447081718594
