"names","vals"
"Intercept",-5.55122320643626
"y",0.305005208589137
"V1",0.261989708989859
"V2",0.597720564808697
"V3",0.280854223063216
"V4",0.499691228149459
"V5",0.884453633334488
"V6",4.95284172520041
"V7",2.49066085275263
