"names","vals"
"Intercept",-6.84716232534498
"y",0.0160637458320707
"V1",0.679089405806735
"V2",0.415123892715201
"V3",0.428576614242047
"V4",0.867141589289531
"V5",0.253897262969986
"V6",0.93928944808431
"V7",0.857292082393542
"V8",1.27232183981687
"V9",4.21531944163144
"V10",2.33778534457088
"V11",4.60846272297204
