"names","vals"
"Intercept",-10.6375900996593
"y",0.202276090160012
"V1",0.930609461851418
"V2",0.53635450406
"V3",0.679764145053923
"V4",0.812090572435409
"V5",0.230906101176515
"V6",0.966901264153421
"V7",0.279751188587397
"V8",0.386030607391149
"V9",1.01984846964478
"V10",4.99818573892117
"V11",3.93468874786049
"V12",3.49803672172129
"V13",2.19686136487871
