"names","vals"
"Intercept",-4.02831790059805
"y",0.426289939088747
"V1",0.956329222535715
"V2",0.561386801302433
"V3",0.165545706870034
"V4",0.639162028441206
"V5",0.294307766249403
"V6",3.17705379985273
"V7",2.66416730359197
