"names","vals"
"Intercept",-2.91372292453889
"y",0.595810742350295
"V1",0.870919518638402
"V2",0.998462609248236
"V3",0.641313736094162
"V4",0.964468724559993
"V5",0.0462117057759315
"V6",4.75112850405276
"V7",3.43526386655867
