"names","vals"
"Intercept",-2.98408648340497
"y",0.558056400856003
"V1",0.842383604263887
"V2",0.184778398601338
"V3",0.964211040176451
"V4",0.390488849254325
"V5",4.84817897900939
