"names","vals"
"Intercept",-5.15910302200355
"y",0.908424229361117
"V1",0.964152989443392
"V2",0.833987001795322
"V3",0.768745875917375
"V4",0.835003492888063
"V5",4.56447528116405
