"names","vals"
"Intercept",-8.99324748533778
"y",0.436244493583217
"V1",0.582384975627065
"V2",0.272648076061159
"V3",0.0747151297982782
"V4",0.344432827085257
"V5",0.828294890932739
"V6",0.808700953377411
"V7",0.970178561052307
"V8",0.526140514062718
"V9",1.18653637263924
"V10",2.4867020053789
"V11",4.74426072277129
"V12",1.69906488154083
"V13",4.80107847880572
