"names","vals"
"Intercept",-8.62048044749536
"y",0.269551378441975
"V1",0.863675657426938
"V2",0.643770136637613
"V3",0.885311517398804
"V4",0.45461021666415
"V5",0.153473443118855
"V6",0.970563154900447
"V7",0.691700727911666
"V8",0.436095635406673
"V9",3.0707061458379
"V10",1.4518464282155
"V11",2.49571872130036
"V12",3.62931037414819
"V13",4.50139259826392
