"names","vals"
"Intercept",-4.70973374188878
"y",0.863894508685917
"V1",0.580652709351853
"V2",0.784990265732631
"V3",0.814511522417888
"V4",0.471554324729368
"V5",0.331502975896001
"V6",0.643687236821279
"V7",4.41810272447765
"V8",1.95316497981548
"V9",4.23234468605369
