"names","vals"
"Intercept",-2.39977793123573
"y",0.270266383653507
"V1",0.774037260795012
"V2",0.223542135907337
"V3",0.293917646631598
"V4",0.918341361684725
"V5",3.32649629563093
