"names","vals"
"Intercept",-7.92606095724041
"y",0.107646430609748
"V1",0.794487319421023
"V2",0.716308649396524
"V3",0.45242714881897
"V4",0.545637594768777
"V5",0.377767767291516
"V6",0.962422153213993
"V7",0.862830532714725
"V8",1.8044286230579
"V9",3.87281925976276
"V10",1.65387546364218
"V11",3.66039256565273
