"names","vals"
"Intercept",-9.67712755179498
"y",0.0683277866337448
"V1",0.779243272496387
"V2",0.916619542753324
"V3",0.905984993092716
"V4",0.856940843863413
"V5",0.98022103891708
"V6",0.975186871597543
"V7",1.94632885046303
"V8",3.64128381665796
"V9",3.27093291375786
