"names","vals"
"Intercept",-9.15617666096892
"y",0.751301669515669
"V1",0.460372347384691
"V2",0.457164550665766
"V3",0.575030460488051
"V4",0.814343353267759
"V5",0.271952049806714
"V6",0.289448343683034
"V7",0.906027819262818
"V8",4.8049981566146
"V9",3.43791971541941
"V10",1.25183021277189
"V11",4.5540681835264
