"names","vals"
"Intercept",-7.98450734515209
"y",0.829102965071797
"V1",0.791972976876423
"V2",0.888940727338195
"V3",0.708613038063049
"V4",0.0875361172948033
"V5",0.490376530447975
"V6",0.311829004436731
"V7",0.450054796878248
"V8",1.81697533838451
"V9",4.91751952562481
"V10",2.61436047684401
"V11",1.50056066270918
