"names","vals"
"Intercept",-2.57829926482402
"y",0.134786741342396
"V1",0.455970292910933
"V2",0.88665683218278
"V3",0.603388280374929
"V4",0.4521614019759
"V5",4.84700732585043
