"names","vals"
"Intercept",-6.83363215900026
"y",0.651898123323917
"V1",0.149616370443255
"V2",0.753301755292341
"V3",0.909108926309273
"V4",0.910825240192935
"V5",0.974900864996016
"V6",0.857763041974977
"V7",2.53434985131025
"V8",4.81293950602412
"V9",2.98985208384693
