"names","vals"
"Intercept",-12.93097740022
"y",0.818284940673038
"V1",0.291431578109041
"V2",0.638750154525042
"V3",0.341040806612
"V4",0.754601567285135
"V5",0.724399100756273
"V6",0.152618387248367
"V7",0.87190380343236
"V8",0.781437731347978
"V9",3.30320262629539
"V10",1.76381542347372
"V11",4.13412539288402
"V12",2.28673490788788
"V13",3.2849063007161
