"names","vals"
"Intercept",-3.74563627014635
"y",0.249340483220294
"V1",0.144438218558207
"V2",0.249207440530881
"V3",0.99796119844541
"V4",0.806762035470456
"V5",3.9652999183163
