"names","vals"
"Intercept",-2.33811048960779
"y",0.66424703435041
"V1",0.918859387515113
"V2",0.361318636219949
"V3",0.0272856776136905
"V4",0.734276402974501
"V5",3.88080765586346
