"names","vals"
"Intercept",-8.2717618248472
"y",0.0450709282886237
"V1",0.420295157236978
"V2",0.0726724506821483
"V3",0.128815467236564
"V4",0.569937405642122
"V5",0.0502289617434144
"V6",0.965406076516956
"V7",0.845743589568883
"V8",0.29553544241935
"V9",3.49696614500135
"V10",2.68676572293043
"V11",3.13186353817582
"V12",1.89864804130048
"V13",3.80934469308704
