"names","vals"
"Intercept",-4.28302871170454
"y",0.249238564400002
"V1",0.142467599827796
"V2",0.0819798456504941
"V3",0.070199430687353
"V4",0.0970085572917014
"V5",0.329925178783014
"V6",0.585581977851689
"V7",4.10700534377247
"V8",2.49829046800733
"V9",1.30094415042549
