"names","vals"
"Intercept",-5.09891744199209
"y",0.838072490645573
"V1",0.577458240091801
"V2",0.644373854156584
"V3",0.47067402349785
"V4",0.885321028996259
"V5",0.84577961685136
"V6",0.184184615500271
"V7",2.19507556408644
"V8",3.22541876789182
"V9",4.89141855202615
