"names","vals"
"Intercept",-6.5430248524528
"y",0.301928153727204
"V1",0.425362330162898
"V2",0.266704742563888
"V3",0.665507284225896
"V4",0.353723142761737
"V5",0.339825942413881
"V6",1.92936614621431
"V7",4.61660047154874
