"names","vals"
"Intercept",-7.65986528225476
"y",0.760509063489735
"V1",0.071419786894694
"V2",0.687075447756797
"V3",0.573026285273954
"V4",0.869360350305215
"V5",0.680541651789099
"V6",0.269016052596271
"V7",0.629156896611676
"V8",0.439376948866993
"V9",4.16864549182355
"V10",4.37285826541483
"V11",2.1667110491544
"V12",1.80308500491083
"V13",2.82218765374273
