"names","vals"
"Intercept",-3.0727357298974
"y",0.738321472890675
"V1",0.678041605744511
"V2",0.212403955869377
"V3",0.568314393050969
"V4",0.15480834711343
"V5",3.2584241759032
