"names","vals"
"Intercept",-2.45843042144552
"y",0.0280741797760129
"V1",0.312128775985911
"V2",0.297794154612347
"V3",0.222980553284287
"V4",0.742816479178146
"V5",3.53759489580989
