"names","vals"
"Intercept",-3.14202978333924
"y",0.500698926858604
"V1",0.0420016183052212
"V2",0.480372741352767
"V3",0.350412705913186
"V4",0.256800754228607
"V5",0.653676990419626
"V6",4.04858504701406
"V7",3.25009632576257
