"names","vals"
"Intercept",-12.6927364548552
"y",0.922789909178391
"V1",0.424842943437397
"V2",0.433193459175527
"V3",0.0736829231027514
"V4",0.764610348269343
"V5",0.0264032320119441
"V6",0.468810632592067
"V7",0.704116844106466
"V8",0.630760171916336
"V9",4.72549544554204
"V10",2.46635768562555
"V11",3.87920076493174
"V12",1.18414216674864
"V13",3.4646369619295
