"names","vals"
"Intercept",-2.63823383336887
"y",0.0152684948407114
"V1",0.997808959335089
"V2",0.353311830665916
"V3",0.414166820468381
"V4",0.527070071315393
"V5",4.30611088778824
