"names","vals"
"Intercept",-8.38700838523917
"y",0.0190931677352637
"V1",0.19883623579517
"V2",0.897101411828771
"V3",0.81753037753515
"V4",0.42350933002308
"V5",0.211279557785019
"V6",0.686502208700404
"V7",0.689922271994874
"V8",0.0724656030070037
"V9",2.24388356879354
"V10",3.64563152659684
"V11",4.44488832633942
"V12",1.19156159646809
"V13",1.47575813997537
