"names","vals"
"Intercept",-2.07403440399561
"y",0.57545857061632
"V1",0.899258470628411
"V2",0.114726576954126
"V3",0.992211285978556
"V4",0.521966913249344
"V5",1.8490609806031
