"names","vals"
"Intercept",-3.95290573644452
"y",0.185976086650044
"V1",0.549845943925902
"V2",0.995708518195897
"V3",0.199811770115048
"V4",0.248290380230173
"V5",0.711105957161635
"V6",0.342724821995944
"V7",2.60232371836901
"V8",3.03150028735399
"V9",3.02466790471226
