"names","vals"
"Intercept",-9.89270566703053
"y",0.703296655789018
"V1",0.94043469009921
"V2",0.408206510357559
"V3",0.912711770739406
"V4",0.511236079968512
"V5",0.450361992698163
"V6",0.385119910584763
"V7",2.84282268304378
"V8",4.32521576527506
"V9",3.99108514003456
