"names","vals"
"Intercept",-2.6965806093486
"y",0.0612957414705306
"V1",0.12689044768922
"V2",0.805548551259562
"V3",0.158220885554329
"V4",0.739346284419298
"V5",2.7159104635939
