"names","vals"
"Intercept",-4.01309154143324
"y",0.801017442950979
"V1",0.278574181022123
"V2",0.994962867349386
"V3",0.807061800267547
"V4",0.0102375657297671
"V5",0.157720540650189
"V6",0.295357243157923
"V7",3.6956510739401
"V8",1.07783401757479
"V9",3.51442370191216
