"names","vals"
"Intercept",-6.14165300847962
"y",0.886397687252611
"V1",0.603389590978622
"V2",0.677754087140784
"V3",0.351565921679139
"V4",0.238361287396401
"V5",4.86884487699717
