"names","vals"
"Intercept",-1.62368219520431
"y",0.700541799422354
"V1",0.390425850870088
"V2",0.408556298119947
"V3",0.00514219352044165
"V4",0.978337825508788
"V5",2.18730940110981
