"names","vals"
"Intercept",-7.1166558795399
"y",0.598316284827888
"V1",0.746360376477242
"V2",0.365058455150574
"V3",0.0191210228949785
"V4",0.984362460905686
"V5",0.691705303266644
"V6",0.0544381502550095
"V7",2.27021830528975
"V8",2.00839460361749
"V9",3.9240153003484
