"names","vals"
"Intercept",-5.83765853070188
"y",0.963470858288929
"V1",0.64849425596185
"V2",0.381637624232098
"V3",0.629834704333916
"V4",0.830309866694734
"V5",0.0805218678433448
"V6",0.0263833643402904
"V7",2.23935702256858
"V8",4.62276097107679
"V9",3.28040515817702
