"names","vals"
"Intercept",-1.4292386183585
"y",0.546060492284596
"V1",0.64976250147447
"V2",0.282986802048981
"V3",0.428635860327631
"V4",0.214346471475437
"V5",1.58141185436398
