"names","vals"
"Intercept",-11.779401053451
"y",0.311266509117559
"V1",0.301882332889363
"V2",0.924501398811117
"V3",0.759001375176013
"V4",0.899766331771389
"V5",0.354285181965679
"V6",0.446575747104362
"V7",0.821911992039531
"V8",0.974182317964733
"V9",1.13660247717053
"V10",2.90719120483845
"V11",3.65611927490681
"V12",2.67746267654002
"V13",4.31542874593288
