"names","vals"
"Intercept",-6.03568479750538
"y",0.853041483554989
"V1",0.622296275105327
"V2",0.386124604614452
"V3",0.899941554525867
"V4",0.80591323133558
"V5",0.294812131673098
"V6",0.383320018881932
"V7",0.951641798950732
"V8",3.20074173435569
"V9",3.93868767097592
"V10",3.65982520207763
"V11",3.62907121609896
