"names","vals"
"Intercept",-9.45794168461813
"y",0.998673874419183
"V1",0.338249165331945
"V2",0.645514107542112
"V3",0.594404648290947
"V4",0.835909623419866
"V5",0.395393520826474
"V6",0.905657042050734
"V7",0.585562768159434
"V8",3.37930437736213
"V9",4.74917690176517
"V10",2.23428099416196
"V11",2.49855931196362
