"names","vals"
"Intercept",-6.50012812086381
"y",0.530047884676605
"V1",0.469152549281716
"V2",0.339474908541888
"V3",0.0562822904903442
"V4",0.943909749155864
"V5",0.18928875378333
"V6",0.630213888129219
"V7",4.85237116832286
"V8",4.06465356331319
"V9",3.56295795366168
