"names","vals"
"Intercept",-6.87374427588657
"y",0.904002218972892
"V1",0.510895545361564
"V2",0.778601126279682
"V3",0.638249200768769
"V4",0.743313039885834
"V5",0.918341760989279
"V6",0.947620146675035
"V7",4.53423045855016
"V8",3.24353397544473
"V9",2.43260220810771
