"names","vals"
"Intercept",-9.0802805929142
"y",0.849750270601362
"V1",0.36525054462254
"V2",0.936032221419737
"V3",0.832524346420541
"V4",0.58130146516487
"V5",0.951093829004094
"V6",0.926165758632123
"V7",0.40820159111172
"V8",0.82752254488878
"V9",2.52554848510772
"V10",1.8123816344887
"V11",3.81308598071337
"V12",2.22762806992978
"V13",4.19869247823954
