"names","vals"
"Intercept",-14.8550303948671
"y",0.805845215683803
"V1",0.30139794619754
"V2",0.0120604082476348
"V3",0.805139878764749
"V4",0.334468778688461
"V5",0.0740827608387917
"V6",0.358008445007727
"V7",0.300699615851045
"V8",0.900020413799211
"V9",4.93900589644909
"V10",3.50818816293031
"V11",3.80197004135698
"V12",3.99164028652012
"V13",4.13158518541604
