"names","vals"
"Intercept",-5.85916677175555
"y",0.0618242167402059
"V1",0.577165571041405
"V2",0.107040417613462
"V3",0.918935045832768
"V4",0.332371621625498
"V5",0.805664110463113
"V6",0.970193585148081
"V7",0.20242619770579
"V8",3.17061052843928
"V9",1.39260676689446
"V10",3.24383363407105
"V11",1.24341002106667
