"names","vals"
"Intercept",-6.21593050188851
"y",0.442463498562574
"V1",0.891414275858551
"V2",0.602021309779957
"V3",0.219311067368835
"V4",0.0292179614771158
"V5",0.611636014189571
"V6",1.68211873620749
"V7",4.35514528024942
