"names","vals"
"Intercept",-2.59647823049454
"y",0.38632973539643
"V1",0.449607526184991
"V2",0.672577731311321
"V3",0.806548403110355
"V4",0.491078132996336
"V5",1.59542486723512
