"names","vals"
"Intercept",-3.65387192216003
"y",0.796830964973196
"V1",0.78066749451682
"V2",0.320110699161887
"V3",0.0529091691132635
"V4",0.289928294485435
"V5",3.30648004077375
