"names","vals"
"Intercept",-9.48439365247032
"y",0.119375459849834
"V1",0.654683015774935
"V2",0.607653393177316
"V3",0.238497749203816
"V4",0.174203066155314
"V5",0.114369194721803
"V6",0.0826802062802017
"V7",0.335589028894901
"V8",2.87463232409209
"V9",3.33568420354277
"V10",4.16001129243523
"V11",2.50336929131299
