"names","vals"
"Intercept",-5.34553755117348
"y",0.16362294764258
"V1",0.00970242638140917
"V2",0.762933726422489
"V3",0.355420517968014
"V4",0.140139955095947
"V5",0.909769243793562
"V6",0.0764575889334083
"V7",2.15922164078802
"V8",2.45067632663995
"V9",2.3602100731805
