"names","vals"
"Intercept",-11.4246051686117
"y",0.133625281974673
"V1",0.936522330157459
"V2",0.85961712920107
"V3",0.899913409724832
"V4",0.95875292015262
"V5",0.711079148342833
"V6",0.527728071901947
"V7",0.943351494381204
"V8",2.39834913704544
"V9",2.7914680717513
"V10",4.90952316857874
"V11",4.36227691825479
