"names","vals"
"Intercept",-3.35693008479429
"y",0.303297324571759
"V1",0.201096483040601
"V2",0.275129335001111
"V3",0.418549778638408
"V4",0.282189451390877
"V5",0.157093990826979
"V6",0.248425683705136
"V7",3.15863149892539
"V8",3.00484182406217
"V9",4.50499426759779
