"names","vals"
"Intercept",-4.91382880285615
"y",0.748214000370353
"V1",0.239685231121257
"V2",0.702376252505928
"V3",0.757431941339746
"V4",0.0485866088420153
"V5",3.98279801756144
