"names","vals"
"Intercept",-8.54311062040739
"y",0.650230227503926
"V1",0.808365141507238
"V2",0.262967128772289
"V3",0.290043686982244
"V4",0.0579351338092238
"V5",0.349954691948369
"V6",3.63044099695981
"V7",4.59610955230892
