"names","vals"
"Intercept",-6.65997955130879
"y",0.898151074768975
"V1",0.197749907616526
"V2",0.528878132114187
"V3",0.0623999359086156
"V4",0.613740030676126
"V5",4.92627185210586
