"names","vals"
"Intercept",-3.85187989053084
"y",0.158533597365022
"V1",0.366698840167373
"V2",0.152445750776678
"V3",0.858974947594106
"V4",0.0658398061059415
"V5",0.510997846955433
"V6",0.851905137766153
"V7",2.62152527086437
"V8",1.85414706263691
"V9",2.84943133592606
