"names","vals"
"Intercept",-8.81319459687918
"y",0.707317851483822
"V1",0.653043356258422
"V2",0.535419177729636
"V3",0.49680770887062
"V4",0.223023183178157
"V5",0.938794184010476
"V6",0.159300832776353
"V7",0.967700712149963
"V8",3.45737237017602
"V9",4.69695326499641
"V10",2.16768548078835
"V11",3.9958971934393
