"names","vals"
"Intercept",-10.5749545796774
"y",0.926339962519705
"V1",0.522508909460157
"V2",0.645150299416855
"V3",0.436176339164376
"V4",0.582798566902056
"V5",0.387419614009559
"V6",0.933856632560492
"V7",0.402754145674407
"V8",0.366362240863964
"V9",3.01694464869797
"V10",4.43289737403393
"V11",1.75826848391443
"V12",4.92616876401007
"V13",2.14233879093081
