"names","vals"
"Intercept",-2.76502263633069
"y",0.86369121982716
"V1",0.216446724720299
"V2",0.994250099174678
"V3",0.814448182703927
"V4",0.260778290685266
"V5",0.383696939330548
"V6",0.28841375792399
"V7",1.55732821207494
"V8",1.65867627132684
"V9",3.73997765593231
