"names","vals"
"Intercept",-10.1032793098944
"y",0.952792889205739
"V1",0.986585737206042
"V2",0.554764603963122
"V3",0.74753872747533
"V4",0.830042079323903
"V5",0.716507592005655
"V6",0.675688235787675
"V7",0.937821608502418
"V8",0.455521373776719
"V9",1.70146072562784
"V10",3.55797944683582
"V11",3.71298931073397
"V12",3.54464464448392
"V13",3.48640053439885
