"names","vals"
"Intercept",-10.5029971477366
"y",0.290254838997498
"V1",0.357981852255762
"V2",0.880672598490492
"V3",0.4950870370958
"V4",0.272229933645576
"V5",0.509627175750211
"V6",0.540831110440195
"V7",0.00478109391406178
"V8",2.83641199022532
"V9",4.80844332929701
"V10",2.99269302468747
"V11",4.87906493525952
