"names","vals"
"Intercept",-8.41947534298524
"y",0.417481064097956
"V1",0.954035163624212
"V2",0.413007545284927
"V3",0.63197279535234
"V4",0.429190509952605
"V5",0.0163197005167603
"V6",0.0227616252377629
"V7",0.819229919463396
"V8",2.59825748670846
"V9",3.47243420034647
"V10",1.6731440667063
"V11",1.86742656677961
