"names","vals"
"Intercept",-10.6263026268408
"y",0.447354270843789
"V1",0.633152696304023
"V2",0.786813015583903
"V3",0.380846071522683
"V4",0.595572900492698
"V5",0.334059474524111
"V6",0.728123995475471
"V7",0.561780656687915
"V8",1.89789195731282
"V9",4.60595039650798
"V10",4.64685019012541
"V11",4.85394594818354
