"names","vals"
"Intercept",-3.98657021413092
"y",0.799037705175579
"V1",0.112451440421864
"V2",0.732268004212528
"V3",0.768039821181446
"V4",0.846192615106702
"V5",2.26375074870884
