"names","vals"
"Intercept",-7.23053729620297
"y",0.317713989876211
"V1",0.017209023470059
"V2",0.0079854701180011
"V3",0.150650449795648
"V4",0.0886944169178605
"V5",0.926548580173403
"V6",0.0876580157782882
"V7",0.25831332965754
"V8",2.36073854845017
"V9",2.73915478028357
"V10",1.9069846989587
"V11",1.81341811083257
