"names","vals"
"Intercept",-3.84521048718598
"y",0.957986766006798
"V1",0.352155376691371
"V2",0.528229547897354
"V3",0.102514080470428
"V4",0.317110159201548
"V5",0.337525918381289
"V6",2.82357814349234
"V7",3.78815200179815
