"names","vals"
"Intercept",-8.91551850431133
"y",0.192268586717546
"V1",0.787734178360552
"V2",0.990031217690557
"V3",0.111877114046365
"V4",0.597846501506865
"V5",0.775181107455865
"V6",0.646614462835714
"V7",0.847583787282929
"V8",0.382075869012624
"V9",3.29781841579825
"V10",2.50848038587719
"V11",1.02236264757812
"V12",2.16993155237287
"V13",1.52533626183867
