"names","vals"
"Intercept",-9.48810938770417
"y",0.0644464618526399
"V1",0.0477807512506843
"V2",0.851003280607983
"V3",0.832218911964446
"V4",0.0891830646432936
"V5",0.898294895188883
"V6",0.323873693821952
"V7",0.434277283260599
"V8",0.628431742079556
"V9",3.84894850011915
"V10",2.56489900685847
"V11",1.62266172654927
"V12",2.96443976089358
"V13",2.52091619651765
