"names","vals"
"Intercept",-3.73499359047273
"y",0.52661223243922
"V1",0.497901604278013
"V2",0.449654502794147
"V3",0.282056608702987
"V4",0.0160972462035716
"V5",0.97969267796725
"V6",1.5640553869307
"V7",3.90763051342219
