"names","vals"
"Intercept",-8.98460688953055
"y",0.413625983987004
"V1",0.761771030956879
"V2",0.425200546393171
"V3",0.1193284727633
"V4",0.218235078267753
"V5",0.897124989889562
"V6",0.633984076557681
"V7",4.33705358766019
"V8",2.88325407635421
"V9",3.58931641932577
