"names","vals"
"Intercept",-6.30209864015691
"y",0.475323253078386
"V1",0.734010151121765
"V2",0.676393439527601
"V3",0.811648555099964
"V4",0.439874742878601
"V5",0.257065589074045
"V6",0.335650451248512
"V7",4.10432374663651
"V8",2.34376614354551
"V9",3.00989567860961
