"names","vals"
"Intercept",-9.61378497759812
"y",0.211793139576912
"V1",0.302167328773066
"V2",0.0917385960929096
"V3",0.451531363883987
"V4",0.525769734289497
"V5",0.834303345996886
"V6",0.511915345443413
"V7",0.469816389959306
"V8",2.68352764472365
"V9",3.61334868054837
"V10",3.4096988402307
"V11",1.70018244441599
