"names","vals"
"Intercept",-5.49855122018606
"y",0.0257868913467973
"V1",0.570370111847296
"V2",0.47561464109458
"V3",0.0924407010897994
"V4",0.559599397936836
"V5",0.373998042894527
"V6",0.439488663338125
"V7",3.34122067596763
"V8",3.55504886060953
"V9",1.66557360999286
