"names","vals"
"Intercept",-5.68590648109559
"y",0.540048781316727
"V1",0.288256675004959
"V2",0.215815756237134
"V3",0.417993945535272
"V4",0.865587703883648
"V5",0.380816312972456
"V6",0.190427315887064
"V7",4.58347542397678
"V8",2.41385489422828
"V9",4.39758920297027
