"names","vals"
"Intercept",-2.55588730006712
"y",0.419876839965582
"V1",0.346661241725087
"V2",0.373918440425768
"V3",0.82390310917981
"V4",0.366078420542181
"V5",1.83681388571858
