"names","vals"
"Intercept",-3.64645545064239
"y",0.50359832146205
"V1",0.680268819211051
"V2",0.370651051634923
"V3",0.562233860138804
"V4",0.957736430224031
"V5",0.389267913997173
"V6",0.851274038897827
"V7",0.485137531999499
"V8",1.71621199883521
"V9",1.03630259539932
"V10",4.2662993259728
"V11",3.12672028969973
