"names","vals"
"Intercept",-1.31883830969455
"y",0.287130938842893
"V1",0.0987857861910015
"V2",0.709073781268671
"V3",0.130131310550496
"V4",0.0752615942619741
"V5",2.08633187785745
