"names","vals"
"Intercept",-12.1102996786009
"y",0.728569835890085
"V1",0.461598560214043
"V2",0.636925912927836
"V3",0.929364209296182
"V4",0.204246972454712
"V5",0.966884995345026
"V6",0.890492726350203
"V7",0.623297640588135
"V8",0.494445378193632
"V9",1.41163220815361
"V10",3.35118498280644
"V11",1.57079698611051
"V12",4.77887495979667
"V13",4.72821607347578
