"names","vals"
"Intercept",-8.6167463849904
"y",0.0770432541612536
"V1",0.782416970469058
"V2",0.505335440626368
"V3",0.952788354363292
"V4",0.0993063123896718
"V5",0.459405270172283
"V6",0.0695925811305642
"V7",0.40152695775032
"V8",0.518333641113713
"V9",1.30222470127046
"V10",4.85560690518469
"V11",2.66367451101542
"V12",1.99090667348355
"V13",2.77367963828146
