"names","vals"
"Intercept",-11.3481603608234
"y",0.787328823469579
"V1",0.726992833893746
"V2",0.710020092781633
"V3",0.901739692315459
"V4",0.574555641273037
"V5",0.703863985138014
"V6",0.456688344711438
"V7",0.569488198729232
"V8",0.999939417932183
"V9",2.00303611252457
"V10",2.39790724497288
"V11",1.08831440284848
"V12",4.50297093763947
"V13",3.35997915454209
