"names","vals"
"Intercept",-7.22226542343851
"y",0.88350454508327
"V1",0.266455802600831
"V2",0.392619868041947
"V3",0.733023757347837
"V4",0.578687163302675
"V5",0.931872771587223
"V6",0.428865501657128
"V7",0.230570319807157
"V8",1.92081719916314
"V9",3.0659961886704
"V10",4.91949020233005
"V11",4.86989397834986
