"names","vals"
"Intercept",-3.40970255414722
"y",0.494238211074844
"V1",0.609752662945539
"V2",0.476341029861942
"V3",0.0581866239663213
"V4",0.33827588101849
"V5",0.100780524080619
"V6",4.87784003466368
"V7",1.69992169179022
