"names","vals"
"Intercept",-9.0137103272113
"y",0.110505265183747
"V1",0.234285010956228
"V2",0.294175763847306
"V3",0.140044734347612
"V4",0.0525405525695533
"V5",0.165478984359652
"V6",0.517987361643463
"V7",0.885179644683376
"V8",0.804436741862446
"V9",2.12879721540958
"V10",4.51390252541751
"V11",1.67557650897652
"V12",1.83715537190437
"V13",2.00426045060158
