"names","vals"
"Intercept",-0.56010453713825
"y",0.27220233110711
"V1",0.322451858315617
"V2",0.275833902414888
"V3",0.64397433004342
"V4",0.0308406967669725
"V5",1.15354143083096
