"names","vals"
"Intercept",-8.43801751833875
"y",0.599487645551562
"V1",0.585733558284119
"V2",0.913251091260463
"V3",0.332136543467641
"V4",0.993065156973898
"V5",0.560409765923396
"V6",0.138065255247056
"V7",0.973422976909205
"V8",0.202078252797946
"V9",3.1094308141619
"V10",2.42693498171866
"V11",1.94092013780028
"V12",3.1488589765504
"V13",2.13866171985865
