"names","vals"
"Intercept",-3.05510038613575
"y",0.716660394798964
"V1",0.73110462911427
"V2",0.435104301432148
"V3",0.0712672180961818
"V4",0.102162941824645
"V5",0.158619065536186
"V6",3.07091000210494
"V7",3.40268002729863
