"names","vals"
"Intercept",-7.15634066533297
"y",0.222158626187593
"V1",0.0606468417681754
"V2",0.755283307516947
"V3",0.8190933233127
"V4",0.0549643638078123
"V5",0.167354968143627
"V6",0.572934473166242
"V7",0.454807369271293
"V8",1.54058798123151
"V9",3.41851225215942
"V10",4.05871322285384
"V11",3.64020739868283
