"names","vals"
"Intercept",-8.65546482133214
"y",0.550054938532412
"V1",0.434835996711627
"V2",0.27736079483293
"V3",0.0255818641744554
"V4",0.104620144702494
"V5",0.852934490889311
"V6",0.222163138445467
"V7",0.234981758520007
"V8",3.17361193243414
"V9",4.24559864215553
"V10",4.00683842599392
"V11",3.20003301557153
