"names","vals"
"Intercept",-8.36282290555537
"y",0.714527157135308
"V1",0.12738567753695
"V2",0.807341892970726
"V3",0.391392627730966
"V4",0.29051915416494
"V5",0.329876548610628
"V6",0.309646434849128
"V7",1.16337467450649
"V8",4.88099029939622
"V9",1.93019403982908
