"names","vals"
"Intercept",-9.16158206942491
"y",0.584536063252017
"V1",0.118155747884884
"V2",0.0916824685409665
"V3",0.306949196150526
"V4",0.498659885022789
"V5",0.439074658323079
"V6",0.451952154748142
"V7",0.790737184230238
"V8",0.88815332390368
"V9",3.59544052369893
"V10",2.10181461181492
"V11",2.97416918165982
"V12",3.12823174148798
"V13",2.05847120285034
