"names","vals"
"Intercept",-2.58038992140675
"y",0.266463999636471
"V1",0.230815839255229
"V2",0.0366189745254815
"V3",0.880794179625809
"V4",0.129420586628839
"V5",4.0416213478893
