"names","vals"
"Intercept",-3.98362500529736
"y",0.112689590780064
"V1",0.867531622992828
"V2",0.380517237819731
"V3",0.344416662119329
"V4",0.960947343148291
"V5",3.78188909962773
