"names","vals"
"Intercept",-6.06423892476596
"y",0.0690791003871709
"V1",0.946856803959236
"V2",0.346915686968714
"V3",0.401132789673284
"V4",0.865657354239374
"V5",0.312177856918424
"V6",0.910401769215241
"V7",0.521374096162617
"V8",0.0821875317487866
"V9",1.4088231921196
"V10",2.7018627487123
"V11",4.40692914556712
"V12",2.30829207692295
"V13",3.91453907359391
