"names","vals"
"Intercept",-8.4147127498989
"y",0.161519532790408
"V1",0.748860321007669
"V2",0.314689981285483
"V3",0.6797625340987
"V4",0.652795092202723
"V5",0.273535889573395
"V6",0.633023738162592
"V7",0.395297056529671
"V8",0.373367610620335
"V9",1.23962491843849
"V10",2.2167805545032
"V11",4.72652882058173
"V12",2.34027142263949
"V13",1.87107482273132
