"names","vals"
"Intercept",-3.63687055747723
"y",0.352889812784269
"V1",0.632138094166294
"V2",0.350733736995608
"V3",0.827689921949059
"V4",0.75211528269574
"V5",0.59666743548587
"V6",0.971168878953904
"V7",3.14163685590029
"V8",1.03760809451342
"V9",4.6638224972412
