"names","vals"
"Intercept",-1.81641010477906
"y",0.100769568467513
"V1",0.357525453902781
"V2",0.84373512561433
"V3",0.725982788018882
"V4",0.271058738231659
"V5",2.70548117626458
