"names","vals"
"Intercept",-9.10153688371647
"y",0.837036123499274
"V1",0.724921250715852
"V2",0.796457619173452
"V3",0.820220640394837
"V4",0.116710634669289
"V5",0.967935014748946
"V6",0.91910996590741
"V7",3.44203839078546
"V8",4.08570009097457
"V9",1.335235231556
