"names","vals"
"Intercept",-1.30219418415567
"y",0.409345980500802
"V1",0.40765886218287
"V2",0.0606096596457064
"V3",0.711836331058294
"V4",0.700560017023236
"V5",1.38166786450893
