"names","vals"
"Intercept",-8.61035579643678
"y",0.963427347596735
"V1",0.59088198794052
"V2",0.576730781700462
"V3",0.33142069214955
"V4",0.236398651264608
"V5",0.971749630989507
"V6",0.435746035305783
"V7",4.26002642232925
"V8",4.41677286662161
"V9",1.04520624317229
