"names","vals"
"Intercept",-4.22785671264399
"y",0.42757277819328
"V1",0.677710876567289
"V2",0.475936676375568
"V3",0.177734233438969
"V4",0.723638140130788
"V5",0.202521758386865
"V6",0.0926059824414551
"V7",0.915424935286865
"V8",3.89596466626972
"V9",2.89868336543441
"V10",3.52053994033486
"V11",4.50600899662822
