"names","vals"
"Intercept",-8.5547162556788
"y",0.615337924333289
"V1",0.49297425034456
"V2",0.806078628171235
"V3",0.88198123103939
"V4",0.437078517396003
"V5",0.823711816919968
"V6",0.543268759734929
"V7",0.937017195625231
"V8",1.29408610519022
"V9",1.21126084215939
"V10",4.64709985721856
"V11",4.36020573228598
