"names","vals"
"Intercept",-6.55076608244795
"y",0.992237339960411
"V1",0.505634736968204
"V2",0.243132282979786
"V3",0.498147281352431
"V4",0.134543214226142
"V5",0.120257158530876
"V6",0.203318380983546
"V7",4.40450942423195
"V8",2.95950740203261
"V9",1.60098266322166
