"names","vals"
"Intercept",-3.39130692715757
"y",0.396107741165906
"V1",0.645604939665645
"V2",0.288163873367012
"V3",0.487367189722136
"V4",0.441216311650351
"V5",0.862680413527414
"V6",4.2278239922598
"V7",1.1867884779349
