"names","vals"
"Intercept",-6.280008006352
"y",0.76108083082363
"V1",0.751961015863344
"V2",0.0376928318291903
"V3",0.573884852929041
"V4",0.1780602382496
"V5",0.131929469527677
"V6",0.438128812471405
"V7",0.436353043653071
"V8",2.16505314223468
"V9",3.86612141784281
"V10",2.01844599843025
"V11",3.51360567286611
