"names","vals"
"Intercept",-9.93491463202983
"y",0.978468080516905
"V1",0.940617299405858
"V2",0.568019547034055
"V3",0.30307767749764
"V4",0.398142811376601
"V5",0.963497169781476
"V6",0.581064326455817
"V7",0.410707571078092
"V8",0.618867480894551
"V9",2.9806819325313
"V10",4.53099473379552
"V11",3.75327333528548
"V12",1.06473101768643
"V13",2.29985210672021
