"names","vals"
"Intercept",-6.25466601654422
"y",0.405315395910293
"V1",0.453650632640347
"V2",0.53710105875507
"V3",0.559176717186347
"V4",0.804526144871488
"V5",0.672201093053445
"V6",0.974381261272356
"V7",2.69317111745477
"V8",1.67171857692301
"V9",1.52130949124694
