"names","vals"
"Intercept",-5.92188573030522
"y",0.545453808503225
"V1",0.313226242549717
"V2",0.805215344997123
"V3",0.0740384275559336
"V4",0.783459122758359
"V5",4.47519827913493
