"names","vals"
"Intercept",-6.0458492346108
"y",0.663934743497521
"V1",0.642614957410842
"V2",0.199143937323242
"V3",0.0739542024675757
"V4",0.889867147896439
"V5",0.785510293906555
"V6",0.86915023997426
"V7",1.89852175395936
"V8",2.34292100649327
"V9",2.24495330452919
