"names","vals"
"Intercept",-10.573694299045
"y",0.317355987615883
"V1",0.691081278957427
"V2",0.922240945976228
"V3",0.719449346419424
"V4",0.782870965311304
"V5",0.93411949602887
"V6",0.790590502787381
"V7",4.08676943928003
"V8",2.91597520094365
"V9",3.63053910154849
