"names","vals"
"Intercept",-5.59464542209636
"y",0.475663916906342
"V1",0.759112825151533
"V2",0.445205771597102
"V3",0.344355575041845
"V4",0.546589544508606
"V5",0.0830450137145817
"V6",4.82374090421945
"V7",2.5855037169531
