"names","vals"
"Intercept",-4.76769708221545
"y",0.549138753907755
"V1",0.739275924162939
"V2",0.710359979886562
"V3",0.849693296477199
"V4",0.509678164962679
"V5",3.76123537681997
