"names","vals"
"Intercept",-4.92404621411115
"y",0.379174806410447
"V1",0.473306212108582
"V2",0.513547439826652
"V3",0.554496475961059
"V4",0.494648198597133
"V5",0.659927334403619
"V6",1.79689166601747
"V7",4.4776166845113
