"names","vals"
"Intercept",-7.62443370750407
"y",0.0684663830325007
"V1",0.180583859793842
"V2",0.343880346976221
"V3",0.964182821568102
"V4",0.832914738217369
"V5",0.396309843286872
"V6",0.912166142370552
"V7",4.61848552525043
"V8",3.78463579528034
"V9",4.11522316001356
