"names","vals"
"Intercept",-7.33561122072861
"y",0.474601546768099
"V1",0.743608384625986
"V2",0.390723251970485
"V3",0.5847699388396
"V4",0.423064505448565
"V5",0.22938706795685
"V6",3.74690113030374
"V7",4.9044153559953
