"names","vals"
"Intercept",-9.25273932164069
"y",0.771108404267579
"V1",0.286916316021234
"V2",0.423153312876821
"V3",0.16150900349021
"V4",0.684167155530304
"V5",0.00429791514761746
"V6",0.0344704145099968
"V7",0.622757107485086
"V8",2.95199379883707
"V9",3.84918884560466
"V10",4.89948662929237
"V11",4.85341348312795
