"names","vals"
"Intercept",-4.76057590374723
"y",0.681994704762474
"V1",0.139441423583776
"V2",0.738304689526558
"V3",0.863892537541687
"V4",0.513538631843403
"V5",0.832627348368987
"V6",2.93656764645129
"V7",4.00121123250574
