"names","vals"
"Intercept",-7.78120006597368
"y",0.776428019162267
"V1",0.913144795922562
"V2",0.304253859678283
"V3",0.751585446763784
"V4",0.703717645024881
"V5",0.502414530143142
"V6",0.889437025180086
"V7",0.59233604837209
"V8",1.60675635095686
"V9",2.09127062745392
"V10",2.98844247683883
"V11",3.58132014330477
