"names","vals"
"Intercept",-4.90423694120254
"y",0.520553827518597
"V1",0.481360998935997
"V2",0.0754093006253242
"V3",0.95051727280952
"V4",0.300902141258121
"V5",0.700802769511938
"V6",2.84249460324645
"V7",1.47959948517382
