"names","vals"
"Intercept",-4.65437610901427
"y",0.2311007513199
"V1",0.465144974179566
"V2",0.190412457333878
"V3",0.175535461865366
"V4",0.269874834921211
"V5",0.309219943359494
"V6",0.305536981672049
"V7",0.483726113568991
"V8",1.53619575221092
"V9",3.48711487930268
"V10",1.60800127126276
"V11",4.07388189062476
