"names","vals"
"Intercept",-11.0487320111226
"y",0.0332829160615802
"V1",0.159675077069551
"V2",0.360227033495903
"V3",0.301496746717021
"V4",0.974219379713759
"V5",0.793042433680966
"V6",0.156115083023906
"V7",0.759570164140314
"V8",0.0698433634825051
"V9",2.36982666701078
"V10",3.63757443148643
"V11",3.18170014116913
"V12",3.31973375286907
"V13",4.8327556066215
