"names","vals"
"Intercept",-3.57006402621046
"y",0.0721238814294338
"V1",0.165059033082798
"V2",0.363534083589911
"V3",0.450264494633302
"V4",0.712229762692004
"V5",2.49652413558215
