"names","vals"
"Intercept",-4.46449488898274
"y",0.466341371415183
"V1",0.000930245965719223
"V2",0.461275623179972
"V3",0.164256028831005
"V4",0.206063225865364
"V5",0.264091811608523
"V6",0.414881700649858
"V7",0.249232223490253
"V8",1.92243823222816
"V9",2.70119642093778
"V10",3.70743343047798
"V11",2.48731325287372
