"names","vals"
"Intercept",-9.69881181323435
"y",0.058055964531377
"V1",0.628155563259497
"V2",0.265607066452503
"V3",0.0997632981743664
"V4",0.614499268820509
"V5",0.434538587927818
"V6",0.825900927884504
"V7",0.0161446118727326
"V8",4.05748831294477
"V9",3.87019029259682
"V10",3.96814873721451
"V11",2.30787253752351
