"names","vals"
"Intercept",-6.27962307875976
"y",0.670015620533377
"V1",0.714453069726005
"V2",0.786928237648681
"V3",0.848449270240963
"V4",0.606767403893173
"V5",0.672325012041256
"V6",0.478348132222891
"V7",0.0207113020587713
"V8",4.10410148929805
"V9",3.54403526242822
"V10",1.07926436234266
"V11",2.0823912313208
