"names","vals"
"Intercept",-3.20798999507679
"y",0.585789058124647
"V1",0.570602353196591
"V2",0.0646460675634444
"V3",0.665541741997004
"V4",0.984964903909713
"V5",3.55964094214141
