"names","vals"
"Intercept",-1.53267727071187
"y",0.396910999668762
"V1",0.856411392567679
"V2",0.00734220142476261
"V3",0.883964189793915
"V4",0.748147330246866
"V5",1.4496945021674
