"names","vals"
"Intercept",-5.39326075902209
"y",0.66476277820766
"V1",0.0202275170013309
"V2",0.61510509881191
"V3",0.953056443948299
"V4",0.31204544682987
"V5",0.34159763995558
"V6",0.251035988796502
"V7",4.11184794455767
"V8",3.71645145770162
"V9",1.73486053943634
