"names","vals"
"Intercept",-8.11581520650769
"y",0.941390529973432
"V1",0.452531874412671
"V2",0.78598896577023
"V3",0.0466722247656435
"V4",0.267793086124584
"V5",0.96700905286707
"V6",0.124830054584891
"V7",3.11907775513828
"V8",4.67952944710851
"V9",1.01756113674492
