"names","vals"
"Intercept",-7.2635400593211
"y",0.019734974950552
"V1",0.364497568225488
"V2",0.809820690890774
"V3",0.765888508874923
"V4",0.689427101518959
"V5",0.337233906844631
"V6",0.88838678970933
"V7",0.378190723946318
"V8",0.599051722791046
"V9",2.02268991339952
"V10",4.30532992258668
"V11",1.31359529308975
"V12",1.40471477992833
"V13",3.97521857637912
