"names","vals"
"Intercept",-4.54055000790162
"y",0.139797666342929
"V1",0.24246348044835
"V2",0.333449268480763
"V3",0.161544075468555
"V4",0.490730264224112
"V5",0.830320443725213
"V6",0.629516766872257
"V7",4.90962116140872
"V8",3.53281589969993
"V9",2.80027802009135
