"names","vals"
"Intercept",-2.62366826729383
"y",0.491012821905315
"V1",0.457379611441866
"V2",0.489269817946479
"V3",0.915594408055767
"V4",0.346632971195504
"V5",3.09415784105659
