"names","vals"
"Intercept",-1.89732382414164
"y",0.0550625321920961
"V1",0.241936523467302
"V2",0.763861513929442
"V3",0.560106726363301
"V4",0.378165116533637
"V5",0.333806603914127
"V6",4.93977010529488
"V7",1.11396522726864
