"names","vals"
"Intercept",-4.39259355682647
"y",0.659751567291096
"V1",0.205181096214801
"V2",0.0460261479020119
"V3",0.618697950616479
"V4",0.615931901847944
"V5",0.694476052420214
"V6",0.139744765125215
"V7",2.62087571434677
"V8",1.99077945202589
"V9",2.02430745959282
