"names","vals"
"Intercept",-8.08824630345916
"y",0.0970877348445356
"V1",0.995834635104984
"V2",0.961760856444016
"V3",0.687818403122947
"V4",0.0250794210005552
"V5",0.697390407789499
"V6",3.53163242153823
"V7",4.26031119562685
