"names","vals"
"Intercept",-6.56666420529131
"y",0.906158371828496
"V1",0.0922176004387438
"V2",0.506337414961308
"V3",0.36066056182608
"V4",0.543573904084042
"V5",0.213998576626182
"V6",0.0676369483117014
"V7",3.31173058133572
"V8",2.17080691456795
"V9",3.94370987266302
