"names","vals"
"Intercept",-9.95747171116527
"y",0.778827885398641
"V1",0.833479826105759
"V2",0.646554108941928
"V3",0.73243325133808
"V4",0.480487175285816
"V5",0.677252800669521
"V6",0.927717399550602
"V7",0.166198201943189
"V8",1.78732939716429
"V9",3.2822068342939
"V10",2.50896012783051
"V11",3.37425697222352
