"names","vals"
"Intercept",-1.88580916640349
"y",0.54250182909891
"V1",0.408186258981004
"V2",0.0283010702114552
"V3",0.220716974698007
"V4",0.190082381712273
"V5",2.45693213492632
