"names","vals"
"Intercept",-4.37448978238739
"y",0.289911242434755
"V1",0.460976787144318
"V2",0.397866532439366
"V3",0.804769323440269
"V4",0.379384294617921
"V5",4.73804051894695
