"names","vals"
"Intercept",-2.75871784120798
"y",0.812004846287891
"V1",0.409735058667138
"V2",0.0593794360756874
"V3",0.112468470353633
"V4",0.445652234600857
"V5",3.19944802299142
