"names","vals"
"Intercept",-15.5442063578754
"y",0.732644159346819
"V1",0.40845975256525
"V2",0.265432872110978
"V3",0.729640248930082
"V4",0.21460488718003
"V5",0.0569368163123727
"V6",0.800120122963563
"V7",0.835242246743292
"V8",0.170164119219407
"V9",2.55391468759626
"V10",2.51042796298862
"V11",4.33090445306152
"V12",4.64405937492847
"V13",3.59555931109935
