"names","vals"
"Intercept",-10.0696954194549
"y",0.947345209075138
"V1",0.66368783521466
"V2",0.992658463772386
"V3",0.883122595958412
"V4",0.75363123533316
"V5",0.969661509850994
"V6",0.543940893141553
"V7",0.799822461791337
"V8",2.77817964926362
"V9",1.61006489954889
"V10",4.92406595870852
"V11",3.6043457435444
