"names","vals"
"Intercept",-12.1754398610862
"y",0.616819911403582
"V1",0.984534028917551
"V2",0.322798730339855
"V3",0.744284510146827
"V4",0.592869955813512
"V5",0.579095383640379
"V6",0.000933304894715548
"V7",0.689752968261018
"V8",0.399045756552368
"V9",3.87003177497536
"V10",2.60189092159271
"V11",3.68640665337443
"V12",1.00177825521678
"V13",4.65365021675825
