"names","vals"
"Intercept",-2.74402892298531
"y",0.960913230199367
"V1",0.000625882996246219
"V2",0.143973028287292
"V3",0.158277776325122
"V4",0.591686193831265
"V5",0.0545492654200643
"V6",0.0855171210132539
"V7",2.77048559859395
"V8",3.60550486017019
"V9",1.50135196652263
