"names","vals"
"Intercept",-2.53574798481073
"y",0.303281247615814
"V1",0.261760026449338
"V2",0.19667103770189
"V3",0.341778356581926
"V4",0.572262792149559
"V5",3.05647773854434
