"names","vals"
"Intercept",-5.72842903607059
"y",0.572698949603364
"V1",0.774400407681242
"V2",0.969763183500618
"V3",0.391454769764096
"V4",0.405890837544575
"V5",0.0875179609283805
"V6",0.473211640492082
"V7",1.18744958285242
"V8",2.04683302063495
"V9",3.46492716763169
