"names","vals"
"Intercept",-7.27295310525224
"y",0.0228818987961859
"V1",0.790361533639953
"V2",0.256463917903602
"V3",0.815012461971492
"V4",0.683810159796849
"V5",0.372269090730697
"V6",0.0647177631035447
"V7",2.44938858691603
"V8",4.66254007443786
"V9",3.48495857790112
