"names","vals"
"Intercept",-7.39369870604947
"y",0.999745757086203
"V1",0.473377259913832
"V2",0.917685609078035
"V3",0.839652645634487
"V4",0.966163523495197
"V5",0.91926861088723
"V6",0.531341401627287
"V7",4.8683943618089
"V8",2.97716756444424
"V9",4.11731590051204
