"names","vals"
"Intercept",-7.59294654672034
"y",0.444266800303012
"V1",0.360140468925238
"V2",0.640019083861262
"V3",0.299069068627432
"V4",0.315103155327961
"V5",0.456465051276609
"V6",0.158072031568736
"V7",0.654809175757691
"V8",0.727912697009742
"V9",3.22257273178548
"V10",2.05063304305077
"V11",2.07036179210991
"V12",2.4463522862643
"V13",4.59164815582335
