"names","vals"
"Intercept",-14.1623361503007
"y",0.828341503394768
"V1",0.590758329257369
"V2",0.381520888768137
"V3",0.7897398408968
"V4",0.0876554700080305
"V5",0.787058765999973
"V6",0.27334496891126
"V7",0.919210935942829
"V8",0.478935931110755
"V9",3.20027674175799
"V10",3.63567169290036
"V11",4.67535561975092
"V12",2.89170247595757
"V13",1.16736163664609
