"names","vals"
"Intercept",-2.51097730960464
"y",0.747175051597878
"V1",0.20122285746038
"V2",0.657728577265516
"V3",0.115984355565161
"V4",0.558185969246551
"V5",0.282978121424094
"V6",0.655621618498117
"V7",2.0656316485256
"V8",4.74781177844852
"V9",1.8836436374113
