"names","vals"
"Intercept",-6.74395101010567
"y",0.235330295516178
"V1",0.16326005011797
"V2",0.0530778632964939
"V3",0.261757615720853
"V4",0.668143485672772
"V5",0.157827927032486
"V6",0.190173769835383
"V7",0.213842327240855
"V8",1.45813130587339
"V9",3.96273912023753
"V10",4.71670559793711
"V11",1.33517205435783
