"names","vals"
"Intercept",-3.06770479817875
"y",0.699255465297028
"V1",0.843187840655446
"V2",0.788342291023582
"V3",0.531483288388699
"V4",0.412842235760763
"V5",1.46879542898387
