"names","vals"
"Intercept",-7.5500629353663
"y",0.554326524725184
"V1",0.00171338371001184
"V2",0.47961386339739
"V3",0.417386321350932
"V4",0.802324692951515
"V5",0.495975620811805
"V6",0.970541902817786
"V7",0.847975081996992
"V8",0.342271233908832
"V9",1.26707138307393
"V10",4.30514635238796
"V11",4.12966157589108
"V12",2.8665171423927
"V13",1.34781236480922
