"names","vals"
"Intercept",-1.05556798359612
"y",0.41766682616435
"V1",0.00224372535012662
"V2",0.744661699980497
"V3",0.0266312442254275
"V4",0.991368068847805
"V5",0.146064110798761
"V6",1.11635126266629
"V7",2.5001003947109
