"names","vals"
"Intercept",-7.40159268830903
"y",0.974301633890718
"V1",0.792384364642203
"V2",0.582677923375741
"V3",0.0973136557731777
"V4",0.480404941365123
"V5",0.534399391151965
"V6",4.40682672150433
"V7",1.68427431117743
