"names","vals"
"Intercept",-2.9648429233022
"y",0.645965254632756
"V1",0.990544040687382
"V2",0.390220191329718
"V3",0.30303364712745
"V4",0.210814309306443
"V5",1.9789229715243
