"names","vals"
"Intercept",-8.72081542765023
"y",0.364302492933348
"V1",0.353737180586904
"V2",0.916177321691066
"V3",0.365017323056236
"V4",0.662558930227533
"V5",0.640919971745461
"V6",0.508819741662592
"V7",0.671809384832159
"V8",0.205564863746986
"V9",3.95180594362319
"V10",4.8860377445817
"V11",1.93452212680131
"V12",4.26210169214755
"V13",3.0955763105303
