"names","vals"
"Intercept",-5.3742645163089
"y",0.334904497489333
"V1",0.658807515632361
"V2",0.206928426166996
"V3",0.552023142809048
"V4",0.972137090051547
"V5",0.670390791725367
"V6",1.3507168572396
"V7",2.60421048197895
