"names","vals"
"Intercept",-0.922328857169487
"y",0.318088860716671
"V1",0.253892312990502
"V2",0.0316642336547375
"V3",0.092566326726228
"V4",0.311732132686302
"V5",1.24192020948976
