"names","vals"
"Intercept",-3.47520940663526
"y",0.893378179287538
"V1",0.357293539214879
"V2",0.958852211246267
"V3",0.26625211071223
"V4",0.490079096984118
"V5",4.57336019165814
