"names","vals"
"Intercept",-2.81921579416376
"y",0.249008153565228
"V1",0.163067825138569
"V2",0.0530221718363464
"V3",0.181805085390806
"V4",0.0530126076191664
"V5",0.678646834334359
"V6",1.64508231729269
"V7",1.66277496051043
