"names","vals"
"Intercept",-8.14711853735149
"y",0.817437218036503
"V1",0.596092917956412
"V2",0.457104196073487
"V3",0.972707293694839
"V4",0.309712093323469
"V5",0.403250229777768
"V6",0.622618642169982
"V7",2.8003972619772
"V8",4.8180515030399
"V9",1.02623158413917
