"names","vals"
"Intercept",-5.17782169095706
"y",0.735306536778808
"V1",0.666672086343169
"V2",0.766610643360764
"V3",0.0568265919573605
"V4",0.0684776592534035
"V5",0.206838004756719
"V6",0.541952661704272
"V7",0.0387830277904868
"V8",3.17949528153986
"V9",2.32211175560951
"V10",1.74526690039784
"V11",2.86976910103112
