"names","vals"
"Intercept",-4.90629651515046
"y",0.00994307966902852
"V1",0.597286080475897
"V2",0.508529363200068
"V3",0.310701063834131
"V4",0.792006657691672
"V5",0.94858666928485
"V6",0.709220413817093
"V7",4.47269976884127
"V8",1.30137233342975
"V9",4.25311055779457
