"names","vals"
"Intercept",-8.72856235363288
"y",0.871729135280475
"V1",0.849617872387171
"V2",0.805315181612968
"V3",0.615079382201657
"V4",0.277253909502178
"V5",0.325869317864999
"V6",0.687436960171908
"V7",1.41125817317516
"V8",2.51201410964131
"V9",4.89758178219199
