"names","vals"
"Intercept",-5.71229435090208
"y",0.123965187929571
"V1",0.6184376263991
"V2",0.661066328175366
"V3",0.170553043950349
"V4",0.859418330481276
"V5",0.638700514100492
"V6",0.641973404446617
"V7",0.810813252581283
"V8",1.21240574866533
"V9",4.38205761648715
"V10",2.91657727397978
"V11",1.31775308027864
