"names","vals"
"Intercept",-7.15149338932242
"y",0.0403773442376405
"V1",0.527577299857512
"V2",0.312725351424888
"V3",0.868631626944989
"V4",0.362001313595101
"V5",0.0322806423064321
"V6",0.00316874124109745
"V7",0.138500515604392
"V8",4.71800640691072
"V9",4.85202848538756
"V10",3.35601007100195
"V11",3.40933517552912
