"names","vals"
"Intercept",-7.20843306920491
"y",0.968586982460693
"V1",0.470024064648896
"V2",0.311723484424874
"V3",0.155109833925962
"V4",0.370981523534283
"V5",0.0834993268363178
"V6",0.38526681275107
"V7",0.652480074670166
"V8",0.233981379773468
"V9",1.78227765858173
"V10",1.52776365727186
"V11",1.84420161973685
"V12",4.57126806024462
"V13",1.6102862181142
