"names","vals"
"Intercept",-13.1363639961486
"y",0.309179022442549
"V1",0.139399733627215
"V2",0.56966958148405
"V3",0.223546297987923
"V4",0.190142907900736
"V5",0.307545177172869
"V6",0.365292456699535
"V7",0.745466494001448
"V8",2.09756657015532
"V9",4.67986455094069
"V10",3.81237791106105
"V11",4.41063012182713
