"names","vals"
"Intercept",-1.67897758049658
"y",0.391700198641047
"V1",0.650093791773543
"V2",0.483835325110704
"V3",0.624388183699921
"V4",0.38041964545846
"V5",4.93719809968024
