"names","vals"
"Intercept",-3.79089304722147
"y",0.818285928107798
"V1",0.570047170622274
"V2",0.11659984011203
"V3",0.0997199236880988
"V4",0.230557355796918
"V5",0.632070838706568
"V6",2.97072730958462
"V7",3.72440309822559
