"names","vals"
"Intercept",-5.69900023974013
"y",0.305611786432564
"V1",0.96965854940936
"V2",0.419968800619245
"V3",0.673409962328151
"V4",0.978728682501242
"V5",0.539316127309576
"V6",1.87241585366428
"V7",3.74452784936875
