"names","vals"
"Intercept",-6.81558360846713
"y",0.132863391190767
"V1",0.084415131714195
"V2",0.157149945618585
"V3",0.919704935746267
"V4",0.0833146311342716
"V5",0.537254752591252
"V6",0.234345150412992
"V7",0.186986897606403
"V8",0.714205974945799
"V9",2.40389036294073
"V10",2.01667496841401
"V11",1.49906611442566
"V12",1.49597964528948
"V13",4.59886409156024
