"names","vals"
"Intercept",-13.0139808394434
"y",0.514664224581793
"V1",0.733663443243131
"V2",0.384363050805405
"V3",0.391152052441612
"V4",0.615620726486668
"V5",0.31248541129753
"V6",0.84589457581751
"V7",0.817927453201264
"V8",0.380229130620137
"V9",3.69302723836154
"V10",3.76778797991574
"V11",1.29807567689568
"V12",3.0464625665918
"V13",4.46272816136479
