"names","vals"
"Intercept",-9.39587334928568
"y",0.93162883259356
"V1",0.7221003791783
"V2",0.893846580060199
"V3",0.770706176757812
"V4",0.730135733727366
"V5",0.155849372968078
"V6",0.569987225113437
"V7",0.144545182818547
"V8",0.789040897972882
"V9",4.12062331847847
"V10",2.30006949976087
"V11",1.17495058104396
"V12",4.6379703246057
"V13",2.33695176523179
