"names","vals"
"Intercept",-7.4194573207479
"y",0.737423213431612
"V1",0.913621092913672
"V2",0.770105060189962
"V3",0.680285731330514
"V4",0.667724715778604
"V5",0.0158139169216156
"V6",0.502929294249043
"V7",0.260245909215882
"V8",4.93853332195431
"V9",2.33328497223556
"V10",2.51514418050647
"V11",4.98493986390531
