"names","vals"
"Intercept",-2.5268974974053
"y",0.245614912360907
"V1",0.823720570886508
"V2",0.569444004679099
"V3",0.113571185385808
"V4",0.440555427921936
"V5",2.11146044172347
