"names","vals"
"Intercept",-7.19684168451233
"y",0.398053235607222
"V1",0.363210265990347
"V2",0.270679173525423
"V3",0.862909802701324
"V4",0.343284742208198
"V5",0.0471006797160953
"V6",0.00911954743787646
"V7",0.857271856162697
"V8",2.32876809407026
"V9",4.38823682069778
"V10",2.14301458839327
"V11",3.08081902191043
