"names","vals"
"Intercept",-5.37770634584595
"y",0.185935237444937
"V1",0.431254022521898
"V2",0.0616333654616028
"V3",0.6071506079752
"V4",0.72780994977802
"V5",3.80603057239205
