"names","vals"
"Intercept",-3.23170753032435
"y",0.355382641544566
"V1",0.25019648228772
"V2",0.79016477172263
"V3",0.608627364272252
"V4",0.899024610873312
"V5",2.99576127063483
