"names","vals"
"Intercept",-7.58090616645757
"y",0.860183077864349
"V1",0.743506499333307
"V2",0.523465099977329
"V3",0.0666275878902525
"V4",0.348020197357982
"V5",0.16001872997731
"V6",0.124041424831375
"V7",4.04144639521837
"V8",3.60619585122913
"V9",2.81325471960008
