"names","vals"
"Intercept",-5.7253877145052
"y",0.243776599410921
"V1",0.613196237944067
"V2",0.917504143202677
"V3",0.375565128168091
"V4",0.681366349337623
"V5",0.249695901758969
"V6",0.843027933733538
"V7",3.66422299202532
"V8",2.40852825529873
"V9",1.55972975119948
