"names","vals"
"Intercept",-6.81043837910984
"y",0.772725753253326
"V1",0.0578936862293631
"V2",0.140348211396486
"V3",0.405182756017894
"V4",0.549237248953432
"V5",0.362939360784367
"V6",0.568842419423163
"V7",0.567348983837292
"V8",1.47622391022742
"V9",1.07607505749911
"V10",4.35802638623863
"V11",4.41539386473596
