"names","vals"
"Intercept",-7.20891577005386
"y",0.756872381549329
"V1",0.48918761103414
"V2",0.462013905635104
"V3",0.963292853208259
"V4",0.567794263595715
"V5",0.0405284471344203
"V6",4.86019382160157
"V7",4.04510220512748
