"names","vals"
"Intercept",-4.96418768011499
"y",0.350972920190543
"V1",0.51053224154748
"V2",0.233603882603347
"V3",0.803469168720767
"V4",0.922866426641122
"V5",0.788581823231652
"V6",1.53089231904596
"V7",4.81256288848817
