"names","vals"
"Intercept",-4.96283476530807
"y",0.887221968499944
"V1",0.0749861204531044
"V2",0.746365352533758
"V3",0.593842261936516
"V4",0.151761397719383
"V5",0.495309822028503
"V6",4.80120345205069
"V7",1.87405923753977
