"names","vals"
"Intercept",-7.03870591004379
"y",0.638482946669683
"V1",0.0905910267028958
"V2",0.635363087290898
"V3",0.0322127509862185
"V4",0.913433694280684
"V5",0.149732449324802
"V6",0.503445595502853
"V7",3.3153466405347
"V8",4.31345031503588
"V9",3.14748318493366
