"names","vals"
"Intercept",-3.77279535649577
"y",0.28292742674239
"V1",0.947915914701298
"V2",0.0777923709247261
"V3",0.382602457655594
"V4",0.345088446512818
"V5",0.824570656055585
"V6",1.36955693084747
"V7",4.62608471699059
