"names","vals"
"Intercept",-11.1975215788698
"y",0.230034819571301
"V1",0.60761856357567
"V2",0.460032963193953
"V3",0.995334001258016
"V4",0.486308248946443
"V5",0.187732140999287
"V6",0.0571442141663283
"V7",0.687014787457883
"V8",2.77328936196864
"V9",3.81593353673816
"V10",3.55791251640767
"V11",2.44732216373086
