"names","vals"
"Intercept",-2.27675834489055
"y",0.932904515182599
"V1",0.89409823413007
"V2",0.505461486289278
"V3",0.525173280388117
"V4",0.534304162953049
"V5",2.59490619413555
