"names","vals"
"Intercept",-3.62860325102229
"y",0.247913360130042
"V1",0.603627663804218
"V2",0.503505927044898
"V3",0.525561123155057
"V4",0.286994066787884
"V5",2.60736257676035
