"names","vals"
"Intercept",-1.68651269788854
"y",0.392245635855943
"V1",0.996498361928388
"V2",0.538824436953291
"V3",0.343980191741139
"V4",0.527014607796445
"V5",0.33623922499828
"V6",4.13820061925799
"V7",1.19600859284401
