"names","vals"
"Intercept",-5.81342028719373
"y",0.840843476355076
"V1",0.972546881763265
"V2",0.332074944162741
"V3",0.764490199508145
"V4",0.73982563870959
"V5",0.746173512423411
"V6",0.425224382663146
"V7",2.60593988280743
"V8",3.68561620637774
"V9",1.20468852948397
