"names","vals"
"Intercept",-2.64421792144421
"y",0.963460960891098
"V1",0.109702218789607
"V2",0.916398901026696
"V3",0.211582277435809
"V4",0.743696770165116
"V5",2.87892379704863
