"names","vals"
"Intercept",-5.18419533057138
"y",0.234147827140987
"V1",0.268795009236783
"V2",0.903638889081776
"V3",0.89480057102628
"V4",0.79198463796638
"V5",0.883024986367673
"V6",0.913071250077337
"V7",0.170353220310062
"V8",2.4194818502292
"V9",2.82312479894608
"V10",3.21327375341207
"V11",1.70392361003906
