"names","vals"
"Intercept",-1.47595557721797
"y",0.019869945012033
"V1",0.273420933168381
"V2",0.547607654239982
"V3",0.649162000510842
"V4",0.367115140659735
"V5",3.37395749147981
