"names","vals"
"Intercept",-4.61941663045669
"y",0.285725466208532
"V1",0.336923234397545
"V2",0.887547106482089
"V3",0.859300002222881
"V4",0.197192734340206
"V5",4.71545707248151
