"names","vals"
"Intercept",-3.65025351633085
"y",0.133291358826682
"V1",0.571181200444698
"V2",0.728795573115349
"V3",0.55618577520363
"V4",0.823452159296721
"V5",0.573812198126689
"V6",2.86143585573882
"V7",2.56882302835584
