"names","vals"
"Intercept",-12.5208167016623
"y",0.886997687863186
"V1",0.93010286660865
"V2",0.71129807503894
"V3",0.113577923970297
"V4",0.750922341831028
"V5",0.251153338002041
"V6",0.979211756726727
"V7",0.446633906103671
"V8",0.310146539704874
"V9",2.65457549504936
"V10",4.15624591801316
"V11",4.48620330169797
"V12",2.03841769695282
"V13",4.47349796164781
