"names","vals"
"Intercept",-10.7115608812193
"y",0.257629211293533
"V1",0.195557757513598
"V2",0.279842713847756
"V3",0.982024279190227
"V4",0.909870109055191
"V5",0.437907596351579
"V6",0.938995513599366
"V7",0.378174597397447
"V8",0.498630096903071
"V9",4.5068446462974
"V10",2.6773755736649
"V11",4.93283937498927
"V12",3.98258799500763
"V13",2.03419804945588
