"names","vals"
"Intercept",-6.67768751414958
"y",0.478543235687539
"V1",0.416337406728417
"V2",0.446147409500554
"V3",0.522695896681398
"V4",0.267809900688007
"V5",0.361335055436939
"V6",0.926443569827825
"V7",1.2734873238951
"V8",4.78014826774597
"V9",2.2274504955858
