"names","vals"
"Intercept",-3.20922706448007
"y",0.125147584127262
"V1",0.198541448451579
"V2",0.88206461025402
"V3",0.895405758172274
"V4",0.972834482090548
"V5",4.27960596606135
