"names","vals"
"Intercept",-3.90971339787822
"y",0.0724376905709505
"V1",0.439761055866256
"V2",0.698210301110521
"V3",0.293751202058047
"V4",0.992865211563185
"V5",4.27402712032199
