"names","vals"
"Intercept",-9.92500303397421
"y",0.579824408283457
"V1",0.409275902668014
"V2",0.898652152856812
"V3",0.823613185901195
"V4",0.370988454669714
"V5",0.0889259288087487
"V6",0.0728294297587126
"V7",0.417302266927436
"V8",0.347188295796514
"V9",3.46779907029122
"V10",3.49388394970447
"V11",4.06705672387034
"V12",3.84322029910982
"V13",3.66979073639959
