"names","vals"
"Intercept",-15.1549179388373
"y",0.47697874926962
"V1",0.272613131906837
"V2",0.32361952890642
"V3",0.55094583844766
"V4",0.00642200512811542
"V5",0.439552020514384
"V6",0.503397802822292
"V7",0.120843096403405
"V8",0.196418550331146
"V9",4.57764676492661
"V10",4.41644290369004
"V11",3.62833501584828
"V12",2.9353432720527
"V13",4.76118445582688
