"names","vals"
"Intercept",-13.0904952793336
"y",0.708785367431119
"V1",0.0300518074072897
"V2",0.53065643645823
"V3",0.472374890930951
"V4",0.0657416651956737
"V5",0.600242207525298
"V6",0.994367876555771
"V7",0.776413046987727
"V8",4.08951144292951
"V9",4.1432271245867
"V10",1.90670610778034
"V11",3.35597611218691
