"names","vals"
"Intercept",-2.52969384465367
"y",0.00847307243384421
"V1",0.699550268240273
"V2",0.976644073380157
"V3",0.124790913192555
"V4",0.533155374927446
"V5",0.311757137300447
"V6",4.22925488650799
"V7",2.15600225888193
