"names","vals"
"Intercept",-6.9217352703074
"y",0.653135739732534
"V1",0.83582333708182
"V2",0.969034078298137
"V3",0.51413602521643
"V4",0.518743194872513
"V5",0.921216207789257
"V6",0.498068714514375
"V7",2.81979828514159
"V8",2.75554034672678
"V9",1.40484861377627
