"names","vals"
"Intercept",-5.02150550451595
"y",0.445013511460274
"V1",0.0606770045123994
"V2",0.151992060244083
"V3",0.336996747646481
"V4",0.871922683203593
"V5",0.189143899828196
"V6",0.38306306861341
"V7",0.481627092463896
"V8",3.27134100534022
"V9",1.63240274880081
"V10",2.41405616886914
"V11",1.09328664839268
