"names","vals"
"Intercept",-8.93485413303133
"y",0.81353808240965
"V1",0.242813820252195
"V2",0.528592847287655
"V3",0.768511503003538
"V4",0.677581110969186
"V5",0.921679833671078
"V6",0.862072366988286
"V7",0.75621303380467
"V8",0.0583782142493874
"V9",1.5329301673919
"V10",4.9745318936184
"V11",2.41931843012571
"V12",2.05378745123744
"V13",1.55131130665541
