"names","vals"
"Intercept",-11.444848325476
"y",0.603005437646061
"V1",0.749167399015278
"V2",0.605950436089188
"V3",0.367112997919321
"V4",0.93204496987164
"V5",0.6665767012164
"V6",0.269894927507266
"V7",0.00140715204179287
"V8",0.0484184557572007
"V9",3.96352353692055
"V10",2.98524407763034
"V11",1.91366758197546
"V12",2.09269563481212
"V13",4.8539146380499
