"names","vals"
"Intercept",-2.62540971385781
"y",0.677469602320343
"V1",0.697701185476035
"V2",0.475928034633398
"V3",0.817828872008249
"V4",0.376655089436099
"V5",4.42036690097302
