"names","vals"
"Intercept",-3.64120664588176
"y",0.0373200599569827
"V1",0.0450624194927514
"V2",0.505914504639804
"V3",0.179271426517516
"V4",0.587904275627807
"V5",2.63082202617079
