"names","vals"
"Intercept",-3.74251312146895
"y",0.411281363340095
"V1",0.92966124555096
"V2",0.903929978376254
"V3",0.292279786197469
"V4",0.171355181606486
"V5",0.0414235321804881
"V6",0.844906508689746
"V7",4.52926945406944
"V8",1.60776333324611
"V9",2.77376879099756
