"names","vals"
"Intercept",-6.10651920852717
"y",0.348380668088794
"V1",0.19776827073656
"V2",0.457196276402101
"V3",0.813575086882338
"V4",0.263075250433758
"V5",0.403395661152899
"V6",3.66564679052681
"V7",2.22937212977558
