"names","vals"
"Intercept",-5.43872067824472
"y",0.14369680848904
"V1",0.136598537210375
"V2",0.8265159802977
"V3",0.484656821005046
"V4",0.192394815152511
"V5",0.801071255700663
"V6",0.0556285423226655
"V7",2.04242087993771
"V8",1.86875841300935
"V9",1.73960227891803
