"names","vals"
"Intercept",-7.81474525763188
"y",0.780527577036992
"V1",0.258521001087502
"V2",0.611180815845728
"V3",0.408424193970859
"V4",0.513437796616927
"V5",0.88225708482787
"V6",0.30276903277263
"V7",0.26974834036082
"V8",0.158756074495614
"V9",1.72456104122102
"V10",3.4202576642856
"V11",4.37868238613009
"V12",1.65746527910233
"V13",2.58748817909509
