"names","vals"
"Intercept",-4.28044870458078
"y",0.072050828486681
"V1",0.336278289556503
"V2",0.756267743417993
"V3",0.397383180214092
"V4",0.991512691602111
"V5",0.0439570874441415
"V6",0.815661074593663
"V7",0.100156120024621
"V8",2.49606907367706
"V9",1.58426679484546
"V10",3.29738861881196
"V11",2.04811570886523
