"names","vals"
"Intercept",-7.27055095963646
"y",0.996001686202362
"V1",0.137360868509859
"V2",0.281187772285193
"V3",0.390237618470564
"V4",0.911131573375314
"V5",0.645733189303428
"V6",0.545323079451919
"V7",0.0664303097873926
"V8",2.77800282649696
"V9",3.68193610012531
"V10",1.01132629811764
"V11",3.43990654684603
