"names","vals"
"Intercept",-6.05301488257945
"y",0.448152033146471
"V1",0.650067881913856
"V2",0.386967075057328
"V3",0.396535757463425
"V4",0.46410330128856
"V5",0.241493947571144
"V6",0.244380426593125
"V7",4.62564215902239
"V8",1.12609116453677
"V9",1.9323270842433
