"names","vals"
"Intercept",-10.7577116991626
"y",0.705796617316082
"V1",0.0560022494755685
"V2",0.298743225401267
"V3",0.673151402268559
"V4",0.25172094325535
"V5",0.503734964644536
"V6",0.482444451889023
"V7",0.818606612505391
"V8",1.37000288907439
"V9",3.38824446965009
"V10",3.68068656511605
"V11",4.91930695343763
