"names","vals"
"Intercept",-9.36797052312177
"y",0.42212377092801
"V1",0.94707284681499
"V2",0.964349214686081
"V3",0.815345213748515
"V4",0.457581471884623
"V5",0.342193445656449
"V6",0.196915662847459
"V7",0.936311939265579
"V8",0.407385306200013
"V9",1.15543189551681
"V10",1.74588776472956
"V11",1.18933835159987
"V12",3.9894961155951
"V13",2.89860096853226
