"names","vals"
"Intercept",-4.10166452363599
"y",0.997286848723888
"V1",0.6273520544637
"V2",0.218574353260919
"V3",0.32026408566162
"V4",0.170846009161323
"V5",0.083534388570115
"V6",0.0784872001968324
"V7",1.65821861848235
"V8",3.03077135048807
"V9",4.81410287134349
