"names","vals"
"Intercept",-2.71507575033465
"y",0.903192802798003
"V1",0.914137806510553
"V2",0.739751101704314
"V3",0.90117413061671
"V4",0.554800546728075
"V5",1.40526169445366
