"names","vals"
"Intercept",-4.81522871339694
"y",0.357164487009868
"V1",0.491486168233678
"V2",0.804677033098415
"V3",0.410569570260122
"V4",0.0631896874401718
"V5",0.00286124739795923
"V6",0.99339402304031
"V7",0.998387477360666
"V8",1.04789193347096
"V9",3.19664274901152
"V10",2.48424568586051
"V11",3.60506097227335
