"names","vals"
"Intercept",-2.9292852813052
"y",0.281617246568203
"V1",0.674393767258152
"V2",0.147864685161039
"V3",0.514627136290073
"V4",0.134336442919448
"V5",2.77534540370107
