"names","vals"
"Intercept",-2.31382706095465
"y",0.712813111720607
"V1",0.566221672575921
"V2",0.0443777400068939
"V3",0.83238323382102
"V4",0.731483051087707
"V5",1.69939184933901
