"names","vals"
"Intercept",-5.50304646570236
"y",0.18597174086608
"V1",0.0538704094942659
"V2",0.952342028263956
"V3",0.0702769041527063
"V4",0.28486425220035
"V5",0.0794362511951476
"V6",0.535905561875552
"V7",2.43383912928402
"V8",1.66729442030191
"V9",2.60637777019292
