"names","vals"
"Intercept",-9.63803454416338
"y",0.0518439118750393
"V1",0.759649362182245
"V2",0.00128991948440671
"V3",0.733820629306138
"V4",0.458712384337559
"V5",0.234234514180571
"V6",0.532085776794702
"V7",0.703345500165597
"V8",0.0539744079578668
"V9",4.26618868298829
"V10",4.2243925537914
"V11",1.67745633982122
"V12",1.34248621761799
"V13",1.23666760604829
