"names","vals"
"Intercept",-5.73639865808189
"y",0.468189681181684
"V1",0.700188180198893
"V2",0.938177363248542
"V3",0.135114294476807
"V4",0.606480811489746
"V5",0.230113926110789
"V6",0.0677384997252375
"V7",0.393464969005436
"V8",3.04601807333529
"V9",3.24594303034246
"V10",1.18127783201635
"V11",2.70008921250701
