"names","vals"
"Intercept",-5.6349741108832
"y",0.799641435733065
"V1",0.600077056093141
"V2",0.605248399078846
"V3",0.863474593032151
"V4",0.29040562780574
"V5",0.464401467470452
"V6",0.71584484516643
"V7",0.269630287075415
"V8",0.575513741001487
"V9",4.09112900681794
"V10",2.29506404232234
"V11",1.73786580841988
"V12",2.10237418022007
"V13",4.14339529629797
