"names","vals"
"Intercept",-5.13433224910405
"y",0.6844618760515
"V1",0.323053992120549
"V2",0.546608444070444
"V3",0.115227751899511
"V4",0.89955393737182
"V5",0.608892190037295
"V6",0.119744587456807
"V7",3.49808289390057
"V8",2.65306930430233
"V9",1.64307923708111
