"names","vals"
"Intercept",-7.38407550907228
"y",0.68685865518637
"V1",0.0762753239832819
"V2",0.373950434150174
"V3",0.164276745636016
"V4",0.955129920970649
"V5",0.972220246912912
"V6",0.330436114221811
"V7",1.85855996515602
"V8",3.88508164137602
"V9",4.34279888123274
