"names","vals"
"Intercept",-3.02500310480129
"y",0.527984488522634
"V1",0.795400575036183
"V2",0.226471651811153
"V3",0.912667086115107
"V4",0.963422441622242
"V5",2.0371354278177
