"names","vals"
"Intercept",-6.79327012430876
"y",0.737615937832743
"V1",0.594421027693897
"V2",0.387012564577162
"V3",0.664868789259344
"V4",0.00746279046870768
"V5",0.465001070173457
"V6",0.162357738707215
"V7",0.786212738137692
"V8",4.9042457966134
"V9",4.28314039856195
"V10",1.61552203074098
"V11",2.08392611239105
