"names","vals"
"Intercept",-4.44026725728763
"y",0.735465019010007
"V1",0.111501061823219
"V2",0.654744298895821
"V3",0.900164790451527
"V4",0.493401051266119
"V5",0.0962261145468801
"V6",1.35705681797117
"V7",2.18986215442419
