"names","vals"
"Intercept",-10.0251599060651
"y",0.599098896374926
"V1",0.530775895807892
"V2",0.767156987916678
"V3",0.540926734684035
"V4",0.778959819115698
"V5",0.54359316918999
"V6",0.93692101421766
"V7",0.894209581892937
"V8",1.58095216192305
"V9",2.95689156930894
"V10",4.25503562763333
"V11",4.20454932190478
