"names","vals"
"Intercept",-2.13870639870875
"y",0.843873620266095
"V1",0.136683017248288
"V2",0.652670728508383
"V3",0.898553069215268
"V4",0.975896768737584
"V5",3.5000582607463
