"names","vals"
"Intercept",-1.15071885661455
"y",0.665816532680765
"V1",0.581044424325228
"V2",0.231382505968213
"V3",0.2747586525511
"V4",0.373770470032468
"V5",1.99186566937715
