"names","vals"
"Intercept",-3.26234110899502
"y",0.138514761580154
"V1",0.210179476533085
"V2",0.813926768954843
"V3",0.6779861592222
"V4",0.605646749725565
"V5",0.405331234913319
"V6",3.28859305754304
"V7",2.63331316784024
