"names","vals"
"Intercept",-8.37103664453141
"y",0.480025390628725
"V1",0.921812416985631
"V2",0.53850334463641
"V3",0.0427778973244131
"V4",0.858064027503133
"V5",0.622588539263234
"V6",0.711503414670005
"V7",0.651078743394464
"V8",0.991646736860275
"V9",1.99267872143537
"V10",1.1971043990925
"V11",4.26099496055394
"V12",2.67409313563257
"V13",3.06976917851716
