"names","vals"
"Intercept",-5.98146065442124
"y",0.184349418850616
"V1",0.287916759261861
"V2",0.132130306446925
"V3",0.857997000217438
"V4",0.090686785755679
"V5",0.385820179013535
"V6",3.59430790692568
"V7",4.98952087014914
