"names","vals"
"Intercept",-2.49102363778744
"y",0.748914955416694
"V1",0.962737163063139
"V2",0.394064551219344
"V3",0.390809192089364
"V4",0.640254591358826
"V5",4.28771372139454
