"names","vals"
"Intercept",-1.46642283428228
"y",0.251842463156208
"V1",0.789406768744811
"V2",0.849080109037459
"V3",0.710294247372076
"V4",0.0212046182714403
"V5",3.63537575118244
