"names","vals"
"Intercept",-6.23626796475146
"y",0.0171669535338879
"V1",0.753280208213255
"V2",0.602137625450268
"V3",0.246924499282613
"V4",0.653712783940136
"V5",0.819466762477532
"V6",0.796767091844231
"V7",3.40147613082081
"V8",4.86227023415267
"V9",2.52948434371501
