"names","vals"
"Intercept",-9.42245772227179
"y",0.89756396971643
"V1",0.661630635615438
"V2",0.0545686210971326
"V3",0.841139909811318
"V4",0.243819771334529
"V5",0.227140275295824
"V6",0.666333872592077
"V7",0.703191122040153
"V8",0.601229883730412
"V9",4.64117612782866
"V10",1.70684042200446
"V11",2.96584336832166
"V12",4.98768911603838
"V13",3.88013026863337
