"names","vals"
"Intercept",-8.41355097388849
"y",0.441011491697282
"V1",0.348132814979181
"V2",0.754522375762463
"V3",0.741443491075188
"V4",0.440730105619878
"V5",0.851371200522408
"V6",0.296674916287884
"V7",0.719728992320597
"V8",3.0432587293908
"V9",1.12138111516833
"V10",2.52124658692628
"V11",3.80248210858554
