"names","vals"
"Intercept",-2.15246969744097
"y",0.665799432434142
"V1",0.697741636540741
"V2",0.535538215190172
"V3",0.558547091437504
"V4",0.336362571455538
"V5",0.0679788514971733
"V6",3.99277717527002
"V7",4.41105514392257
