"names","vals"
"Intercept",-4.54899253827054
"y",0.943396852584556
"V1",0.454530941555277
"V2",0.072521727764979
"V3",0.0134162488393486
"V4",0.682073058094829
"V5",0.920963146025315
"V6",0.00603073509410024
"V7",2.9433847181499
"V8",1.32949616014957
"V9",2.62924890685827
