"names","vals"
"Intercept",-2.61954244758468
"y",0.496449712663889
"V1",0.484766219742596
"V2",0.481460370356217
"V3",0.0296131407376379
"V4",0.0667496093083173
"V5",4.40492921043187
