"names","vals"
"Intercept",-6.52900124579668
"y",0.811181934783235
"V1",0.200901746982709
"V2",0.0604521865025163
"V3",0.894171345978975
"V4",0.807706226129085
"V5",0.821809440618381
"V6",3.86831844970584
"V7",4.08340163435787
