"names","vals"
"Intercept",-4.29011402552715
"y",0.373873497126624
"V1",0.133208656916395
"V2",0.795326958177611
"V3",0.8242648311425
"V4",0.872989169089124
"V5",0.941608908586204
"V6",0.71951215621084
"V7",3.21694667451084
"V8",1.81001399736851
"V9",4.00991014484316
