"names","vals"
"Intercept",-6.71025259387679
"y",0.812460330547765
"V1",0.315577541477978
"V2",0.575330220395699
"V3",0.704428054857999
"V4",0.679929892066866
"V5",0.925362930400297
"V6",0.596100277034566
"V7",0.68546517402865
"V8",2.32918164879084
"V9",1.89021558035165
"V10",1.32748067006469
"V11",3.2127141803503
