"names","vals"
"Intercept",-5.95947427933803
"y",0.836607126984745
"V1",0.54613863886334
"V2",0.485862225061283
"V3",0.516417566221207
"V4",0.871576162520796
"V5",0.320556916529313
"V6",0.213045409414917
"V7",0.509028494823724
"V8",1.37597686890513
"V9",2.39584247674793
"V10",3.71356079354882
"V11",1.19405859615654
