"names","vals"
"Intercept",-16.20803651792
"y",0.32158089755103
"V1",0.883177776355296
"V2",0.765885954489931
"V3",0.207567192846909
"V4",0.899580501019955
"V5",0.879142672289163
"V6",0.073157723993063
"V7",0.448697432875633
"V8",0.578300148714334
"V9",4.50078273657709
"V10",4.73483312316239
"V11",4.26265518553555
"V12",3.19074946269393
"V13",4.1036726096645
