"names","vals"
"Intercept",-3.18800085767871
"y",0.2995640700683
"V1",0.896727707935497
"V2",0.516700046369806
"V3",0.255747191142291
"V4",0.960895613301545
"V5",0.824514357140288
"V6",2.94229950755835
"V7",2.99952580966055
