"names","vals"
"Intercept",-3.25321033026092
"y",0.263568668160588
"V1",0.216078381519765
"V2",0.384122641989961
"V3",0.34526826068759
"V4",0.635276857297868
"V5",0.150224953889847
"V6",3.24325380660594
"V7",1.63115730322897
