"names","vals"
"Intercept",-2.35920529965777
"y",0.555216283304617
"V1",0.510778923286125
"V2",0.72257999680005
"V3",0.788137804716825
"V4",0.203667555237189
"V5",2.90978992544115
