"names","vals"
"Intercept",-2.27464294999372
"y",0.921958030434325
"V1",0.392707585124299
"V2",0.313241341849789
"V3",0.726768983062357
"V4",0.462209989782423
"V5",2.10969550348818
