"names","vals"
"Intercept",-9.98067253431305
"y",0.660511637339368
"V1",0.274211166193709
"V2",0.635125453118235
"V3",0.382915642810985
"V4",0.934562020935118
"V5",0.149514050688595
"V6",0.892913709860295
"V7",0.76995014003478
"V8",3.90861685574055
"V9",3.39127830509096
"V10",1.58265784755349
"V11",4.99707553815097
