"names","vals"
"Intercept",-9.29298415437574
"y",0.934821677161381
"V1",0.583034374285489
"V2",0.872816149145365
"V3",0.366616528946906
"V4",0.899855363881215
"V5",0.408491997048259
"V6",0.608125190483406
"V7",0.126846169587225
"V8",4.92795812059194
"V9",4.63544525112957
"V10",1.26630972977728
"V11",1.34644838050008
