"names","vals"
"Intercept",-7.02931923672557
"y",0.0538453324697912
"V1",0.114542504772544
"V2",0.693010566523299
"V3",0.689301946666092
"V4",0.22802366502583
"V5",0.645130539545789
"V6",0.765577909070998
"V7",1.1686786422506
"V8",3.69085778668523
"V9",4.56592428218573
