"names","vals"
"Intercept",-3.33621456827968
"y",0.0170195118989795
"V1",0.0643457369878888
"V2",0.451760859927163
"V3",0.835773119237274
"V4",0.212180068017915
"V5",0.810318727046251
"V6",0.0424944923724979
"V7",2.67926312610507
"V8",3.71273262519389
"V9",2.43211097456515
