"names","vals"
"Intercept",-5.52485713548725
"y",0.851739416830242
"V1",0.284048318630084
"V2",0.978759395657107
"V3",0.195190293714404
"V4",0.962473408784717
"V5",0.820010126335546
"V6",4.63336442969739
"V7",4.04621456284076
