"names","vals"
"Intercept",-13.0358538486762
"y",0.68854728830047
"V1",0.507952607935295
"V2",0.0383924653287977
"V3",0.982149412855506
"V4",0.179383198264986
"V5",0.560687783174217
"V6",0.835380990291014
"V7",0.265708908438683
"V8",0.56285500456579
"V9",1.42269510123879
"V10",4.92343645077199
"V11",4.02611019555479
"V12",1.83573358599097
"V13",3.69722760468721
