"names","vals"
"Intercept",-8.86632480017142
"y",0.515719886403531
"V1",0.0969434855505824
"V2",0.078317774226889
"V3",0.45824009180069
"V4",0.878250597510487
"V5",0.474172815447673
"V6",0.303063931176439
"V7",0.844443433685228
"V8",2.88073280826211
"V9",4.73554049432278
"V10",3.75186086911708
"V11",4.51975375786424
