"names","vals"
"Intercept",-1.9602192908572
"y",0.669347617775202
"V1",0.51516589988023
"V2",0.474501154618338
"V3",0.989092600531876
"V4",0.739929930772632
"V5",3.86290157772601
