"names","vals"
"Intercept",-1.97007866014028
"y",0.893092342885211
"V1",0.221891980385408
"V2",0.705202003009617
"V3",0.734540558885783
"V4",0.0442138342186809
"V5",1.83141088020056
