"names","vals"
"Intercept",-5.71823392723687
"y",0.894871042575687
"V1",0.121418814407662
"V2",0.159414500929415
"V3",0.854370148852468
"V4",0.557041499065235
"V5",0.936499065253884
"V6",0.954879045719281
"V7",2.83768662251532
"V8",2.83443881198764
"V9",3.62936608120799
