"names","vals"
"Intercept",-2.57521089835791
"y",0.361778557067737
"V1",0.834451837465167
"V2",0.887184427585453
"V3",0.448205379769206
"V4",0.394426634302363
"V5",1.3562540858984
