"names","vals"
"Intercept",-4.61868212899426
"y",0.884619314456359
"V1",0.427827612496912
"V2",0.416841908358037
"V3",0.949832081329077
"V4",0.109915962442756
"V5",0.782848237780854
"V6",4.84285338874906
"V7",3.31110088620335
