"names","vals"
"Intercept",-2.3774342190125
"y",0.302265458274633
"V1",0.975671131396666
"V2",0.77813472924754
"V3",0.0967055293731391
"V4",0.922126851975918
"V5",0.359124000417069
"V6",1.21825105044991
"V7",2.45725979935378
