"names","vals"
"Intercept",-3.47147051614709
"y",0.411393678048626
"V1",0.800950697157532
"V2",0.819776297314093
"V3",0.910554341739044
"V4",0.998894198797643
"V5",3.9280265700072
