"names","vals"
"Intercept",-4.39462858646875
"y",0.339115142123774
"V1",0.00895970710553229
"V2",0.32030191575177
"V3",0.0805810578167439
"V4",0.142210010439157
"V5",0.382563217310235
"V6",0.547348556341603
"V7",1.7000982016325
"V8",4.16263819113374
"V9",1.11842106189579
