"names","vals"
"Intercept",-4.10032546068542
"y",0.133902371395379
"V1",0.0279431482776999
"V2",0.105601825751364
"V3",0.1097683517728
"V4",0.551409139763564
"V5",0.188956713303924
"V6",4.55343328788877
"V7",2.72386363428086
