"names","vals"
"Intercept",-2.68905231335666
"y",0.0384458662010729
"V1",0.59842421556823
"V2",0.240734247956425
"V3",0.0742836762219667
"V4",0.894771843915805
"V5",2.64001157879829
