"names","vals"
"Intercept",-4.23717685327865
"y",0.52809002972208
"V1",0.0564275642391294
"V2",0.315313314087689
"V3",0.788662741659209
"V4",0.279331908095628
"V5",0.338393159676343
"V6",2.32546347752213
"V7",4.37173261772841
