"names","vals"
"Intercept",-9.91121720447205
"y",0.874022507574409
"V1",0.690627503441647
"V2",0.614656494231895
"V3",0.166309299413115
"V4",0.642994778230786
"V5",0.00639392179436982
"V6",0.543946710182354
"V7",0.461840435164049
"V8",0.482190690701827
"V9",4.1813747677952
"V10",1.92881422955543
"V11",3.73981213383377
"V12",3.07813518494368
"V13",2.89865096658468
