"names","vals"
"Intercept",-5.16470562261529
"y",0.286521556321532
"V1",0.132828858681023
"V2",0.351555162575096
"V3",0.651442533824593
"V4",0.0758363539353013
"V5",0.54020233405754
"V6",3.29055322241038
"V7",4.68658871017396
