"names","vals"
"Intercept",-7.45105641977396
"y",0.802716036792845
"V1",0.226461526704952
"V2",0.875749104423448
"V3",0.891501549165696
"V4",0.797531304648146
"V5",0.170579848345369
"V6",0.842174840858206
"V7",0.799758105073124
"V8",0.731632862472907
"V9",1.41716993227601
"V10",1.24162920657545
"V11",2.2176561281085
"V12",2.92128057777882
"V13",3.36427508108318
