"names","vals"
"Intercept",-8.39782966434723
"y",0.420601820806041
"V1",0.860298346262425
"V2",0.00850993464700878
"V3",0.251236712327227
"V4",0.79658043035306
"V5",0.97205675765872
"V6",0.203882588772103
"V7",0.867479691980407
"V8",4.03701156005263
"V9",3.43446857668459
"V10",2.18548614811152
"V11",4.99897776916623
