"names","vals"
"Intercept",-10.4487639599806
"y",0.723468316020444
"V1",0.364099224796519
"V2",0.697831766679883
"V3",0.737624976085499
"V4",0.617118519730866
"V5",0.195182373048738
"V6",0.684521997347474
"V7",0.276262965751812
"V8",0.655947613762692
"V9",1.45346952229738
"V10",1.87647994048893
"V11",4.00884718541056
"V12",2.01037784293294
"V13",4.45337624195963
