"names","vals"
"Intercept",-7.98460778320441
"y",0.501422294881195
"V1",0.987729289103299
"V2",0.0879803085699677
"V3",0.521330103743821
"V4",0.945738174952567
"V5",0.851652971003205
"V6",0.511590322479606
"V7",0.421506718266755
"V8",0.576693538343534
"V9",1.78189385309815
"V10",4.76526448875666
"V11",1.91753083933145
"V12",1.90069907717407
"V13",1.26079583074898
