"names","vals"
"Intercept",-4.61762517231982
"y",0.701062736334279
"V1",0.313939563697204
"V2",0.891391305718571
"V3",0.91132039995864
"V4",0.371339598903432
"V5",3.48420479893684
