"names","vals"
"Intercept",-5.61205219140975
"y",0.228678518673405
"V1",0.16473574587144
"V2",0.679587078746408
"V3",0.316189291886985
"V4",0.775083056418225
"V5",0.923452003858984
"V6",4.13808997068554
"V7",3.05871981475502
