"names","vals"
"Intercept",-5.97342603286263
"y",0.800287628313527
"V1",0.0876551114488393
"V2",0.856836509192362
"V3",0.649080044589937
"V4",0.316754564410076
"V5",4.9345020391047
