"names","vals"
"Intercept",-2.4328924149368
"y",0.489739587763324
"V1",0.410490332636982
"V2",0.00229661678895354
"V3",0.585859395563602
"V4",0.705148971639574
"V5",2.44456118624657
