"names","vals"
"Intercept",-9.71700468271738
"y",0.405849267495796
"V1",0.272250037640333
"V2",0.717209711903706
"V3",0.622844869270921
"V4",0.546440391568467
"V5",0.701427774038166
"V6",0.490694718901068
"V7",0.71001937170513
"V8",0.926506039686501
"V9",3.53195051476359
"V10",3.83295691292733
"V11",4.06843778304756
"V12",2.060158806853
"V13",4.50498735439032
