"names","vals"
"Intercept",-5.1554935431527
"y",0.127023135544732
"V1",0.557009054347873
"V2",0.232550338376313
"V3",0.112169060856104
"V4",0.377650332869962
"V5",0.0352817997336388
"V6",0.611845056060702
"V7",0.929989122319967
"V8",4.34775250218809
"V9",2.36068492382765
"V10",1.57534416858107
"V11",1.21246680710465
