"names","vals"
"Intercept",-9.90687266276218
"y",0.997781746322289
"V1",0.155128346290439
"V2",0.200081728165969
"V3",0.820921442704275
"V4",0.366765047656372
"V5",0.125751476036385
"V6",0.692732980241999
"V7",0.718419118318707
"V8",0.402586993761361
"V9",1.96927161701024
"V10",2.90691124927253
"V11",2.25122257880867
"V12",1.10739720705897
"V13",2.93632724415511
