"names","vals"
"Intercept",-2.72371779140318
"y",0.389408178860322
"V1",0.168384026037529
"V2",0.278294889722019
"V3",0.240127119235694
"V4",0.71603147033602
"V5",0.452395183499902
"V6",1.24243222270161
"V7",1.7557724956423
