"names","vals"
"Intercept",-3.53728957285872
"y",0.653923196718097
"V1",0.29020840767771
"V2",0.208097484661266
"V3",0.381419510114938
"V4",0.319163358071819
"V5",0.332402412779629
"V6",0.117152982624248
"V7",2.22481874749064
"V8",1.64719312917441
"V9",2.6869147522375
