"names","vals"
"Intercept",-4.90222311106045
"y",0.157383937155828
"V1",0.764302426949143
"V2",0.936324727488682
"V3",0.690974493743852
"V4",0.612841456895694
"V5",0.542540288763121
"V6",1.8936084061861
"V7",2.52252018265426
