"names","vals"
"Intercept",-2.74378810740309
"y",0.0421350006945431
"V1",0.636016232892871
"V2",0.382813127245754
"V3",0.211173129500821
"V4",0.333527647191659
"V5",0.620421349536628
"V6",3.70848867949098
"V7",2.06453980598599
