"names","vals"
"Intercept",-6.15239568226039
"y",0.32474312838167
"V1",0.16290674242191
"V2",0.233884467044845
"V3",0.216876075137407
"V4",0.491343945264816
"V5",0.733687413623556
"V6",0.994668725179508
"V7",0.985296574188396
"V8",1.71261815819889
"V9",3.17286698147655
"V10",4.234270892106
"V11",2.84854093566537
