"names","vals"
"Intercept",-15.6489339733496
"y",0.498548625037074
"V1",0.167216240195557
"V2",0.891692059580237
"V3",0.306422827532515
"V4",0.699200203176588
"V5",0.585254416335374
"V6",0.100893993629143
"V7",0.715081147616729
"V8",4.40346626471728
"V9",2.8821196788922
"V10",4.80531542561948
"V11",4.91920394636691
