"names","vals"
"Intercept",-4.72197390723974
"y",0.644184849690646
"V1",0.89964291639626
"V2",0.711111350683495
"V3",0.700239724945277
"V4",0.119276491226628
"V5",0.635755691677332
"V6",0.808780562132597
"V7",4.35390009079129
"V8",3.61688168998808
"V9",1.65963602717966
