"names","vals"
"Intercept",-6.9807318682177
"y",0.34530336689204
"V1",0.0420436570420861
"V2",0.230067499447614
"V3",0.00270595727488399
"V4",0.0609351238235831
"V5",0.371810202952474
"V6",0.312742094509304
"V7",0.763710324419662
"V8",3.33998455759138
"V9",2.79994015302509
"V10",2.23635250329971
"V11",3.04994662944227
