"names","vals"
"Intercept",-2.15594964015763
"y",0.592820282094181
"V1",0.416050838073716
"V2",0.0441742218099535
"V3",0.826059432700276
"V4",0.365889659617096
"V5",4.58779611159116
