"names","vals"
"Intercept",-2.24813692386961
"y",0.564936205046251
"V1",0.657130606705323
"V2",0.0835766596719623
"V3",0.900322896195576
"V4",0.874259809264913
"V5",1.63040383998305
