"names","vals"
"Intercept",-6.03978301426396
"y",0.657087206142023
"V1",0.214656375348568
"V2",0.979543112684041
"V3",0.274131493642926
"V4",0.517203180352226
"V5",0.853414969053119
"V6",1.47179804742336
"V7",3.15078896284103
