"names","vals"
"Intercept",-4.51870902278461
"y",0.93913962924853
"V1",0.441520225256681
"V2",0.636182331014425
"V3",0.789184001972899
"V4",0.864299814216793
"V5",0.252448312705383
"V6",4.68620730191469
"V7",1.35197366867214
