"names","vals"
"Intercept",-7.21456197299995
"y",0.0988063998520374
"V1",0.504623356973752
"V2",0.500271931756288
"V3",0.433297098614275
"V4",0.622351784259081
"V5",0.25838562566787
"V6",0.361727763200179
"V7",4.99298930726945
"V8",4.35066941287369
"V9",2.28959441091865
