"names","vals"
"Intercept",-3.87614392339019
"y",0.654842473799363
"V1",0.403030478861183
"V2",0.0819188258610666
"V3",0.639382212655619
"V4",0.907229770207778
"V5",4.13102132361382
