"names","vals"
"Intercept",-2.86856765934266
"y",0.164793023839593
"V1",0.73626834503375
"V2",0.436029017437249
"V3",0.917627435410395
"V4",0.354597643017769
"V5",3.19521003123373
