"names","vals"
"Intercept",-2.64391284432029
"y",0.49941516853869
"V1",0.333617247175425
"V2",0.46534785721451
"V3",0.412026403704658
"V4",0.32770476071164
"V5",2.26302489824593
