"names","vals"
"Intercept",-2.74175906348974
"y",0.0556686767376959
"V1",0.229491100646555
"V2",0.248825734714046
"V3",0.473011496011168
"V4",0.364410713547841
"V5",0.82949276920408
"V6",4.02435157075524
"V7",2.71313865762204
