"names","vals"
"Intercept",-9.97147953398526
"y",0.453888778574765
"V1",0.968776914058253
"V2",0.656716905068606
"V3",0.488870132248849
"V4",0.328776161419228
"V5",0.0283196130767465
"V6",0.844144145725295
"V7",1.70030371006578
"V8",4.77463732101023
"V9",4.64258461166173
