"names","vals"
"Intercept",-9.35426288914168
"y",0.97500702063553
"V1",0.696095836116001
"V2",0.71469760639593
"V3",0.95374594652094
"V4",0.745414195116609
"V5",0.469769192393869
"V6",0.537028250051662
"V7",4.970862692222
"V8",2.33336208574474
"V9",1.91098109353334
