"names","vals"
"Intercept",-3.3237898757169
"y",0.910896183922887
"V1",0.603229047730565
"V2",0.66041523963213
"V3",0.568981318734586
"V4",0.420742470538244
"V5",0.176673366921023
"V6",0.0533114187419415
"V7",0.324250431032851
"V8",1.64447785634547
"V9",3.94141614530236
"V10",2.24866606388241
"V11",4.44152192957699
