"names","vals"
"Intercept",-9.70239476094488
"y",0.375912982504815
"V1",0.0773584563285112
"V2",0.0518460541497916
"V3",0.65094376122579
"V4",0.467607028782368
"V5",0.472877259599045
"V6",0.270554506685585
"V7",3.38402279280126
"V8",4.64218877349049
"V9",3.49066826328635
