"names","vals"
"Intercept",-8.38397580363089
"y",0.31724401935935
"V1",0.76568243233487
"V2",0.795847090194002
"V3",0.390192435123026
"V4",0.941232185345143
"V5",0.452345632715151
"V6",0.21567089506425
"V7",3.21477024443448
"V8",3.87459050305188
"V9",4.43772657681257
