"names","vals"
"Intercept",-9.00660910015693
"y",0.930325343040749
"V1",0.223715961677954
"V2",0.827671034727246
"V3",0.695529396645725
"V4",0.96370819513686
"V5",0.229815873550251
"V6",0.0558203605469316
"V7",0.378263651160523
"V8",2.77896806225181
"V9",3.98427948355675
"V10",3.04261254519224
"V11",2.2684244280681
