"names","vals"
"Intercept",-6.22734091810416
"y",0.666256052441895
"V1",0.446516805095598
"V2",0.552281190641224
"V3",0.893200835911557
"V4",0.24337421101518
"V5",0.808471360476688
"V6",0.309459313750267
"V7",0.297461578855291
"V8",2.4701554980129
"V9",1.94512485899031
"V10",1.22229990363121
"V11",3.44196977745742
