"names","vals"
"Intercept",-7.1934393415926
"y",0.842597757466137
"V1",0.361189943971112
"V2",0.41818882455118
"V3",0.102953033288941
"V4",0.212873462354764
"V5",0.0504897003993392
"V6",0.101688007125631
"V7",0.70454719546251
"V8",4.23059742804617
"V9",3.07474947627634
"V10",2.7577690621838
"V11",1.91444854065776
