"names","vals"
"Intercept",-6.87946630757768
"y",0.161465692799538
"V1",0.863137294538319
"V2",0.768612700281665
"V3",0.665080942679197
"V4",0.782567495945841
"V5",0.223989322083071
"V6",3.9463665150106
"V7",4.64013736322522
