"names","vals"
"Intercept",-10.2565419414314
"y",0.818263897439465
"V1",0.758073133416474
"V2",0.103873170213774
"V3",0.390973501373082
"V4",0.948195548029616
"V5",0.326913379365578
"V6",0.459765441017225
"V7",0.882863191654906
"V8",3.24402567744255
"V9",4.51137377042323
"V10",3.76008134707808
"V11",3.27304774709046
