"names","vals"
"Intercept",-4.73531278416514
"y",0.784758704481646
"V1",0.0474618873558939
"V2",0.111579002579674
"V3",0.538886761292815
"V4",0.423562392825261
"V5",0.105590658728033
"V6",3.36530872993171
"V7",3.21767688449472
