"names","vals"
"Intercept",-7.2744717042055
"y",0.0624722759239376
"V1",0.192367558833212
"V2",0.752988795051351
"V3",0.634985334472731
"V4",0.874676472274587
"V5",0.545563439605758
"V6",4.26318353787065
"V7",3.03996066469699
