"names","vals"
"Intercept",-6.1674769373145
"y",0.293673078762367
"V1",0.0516180284321308
"V2",0.438910656608641
"V3",0.48744928301312
"V4",0.467930998187512
"V5",0.512964628171176
"V6",0.881878575775772
"V7",0.59843026404269
"V8",3.84831018839031
"V9",1.0610849969089
"V10",4.0775738870725
"V11",2.3159045400098
