"names","vals"
"Intercept",-11.4734118523099
"y",0.84956955909729
"V1",0.222616632701829
"V2",0.146428649313748
"V3",0.285512280650437
"V4",0.861335469176993
"V5",0.534769781632349
"V6",0.381522218696773
"V7",0.0453870086930692
"V8",0.888335189316422
"V9",2.47886728029698
"V10",3.02672087121755
"V11",4.17612649686635
"V12",4.32389961648732
"V13",4.09441320411861
