"names","vals"
"Intercept",-10.103372274749
"y",0.997766756918281
"V1",0.732015846529976
"V2",0.254797238856554
"V3",0.317833991954103
"V4",0.851965753361583
"V5",0.169612319907174
"V6",0.0137632340192795
"V7",0.344301901059225
"V8",0.71192269353196
"V9",4.39359114132822
"V10",4.18068340793252
"V11",4.71021377108991
"V12",3.57501647807658
"V13",3.74418173450977
