"names","vals"
"Intercept",-7.40894019393949
"y",0.269323744811118
"V1",0.607190792215988
"V2",0.491291981190443
"V3",0.97959791822359
"V4",0.665966091677547
"V5",0.578152800677344
"V6",0.601112779229879
"V7",0.480608766432852
"V8",1.26783970929682
"V9",4.4500704202801
"V10",4.78374983742833
"V11",1.31511641014367
