"names","vals"
"Intercept",-6.09436122937128
"y",0.715401168679819
"V1",0.0723289893940091
"V2",0.192299613263458
"V3",0.885641050990671
"V4",0.356281199725345
"V5",0.458523273235187
"V6",0.792904481524602
"V7",0.467010516440496
"V8",3.18174083065242
"V9",1.57068964559585
"V10",4.12469680979848
"V11",1.77212358731776
