"names","vals"
"Intercept",-2.10425714051351
"y",0.784349040361121
"V1",0.617132857907563
"V2",0.74271882022731
"V3",0.38961637369357
"V4",0.763315814780071
"V5",2.96739868726581
