"names","vals"
"Intercept",-7.12287955614505
"y",0.479414070025086
"V1",0.573966440511867
"V2",0.796361521352082
"V3",0.495224074460566
"V4",0.479927143082023
"V5",0.653470184188336
"V6",0.419460684992373
"V7",1.68957042321563
"V8",3.70983927324414
"V9",4.15518475044519
