"names","vals"
"Intercept",-4.38449254637118
"y",0.475816172547638
"V1",0.30152505938895
"V2",0.697263272246346
"V3",0.907935403520241
"V4",0.328494791174307
"V5",0.668575114337727
"V6",4.61107124108821
"V7",3.12324164342135
