"names","vals"
"Intercept",-4.33915858495981
"y",0.20088508259505
"V1",0.733902767067775
"V2",0.664266713196412
"V3",0.7207888844423
"V4",0.202054467517883
"V5",0.43301314022392
"V6",0.384634958580136
"V7",2.99670216441154
"V8",2.56899947114289
"V9",4.56242545414716
