"names","vals"
"Intercept",-2.95323236280819
"y",0.7533760513179
"V1",0.578546025324613
"V2",0.749540880322456
"V3",0.488412605132908
"V4",0.169104748172686
"V5",0.799036539625376
"V6",1.52422878798097
"V7",2.76100731268525
