"names","vals"
"Intercept",-7.34731215211563
"y",0.605703426524997
"V1",0.31609421921894
"V2",0.0583949438296258
"V3",0.0395954202394933
"V4",0.990162992151454
"V5",0.591871813638136
"V6",0.374537403695285
"V7",0.440985814901069
"V8",0.252706720959395
"V9",2.8393855439499
"V10",2.67871824931353
"V11",1.90331312827766
"V12",1.02259640954435
"V13",3.90797500405461
