"names","vals"
"Intercept",-1.4199498077156
"y",0.0513765218202025
"V1",0.912121264031157
"V2",0.0431949011981487
"V3",0.79820585809648
"V4",0.968204285250977
"V5",2.01961067225784
