"names","vals"
"Intercept",-2.44215827997541
"y",0.0991827507968992
"V1",0.801858056336641
"V2",0.466082591563463
"V3",0.508521789917722
"V4",0.870143610751256
"V5",0.838118403684348
"V6",0.670603301376104
"V7",3.11548423580825
"V8",3.92948146443814
"V9",2.47256283927709
