"names","vals"
"Intercept",-4.9992415184807
"y",0.489990210160613
"V1",0.923591266619042
"V2",0.521460827672854
"V3",0.850193087477237
"V4",0.892307571833953
"V5",3.93565850052983
