"names","vals"
"Intercept",-2.18416806063382
"y",0.889582243515179
"V1",0.0016172300092876
"V2",0.345829401398078
"V3",0.804853712208569
"V4",0.991385361179709
"V5",3.48833450116217
