"names","vals"
"Intercept",-3.65898927805247
"y",0.761845284374431
"V1",0.798460581107065
"V2",0.635586412856355
"V3",0.209647375857458
"V4",0.0464906704146415
"V5",3.06108056008816
