"names","vals"
"Intercept",-2.48824303311296
"y",0.716693574329838
"V1",0.443773194216192
"V2",0.408290702151135
"V3",0.5812034138944
"V4",0.699306088266894
"V5",0.450887619284913
"V6",1.56862817145884
"V7",1.05206556804478
