"names","vals"
"Intercept",-12.6029068510863
"y",0.172382612014189
"V1",0.943781564245
"V2",0.884676888119429
"V3",0.420227244030684
"V4",0.81134855072014
"V5",0.773280201246962
"V6",0.676331153605133
"V7",0.310556628974155
"V8",0.500712515087798
"V9",3.01286242716014
"V10",3.77599952369928
"V11",3.32929352205247
"V12",2.53512671496719
"V13",1.31942432839423
