"names","vals"
"Intercept",-13.0834527828312
"y",0.368220509961247
"V1",0.352805863367394
"V2",0.00321165611967444
"V3",0.463706681970507
"V4",0.865832509240136
"V5",0.936472881352529
"V6",0.306161189917475
"V7",0.54841126431711
"V8",0.560556427575648
"V9",4.16737742628902
"V10",4.12132702488452
"V11",4.93218498583883
"V12",4.16879766993225
"V13",4.06353506632149
