"names","vals"
"Intercept",-4.0316720503848
"y",0.256442267913371
"V1",0.476018682587892
"V2",0.787351028760895
"V3",0.60443483130075
"V4",0.776503634639084
"V5",0.0174989139195532
"V6",1.80171189270914
"V7",2.00870793592185
