"names","vals"
"Intercept",-6.00573371715145
"y",0.748610063455999
"V1",0.725518430583179
"V2",0.905576416756958
"V3",0.40498874313198
"V4",0.582011784659699
"V5",0.30467315716669
"V6",0.512889637146145
"V7",2.8315152907744
"V8",1.00623552966863
"V9",1.82134366314858
