"names","vals"
"Intercept",-1.38707303305855
"y",0.429023762000725
"V1",0.812402354087681
"V2",0.691377972718328
"V3",0.895823300117627
"V4",0.420908000320196
"V5",2.87805382534862
