"names","vals"
"Intercept",-8.0949644158408
"y",0.620135835371912
"V1",0.193230781937018
"V2",0.238860943820328
"V3",0.775905581889674
"V4",0.806591889122501
"V5",0.0562466657720506
"V6",0.714762707008049
"V7",2.78599178325385
"V8",1.74538188893348
"V9",4.50308923516423
