"names","vals"
"Intercept",-3.7338200996141
"y",0.807017341256142
"V1",0.246190446196124
"V2",0.0690966525580734
"V3",0.196203050436452
"V4",0.431122734211385
"V5",0.291652395622805
"V6",3.42256901692599
"V7",1.15894533228129
