"names","vals"
"Intercept",-8.88711333517451
"y",0.681312109576538
"V1",0.350306906038895
"V2",0.966679876903072
"V3",0.556936554377899
"V4",0.295115899993107
"V5",0.366701598744839
"V6",0.521299401298165
"V7",0.91938453540206
"V8",0.139112357283011
"V9",1.78534448891878
"V10",1.52696883771569
"V11",3.87936893291771
"V12",4.70086412876844
"V13",1.96817108802497
