"names","vals"
"Intercept",-4.38012701779371
"y",0.293362170690671
"V1",0.500102479709312
"V2",0.0420253567863256
"V3",0.428281569620594
"V4",0.306088770506904
"V5",0.909104049438611
"V6",2.24534572754055
"V7",2.62003775127232
