"names","vals"
"Intercept",-6.42533093673876
"y",0.115476438775659
"V1",0.88765871222131
"V2",0.512721934122965
"V3",0.64288686378859
"V4",0.0822129191365093
"V5",0.862336815102026
"V6",0.986546748084947
"V7",0.21875845361501
"V8",0.311772625660524
"V9",1.51828658115119
"V10",4.40785293839872
"V11",4.6272260164842
"V12",2.18817622866482
"V13",1.13656305149198
