"names","vals"
"Intercept",-3.39635404930916
"y",0.37819196167402
"V1",0.127873779274523
"V2",0.669667760608718
"V3",0.0282109226100147
"V4",0.222198653733358
"V5",3.68920667376369
