"names","vals"
"Intercept",-2.69340593372472
"y",0.907015770906582
"V1",0.149458137340844
"V2",0.726112159667537
"V3",0.991362035041675
"V4",0.66382665396668
"V5",4.15338906086981
