"names","vals"
"Intercept",-9.33209378757747
"y",0.139601300936192
"V1",0.927758251084015
"V2",0.610669949324802
"V3",0.471446234500036
"V4",0.902319355169311
"V5",0.380633753258735
"V6",0.275869757169858
"V7",0.67730095773004
"V8",4.57143489457667
"V9",2.30432872194797
"V10",1.57798686623573
"V11",1.52892087493092
