"names","vals"
"Intercept",-5.43369180216687
"y",0.554489401401952
"V1",0.332772451452911
"V2",0.268101429799572
"V3",0.524831929244101
"V4",0.961161751998588
"V5",4.93789541628212
