"names","vals"
"Intercept",-6.53073865135666
"y",0.847579615190625
"V1",0.287825933191925
"V2",0.571384735638276
"V3",0.034377733245492
"V4",0.133808347163722
"V5",0.837045112624764
"V6",0.124901120783761
"V7",0.576892143581063
"V8",0.597628578776494
"V9",2.06155672296882
"V10",2.55473895836622
"V11",1.96070904005319
"V12",1.27408804371953
"V13",1.48421726375818
