"names","vals"
"Intercept",-2.39551697864663
"y",0.759293634211645
"V1",0.346280413214117
"V2",0.426395765738562
"V3",0.582702832994983
"V4",0.191749423975125
"V5",0.842913034372032
"V6",0.672994130523875
"V7",4.28563526179641
"V8",1.53867122624069
"V9",2.77196415327489
