"names","vals"
"Intercept",-1.85569972086698
"y",0.227540004532784
"V1",0.862305245362222
"V2",0.802565581630915
"V3",0.871580692008138
"V4",0.195519873406738
"V5",0.118740021716803
"V6",1.82264938857406
"V7",1.07961477059871
