"names","vals"
"Intercept",-6.45561344731599
"y",0.322633262956515
"V1",0.327033148612827
"V2",0.80018622847274
"V3",0.885736973024905
"V4",0.268429522402585
"V5",0.880628870334476
"V6",4.67157395370305
"V7",2.73700523842126
