"names","vals"
"Intercept",-3.16168531974778
"y",0.672957753064111
"V1",0.967793092131615
"V2",0.104945974890143
"V3",0.561589693417773
"V4",0.0507051472086459
"V5",0.0554310611914843
"V6",4.19312606472522
"V7",3.32056498061866
