"names","vals"
"Intercept",-6.85777170037851
"y",0.346739136613905
"V1",0.210560085950419
"V2",0.106317631900311
"V3",0.783360273111612
"V4",0.00424866518005729
"V5",0.151679492322728
"V6",0.380271333502606
"V7",3.27475599106401
"V8",1.7783924639225
"V9",1.95608236920089
