"names","vals"
"Intercept",-9.11575114149135
"y",0.674250247189775
"V1",0.581995400832966
"V2",0.59937097853981
"V3",0.864871856989339
"V4",0.46011446043849
"V5",0.630928774597123
"V6",0.098997603636235
"V7",3.19430814404041
"V8",4.17983884830028
"V9",1.79913055058569
