"names","vals"
"Intercept",-3.46315199518111
"y",0.457008048659191
"V1",0.39854526752606
"V2",0.342706593917683
"V3",0.476760633289814
"V4",0.311408345820382
"V5",4.39864949975163
