"names","vals"
"Intercept",-0.731904471302405
"y",0.21034608152695
"V1",0.652024804847315
"V2",0.0272650599945337
"V3",0.493409475544468
"V4",0.849930849624798
"V5",4.66357872169465
