"names","vals"
"Intercept",-8.66394277360057
"y",0.301596774952486
"V1",0.743650861550122
"V2",0.341768998419866
"V3",0.347512848908082
"V4",0.499982281355187
"V5",0.501106143696234
"V6",0.306372127262875
"V7",0.732286340789869
"V8",3.32568635232747
"V9",3.2705272231251
"V10",3.04680566396564
"V11",3.82708557415754
