"names","vals"
"Intercept",-4.01650304665091
"y",0.962057244265452
"V1",0.626784851541743
"V2",0.0698976337444037
"V3",0.861331718042493
"V4",0.107073624385521
"V5",0.040262931259349
"V6",0.41247368697077
"V7",1.12163118924946
"V8",1.67441216018051
"V9",4.14464459661394
