"names","vals"
"Intercept",-2.06649315469433
"y",0.107702939072624
"V1",0.421887443866581
"V2",0.0714893329422921
"V3",0.0464194982778281
"V4",0.918624740326777
"V5",0.725304743507877
"V6",1.37768324650824
"V7",3.45016404800117
