"names","vals"
"Intercept",-3.69447864699177
"y",0.181807195302099
"V1",0.342665147036314
"V2",0.62038462026976
"V3",0.394019268453121
"V4",0.365451730089262
"V5",2.99928129650652
