"names","vals"
"Intercept",-7.25869092602283
"y",0.445321275852621
"V1",0.0976475372444838
"V2",0.459836715133861
"V3",0.516244142083451
"V4",0.331766286399215
"V5",0.609509747475386
"V6",0.75206843833439
"V7",0.688074824865907
"V8",1.3906534826383
"V9",3.00493732467294
"V10",2.19194965716451
"V11",1.51792959496379
