"names","vals"
"Intercept",-3.69978012735024
"y",0.940317101078108
"V1",0.955082926433533
"V2",0.784503117669374
"V3",0.835156300803646
"V4",0.0735264283139259
"V5",4.32524641044438
