"names","vals"
"Intercept",-4.77479263035348
"y",0.761397409252822
"V1",0.441746491007507
"V2",0.332574368454516
"V3",0.0263560605235398
"V4",0.895794618409127
"V5",0.448411405319348
"V6",2.90522176306695
"V7",4.48891950026155
