"names","vals"
"Intercept",-4.45381357572973
"y",0.309922153363004
"V1",0.370596338296309
"V2",0.932303642854095
"V3",0.994725359603763
"V4",0.43833815632388
"V5",0.474689312977716
"V6",0.253981215879321
"V7",1.15858353767544
"V8",2.29486002307385
"V9",4.37131093163043
