"names","vals"
"Intercept",-6.29585883312393
"y",0.17955431714654
"V1",0.0902963227126747
"V2",0.553970416309312
"V3",0.762725671753287
"V4",0.626410207245499
"V5",0.0978741780854762
"V6",0.72364429756999
"V7",2.62173449154943
"V8",1.64421771652997
"V9",4.61228343751281
