"names","vals"
"Intercept",-1.27791094991844
"y",0.853249287698418
"V1",0.424822020111606
"V2",0.711171618895605
"V3",0.372338277054951
"V4",0.398509454447776
"V5",2.27351905219257
