"names","vals"
"Intercept",-5.9914235569397
"y",0.201452024048194
"V1",0.498253432335332
"V2",0.291004376020283
"V3",0.737678542267531
"V4",0.227117174072191
"V5",0.945950724650174
"V6",4.85257873125374
"V7",4.35128320939839
