"names","vals"
"Intercept",-7.9132603932987
"y",0.265863710548729
"V1",0.172347841784358
"V2",0.286778703331947
"V3",0.741245900513604
"V4",0.260026066331193
"V5",0.185685403645039
"V6",0.57651048572734
"V7",3.77561407070607
"V8",4.42446435242891
"V9",2.36609631497413
