"names","vals"
"Intercept",-8.63558240999002
"y",0.57914334977977
"V1",0.225969423539937
"V2",0.412820121273398
"V3",0.879488366888836
"V4",0.187101948074996
"V5",0.922176149208099
"V6",0.0788640987593681
"V7",0.667958503821865
"V8",2.97119907289743
"V9",1.7238679304719
"V10",2.85469128750265
"V11",3.63637092150748
