"names","vals"
"Intercept",-4.50656828188337
"y",0.823978802189231
"V1",0.230746700195596
"V2",0.939416611101478
"V3",0.0247728689573705
"V4",0.610044038621709
"V5",0.78246453939937
"V6",3.28347731754184
"V7",1.5659461459145
