"names","vals"
"Intercept",-5.19038488111692
"y",0.519578524166718
"V1",0.721027077641338
"V2",0.850808432558551
"V3",0.567623504204676
"V4",0.046096850419417
"V5",0.585863820509985
"V6",1.79184980038553
"V7",3.43069138284773
