"names","vals"
"Intercept",-5.00560456798412
"y",0.0597311442252249
"V1",0.577168361982331
"V2",0.0181159568019211
"V3",0.924242056207731
"V4",0.855797070078552
"V5",3.42035599984229
