"names","vals"
"Intercept",-9.36136129331775
"y",0.680633397772908
"V1",0.86274509690702
"V2",0.0249149692244828
"V3",0.376748352078721
"V4",0.721033854875714
"V5",0.571209793910384
"V6",0.135314009618014
"V7",0.575792083283886
"V8",0.153723385185003
"V9",1.90790942963213
"V10",2.98783474322408
"V11",2.98928242269903
"V12",4.91963048093021
"V13",3.87389684002846
