"names","vals"
"Intercept",-1.89748095414834
"y",0.45666035474278
"V1",0.447476462693885
"V2",0.496411994099617
"V3",0.0829160634893924
"V4",0.820645488798618
"V5",1.76619924418628
