"names","vals"
"Intercept",-9.64549769416219
"y",0.471784491091967
"V1",0.452136279316619
"V2",0.766252831555903
"V3",0.192025639116764
"V4",0.926860098028556
"V5",0.347975995158777
"V6",0.563106873771176
"V7",0.693666333332658
"V8",2.16897643636912
"V9",3.71842815168202
"V10",3.49941254220903
"V11",2.1315778400749
