"names","vals"
"Intercept",-13.2797326174565
"y",0.23231148882769
"V1",0.242566872155294
"V2",0.738548361929134
"V3",0.870758619857952
"V4",0.806157835060731
"V5",0.126283806515858
"V6",0.0804964150302112
"V7",0.927077464293689
"V8",4.88272916898131
"V9",1.53890670649707
"V10",2.83603929262608
"V11",4.16574528999627
