"names","vals"
"Intercept",-10.8655465229275
"y",0.951205305987969
"V1",0.17391719808802
"V2",0.593435843707994
"V3",0.389941530302167
"V4",0.439845791086555
"V5",0.229526840616018
"V6",0.265377086121589
"V7",4.78154008835554
"V8",4.39050532877445
"V9",4.55419322289526
