"names","vals"
"Intercept",-10.143522118316
"y",0.270175669342279
"V1",0.283220547251403
"V2",0.828372538788244
"V3",0.538413277594373
"V4",0.711104852380231
"V5",0.395459697814658
"V6",0.418027566978708
"V7",0.25776328262873
"V8",3.18196539394557
"V9",4.43518018908799
"V10",2.20510811079293
"V11",3.9067941904068
