"names","vals"
"Intercept",-13.117308659642
"y",0.977615071926266
"V1",0.201353043084964
"V2",0.345455718226731
"V3",0.354276137426496
"V4",0.889445582404733
"V5",0.758940072031692
"V6",0.723183656577021
"V7",0.368971088668332
"V8",0.320336057804525
"V9",4.69684469886124
"V10",3.73737968876958
"V11",2.94097361993045
"V12",1.64601804781705
"V13",4.25725959055126
