"names","vals"
"Intercept",-3.66521521443268
"y",0.940012419130653
"V1",0.970268149394542
"V2",0.744166170014068
"V3",0.31200586212799
"V4",0.33914291113615
"V5",2.1273162830621
