"names","vals"
"Intercept",-8.31456404407043
"y",0.796282245079055
"V1",0.984363283030689
"V2",0.950004225363955
"V3",0.224565011681989
"V4",0.794189139502123
"V5",0.742742303526029
"V6",0.545864058658481
"V7",3.48901923187077
"V8",1.4186542108655
"V9",3.00232129357755
