"names","vals"
"Intercept",-12.5991165300505
"y",0.326750284526497
"V1",0.986964196432382
"V2",0.427550963126123
"V3",0.364734257571399
"V4",0.761780259432271
"V5",0.862195077585056
"V6",0.684453041525558
"V7",0.935757367638871
"V8",3.34728107973933
"V9",3.40507907327265
"V10",2.88550127018243
"V11",4.44230255298316
