"names","vals"
"Intercept",-11.3613646529266
"y",0.469358386006206
"V1",0.0806744825094938
"V2",0.510928387986496
"V3",0.0688276987057179
"V4",0.323922945419326
"V5",0.78152214596048
"V6",0.165264698676765
"V7",4.66514612641186
"V8",3.17859163694084
"V9",4.9751956127584
