"names","vals"
"Intercept",-2.73408899841364
"y",0.466866580536589
"V1",0.914321908028796
"V2",0.851822648197412
"V3",0.668710863916203
"V4",0.681492649950087
"V5",3.16183168813586
