"names","vals"
"Intercept",-2.18499566033017
"y",0.80805952521041
"V1",0.106805574148893
"V2",0.391142356209457
"V3",0.0670125591568649
"V4",0.205426026368514
"V5",1.86915680486709
