"names","vals"
"Intercept",-6.56605515782721
"y",0.426165838260204
"V1",0.273094702046365
"V2",0.149811440613121
"V3",0.121050179004669
"V4",0.00240639830008149
"V5",0.23151451908052
"V6",0.194124826230109
"V7",0.406150124035776
"V8",0.921107002999634
"V9",2.61753482650965
"V10",4.69511764589697
"V11",4.22492817789316
"V12",1.21824721433222
"V13",2.02281643636525
