"names","vals"
"Intercept",-3.56668710384984
"y",0.974675404373556
"V1",0.522753887809813
"V2",0.729332203743979
"V3",0.352370424196124
"V4",0.527174191782251
"V5",1.58883090037853
