"names","vals"
"Intercept",-1.17974012440303
"y",0.133814880624413
"V1",0.202738357707858
"V2",0.239947573281825
"V3",0.39587150583975
"V4",0.467867319006473
"V5",2.80988060776144
