"names","vals"
"Intercept",-4.4874018152128
"y",0.988686770200729
"V1",0.271815536310896
"V2",0.254644342930987
"V3",0.888223799178377
"V4",0.878891865024343
"V5",0.010588638484478
"V6",4.09707273263484
"V7",1.83337829913944
