"names","vals"
"Intercept",-3.06414520190563
"y",0.12136298022233
"V1",0.605693192686886
"V2",0.89975095866248
"V3",0.858411627821624
"V4",0.919265353120863
"V5",0.376412322744727
"V6",3.29585573356599
"V7",1.50135502684861
