"names","vals"
"Intercept",-8.15564465735108
"y",0.68196200276725
"V1",0.909383004996926
"V2",0.0351895247586071
"V3",0.349634750280529
"V4",0.25733824307099
"V5",0.478317060275003
"V6",0.0128483234439045
"V7",0.639141336549073
"V8",1.31974257342517
"V9",4.8527941480279
"V10",4.13927013799548
"V11",1.12550910934806
