"names","vals"
"Intercept",-8.78354320007376
"y",0.82265030243434
"V1",0.93412011815235
"V2",0.296933986479416
"V3",0.890384842408821
"V4",0.506422976497561
"V5",0.475723032606766
"V6",0.239802279276773
"V7",0.50528520392254
"V8",0.801156179280952
"V9",1.06666964292526
"V10",2.1496654106304
"V11",3.60596040729433
"V12",1.2354687647894
"V13",3.38741908594966
