"names","vals"
"Intercept",-3.26314184874063
"y",0.820329173933715
"V1",0.281165304593742
"V2",0.100713895400986
"V3",0.435669731581584
"V4",0.72479064646177
"V5",0.0650595871265978
"V6",1.05223694816232
"V7",1.00817493535578
