"names","vals"
"Intercept",-1.72358566628536
"y",0.0109609931241721
"V1",0.495017597218975
"V2",0.914041623938829
"V3",0.376984377391636
"V4",0.50028785620816
"V5",0.164504909189418
"V6",3.18915755301714
"V7",2.69061865378171
