"names","vals"
"Intercept",-5.81368123405846
"y",0.902692386414856
"V1",0.97452143044211
"V2",0.604557597776875
"V3",0.218323008855805
"V4",0.521286410279572
"V5",0.011196598643437
"V6",0.275835426757112
"V7",0.594932476757094
"V8",3.29184723366052
"V9",4.52349781431258
"V10",4.3109990498051
"V11",4.7214578948915
