"names","vals"
"Intercept",-10.8209686350124
"y",0.000917707104235888
"V1",0.408333860104904
"V2",0.844701409572735
"V3",0.818643134552985
"V4",0.555452479748055
"V5",0.20573121542111
"V6",0.820383531041443
"V7",0.72143072122708
"V8",0.450907105114311
"V9",4.96522951498628
"V10",1.31492198444903
"V11",1.73202845826745
"V12",2.20216601435095
"V13",3.08908671140671
