"names","vals"
"Intercept",-3.36024318448734
"y",0.316944872960448
"V1",0.357510037254542
"V2",0.885930659715086
"V3",0.0467682189773768
"V4",0.122309543425217
"V5",0.0219995987135917
"V6",2.9639059137553
"V7",3.40713803097606
