"names","vals"
"Intercept",-2.64730218990007
"y",0.386455300729722
"V1",0.69193974789232
"V2",0.0446916008368134
"V3",0.828164212405682
"V4",0.595911918440834
"V5",1.43731516879052
