"names","vals"
"Intercept",-5.8770657550823
"y",0.94072091835551
"V1",0.319824723759666
"V2",0.0921191407833248
"V3",0.429091597441584
"V4",0.816072848625481
"V5",0.460471101570874
"V6",0.761822426458821
"V7",0.618413027375937
"V8",1.23788016010076
"V9",4.16028840653598
"V10",3.31696796510369
"V11",4.62504951097071
