"names","vals"
"Intercept",-3.26753908324754
"y",0.780866468558088
"V1",0.509009564993903
"V2",0.740226037800312
"V3",0.000743022654205561
"V4",0.423941588262096
"V5",2.6258683623746
