"names","vals"
"Intercept",-2.858947328059
"y",0.517280551372096
"V1",0.922698500100523
"V2",0.331766137154773
"V3",0.224389808252454
"V4",0.104199714493006
"V5",4.98648057039827
