"names","vals"
"Intercept",-4.28320334910182
"y",0.614977793302387
"V1",0.976508919149637
"V2",0.91128783323802
"V3",0.251743846340105
"V4",0.282499724300578
"V5",0.897369716549292
"V6",2.13302076607943
"V7",3.19936146773398
