"names","vals"
"Intercept",-1.79870823197998
"y",0.0587012181058526
"V1",0.541267389198765
"V2",0.0736278076656163
"V3",0.708395651774481
"V4",0.886745147174224
"V5",1.3708485616371
