"names","vals"
"Intercept",-7.09380902543198
"y",0.261748319491744
"V1",0.933269834844396
"V2",0.318846312817186
"V3",0.293971279636025
"V4",0.550605665659532
"V5",0.779249266255647
"V6",0.383102507563308
"V7",2.59780519921333
"V8",4.75348518323153
"V9",3.80733437184244
