"names","vals"
"Intercept",-4.81192467999412
"y",0.83413494611159
"V1",0.749119806103408
"V2",0.209977074759081
"V3",0.717837487813085
"V4",0.843894202029333
"V5",0.13134406437166
"V6",0.37093058321625
"V7",1.77348745800555
"V8",1.10231321677566
"V9",4.74330536928028
