"names","vals"
"Intercept",-1.21408244816586
"y",0.29309579427354
"V1",0.561333218822256
"V2",0.120315796229988
"V3",0.0739342197775841
"V4",0.802467475412413
"V5",3.17642365489155
