"names","vals"
"Intercept",-5.74000565810129
"y",0.70515698287636
"V1",0.126962767681107
"V2",0.45240219659172
"V3",0.664649108890444
"V4",0.407330190762877
"V5",0.942044988274574
"V6",3.34519488643855
"V7",1.69146863557398
