"names","vals"
"Intercept",-8.0551277805469
"y",0.451797879068181
"V1",0.222772834589705
"V2",0.0885422783903778
"V3",0.21659381641075
"V4",0.604161085793748
"V5",0.440378346014768
"V6",0.160789290210232
"V7",0.527121535036713
"V8",0.761066380189732
"V9",3.04745420720428
"V10",4.34728614240885
"V11",1.66478702053428
"V12",3.9187989551574
"V13",3.23534041270614
