"names","vals"
"Intercept",-7.14090809599962
"y",0.265238584950566
"V1",0.300297073554248
"V2",0.55678361444734
"V3",0.337840157793835
"V4",0.534588346490636
"V5",0.942840281641111
"V6",0.544269867241383
"V7",4.55117198638618
"V8",3.923344662413
"V9",1.15648354496807
