"names","vals"
"Intercept",-3.81888983075041
"y",0.976870576385409
"V1",0.868170047178864
"V2",0.331714260857552
"V3",0.465283166849986
"V4",0.941288293572143
"V5",3.09817950148135
