"names","vals"
"Intercept",-10.0451040518703
"y",0.0710209652315825
"V1",0.0499478487763554
"V2",0.98039666400291
"V3",0.929158659419045
"V4",0.792472317581996
"V5",0.85021512513049
"V6",0.758700002916157
"V7",0.307293868856505
"V8",0.207170333247632
"V9",4.4100332884118
"V10",2.05885543860495
"V11",3.48940164037049
"V12",1.80233879294246
"V13",3.63021975848824
