"names","vals"
"Intercept",-9.17168657585047
"y",0.625777896493673
"V1",0.589529888238758
"V2",0.552456867648289
"V3",0.0961776813492179
"V4",0.740798347396776
"V5",0.859737213235348
"V6",0.282877131830901
"V7",0.386468302924186
"V8",0.243080674204975
"V9",1.94532563444227
"V10",1.63910535164177
"V11",4.15378164406866
"V12",2.93182372953743
"V13",4.16002371814102
