"names","vals"
"Intercept",-7.83611602163641
"y",0.402042030123994
"V1",0.933169365627691
"V2",0.154466889565811
"V3",0.264274061424658
"V4",0.566554352408275
"V5",0.348408716730773
"V6",0.90790574834682
"V7",2.88646025583148
"V8",1.11523278336972
"V9",3.6540067717433
