"names","vals"
"Intercept",-6.99834347631782
"y",0.625608782283962
"V1",0.0638356467243284
"V2",0.753996997373179
"V3",0.580627820920199
"V4",0.551559161394835
"V5",0.0655572677496821
"V6",3.57104884274304
"V7",3.53455405216664
