"names","vals"
"Intercept",-8.94135589592624
"y",0.325213704723865
"V1",0.933299206895754
"V2",0.70792617672123
"V3",0.644404489779845
"V4",0.218033117474988
"V5",0.63436252111569
"V6",0.977750633377582
"V7",0.636339886346832
"V8",0.650394023163244
"V9",3.9787280652672
"V10",3.25807455554605
"V11",1.45864275656641
"V12",1.70006002299488
"V13",1.8914827471599
