"names","vals"
"Intercept",-9.19126247772481
"y",0.705888119759038
"V1",0.333001633174717
"V2",0.713823827216402
"V3",0.546164852567017
"V4",0.556132677942514
"V5",0.510935914237052
"V6",0.181111173005775
"V7",0.669124559033662
"V8",0.714631618000567
"V9",2.57052124291658
"V10",3.51654693763703
"V11",3.55785586498678
"V12",4.29807593300939
"V13",3.75799981318414
