"names","vals"
"Intercept",-10.0805005933484
"y",0.241171472938731
"V1",0.241420486010611
"V2",0.82239162363112
"V3",0.796840860508382
"V4",0.652976855402812
"V5",0.103921608766541
"V6",0.836010833503678
"V7",0.413698463700712
"V8",2.67318409588188
"V9",4.70556815247983
"V10",3.34740208182484
"V11",4.1797665739432
