"names","vals"
"Intercept",-8.25409925798886
"y",0.953390770591795
"V1",0.997652031248435
"V2",0.400375582277775
"V3",0.0198746297974139
"V4",0.0485626303125173
"V5",0.226498352596536
"V6",0.772633522516116
"V7",0.362195541383699
"V8",3.96655513625592
"V9",3.11876281443983
"V10",2.56284266151488
"V11",2.95582909788936
