"names","vals"
"Intercept",-1.86506613995647
"y",0.287475219694898
"V1",0.118741343729198
"V2",0.579956633737311
"V3",0.0519386692903936
"V4",0.37324004387483
"V5",0.89781395252794
"V6",1.39210309460759
"V7",3.1378587866202
