"names","vals"
"Intercept",-4.12187186963856
"y",0.901008030632511
"V1",0.225071255583316
"V2",0.437283773906529
"V3",0.900695722550154
"V4",0.965628153411672
"V5",0.518433471443132
"V6",1.26352768205106
"V7",1.43780372384936
