"names","vals"
"Intercept",-8.33185518361628
"y",0.885893197264522
"V1",0.407320453552529
"V2",0.57613676879555
"V3",0.372565695084631
"V4",0.867135796463117
"V5",0.33475742675364
"V6",0.321570206666365
"V7",3.57710150722414
"V8",3.71270353905857
"V9",2.1734683085233
