"names","vals"
"Intercept",-8.6450762483757
"y",0.43114079721272
"V1",0.737001311033964
"V2",0.504679944831878
"V3",0.49046388710849
"V4",0.0725244730710983
"V5",0.15610593277961
"V6",0.715150207513943
"V7",0.452889176085591
"V8",0.844411031575873
"V9",3.21289411745965
"V10",1.41328828781843
"V11",1.80312886461616
"V12",4.4385375007987
"V13",1.44893787894398
