"names","vals"
"Intercept",-6.61813382531051
"y",0.109975634841248
"V1",0.727953754365444
"V2",0.181251224130392
"V3",0.924370570806786
"V4",0.681862973840907
"V5",0.310123555827886
"V6",0.933397816726938
"V7",1.10485161002725
"V8",1.50773993413895
"V9",4.53878128807992
