"names","vals"
"Intercept",-8.01101092348807
"y",0.818209826946259
"V1",0.819443233311176
"V2",0.869427950819954
"V3",0.997395073529333
"V4",0.509069587802514
"V5",0.846572287846357
"V6",0.555402327794582
"V7",0.416719131404534
"V8",0.625300460262224
"V9",1.93697499763221
"V10",1.31061379425228
"V11",2.37397183571011
"V12",3.09350809920579
"V13",4.79577274154872
