"names","vals"
"Intercept",-3.95910623889416
"y",0.426966081140563
"V1",0.958070105407387
"V2",0.797544572036713
"V3",0.366028882330284
"V4",0.781100030522794
"V5",0.564647731138393
"V6",0.579665830824524
"V7",3.90520254336298
"V8",4.74387488514185
"V9",3.75390387419611
