"names","vals"
"Intercept",-6.101387866023
"y",0.532394237816334
"V1",0.134897984331474
"V2",0.477454258361831
"V3",0.272133449558169
"V4",0.505722104338929
"V5",0.356368602719158
"V6",0.511628186330199
"V7",0.975939397932962
"V8",0.622683201916516
"V9",2.04571456555277
"V10",3.13354867696762
"V11",1.08701688237488
"V12",1.93824602570385
"V13",1.56440502498299
