"names","vals"
"Intercept",-4.66138967991574
"y",0.734915309585631
"V1",0.855857099639252
"V2",0.0324684020597488
"V3",0.0641860943287611
"V4",0.782385325292125
"V5",0.21959030511789
"V6",3.95541217643768
"V7",1.55679512117058
