"names","vals"
"Intercept",-4.10992851565592
"y",0.876559579279274
"V1",0.351820927113295
"V2",0.764715458964929
"V3",0.322344093583524
"V4",0.888306008419022
"V5",2.68178768735379
