"names","vals"
"Intercept",-8.69749204438645
"y",0.381369706243277
"V1",0.831152165774256
"V2",0.959275214234367
"V3",0.624641073169187
"V4",0.990904768463224
"V5",0.791767684509978
"V6",0.285495320335031
"V7",2.0562873147428
"V8",4.8537247274071
"V9",1.54409079719335
