"names","vals"
"Intercept",-6.11598330127308
"y",0.12415837100707
"V1",0.360580333741382
"V2",0.441399186383933
"V3",0.546197744086385
"V4",0.37886814516969
"V5",0.498220111010596
"V6",0.675206100102514
"V7",0.119006143417209
"V8",1.37611449882388
"V9",3.61931351013482
"V10",2.90686535462737
"V11",2.63326232787222
