"names","vals"
"Intercept",-2.39670743012102
"y",0.0179312683176249
"V1",0.723919749027118
"V2",0.55332841258496
"V3",0.460845721419901
"V4",0.371681002434343
"V5",0.350543468259275
"V6",1.17731488589197
"V7",2.58858662191778
