"names","vals"
"Intercept",-4.90301560235675
"y",0.0735896329861134
"V1",0.0925202791113406
"V2",0.846002878155559
"V3",0.32878295937553
"V4",0.979343709535897
"V5",0.366622605128214
"V6",0.297495886450633
"V7",2.97349560447037
"V8",1.68904870469123
"V9",2.03325009997934
