"names","vals"
"Intercept",-5.42211673267884
"y",0.365813315380365
"V1",0.506730363238603
"V2",0.414603107143193
"V3",0.988616320770234
"V4",0.432189492508769
"V5",0.407053065951914
"V6",0.110577603569254
"V7",0.918571361107752
"V8",4.15189813449979
"V9",4.54725655075163
"V10",2.66830271016806
"V11",1.81351641565561
