"names","vals"
"Intercept",-1.84266179638915
"y",0.690138929290697
"V1",0.636921711731702
"V2",0.0684311951044947
"V3",0.379738849587739
"V4",0.767174002481624
"V5",4.09403039887547
