"names","vals"
"Intercept",-8.65599408762995
"y",0.426386051578447
"V1",0.722471719607711
"V2",0.244716698536649
"V3",0.745158834382892
"V4",0.50485510379076
"V5",0.738083196571097
"V6",0.33240371150896
"V7",0.0356901939958334
"V8",2.60950796399266
"V9",4.89261221326888
"V10",1.59588200692087
"V11",2.80331570468843
