"names","vals"
"Intercept",-10.260904315603
"y",0.294351584743708
"V1",0.601152098970488
"V2",0.140157699817792
"V3",0.963004747405648
"V4",0.391680663218722
"V5",0.387687677750364
"V6",0.834095539292321
"V7",0.206311321584508
"V8",4.95432771276683
"V9",2.75467930268496
"V10",4.02725318726152
"V11",2.418861316517
