"names","vals"
"Intercept",-1.98000346683431
"y",0.0105046278331429
"V1",0.0085157526191324
"V2",0.261423361953348
"V3",0.278993405867368
"V4",0.240996066713706
"V5",0.557755135931075
"V6",1.36128693725914
"V7",2.40464519709349
