"names","vals"
"Intercept",-3.27617835081182
"y",0.220186647959054
"V1",0.610790131613612
"V2",0.0723367240279913
"V3",0.485722080338746
"V4",0.627237390493974
"V5",0.136577002704144
"V6",3.99014988262206
"V7",4.71390486788005
