"names","vals"
"Intercept",-4.61462922361214
"y",0.177084252703935
"V1",0.832815906731412
"V2",0.530943519202992
"V3",0.619218070991337
"V4",0.453211104730144
"V5",4.13993434328586
