"names","vals"
"Intercept",-6.54100314414827
"y",0.427114601247013
"V1",0.308187120128423
"V2",0.793541456339881
"V3",0.419516575755551
"V4",0.438681923551485
"V5",0.543794818921015
"V6",0.931774776428938
"V7",2.27444455772638
"V8",1.79547060932964
"V9",4.9227035548538
