"names","vals"
"Intercept",-4.46024529227987
"y",0.0850903841201216
"V1",0.344589116983116
"V2",0.0737532882485539
"V3",0.126055508619174
"V4",0.302085390081629
"V5",0.971263641724363
"V6",0.74312208336778
"V7",0.144927521236241
"V8",1.7528209425509
"V9",1.39194284100085
"V10",1.73190403543413
"V11",3.99752679746598
