"names","vals"
"Intercept",-5.48236722483765
"y",0.854399886447936
"V1",0.665399856632575
"V2",0.503968892851844
"V3",0.651662363437936
"V4",0.65220257639885
"V5",0.545879182172939
"V6",0.211750979768112
"V7",2.26294052228332
"V8",1.01442882046103
"V9",4.32475030422211
