"names","vals"
"Intercept",-5.42375015203375
"y",0.179606502875686
"V1",0.084010352846235
"V2",0.937282053753734
"V3",0.854145758552477
"V4",0.360994726186618
"V5",0.71243657078594
"V6",0.519435303285718
"V7",0.911398341646418
"V8",1.09349769633263
"V9",1.47082476038486
"V10",3.41492324136198
"V11",2.39598467573524
