"names","vals"
"Intercept",-3.68942551186308
"y",0.209294791799039
"V1",0.957984941080213
"V2",0.888476238120347
"V3",0.997611971572042
"V4",0.300891668535769
"V5",2.64150350447744
