"names","vals"
"Intercept",-6.51508259739494
"y",0.957650350406766
"V1",0.700358872301877
"V2",0.889093400444835
"V3",0.916935877408832
"V4",0.160990768810734
"V5",3.94408843945712
