"names","vals"
"Intercept",-12.4727566218586
"y",0.474180065561086
"V1",0.810957873705775
"V2",0.757794749457389
"V3",0.417760418029502
"V4",0.704711795318872
"V5",0.640755109954625
"V6",0.948074269806966
"V7",0.0520328423008323
"V8",4.56748416647315
"V9",3.4137089336291
"V10",3.46924154181033
"V11",2.54419053345919
