"names","vals"
"Intercept",-9.45105479765916
"y",0.605054523330182
"V1",0.320415374822915
"V2",0.547097026603296
"V3",0.544335105922073
"V4",0.204432274447754
"V5",0.331648369086906
"V6",0.476068352349102
"V7",0.925082898233086
"V8",3.05733034480363
"V9",2.31582577060908
"V10",1.02349371369928
"V11",4.44587116967887
