"names","vals"
"Intercept",-11.386092073014
"y",0.391327117802575
"V1",0.881162555189803
"V2",0.625079422956333
"V3",0.308788782916963
"V4",0.973729710793123
"V5",0.343851602869108
"V6",0.324227433651686
"V7",0.159074608236551
"V8",0.758080958854407
"V9",1.05922765377909
"V10",3.46734260860831
"V11",4.13838913291693
"V12",3.43983676843345
"V13",2.33607669454068
