"names","vals"
"Intercept",-7.30539647673722
"y",0.141294970642775
"V1",0.165877187391743
"V2",0.83490205812268
"V3",0.437604318372905
"V4",0.0750717131886631
"V5",0.0776511316653341
"V6",0.470992980524898
"V7",0.31365981628187
"V8",3.30614146124572
"V9",4.4401673860848
"V10",2.87851992342621
"V11",3.42687827162445
