"names","vals"
"Intercept",-8.90291606521932
"y",0.747580602997914
"V1",0.988413302693516
"V2",0.377300970256329
"V3",0.290358325466514
"V4",0.55615299846977
"V5",0.32383099431172
"V6",0.113134129438549
"V7",0.961007922887802
"V8",0.131457654526457
"V9",4.0777621679008
"V10",2.90005896426737
"V11",1.55386786628515
"V12",3.04217253159732
"V13",1.07942136563361
