"names","vals"
"Intercept",-6.95658509290311
"y",0.917877240572125
"V1",0.54930297890678
"V2",0.965739053674042
"V3",0.0179535585921258
"V4",0.448732568183914
"V5",0.736940221162513
"V6",0.412637472851202
"V7",3.77361141797155
"V8",4.72244806028903
"V9",4.0641816649586
