"names","vals"
"Intercept",-10.6162946061697
"y",0.840088185854256
"V1",0.884462329326198
"V2",0.198211126960814
"V3",0.608648970257491
"V4",0.881367231719196
"V5",0.809874929720536
"V6",0.00201404932886362
"V7",0.827472348930314
"V8",0.00504054618068039
"V9",2.69666121527553
"V10",4.52389872260392
"V11",3.72101579234004
"V12",2.00219296850264
"V13",3.04123498219997
