"names","vals"
"Intercept",-3.47864292035112
"y",0.879601236665621
"V1",0.164359243120998
"V2",0.195191453909501
"V3",0.81361635774374
"V4",0.122176858829334
"V5",0.259942919248715
"V6",3.58422488626093
"V7",2.85435474663973
