"names","vals"
"Intercept",-6.99809861081652
"y",0.748223356902599
"V1",0.458626490784809
"V2",0.582556940149516
"V3",0.672805485315621
"V4",0.18229661649093
"V5",0.339772475650534
"V6",0.973713673418388
"V7",2.15064654871821
"V8",1.60546153504401
"V9",1.60566310491413
