"names","vals"
"Intercept",-1.98687966807047
"y",0.428781716385856
"V1",0.555005875881761
"V2",0.72924930579029
"V3",0.736839905614033
"V4",0.801864909008145
"V5",4.31364003010094
