"names","vals"
"Intercept",-5.78577214329271
"y",0.933993329294026
"V1",0.724667409900576
"V2",0.113576038973406
"V3",0.654599237721413
"V4",0.464092707028612
"V5",0.558165522292256
"V6",0.657888008514419
"V7",1.14220230840147
"V8",3.87945156171918
"V9",3.59203618764877
