"names","vals"
"Intercept",-4.19566241400316
"y",0.260881468188018
"V1",0.878900465322658
"V2",0.265296935103834
"V3",0.162280265241861
"V4",0.520060961367562
"V5",0.650834453525022
"V6",0.381019722903147
"V7",4.24401229154319
"V8",2.16414130385965
"V9",2.40014927275479
