"names","vals"
"Intercept",-1.96439064071747
"y",0.20286976126954
"V1",0.392502797069028
"V2",0.000151090091094375
"V3",0.111096673412248
"V4",0.620695838937536
"V5",0.143812991213053
"V6",1.82762660831213
"V7",3.09926303010434
