"names","vals"
"Intercept",-3.84384451777441
"y",0.922644573729485
"V1",0.714719861280173
"V2",0.439811920747161
"V3",0.0076055615209043
"V4",0.337609631707892
"V5",0.309887214563787
"V6",4.97906153369695
"V7",2.8382823606953
