"names","vals"
"Intercept",-14.935043643394
"y",0.657915998483077
"V1",0.399741075700149
"V2",0.514476047828794
"V3",0.551517917076126
"V4",0.00125339394435287
"V5",0.554635272361338
"V6",0.930158891482279
"V7",0.506416905904189
"V8",0.0584007259458303
"V9",3.94307398144156
"V10",3.44734698720276
"V11",4.8405685191974
"V12",2.06154219433665
"V13",2.64621224533767
