"names","vals"
"Intercept",-2.18949865571223
"y",0.11109945224598
"V1",0.575837350916117
"V2",0.669213549233973
"V3",0.998834840022027
"V4",0.342965136282146
"V5",3.925431875512
