"names","vals"
"Intercept",-10.9145687562879
"y",0.670030131936073
"V1",0.167960395105183
"V2",0.272881787968799
"V3",0.866240065312013
"V4",0.896230857120827
"V5",0.869709377642721
"V6",0.0522741773165762
"V7",0.239182728575543
"V8",0.431984972208738
"V9",3.46821913681924
"V10",3.09331481158733
"V11",4.19873911421746
"V12",3.48164288140833
"V13",3.35431598313153
