"names","vals"
"Intercept",-2.35015701927943
"y",0.157643597573042
"V1",0.685564874438569
"V2",0.491512639448047
"V3",0.579040421871468
"V4",0.928884799825028
"V5",2.6300419094041
