"names","vals"
"Intercept",-7.46312503552763
"y",0.140934678027406
"V1",0.682343374937773
"V2",0.544532650383189
"V3",0.101881550159305
"V4",0.99761396064423
"V5",0.396387618500739
"V6",0.0764904271345586
"V7",0.679344328586012
"V8",0.86363017000258
"V9",4.73203109763563
"V10",4.13239511754364
"V11",1.68586996756494
"V12",4.26148968748748
"V13",1.69131601974368
