"names","vals"
"Intercept",-0.736751917228103
"y",0.500791603932157
"V1",0.101616769097745
"V2",0.015617473050952
"V3",0.269204317592084
"V4",0.249716088408604
"V5",3.96322744712234
