"names","vals"
"Intercept",-1.90812091115164
"y",0.781241191085428
"V1",0.831662342185155
"V2",0.185460760258138
"V3",0.705023263581097
"V4",0.770707595627755
"V5",1.64215127006173
