"names","vals"
"Intercept",-3.95174788647098
"y",0.341674871044233
"V1",0.906201491365209
"V2",0.525827795732766
"V3",0.128477630671114
"V4",0.940092854900286
"V5",0.157188914250582
"V6",0.498895360389724
"V7",4.08980323839933
"V8",3.67306428775191
"V9",1.31201033946127
