"names","vals"
"Intercept",-2.5491133137932
"y",0.541119240690023
"V1",0.618140474194661
"V2",0.82961542531848
"V3",0.286523002432659
"V4",0.796171330614015
"V5",0.417863194132224
"V6",4.39613705687225
"V7",1.45298457425088
