"names","vals"
"Intercept",-3.37596111059887
"y",0.381905667018145
"V1",0.514385113958269
"V2",0.20404777652584
"V3",0.713638782734051
"V4",0.558905269252136
"V5",0.0358464801684022
"V6",2.4661315465346
"V7",1.3913052007556
