"names","vals"
"Intercept",-3.91700717607979
"y",0.552163759479299
"V1",0.478805895661935
"V2",0.38522826647386
"V3",0.57872235798277
"V4",0.403969377279282
"V5",0.0960306781344116
"V6",4.91177681647241
"V7",2.24753392674029
