"names","vals"
"Intercept",-9.28431916783564
"y",0.111355245579034
"V1",0.659987428924069
"V2",0.522852404043078
"V3",0.778160638874397
"V4",0.914253508439288
"V5",0.776713339379057
"V6",0.129421050660312
"V7",0.828058183193207
"V8",0.399158437270671
"V9",1.58328608516604
"V10",3.37948116660118
"V11",2.86619543284178
"V12",2.6745224473998
"V13",1.60380022134632
