"names","vals"
"Intercept",-2.74767485087505
"y",0.0530975318979472
"V1",0.876038756221533
"V2",0.649656849680468
"V3",0.0419043232686818
"V4",0.39628022024408
"V5",3.93673951551318
