"names","vals"
"Intercept",-4.16750067643588
"y",0.608996355440468
"V1",0.0605742000043392
"V2",0.955288310302421
"V3",0.925393961602822
"V4",0.897397365188226
"V5",0.641822029836476
"V6",3.21820581424981
"V7",1.83744386117905
