"names","vals"
"Intercept",-8.15021343460539
"y",0.852046448271722
"V1",0.0852774591185153
"V2",0.0710458711255342
"V3",0.671821515774354
"V4",0.592522399732843
"V5",0.0200102645903826
"V6",0.0126275233924389
"V7",0.424118931870908
"V8",3.08148721512407
"V9",4.09598662890494
"V10",1.2487563919276
"V11",3.81168877892196
