"names","vals"
"Intercept",-4.1008280492574
"y",0.562239632708952
"V1",0.377536714542657
"V2",0.779727607965469
"V3",0.747860558098182
"V4",0.583809425588697
"V5",3.66657793987542
