"names","vals"
"Intercept",-8.06511256740196
"y",0.100000908598304
"V1",0.945869404356927
"V2",0.929424573667347
"V3",0.322621703380719
"V4",0.775342525914311
"V5",0.902857785811648
"V6",0.124996517086402
"V7",0.127037853933871
"V8",0.219336237525567
"V9",1.13378554303199
"V10",3.39590113051236
"V11",1.5392408138141
"V12",1.33009114675224
"V13",4.0217443536967
