"names","vals"
"Intercept",-2.99877860641806
"y",0.221017288742587
"V1",0.712547521106899
"V2",0.151671024272218
"V3",0.222499357070774
"V4",0.854412468150258
"V5",0.912532973336056
"V6",4.19958680588752
"V7",1.11697118729353
