"names","vals"
"Intercept",-6.43226268653758
"y",0.874641683651134
"V1",0.0995352249592543
"V2",0.746525110676885
"V3",0.0876209805719554
"V4",0.63202620879747
"V5",0.00925130397081375
"V6",0.682464005425572
"V7",0.0898758475668728
"V8",4.54823323432356
"V9",2.68587025534362
"V10",2.82999427057803
"V11",1.07363488525152
