"names","vals"
"Intercept",-8.89746003615437
"y",0.905427655670792
"V1",0.05819016485475
"V2",0.892147123813629
"V3",0.702052523149177
"V4",0.239255975466222
"V5",0.76643138891086
"V6",0.35743827582337
"V7",0.751067104516551
"V8",0.270091693848372
"V9",2.63009022921324
"V10",2.64986632112414
"V11",1.40787588059902
"V12",1.92366659641266
"V13",2.83776415977627
