"names","vals"
"Intercept",-2.00074062462663
"y",0.00971653568558395
"V1",0.285007858648896
"V2",0.71341994474642
"V3",0.997732595074922
"V4",0.117018983932212
"V5",2.99574522022158
