"names","vals"
"Intercept",-7.15632829071488
"y",0.226791155524552
"V1",0.855895482003689
"V2",0.371009949827567
"V3",0.480200848542154
"V4",0.38791455491446
"V5",0.0590444509871304
"V6",0.1917030045297
"V7",4.78794809989631
"V8",1.72897174302489
"V9",4.43613785691559
