"names","vals"
"Intercept",-8.73942694513826
"y",0.543310937238857
"V1",0.63721586484462
"V2",0.100018247729167
"V3",0.472469011321664
"V4",0.214544588699937
"V5",0.42460008407943
"V6",0.304758406244218
"V7",3.50402748864144
"V8",4.07876319438219
"V9",4.65177286788821
