"names","vals"
"Intercept",-2.43770319398725
"y",0.35509123490192
"V1",0.750930312089622
"V2",0.525500283110887
"V3",0.970134242204949
"V4",0.932135028066114
"V5",1.61042755097151
