"names","vals"
"Intercept",-8.96231654842617
"y",0.749864865792915
"V1",0.467222078936175
"V2",0.845616050297394
"V3",0.56944918166846
"V4",0.888780223671347
"V5",0.203185744583607
"V6",0.242929970379919
"V7",4.46885431092232
"V8",2.51621677167714
"V9",1.78577142581344
