"names","vals"
"Intercept",-6.80807399384212
"y",0.524784212000668
"V1",0.45595424156636
"V2",0.442265851655975
"V3",0.614957494428381
"V4",0.737393066985533
"V5",0.309387622401118
"V6",3.06133331172168
"V7",2.57507022377104
