"names","vals"
"Intercept",-3.83081484660972
"y",0.369386888109148
"V1",0.217333480948582
"V2",0.142701124306768
"V3",0.3993146258872
"V4",0.357189598493278
"V5",0.334091824945062
"V6",0.928026724373922
"V7",1.82604089658707
"V8",1.92217868659645
"V9",1.48322946205735
