"names","vals"
"Intercept",-6.65490967389196
"y",0.770428898744285
"V1",0.00362156634218991
"V2",0.520590136991814
"V3",0.361089343437925
"V4",0.977198876673356
"V5",0.702394378604367
"V6",4.77691312413663
"V7",4.2672110106796
