"names","vals"
"Intercept",-5.40541042547906
"y",0.446968254167587
"V1",0.621440220391378
"V2",0.215029922313988
"V3",0.457980905892327
"V4",0.396505567943677
"V5",0.334774400340393
"V6",0.533955553779379
"V7",2.4806495886296
"V8",2.28097705449909
"V9",4.30905700288713
