"names","vals"
"Intercept",-5.38295140303671
"y",0.143434214638546
"V1",0.38810416450724
"V2",0.439175436273217
"V3",0.717014894122258
"V4",0.643993631238118
"V5",0.789280644385144
"V6",4.58723427075893
"V7",4.99274620972574
