"names","vals"
"Intercept",-5.73670997025212
"y",0.155651450622827
"V1",0.316552586620674
"V2",0.674150860169902
"V3",0.540270743891597
"V4",0.77862631296739
"V5",0.438463410595432
"V6",0.379443240584806
"V7",4.60286701098084
"V8",3.51218805648386
"V9",4.56106739770621
