"names","vals"
"Intercept",-4.41178028607974
"y",0.486009313492104
"V1",0.48639650316909
"V2",0.468086130451411
"V3",0.657607882050797
"V4",0.964075307128951
"V5",2.84198371134698
