"names","vals"
"Intercept",-7.75448931557126
"y",0.571205536369234
"V1",0.72240652795881
"V2",0.835967269027606
"V3",0.93006765213795
"V4",0.614610072225332
"V5",0.262474682880566
"V6",0.907682370627299
"V7",0.318555838894099
"V8",1.94172791950405
"V9",1.95337375067174
"V10",2.44248825870454
"V11",3.92778259608895
