"names","vals"
"Intercept",-9.03260585289681
"y",0.957119349390268
"V1",0.763182214694098
"V2",0.554318020585924
"V3",0.478608204983175
"V4",0.648401896469295
"V5",0.0697657985147089
"V6",0.252767896279693
"V7",0.353734662523493
"V8",0.00710172043181956
"V9",4.72080130409449
"V10",2.06416949816048
"V11",2.67657257150859
"V12",2.77935129776597
"V13",1.55085409805179
