"names","vals"
"Intercept",-5.90347074466757
"y",0.894318172475323
"V1",0.672524206107482
"V2",0.55720842606388
"V3",0.354592320974916
"V4",0.199448905652389
"V5",0.770573154557496
"V6",4.72064790315926
"V7",3.17816694360226
