"names","vals"
"Intercept",-5.61008780548582
"y",0.461201051715761
"V1",0.657508003292605
"V2",0.54801357886754
"V3",0.975560602964833
"V4",0.701622946653515
"V5",0.312871194444597
"V6",0.945874938974157
"V7",0.164431469049305
"V8",0.985568476375192
"V9",2.69554717000574
"V10",1.37459263205528
"V11",2.67187579814345
"V12",2.98739104159176
"V13",1.87881887331605
