"names","vals"
"Intercept",-3.29428927738452
"y",0.562890591332689
"V1",0.589972057845443
"V2",0.525034381309524
"V3",0.503153869882226
"V4",0.916026178048924
"V5",0.177746537607163
"V6",1.43457441683859
"V7",2.05892692692578
