"names","vals"
"Intercept",-3.170746063767
"y",0.572130119660869
"V1",0.709028499666601
"V2",0.721787344897166
"V3",0.481503010727465
"V4",0.359029052779078
"V5",2.4192429156974
