"names","vals"
"Intercept",-8.05052442278713
"y",0.267435481538996
"V1",0.468922166386619
"V2",0.564190606353804
"V3",0.43717312742956
"V4",0.982645098119974
"V5",0.182630727533251
"V6",0.719456891296431
"V7",0.226839747279882
"V8",2.09562039189041
"V9",2.24824022408575
"V10",1.35120624210685
"V11",2.28859287314117
