"names","vals"
"Intercept",-5.37559868101031
"y",0.748749793739989
"V1",0.242535519879311
"V2",0.339732390828431
"V3",0.631413697032258
"V4",0.776709750294685
"V5",0.513007276691496
"V6",0.961335887666792
"V7",2.16602145601064
"V8",2.29158712550998
"V9",1.09645306318998
