"names","vals"
"Intercept",-9.56244551962009
"y",0.815362509340048
"V1",0.0922208125703037
"V2",0.49805449298583
"V3",0.690488606225699
"V4",0.269864744739607
"V5",0.56096663675271
"V6",0.991115999408066
"V7",0.130806240718812
"V8",0.559753770474344
"V9",4.89325188845396
"V10",1.67205126862973
"V11",3.99690261483192
"V12",2.86376482434571
"V13",3.98896099440753
