"names","vals"
"Intercept",-11.5196697066654
"y",0.0819698988925666
"V1",0.259948006598279
"V2",0.171597440494224
"V3",0.0345339514315128
"V4",0.296988954301924
"V5",0.60943654505536
"V6",0.422633286565542
"V7",0.973123762989417
"V8",0.48020125972107
"V9",4.41319131292403
"V10",4.87426064442843
"V11",2.01781338453293
"V12",2.77732699178159
"V13",4.29909623600543
