"names","vals"
"Intercept",-6.76583999812137
"y",0.3755949633196
"V1",0.785439954372123
"V2",0.984626835677773
"V3",0.779652405763045
"V4",0.133208282990381
"V5",0.29943601298146
"V6",2.67970953695476
"V7",2.34810458682477
