"names","vals"
"Intercept",-5.02592121140333
"y",0.76046509295702
"V1",0.115057850256562
"V2",0.825513056246564
"V3",0.694670157274231
"V4",0.115919800009578
"V5",0.217513699783012
"V6",0.0496533766854554
"V7",4.17716840375215
"V8",1.89970464911312
"V9",4.17671202030033
