"names","vals"
"Intercept",-5.40201230012346
"y",0.425996004370973
"V1",0.197131561581045
"V2",0.277920675231144
"V3",0.184434482362121
"V4",0.757299256511033
"V5",0.548002969939262
"V6",0.435523402644321
"V7",2.60366793721914
"V8",4.73473404347897
"V9",2.60359708219767
