"names","vals"
"Intercept",-7.32489761740668
"y",0.895115751773119
"V1",0.382446746574715
"V2",0.328236809000373
"V3",0.209202906349674
"V4",0.920723273186013
"V5",0.594497133279219
"V6",0.331503973342478
"V7",0.185161695582792
"V8",0.248604769818485
"V9",4.51009151246399
"V10",2.72755814250559
"V11",1.67946645338088
"V12",4.13479417841882
"V13",1.26700360607356
