"names","vals"
"Intercept",-2.71698013870046
"y",0.986942196730524
"V1",0.154914974467829
"V2",0.0881818749476224
"V3",0.618416364537552
"V4",0.180459635797888
"V5",4.46479550097138
