"names","vals"
"Intercept",-4.96207705871202
"y",0.873827807139605
"V1",0.0713570539373904
"V2",0.977357013849542
"V3",0.103614484425634
"V4",0.898601135471836
"V5",0.658928919350728
"V6",0.469697718508542
"V7",0.44539945339784
"V8",1.03130948916078
"V9",3.21974165830761
"V10",1.72684848774225
"V11",2.81447427067906
