"names","vals"
"Intercept",-3.62683671725681
"y",0.0612080120481551
"V1",0.367457176558673
"V2",0.604120911331847
"V3",0.100940898992121
"V4",0.692967985058203
"V5",0.177940212190151
"V6",2.17994662094861
"V7",2.01507574226707
