"names","vals"
"Intercept",-8.01571881787153
"y",0.500279953004792
"V1",0.89745702361688
"V2",0.168211336713284
"V3",0.0370998287107795
"V4",0.201854026410729
"V5",0.0568057254422456
"V6",0.87646048469469
"V7",4.87480408791453
"V8",1.56370855588466
"V9",3.78595035057515
