"names","vals"
"Intercept",-7.99241513939109
"y",0.947226351127028
"V1",0.640754756284878
"V2",0.166129757184535
"V3",0.0113234180025756
"V4",0.374814048176631
"V5",0.0814516262616962
"V6",0.898555928142741
"V7",0.645563547266647
"V8",3.39968386571854
"V9",1.54170443862677
"V10",1.33186471555382
"V11",3.85727503430098
