"names","vals"
"Intercept",-7.87403642691206
"y",0.960904621286318
"V1",0.293745308183134
"V2",0.616629978641868
"V3",0.430277484236285
"V4",0.18988679535687
"V5",0.409405283629894
"V6",4.9898386169225
"V7",4.54818962980062
