"names","vals"
"Intercept",-13.0896169914911
"y",0.976764659164473
"V1",0.95637567830272
"V2",0.895401247311383
"V3",0.837400290882215
"V4",0.428785194410011
"V5",0.390855688368902
"V6",0.279744105879217
"V7",0.884269883856177
"V8",4.41729646641761
"V9",4.02961309626698
"V10",2.76994647737592
"V11",2.48591963481158
