"names","vals"
"Intercept",-2.0272738263011
"y",0.702067764243111
"V1",0.208676687441766
"V2",0.858227448072284
"V3",0.0587576588150114
"V4",0.738925039069727
"V5",2.56515211891383
