"names","vals"
"Intercept",-12.7870511792484
"y",0.264313432620838
"V1",0.768135339487344
"V2",0.0652120327576995
"V3",0.526801737956703
"V4",0.229933127062395
"V5",0.966705868719146
"V6",0.625386619474739
"V7",0.581936072558165
"V8",0.617427028249949
"V9",4.78606651816517
"V10",4.85209827218205
"V11",4.02070119138807
"V12",1.04323675017804
"V13",3.27766303904355
