"names","vals"
"Intercept",-6.31162004850805
"y",0.233986324397847
"V1",0.0272372430190444
"V2",0.813757369760424
"V3",0.533778137527406
"V4",0.0556778823956847
"V5",0.0422660573385656
"V6",0.478211069479585
"V7",4.41244638431817
"V8",2.27862478233874
"V9",1.55907501839101
