"names","vals"
"Intercept",-3.56306202182779
"y",0.782064974075183
"V1",0.80406632903032
"V2",0.460565085057169
"V3",0.350332421250641
"V4",0.381483916891739
"V5",2.57602844201028
