"names","vals"
"Intercept",-4.49763222542126
"y",0.783345841802657
"V1",0.0829865131527185
"V2",0.548804485471919
"V3",0.457376334816217
"V4",0.27560426434502
"V5",0.725242448505014
"V6",3.24850279651582
"V7",4.96891889162362
