"names","vals"
"Intercept",-1.72496297883335
"y",0.640559471212327
"V1",0.600878630764782
"V2",0.70477505796589
"V3",0.676105804508552
"V4",0.823364190058783
"V5",1.34127922449261
