"names","vals"
"Intercept",-4.9098081235541
"y",0.300888150930405
"V1",0.839513584040105
"V2",0.34695918369107
"V3",0.786915331846103
"V4",0.0112921232357621
"V5",0.354943532962352
"V6",0.514947057701647
"V7",1.66654320247471
"V8",1.43264201655984
"V9",2.92182288784534
