"names","vals"
"Intercept",-6.4556364759244
"y",0.848767333198339
"V1",0.139586457284167
"V2",0.3697932488285
"V3",0.963021209696308
"V4",0.980347546515986
"V5",0.0132081725168973
"V6",4.6097699822858
"V7",3.60737539734691
