"names","vals"
"Intercept",-4.41538902076893
"y",0.812623393023387
"V1",0.000660770339891315
"V2",0.3690606423188
"V3",0.975795680191368
"V4",0.763917885022238
"V5",2.66989087779075
