"names","vals"
"Intercept",-8.21153851825511
"y",0.807608034694567
"V1",0.85781459743157
"V2",0.149165541864932
"V3",0.917863021139055
"V4",0.289284705417231
"V5",0.202471590600908
"V6",0.934679996222258
"V7",4.10969967022538
"V8",4.54519707616419
"V9",3.8033521939069
