"names","vals"
"Intercept",-9.56518691369798
"y",0.219454794423655
"V1",0.717872498324141
"V2",0.0783839605282992
"V3",0.465711536817253
"V4",0.777172576170415
"V5",0.136788833653554
"V6",0.922464504139498
"V7",0.784999939380214
"V8",0.232892229687423
"V9",2.72390590049326
"V10",4.69156236480922
"V11",1.74502209108323
"V12",2.90511778648943
"V13",1.36297667399049
