"names","vals"
"Intercept",-10.1955770242517
"y",0.424362025456503
"V1",0.359929748810828
"V2",0.205047350842506
"V3",0.218612965429202
"V4",0.821821877500042
"V5",0.161374849732965
"V6",0.44526812969707
"V7",0.732941352995113
"V8",0.111999528482556
"V9",2.90182952675968
"V10",2.5187940178439
"V11",1.7918904479593
"V12",2.6820465689525
"V13",4.17631341982633
