"names","vals"
"Intercept",-3.2858294196194
"y",0.894436698174104
"V1",0.40454174997285
"V2",0.660279149422422
"V3",0.129619829589501
"V4",0.846786754671484
"V5",3.71863579656929
