"names","vals"
"Intercept",-4.97043076325674
"y",0.767987026832998
"V1",0.569050760008395
"V2",0.223045876715332
"V3",0.426178933354095
"V4",0.0172479792963713
"V5",4.92989401426166
