"names","vals"
"Intercept",-2.46279939338565
"y",0.486292695393786
"V1",0.906398245831951
"V2",0.243380886269733
"V3",0.66523373965174
"V4",0.678968819323927
"V5",0.435236050514504
"V6",2.30314832832664
"V7",3.27099130768329
