"names","vals"
"Intercept",-5.5689379365975
"y",0.0856830824632198
"V1",0.528900650329888
"V2",0.319707566173747
"V3",0.982007169630378
"V4",0.13653628109023
"V5",0.469542094971985
"V6",1.75397717487067
"V7",4.31904967594892
