"names","vals"
"Intercept",-2.21999223321909
"y",0.754810228478163
"V1",0.313890051329508
"V2",0.196720286738127
"V3",0.93286199006252
"V4",0.743497721385211
"V5",3.53774196282029
