"names","vals"
"Intercept",-8.96012741241138
"y",0.327644627541304
"V1",0.756791444029659
"V2",0.955999018857256
"V3",0.868595211300999
"V4",0.263614007970318
"V5",0.40080603142269
"V6",0.0863844836130738
"V7",0.459812064655125
"V8",0.755387931130826
"V9",4.17687430325896
"V10",4.75839998666197
"V11",2.16240316443145
"V12",1.75075564999133
"V13",1.87170928530395
