"names","vals"
"Intercept",-7.83312405313598
"y",0.714064560597762
"V1",0.255708105862141
"V2",0.484702522866428
"V3",0.175290392013267
"V4",0.297986236866564
"V5",0.0974940082523972
"V6",0.580845373449847
"V7",0.655363044003025
"V8",0.274576880270615
"V9",1.12322553899139
"V10",2.45761984121054
"V11",1.44906406942755
"V12",2.37666718289256
"V13",3.26755742449313
