"names","vals"
"Intercept",-5.53971319500124
"y",0.740861643571407
"V1",0.443521703360602
"V2",0.13475966011174
"V3",0.412839039694518
"V4",0.282140911789611
"V5",0.296560656046495
"V6",0.84210186614655
"V7",4.98343160841614
"V8",1.41812868509442
"V9",2.72688744496554
