"names","vals"
"Intercept",-10.0906759507069
"y",0.0251597780734301
"V1",0.00433654594235122
"V2",0.80385145614855
"V3",0.352823803434148
"V4",0.875575715210289
"V5",0.674488215474412
"V6",0.0311208667699248
"V7",0.194281413219869
"V8",0.777055810438469
"V9",2.57709545083344
"V10",1.57419045548886
"V11",3.15351545065641
"V12",4.56773309689015
"V13",3.92354625184089
