"names","vals"
"Intercept",-9.02863785770955
"y",0.97121838806197
"V1",0.89213694864884
"V2",0.280932258581743
"V3",0.389461543876678
"V4",0.934304231312126
"V5",0.0275495862588286
"V6",0.909595890901983
"V7",0.897950389422476
"V8",4.61500567756593
"V9",2.78679648786783
"V10",2.83582765236497
"V11",2.24627557396889
