"names","vals"
"Intercept",-2.69708840116858
"y",0.786204989533871
"V1",0.624914391431957
"V2",0.98380253626965
"V3",0.370408128714189
"V4",0.582283321069553
"V5",0.200286660343409
"V6",4.88297239970416
"V7",3.0033781863749
