"names","vals"
"Intercept",-6.31104554603808
"y",0.322987101739272
"V1",0.201833689585328
"V2",0.770114541286603
"V3",0.460218638181686
"V4",0.477417443180457
"V5",0.0507635718677193
"V6",0.28120251162909
"V7",3.50021481420845
"V8",4.46200761198997
"V9",4.78047434799373
