"names","vals"
"Intercept",-6.72789445471717
"y",0.787337745539844
"V1",0.677963178372011
"V2",0.166315569309518
"V3",0.979646353982389
"V4",0.0128766743000597
"V5",0.22808810416609
"V6",0.935766971670091
"V7",1.54649718198925
"V8",4.65607316512614
"V9",3.19114513602108
