"names","vals"
"Intercept",-7.29398801288102
"y",0.236542867962271
"V1",0.810200649546459
"V2",0.309885820373893
"V3",0.662051159190014
"V4",0.108341734623536
"V5",0.71077095833607
"V6",0.487279365304857
"V7",0.859773200005293
"V8",0.88379790680483
"V9",2.96963027585298
"V10",1.4283643309027
"V11",1.82346811145544
"V12",1.01756320334971
"V13",4.0497131543234
