"names","vals"
"Intercept",-9.09051310087088
"y",0.634444442111999
"V1",0.967912076972425
"V2",0.521493974141777
"V3",0.764070742065087
"V4",0.971537964651361
"V5",0.0389249087311327
"V6",0.628571941517293
"V7",0.0257893768139184
"V8",0.394070942420512
"V9",2.50635771639645
"V10",2.44560131896287
"V11",3.70460614934564
"V12",4.98710895609111
"V13",4.90922431368381
