"names","vals"
"Intercept",-8.75002757030539
"y",0.944656383246183
"V1",0.417649469804019
"V2",0.949840837158263
"V3",0.813629173440859
"V4",0.250013263663277
"V5",0.0658487249165773
"V6",0.755209324182943
"V7",0.0386766151059419
"V8",3.24431956093758
"V9",3.98728266358376
"V10",4.25486506707966
"V11",1.16134825441986
