"names","vals"
"Intercept",-1.69889253505506
"y",0.776649302104488
"V1",0.735108313616365
"V2",0.382585677318275
"V3",0.0318870451301336
"V4",0.59303820040077
"V5",1.87309148348868
