"names","vals"
"Intercept",-6.80428677103249
"y",0.311510663712397
"V1",0.352976913796738
"V2",0.439652468077838
"V3",0.527514819987118
"V4",0.870083272689953
"V5",0.538417429663241
"V6",0.95303980121389
"V7",2.00159690156579
"V8",3.45118033979088
"V9",4.56636464875191
