"names","vals"
"Intercept",-6.40940369578544
"y",0.567592658568174
"V1",0.0457016425207257
"V2",0.0380352796055377
"V3",0.982376485364512
"V4",0.911172947613522
"V5",0.178908483125269
"V6",0.200368222082034
"V7",4.32628246862441
"V8",1.39674702845514
"V9",4.01502577122301
