"names","vals"
"Intercept",-4.42129536286695
"y",0.357729617739096
"V1",0.0459660750348121
"V2",0.732655581552535
"V3",0.183227702043951
"V4",0.837381502846256
"V5",0.0984335353132337
"V6",4.41183431539685
"V7",2.86844916827977
