"names","vals"
"Intercept",-10.9291735461098
"y",0.15608783508651
"V1",0.70397071307525
"V2",0.119816256221384
"V3",0.731757797300816
"V4",0.750223932554945
"V5",0.239369046408683
"V6",0.511525739915669
"V7",0.229026701068506
"V8",3.33401473797858
"V9",3.92074793856591
"V10",2.1881351377815
"V11",2.73596381489187
