"names","vals"
"Intercept",-5.04718444858212
"y",0.672728520119563
"V1",0.507457783678547
"V2",0.104366594925523
"V3",0.866186565719545
"V4",0.965288247447461
"V5",0.183101349743083
"V6",2.35127311572433
"V7",4.6209107786417
