"names","vals"
"Intercept",-4.60292309601093
"y",0.205396180041134
"V1",0.619970571948215
"V2",0.866953912889585
"V3",0.531781151425093
"V4",0.793732001446187
"V5",0.649279556469992
"V6",0.0154314280953258
"V7",1.05352822318673
"V8",3.92808310128748
"V9",2.92991245537996
