"names","vals"
"Intercept",-9.54042558255605
"y",0.826166216284037
"V1",0.217907625017688
"V2",0.871283826651052
"V3",0.129353226162493
"V4",0.485176286892965
"V5",0.812347571365535
"V6",0.15754527808167
"V7",0.0553852864541113
"V8",4.53260833397508
"V9",2.11538929399103
"V10",3.41501992382109
"V11",4.74874107167125
