"names","vals"
"Intercept",-4.96192787768086
"y",0.336628891294822
"V1",0.226757855154574
"V2",0.106839100131765
"V3",0.806269381195307
"V4",0.323376669082791
"V5",0.917330594733357
"V6",0.807351771974936
"V7",2.59149760939181
"V8",4.84424885269254
"V9",1.62263047602028
