"names","vals"
"Intercept",-2.27840066154022
"y",0.287051926599815
"V1",0.22835106193088
"V2",0.203055805526674
"V3",0.304392775753513
"V4",0.0593267274089158
"V5",0.499834762420505
"V6",3.80085326079279
"V7",1.46115086041391
