"names","vals"
"Intercept",-13.5760677475249
"y",0.529480534372851
"V1",0.0682745557278395
"V2",0.0585288689471781
"V3",0.419827895471826
"V4",0.786275751655921
"V5",0.181901763658971
"V6",0.56037416937761
"V7",0.450338859576732
"V8",0.782198259606957
"V9",2.73597229830921
"V10",1.90182337258011
"V11",4.55500108469278
"V12",4.42279169894755
"V13",4.89978234656155
