"names","vals"
"Intercept",-7.83540288415505
"y",0.672537774546072
"V1",0.75514555326663
"V2",0.945014365715906
"V3",0.441002131905407
"V4",0.421860705362633
"V5",0.280203382018954
"V6",0.283364924136549
"V7",0.900444240076467
"V8",4.77948798518628
"V9",2.4307671925053
"V10",3.67563361860812
"V11",1.82369007822126
