"names","vals"
"Intercept",-12.0674719294766
"y",0.980391954537481
"V1",0.207383951870725
"V2",0.0255134517792612
"V3",0.636149381520227
"V4",0.218307082774118
"V5",0.36577302031219
"V6",0.737042957451195
"V7",0.279109315015376
"V8",0.0090765985660255
"V9",2.62762079760432
"V10",3.72596613969654
"V11",3.53021764848381
"V12",3.82297386135906
"V13",1.10020650271326
