"names","vals"
"Intercept",-6.36471605274128
"y",0.00604179035872221
"V1",0.207423862535506
"V2",0.978557117050514
"V3",0.438983908621594
"V4",0.480537800583988
"V5",0.557360192062333
"V6",0.170754080638289
"V7",2.564353373833
"V8",2.28512108698487
"V9",3.89754841849208
