"names","vals"
"Intercept",-6.53225873719202
"y",0.815201802179217
"V1",0.468279975699261
"V2",0.103617778979242
"V3",0.908841787604615
"V4",0.71844822447747
"V5",0.499470312613994
"V6",0.256897393846884
"V7",0.437452788930386
"V8",1.78681888151914
"V9",4.79999389965087
"V10",1.4282260350883
"V11",1.25898837856948
