"names","vals"
"Intercept",-7.77632796251215
"y",0.999716557562351
"V1",0.644128194777295
"V2",0.609714672900736
"V3",0.489732404472306
"V4",0.593857312807813
"V5",0.00201188609935343
"V6",0.397594019304961
"V7",0.134555488126352
"V8",4.08946959767491
"V9",1.17363369464874
"V10",4.33334717992693
"V11",4.68376324232668
