"names","vals"
"Intercept",-4.58848202096997
"y",0.149636605056003
"V1",0.188950232695788
"V2",0.359737189253792
"V3",0.766904378077015
"V4",0.0435961394105107
"V5",0.888275333680212
"V6",2.57005753647536
"V7",4.83681998681277
