"names","vals"
"Intercept",-6.66778551271418
"y",0.322158632799983
"V1",0.747117469087243
"V2",0.349910668330267
"V3",0.0406286120414734
"V4",0.241462842095643
"V5",0.535304060904309
"V6",0.791140040382743
"V7",0.587997525930405
"V8",0.352522827219218
"V9",2.35629195626825
"V10",2.19339816644788
"V11",1.17646383401006
"V12",4.5543090607971
"V13",2.93611912429333
