"names","vals"
"Intercept",-6.09501809171867
"y",0.620561127783731
"V1",0.372499785851687
"V2",0.866777757648379
"V3",0.921370326308534
"V4",0.224352863384411
"V5",0.152111500268802
"V6",0.714007121976465
"V7",4.96258110646158
"V8",3.63813828863204
"V9",2.06132558640093
