"names","vals"
"Intercept",-7.61604971188586
"y",0.285688016796485
"V1",0.357008835533634
"V2",0.956519912695512
"V3",0.102452135412022
"V4",0.768653409322724
"V5",0.624456931604072
"V6",0.675283049698919
"V7",0.156025270465761
"V8",2.30117962043732
"V9",1.16271722316742
"V10",4.33731858059764
"V11",1.99738231766969
