"names","vals"
"Intercept",-7.28628538439516
"y",0.838989977259189
"V1",0.874578682472929
"V2",0.675156639190391
"V3",0.364032844547182
"V4",0.266046670963988
"V5",0.164077077293769
"V6",4.65192273259163
"V7",3.33593958150595
