"names","vals"
"Intercept",-3.70096101597883
"y",0.558401284739375
"V1",0.773089342750609
"V2",0.414049568818882
"V3",0.545647143386304
"V4",0.970498638693243
"V5",0.735381177160889
"V6",4.557577194646
"V7",1.11998882051557
