"names","vals"
"Intercept",-4.43163921999745
"y",0.147453848272562
"V1",0.359555056784302
"V2",0.374214567709714
"V3",0.850920453201979
"V4",0.567424497101456
"V5",0.570266596740112
"V6",0.185123160015792
"V7",2.74608239997178
"V8",2.79499694611877
"V9",1.55330755468458
