"names","vals"
"Intercept",-3.54170144443633
"y",0.329137996537611
"V1",0.126887806691229
"V2",0.36568336840719
"V3",0.480331310769543
"V4",0.860672649461776
"V5",0.396773743676022
"V6",0.491927195107564
"V7",1.73229989036918
"V8",1.69977641943842
"V9",4.29191042855382
