"names","vals"
"Intercept",-4.19659571005963
"y",0.876182310981676
"V1",0.157037667697296
"V2",0.0534790339879692
"V3",0.0141514390707016
"V4",0.410110200289637
"V5",4.61225554626435
