"names","vals"
"Intercept",-4.84070188946091
"y",0.497759805992246
"V1",0.694175622193143
"V2",0.0193194525782019
"V3",0.678997128270566
"V4",0.426667541731149
"V5",0.803716253954917
"V6",0.262736573116854
"V7",1.55782082863152
"V8",2.54462634213269
"V9",4.34298313315958
