"names","vals"
"Intercept",-12.9372774129594
"y",0.199641299899668
"V1",0.643785056425259
"V2",0.0645323439966887
"V3",0.772262741811574
"V4",0.75684850779362
"V5",0.551573820179328
"V6",0.833020933903754
"V7",0.0189836975187063
"V8",0.0573146846145391
"V9",4.14572671987116
"V10",1.49290045909584
"V11",3.36093467008322
"V12",3.50622662529349
"V13",4.53218217752874
