"names","vals"
"Intercept",-8.30703226642217
"y",0.0529554311651736
"V1",0.0663129852619022
"V2",0.711273068096489
"V3",0.57201751624234
"V4",0.3764224993065
"V5",0.713100825902075
"V6",0.588200724683702
"V7",0.77288670791313
"V8",0.0958028312306851
"V9",3.94864228647202
"V10",3.76992794405669
"V11",4.26086461171508
"V12",4.33704879693687
"V13",2.48928179778159
