"names","vals"
"Intercept",-5.87296633649617
"y",0.639154971344396
"V1",0.509204354602844
"V2",0.0773636484518647
"V3",0.885338655207306
"V4",0.890135178342462
"V5",0.900713340146467
"V6",0.864518373040482
"V7",0.933295973343775
"V8",1.48905533924699
"V9",3.83688795380294
"V10",1.11029112990946
"V11",1.128856100142
