"names","vals"
"Intercept",-6.77972471654648
"y",0.0751329534687102
"V1",0.75757905212231
"V2",0.402633878635243
"V3",0.470745062222704
"V4",0.656024863710627
"V5",0.217547420877963
"V6",0.0478295588400215
"V7",0.62369307433255
"V8",0.211051238700747
"V9",2.56278639286757
"V10",2.07319040875882
"V11",1.59439424611628
"V12",3.37957785464823
"V13",3.91764349676669
