"names","vals"
"Intercept",-0.959236443210393
"y",0.982480447739363
"V1",0.580627820221707
"V2",0.532643834594637
"V3",0.0701634904835373
"V4",0.197032380616292
"V5",3.3571758158505
