"names","vals"
"Intercept",-4.00405977047049
"y",0.429296053014696
"V1",0.95789100159891
"V2",0.994012469192967
"V3",0.541000575060025
"V4",0.119623555103317
"V5",0.360200034687296
"V6",4.06223335675895
"V7",2.01897985115647
