"names","vals"
"Intercept",-10.7210739012226
"y",0.963875301415101
"V1",0.0474717952311039
"V2",0.73046908644028
"V3",0.0684415744617581
"V4",0.0890881246887147
"V5",0.0769280274398625
"V6",0.438299213768914
"V7",0.855284513207152
"V8",0.615657780552283
"V9",2.79540252778679
"V10",4.82878451049328
"V11",2.81670194119215
"V12",2.78065873216838
"V13",4.91203355044127
