"names","vals"
"Intercept",-4.15761778410524
"y",0.596269080648199
"V1",0.687060971278697
"V2",0.662355239037424
"V3",0.261116966372356
"V4",0.094554046401754
"V5",0.840437599923462
"V6",0.616505859885365
"V7",1.35799378808588
"V8",1.8733172044158
"V9",2.78945187106729
