"names","vals"
"Intercept",-14.255684597604
"y",0.831879120785743
"V1",0.7384335284587
"V2",0.991544976830482
"V3",0.925204636296257
"V4",0.721043535973877
"V5",0.215835369192064
"V6",0.528656063368544
"V7",0.747306972276419
"V8",4.1337011763826
"V9",3.50487921852618
"V10",4.10005534440279
"V11",2.87803951650858
