"names","vals"
"Intercept",-7.36243198529817
"y",0.544538918416947
"V1",0.992340900469571
"V2",0.264257252914831
"V3",0.147177543258294
"V4",0.390009251656011
"V5",0.715883404482156
"V6",0.5323442267254
"V7",4.55932265799493
"V8",4.38435785938054
"V9",3.34345861431211
