"names","vals"
"Intercept",-6.42069990993477
"y",0.504917009733617
"V1",0.388318959390745
"V2",0.560546387685463
"V3",0.534840970532969
"V4",0.636538328137249
"V5",0.0309209150727838
"V6",0.506318202475086
"V7",1.66159191168845
"V8",2.55114385299385
"V9",2.4296578830108
