"names","vals"
"Intercept",-1.25645784840453
"y",0.412001876626164
"V1",0.541071359766647
"V2",0.129719803808257
"V3",0.224495009286329
"V4",0.861076045315713
"V5",1.64648854080588
