"names","vals"
"Intercept",-5.23122830250068
"y",0.344602644909173
"V1",0.142720393370837
"V2",0.999935756670311
"V3",0.0560960506554693
"V4",0.534912990406156
"V5",0.869143412215635
"V6",0.414854024304077
"V7",4.60068810079247
"V8",2.12933403532952
"V9",3.91454442963004
