"names","vals"
"Intercept",-1.64678240820067
"y",0.264411364682019
"V1",0.995428718160838
"V2",0.258632978191599
"V3",0.655546468682587
"V4",0.358329723123461
"V5",1.17543793469667
