"names","vals"
"Intercept",-5.91825257416349
"y",0.312061423668638
"V1",0.465508912457153
"V2",0.261972595704719
"V3",0.944265724392608
"V4",0.13122765882872
"V5",0.370415705488995
"V6",4.61976643186063
"V7",4.92648170515895
