"names","vals"
"Intercept",-4.49128562606405
"y",0.176932289265096
"V1",0.792251373874024
"V2",0.0788256551604718
"V3",0.635062972549349
"V4",0.237885937094688
"V5",4.51041763368994
