"names","vals"
"Intercept",-10.1967736392003
"y",0.372695422032848
"V1",0.661806354764849
"V2",0.738707930082455
"V3",0.945652231806889
"V4",0.956758812768385
"V5",0.228131948271766
"V6",0.161544758128002
"V7",0.149594562128186
"V8",0.284572283504531
"V9",4.97020791005343
"V10",1.44013919960707
"V11",3.17633731104434
"V12",2.37353756465018
"V13",2.24640968441963
