"names","vals"
"Intercept",-7.14816653297748
"y",0.947203299496323
"V1",0.524257700657472
"V2",0.706643441691995
"V3",0.755051812389866
"V4",0.209528412902728
"V5",0.977659594267607
"V6",3.70235017407686
"V7",3.68233997747302
