"names","vals"
"Intercept",-9.01024210623931
"y",0.547515227459371
"V1",0.735981358448043
"V2",0.751805669395253
"V3",0.0353852403350174
"V4",0.777345873881131
"V5",0.847111811395735
"V6",0.770322625758126
"V7",0.574685261584818
"V8",0.775496980408207
"V9",2.57155952695757
"V10",1.04751747660339
"V11",2.18625610135496
"V12",3.48995564226061
"V13",1.3722547031939
