"names","vals"
"Intercept",-15.5499137391848
"y",0.0404029616620392
"V1",0.870150440139696
"V2",0.177352055907249
"V3",0.831480628810823
"V4",0.0381362028419971
"V5",0.0363958848174661
"V6",0.284800504334271
"V7",0.341973482165486
"V8",0.373170264763758
"V9",3.50393926538527
"V10",4.43216061219573
"V11",2.64154507871717
"V12",2.65786045137793
"V13",4.39521432574838
