"names","vals"
"Intercept",-8.77144781538518
"y",0.903500394430012
"V1",0.824371320893988
"V2",0.714089018991217
"V3",0.723884107545018
"V4",0.00674481317400932
"V5",0.00566769763827324
"V6",0.209648584248498
"V7",0.731404784834012
"V8",0.939017222262919
"V9",2.48357615154237
"V10",3.06105639971793
"V11",2.08693636395037
"V12",2.7341950815171
"V13",4.1076395669952
