"names","vals"
"Intercept",-4.58832295672037
"y",0.721431814134121
"V1",0.687132825143635
"V2",0.425828833365813
"V3",0.665819995338097
"V4",0.513565210392699
"V5",4.42221689689904
