"names","vals"
"Intercept",-4.50131301335059
"y",0.298703033942729
"V1",0.548578481655568
"V2",0.11016663745977
"V3",0.468363696942106
"V4",0.564418073510751
"V5",0.831804861780256
"V6",3.53967757150531
"V7",1.16066140681505
