"names","vals"
"Intercept",-5.71786331934854
"y",0.783029574435204
"V1",0.572892452124506
"V2",0.182260948698968
"V3",0.849258791189641
"V4",0.41556141176261
"V5",0.868159202393144
"V6",0.103371129371226
"V7",0.00827869889326394
"V8",1.22026037424803
"V9",1.83413925953209
"V10",4.8025127062574
"V11",2.29397218767554
