"names","vals"
"Intercept",-3.08523579217726
"y",0.480634549632668
"V1",0.780761125264689
"V2",0.537570327753201
"V3",0.535130889620632
"V4",0.928123140241951
"V5",0.218911271076649
"V6",3.82971821632236
"V7",1.30572073720396
