"names","vals"
"Intercept",-5.08081783889327
"y",0.620175068965182
"V1",0.186857670778409
"V2",0.0308432839810848
"V3",0.504864015849307
"V4",0.836845567682758
"V5",0.266640896210447
"V6",0.442425190471113
"V7",0.152850135229528
"V8",0.382697060005739
"V9",1.79588564299047
"V10",3.25151124410331
"V11",1.49872213136405
"V12",4.05008046049625
"V13",3.15995131898671
