"names","vals"
"Intercept",-2.27436672360636
"y",0.277739513898268
"V1",0.753110262565315
"V2",0.504888612078503
"V3",0.482746073044837
"V4",0.738440117333084
"V5",4.47568708471954
