"names","vals"
"Intercept",-4.18257334163645
"y",0.329245714005083
"V1",0.267812752863392
"V2",0.592648313147947
"V3",0.87656909157522
"V4",0.0101876275148243
"V5",0.727316373726353
"V6",0.182609957177192
"V7",2.11535107716918
"V8",3.98979906365275
"V9",3.21176396403462
