"names","vals"
"Intercept",-2.54469163416652
"y",0.612417184282094
"V1",0.141850430285558
"V2",0.549722777912393
"V3",0.955734269460663
"V4",0.68113178270869
"V5",0.310886863386258
"V6",1.28912990354002
"V7",1.80638375412673
