"names","vals"
"Intercept",-7.66666470113676
"y",0.458761361427605
"V1",0.734148942166939
"V2",0.19199969409965
"V3",0.244578239042312
"V4",0.145873906556517
"V5",0.0803564328234643
"V6",0.196235516574234
"V7",0.0420480410102755
"V8",3.77316208183765
"V9",2.38223267439753
"V10",3.47517709806561
"V11",2.50805930327624
