"names","vals"
"Intercept",-8.24643385047559
"y",0.966376165626571
"V1",0.918360121781006
"V2",0.147923544514924
"V3",0.998749973718077
"V4",0.436646233312786
"V5",0.437365373363718
"V6",0.802884261356667
"V7",0.73882721690461
"V8",0.566034810384735
"V9",1.50722077302635
"V10",2.25061558745801
"V11",1.6591484611854
"V12",1.79034850746393
"V13",3.61937205214053
