"names","vals"
"Intercept",-6.13953406280838
"y",0.14893728448078
"V1",0.992447252618149
"V2",0.505739889107645
"V3",0.955440494697541
"V4",0.324868963100016
"V5",0.0506182909011841
"V6",0.152531658299267
"V7",3.05201635323465
"V8",2.74206889048219
"V9",3.95210356172174
