"names","vals"
"Intercept",-10.1094693595823
"y",0.863595316885039
"V1",0.0551697658374906
"V2",0.801253114594147
"V3",0.780876234406605
"V4",0.52615332044661
"V5",0.766973511781543
"V6",0.54571568639949
"V7",0.823297194670886
"V8",3.63777648005635
"V9",3.42862576339394
"V10",3.04683124274015
"V11",1.54967451933771
