"names","vals"
"Intercept",-6.99731770587154
"y",0.812017324613407
"V1",0.581068607978523
"V2",0.573126354021952
"V3",0.833832871401682
"V4",0.913740193005651
"V5",0.0177318034693599
"V6",0.577585680177435
"V7",2.97423370461911
"V8",2.00793075375259
"V9",4.62240554951131
