"names","vals"
"Intercept",-4.02185969769955
"y",0.274503255961463
"V1",0.766675567487255
"V2",0.320310743525624
"V3",0.0429457547143102
"V4",0.731074546230957
"V5",3.55053134914488
