"names","vals"
"Intercept",-8.2898948748922
"y",0.250513064675033
"V1",0.776541928062215
"V2",0.489546961849555
"V3",0.77935573272407
"V4",0.843599220039323
"V5",0.739366828463972
"V6",0.106517080450431
"V7",0.111464556539431
"V8",0.0336884760763496
"V9",3.70175725687295
"V10",4.60819532722235
"V11",2.10863192472607
"V12",4.94844105746597
"V13",1.6429042397067
