"names","vals"
"Intercept",-6.76179778767982
"y",0.135047258343548
"V1",0.929443144472316
"V2",0.540913946228102
"V3",0.955699640559033
"V4",0.321721554966643
"V5",0.778181462083012
"V6",0.764482360100374
"V7",2.40039637032896
"V8",2.73728752695024
"V9",4.66711024101824
