"names","vals"
"Intercept",-5.48182133868104
"y",0.109671250451356
"V1",0.612940826686099
"V2",0.825345839606598
"V3",0.335699163610116
"V4",0.232744352659211
"V5",0.247478013625368
"V6",0.678608572343364
"V7",1.82965347729623
"V8",1.59256399981678
"V9",3.17684064432979
