"names","vals"
"Intercept",-3.66482430457603
"y",0.37795931706205
"V1",0.312348997686058
"V2",0.82326670573093
"V3",0.0295819393359125
"V4",0.781644689617679
"V5",0.96758693549782
"V6",0.210345744155347
"V7",1.78813911881298
"V8",2.81479170825332
"V9",3.1060989163816
