"names","vals"
"Intercept",-7.09652099654777
"y",0.474246035795659
"V1",0.773957873228937
"V2",0.0128756745252758
"V3",0.671010674675927
"V4",0.136444528587162
"V5",0.240017572417855
"V6",3.40644805505872
"V7",4.4575088378042
