"names","vals"
"Intercept",-4.55471353693167
"y",0.677668640622869
"V1",0.0628333115018904
"V2",0.463994197547436
"V3",0.213805184001103
"V4",0.994677428621799
"V5",0.40362834581174
"V6",3.49230907578021
"V7",2.73426557518542
