"names","vals"
"Intercept",-9.5639596716268
"y",0.725986393401399
"V1",0.974544655531645
"V2",0.531394945690408
"V3",0.761924897553399
"V4",0.119678759714589
"V5",0.791617979761213
"V6",0.0455889112781733
"V7",0.504474674584344
"V8",4.24108779802918
"V9",2.47067635972053
"V10",2.71606162097305
"V11",3.32755777612329
