"names","vals"
"Intercept",-9.89010212703142
"y",0.835825564805418
"V1",0.464798059780151
"V2",0.786234482889995
"V3",0.103341076988727
"V4",0.0902466156985611
"V5",0.59984039561823
"V6",0.747829857515171
"V7",3.99970992375165
"V8",2.33329270314425
"V9",3.75175547040999
