"names","vals"
"Intercept",-5.67023319387808
"y",0.778155908919871
"V1",0.355099555570632
"V2",0.367261358071119
"V3",0.883965059649199
"V4",0.604238686151803
"V5",0.161724049132317
"V6",2.99078237824142
"V7",1.1007250007242
