"names","vals"
"Intercept",-5.36647566777654
"y",0.113801655825227
"V1",0.116011800244451
"V2",0.249883978394791
"V3",0.769029897172004
"V4",0.417534032138065
"V5",0.732601817231625
"V6",0.199013917008415
"V7",2.30443884432316
"V8",3.99098148848861
"V9",1.40533596649766
