"names","vals"
"Intercept",-10.5627662531519
"y",0.375157094560564
"V1",0.512707025744021
"V2",0.630670567043126
"V3",0.437604675767943
"V4",0.56240311358124
"V5",0.117314112139866
"V6",0.317241633078083
"V7",0.143578748684376
"V8",0.96992762805894
"V9",2.05209097359329
"V10",4.24063606094569
"V11",2.95353086013347
"V12",4.65818138513714
"V13",1.63698525633663
