"names","vals"
"Intercept",-1.07754891009768
"y",0.869394749868661
"V1",0.12363464361988
"V2",0.534408349776641
"V3",0.736181432846934
"V4",0.166579851647839
"V5",3.69941115193069
