"names","vals"
"Intercept",-3.56600655010436
"y",0.29546916927211
"V1",0.305693115806207
"V2",0.38495616032742
"V3",0.369841992855072
"V4",0.425193366361782
"V5",0.277573152910918
"V6",0.729885311098769
"V7",1.94938790611923
"V8",4.02647893223912
"V9",1.84222564473748
