"names","vals"
"Intercept",-7.93126282053068
"y",0.545630745822564
"V1",0.952181419590488
"V2",0.949622003594413
"V3",0.331496880156919
"V4",0.924712801584974
"V5",0.726202621590346
"V6",3.51607634406537
"V7",4.30993805360049
