"names","vals"
"Intercept",-4.99124060567003
"y",0.697625215165317
"V1",0.546731590759009
"V2",0.0516154968645424
"V3",0.718354034237564
"V4",0.507632204797119
"V5",0.670483929105103
"V6",0.235929396934807
"V7",1.87358963210136
"V8",3.25938402023166
"V9",3.43600619211793
