"names","vals"
"Intercept",-7.54425836845767
"y",0.754866672446951
"V1",0.735701229423285
"V2",0.880831904243678
"V3",0.388228757539764
"V4",0.460431076586246
"V5",0.54968592710793
"V6",0.640205171890557
"V7",0.98367813276127
"V8",2.97214141581208
"V9",4.4449173361063
"V10",2.23566837888211
"V11",3.07473347149789
