"names","vals"
"Intercept",-4.25666023845551
"y",0.314096580957994
"V1",0.82224761066027
"V2",0.930061664897949
"V3",0.00592630100436509
"V4",0.754844592418522
"V5",0.936935941921547
"V6",1.24734852090478
"V7",2.2501179985702
