"names","vals"
"Intercept",-5.52868048815988
"y",0.134919647360221
"V1",0.125582164153457
"V2",0.771157496375963
"V3",0.71057640016079
"V4",0.183783151209354
"V5",0.772085822885856
"V6",0.140974713722244
"V7",1.90579094924033
"V8",4.42417224869132
"V9",3.09207443986088
