"names","vals"
"Intercept",-14.6239508660557
"y",0.930021189618856
"V1",0.678803312126547
"V2",0.12934477138333
"V3",0.72985518258065
"V4",0.617698710411787
"V5",0.534946219762787
"V6",0.572439491515979
"V7",0.533095841528848
"V8",0.844304180005565
"V9",4.92416963446885
"V10",2.76390808541328
"V11",4.42174168862402
"V12",4.4280864065513
"V13",3.50100837089121
