"names","vals"
"Intercept",-2.13602226617513
"y",0.272391307866201
"V1",0.276477579027414
"V2",0.324920071521774
"V3",0.872336529428139
"V4",0.461120194755495
"V5",1.27195881959051
