"names","vals"
"Intercept",-7.76324861693429
"y",0.0600277336779982
"V1",0.047880538739264
"V2",0.275916532613337
"V3",0.638198612490669
"V4",0.88824506290257
"V5",0.312772345962003
"V6",0.494173605460674
"V7",3.55888196174055
"V8",2.54799808096141
"V9",2.36411207541823
