"names","vals"
"Intercept",-1.78052009728272
"y",0.520236381096765
"V1",0.41671467712149
"V2",0.729742189636454
"V3",0.644834475126117
"V4",0.911543486174196
"V5",1.0218159975484
