"names","vals"
"Intercept",-7.21533938052598
"y",0.0250893423799425
"V1",0.348374096211046
"V2",0.651213025907055
"V3",0.181144496193156
"V4",0.319830249762163
"V5",0.0147312337066978
"V6",0.392152692889795
"V7",2.43402606341988
"V8",1.11749556101859
"V9",4.12520021386445
