"names","vals"
"Intercept",-4.74975521537708
"y",0.75635720975697
"V1",0.718651760136709
"V2",0.522777325240895
"V3",0.961629421915859
"V4",0.78820498730056
"V5",4.66542520001531
