"names","vals"
"Intercept",-4.29576430661138
"y",0.051545953610912
"V1",0.943797785090283
"V2",0.656319694826379
"V3",0.153706243028864
"V4",0.910998406121507
"V5",0.929748340509832
"V6",0.328965777531266
"V7",2.38819074071944
"V8",1.63833571877331
"V9",3.19862116407603
