"names","vals"
"Intercept",-5.52565496000461
"y",0.922810478601605
"V1",0.489960544276983
"V2",0.508841936709359
"V3",0.629065428860486
"V4",0.150309280026704
"V5",0.716372691793367
"V6",0.0267320247367024
"V7",1.06280280649662
"V8",3.94449905585498
"V9",3.89174513239413
