"names","vals"
"Intercept",-4.50867095063441
"y",0.967812470160425
"V1",0.889120972016826
"V2",0.937618753639981
"V3",0.90570576232858
"V4",0.518456256017089
"V5",2.38843536376953
