"names","vals"
"Intercept",-8.62788974372903
"y",0.812971323495731
"V1",0.572938297875226
"V2",0.334287969628349
"V3",0.86247007525526
"V4",0.529288264922798
"V5",0.509970291750506
"V6",0.736612114589661
"V7",0.48176646977663
"V8",0.0425438599195331
"V9",1.80529001075774
"V10",1.67665507551283
"V11",2.64594446495175
"V12",4.89257743768394
"V13",4.9271351704374
