"names","vals"
"Intercept",-3.3351402493054
"y",0.94772504339926
"V1",0.939526615897194
"V2",0.817949325311929
"V3",0.614629441173747
"V4",0.726688084658235
"V5",3.68989797402173
