"names","vals"
"Intercept",-6.67744192166487
"y",0.347977694822475
"V1",0.0899733179248869
"V2",0.841599275125191
"V3",0.400975481374189
"V4",0.591052516363561
"V5",0.822440128074959
"V6",0.643758413614705
"V7",0.233758430695161
"V8",3.43502727895975
"V9",4.2780852150172
"V10",2.36850796081126
"V11",4.59836605191231
