"names","vals"
"Intercept",-10.2491702309344
"y",0.495224294485524
"V1",0.9492184787523
"V2",0.923436944605783
"V3",0.807814294006675
"V4",0.524818885140121
"V5",0.953388729132712
"V6",0.394516699714586
"V7",0.914047309663147
"V8",4.02589979954064
"V9",1.62812211271375
"V10",3.63884323649108
"V11",2.62447320856154
