"names","vals"
"Intercept",-1.66921829998028
"y",0.557868441566825
"V1",0.75114074954763
"V2",0.400302826892585
"V3",0.347412964794785
"V4",0.872330102138221
"V5",2.59773591253906
