"names","vals"
"Intercept",-10.0258449506573
"y",0.393564237747341
"V1",0.285108056152239
"V2",0.800748930079862
"V3",0.364450096385553
"V4",0.0475832284428179
"V5",0.915313583100215
"V6",0.604106128914282
"V7",0.266936753876507
"V8",0.203069143462926
"V9",3.35820220317692
"V10",2.27672944776714
"V11",4.66239702980965
"V12",1.98412355687469
"V13",1.5189650952816
