"names","vals"
"Intercept",-5.39599650177173
"y",0.71608923166059
"V1",0.181995033985004
"V2",0.872157851466909
"V3",0.180737525224686
"V4",0.659441213589162
"V5",0.883939394261688
"V6",3.02416627109051
"V7",4.75352302007377
