"names","vals"
"Intercept",-11.1166470313095
"y",0.307505092583597
"V1",0.682850216981024
"V2",0.760529287159443
"V3",0.218862506793812
"V4",0.378038770984858
"V5",0.112905170070007
"V6",0.156635660445318
"V7",0.818631652975455
"V8",1.01568424329162
"V9",4.39336667209864
"V10",4.77424100693315
"V11",3.5353483967483
