"names","vals"
"Intercept",-7.5181550222123
"y",0.328840555390343
"V1",0.978167509427294
"V2",0.438982661580667
"V3",0.384117760928348
"V4",0.3992501613684
"V5",0.599574544699863
"V6",0.0148747640196234
"V7",0.547057586489245
"V8",0.931177446618676
"V9",2.05547158326954
"V10",1.58511900249869
"V11",1.06309373117983
"V12",3.81014322862029
"V13",4.71369542274624
