"names","vals"
"Intercept",-5.91925800510449
"y",0.621025815838948
"V1",0.998436576453969
"V2",0.706701153190807
"V3",0.0371503387577832
"V4",0.820709003834054
"V5",0.903730571037158
"V6",0.184808673569933
"V7",0.758608645992354
"V8",2.0712560871616
"V9",1.35255787428468
"V10",2.51602693181485
"V11",2.11947008781135
