"names","vals"
"Intercept",-6.03352767997421
"y",0.597632249584422
"V1",0.654965728521347
"V2",0.909525017254055
"V3",0.444764250423759
"V4",0.450145154958591
"V5",0.683104852214456
"V6",3.87324440199882
"V7",2.83230805303901
