"names","vals"
"Intercept",-10.5188487550849
"y",0.88368639210239
"V1",0.771623709006235
"V2",0.428464656230062
"V3",0.690579182468355
"V4",0.734656492015347
"V5",0.787985295755789
"V6",0.904174170922488
"V7",4.66893094964325
"V8",4.61124798469245
"V9",4.17328326310962
