"names","vals"
"Intercept",-2.26964807383483
"y",0.93193978513591
"V1",0.152083601104096
"V2",0.417070411378518
"V3",0.461753447307274
"V4",0.8616509209387
"V5",2.32765135075897
