"names","vals"
"Intercept",-10.1281477416074
"y",0.927204454084858
"V1",0.530799999134615
"V2",0.109587768558413
"V3",0.111300209071487
"V4",0.885189361171797
"V5",0.946661816444248
"V6",0.0904151471331716
"V7",0.232202503131703
"V8",0.774943069554865
"V9",2.40919075161219
"V10",2.30756203085184
"V11",1.56699383351952
"V12",1.37489820457995
"V13",2.76162675861269
