"names","vals"
"Intercept",-2.38143976116553
"y",0.673698189435527
"V1",0.502811986720189
"V2",0.182743995217606
"V3",0.771100986283273
"V4",0.689392992528155
"V5",0.715245076688007
"V6",3.56724667549133
"V7",1.39215589687228
