"names","vals"
"Intercept",-4.84358392731519
"y",0.2229807858821
"V1",0.568073015892878
"V2",0.63766433368437
"V3",0.640435377601534
"V4",0.567455993499607
"V5",0.291886643040925
"V6",0.547188714146614
"V7",2.06384106352925
"V8",4.02902385592461
"V9",2.08325844071805
