"names","vals"
"Intercept",-7.18726956634317
"y",0.754741051467136
"V1",0.461600493174046
"V2",0.351979354629293
"V3",0.341667691478506
"V4",0.878932242514566
"V5",0.23640314117074
"V6",0.484845777507871
"V7",0.233524865936488
"V8",0.38954566931352
"V9",3.84820189047605
"V10",3.35491052176803
"V11",2.61042118724436
"V12",1.17104723863304
"V13",1.9886193452403
