"names","vals"
"Intercept",-5.26211749063572
"y",0.474134832620621
"V1",0.303110182983801
"V2",0.129508747253567
"V3",0.210980849573389
"V4",0.691189547535032
"V5",0.875587924383581
"V6",0.0655461738351732
"V7",3.50678037945181
"V8",1.84914311394095
"V9",1.8978020735085
