"names","vals"
"Intercept",-5.01750013649929
"y",0.119733193423599
"V1",0.308142746333033
"V2",0.478501119883731
"V3",0.956162139307708
"V4",0.974574122810736
"V5",0.940701113082469
"V6",0.725869169225916
"V7",2.059879203327
"V8",4.97085613571107
"V9",1.86438499670476
