"names","vals"
"Intercept",-7.19804855324328
"y",0.260845228331164
"V1",0.626708339666948
"V2",0.835853509604931
"V3",0.224119052989408
"V4",0.20999478851445
"V5",0.159841839456931
"V6",0.945814524544403
"V7",0.341294120298699
"V8",3.16921208612621
"V9",3.83625806309283
"V10",4.20500861946493
"V11",2.74054025765508
