"names","vals"
"Intercept",-11.9198741375189
"y",0.0430460514035076
"V1",0.885033221915364
"V2",0.316465226467699
"V3",0.968532936880365
"V4",0.581857145996764
"V5",0.322371099842712
"V6",0.263564971275628
"V7",0.0986625184305012
"V8",0.75300772045739
"V9",3.65770909748971
"V10",1.98733827099204
"V11",1.33586262259632
"V12",2.35685266833752
"V13",3.31112480722368
