"names","vals"
"Intercept",-8.51089720148127
"y",0.486394076375291
"V1",0.983360918005928
"V2",0.727550405310467
"V3",0.302583096548915
"V4",0.0482610294129699
"V5",0.277508106082678
"V6",0.63130855676718
"V7",0.944192543625832
"V8",0.627474017674103
"V9",4.2149020889774
"V10",1.04145535826683
"V11",2.23348815832287
"V12",1.2727330327034
"V13",4.1559202093631
