"names","vals"
"Intercept",-2.94772359893657
"y",0.343863742891699
"V1",0.889609398320317
"V2",0.606261684559286
"V3",0.0999848688952625
"V4",0.857060524867848
"V5",3.9035380622372
