"names","vals"
"Intercept",-5.22857044393197
"y",0.859313506865874
"V1",0.478463020175695
"V2",0.779452474555001
"V3",0.189310143468902
"V4",0.67651777761057
"V5",0.398330079391599
"V6",2.04778908099979
"V7",2.68303416389972
