"names","vals"
"Intercept",-17.5600793967838
"y",0.99702860112302
"V1",0.632092867279425
"V2",0.11374894133769
"V3",0.266475225100294
"V4",0.383577128406614
"V5",0.952954514417797
"V6",0.223125855438411
"V7",0.305196599569172
"V8",0.405361955054104
"V9",3.88898920360953
"V10",3.7549898289144
"V11",4.02963706385344
"V12",3.89458751119673
"V13",4.74737885594368
