"names","vals"
"Intercept",-6.55091080341488
"y",0.063365146284923
"V1",0.942182358819991
"V2",0.569206966785714
"V3",0.705076809739694
"V4",0.272503876825795
"V5",0.360832338919863
"V6",0.944006300531328
"V7",0.312389878090471
"V8",4.68878348357975
"V9",1.29411955550313
"V10",2.42320874240249
"V11",3.56052173580974
