"names","vals"
"Intercept",-4.46462021427695
"y",0.0704183375928551
"V1",0.941536508267745
"V2",0.352800970198587
"V3",0.312402416253462
"V4",0.896577780833468
"V5",0.505361503222957
"V6",0.340420832624659
"V7",1.57134130597115
"V8",4.16989536210895
"V9",1.02656673081219
