"names","vals"
"Intercept",-3.88987573191989
"y",0.339173278771341
"V1",0.650424457155168
"V2",0.458466924959794
"V3",0.971434079110622
"V4",0.119232435943559
"V5",0.73888579197228
"V6",0.145588480401784
"V7",2.15676685236394
"V8",1.30176212731749
"V9",4.35828811023384
