"names","vals"
"Intercept",-3.47995863661636
"y",0.203335904050618
"V1",0.801851376658306
"V2",0.0135712323244661
"V3",0.304887365084141
"V4",0.837151618907228
"V5",3.88643409125507
