"names","vals"
"Intercept",-9.72502318208106
"y",0.228993462398648
"V1",0.937406802317128
"V2",0.258753155590966
"V3",0.466526003787294
"V4",0.711993726436049
"V5",0.944175814976916
"V6",0.0689141545444727
"V7",0.646065823966637
"V8",1.95293316245079
"V9",2.74121640063822
"V10",3.93110387213528
"V11",4.50976417865604
