"names","vals"
"Intercept",-4.73168538318714
"y",0.64622017648071
"V1",0.740116521250457
"V2",0.597660803468898
"V3",0.485681453952566
"V4",0.588974377606064
"V5",0.575658753048629
"V6",4.7144992267713
"V7",4.68920127954334
