"names","vals"
"Intercept",-3.95432348220842
"y",0.908028292702511
"V1",0.674422418698668
"V2",0.203844917938113
"V3",0.137812066590413
"V4",0.005148287396878
"V5",0.725464664632455
"V6",0.603890785714611
"V7",2.03925853595138
"V8",4.91209952067584
"V9",3.05398053955287
