"names","vals"
"Intercept",-3.14585967524908
"y",0.384931077715009
"V1",0.360801036236808
"V2",0.890536490129307
"V3",0.394572067307308
"V4",0.924403782235458
"V5",2.62023590132594
