"names","vals"
"Intercept",-8.60111488829832
"y",0.17192882951349
"V1",0.701909644063562
"V2",0.53902979940176
"V3",0.199529119534418
"V4",0.0283571549225599
"V5",0.389221790479496
"V6",0.0718368969392031
"V7",0.500420615309849
"V8",3.37864490412176
"V9",4.67685294430703
"V10",1.2452426450327
"V11",3.60592131596059
