"names","vals"
"Intercept",-2.21004433742724
"y",0.761786382878199
"V1",0.188289975281805
"V2",0.984768310794607
"V3",0.0413628567475826
"V4",0.0480701017659158
"V5",0.833592009963468
"V6",2.9269600212574
"V7",2.92975376639515
