"names","vals"
"Intercept",-4.40170480940491
"y",0.807892402634025
"V1",0.41752357268706
"V2",0.263957223854959
"V3",0.407834900077432
"V4",0.353394503705204
"V5",0.760453293099999
"V6",0.726411729585379
"V7",0.776231134310365
"V8",3.15040187072009
"V9",1.67080596834421
"V10",3.63058257754892
"V11",1.089818703942
