"names","vals"
"Intercept",-7.00919519962277
"y",0.691296152770519
"V1",0.945512450998649
"V2",0.461861040676013
"V3",0.647322027012706
"V4",0.0556534836068749
"V5",0.570412896107882
"V6",4.79465266503394
"V7",1.66315977647901
