"names","vals"
"Intercept",-9.98238430636935
"y",0.305852056480944
"V1",0.101653937483206
"V2",0.698456661542878
"V3",0.536282152170315
"V4",0.960282333893701
"V5",0.680349308531731
"V6",0.102699182927608
"V7",4.59012237284333
"V8",2.30910788290203
"V9",2.86562850512564
