"names","vals"
"Intercept",-4.80413946241839
"y",0.602177117019892
"V1",0.541559170465916
"V2",0.787917842855677
"V3",0.79979156400077
"V4",0.0935013922862709
"V5",0.110895600169897
"V6",0.185259337536991
"V7",0.778371861670166
"V8",3.0993605190888
"V9",2.37488542310894
"V10",1.24726520478725
"V11",1.46447865106165
