"names","vals"
"Intercept",-6.7123565528891
"y",0.812405629549176
"V1",0.161615299759433
"V2",0.0760893078986555
"V3",0.893970858538523
"V4",0.798051951220259
"V5",0.251305265584961
"V6",0.820721675874665
"V7",1.92633130215108
"V8",3.35472641140223
"V9",2.88255345728248
