"names","vals"
"Intercept",-2.92804929659702
"y",0.757253943011165
"V1",0.147337657865137
"V2",0.23813375364989
"V3",0.553971073357388
"V4",0.239463820122182
"V5",0.307938142679632
"V6",2.39266676269472
"V7",1.37316051870584
