"names","vals"
"Intercept",-6.99282535979059
"y",0.266292819753289
"V1",0.217096738284454
"V2",0.915043542860076
"V3",0.960114200366661
"V4",0.541654935805127
"V5",0.774879178730771
"V6",0.307116839336231
"V7",1.85296368319541
"V8",4.09021088015288
"V9",3.3265772126615
