"names","vals"
"Intercept",-3.6213500532601
"y",0.0751723879948258
"V1",0.380940701579675
"V2",0.437694525811821
"V3",0.0764364688657224
"V4",0.338393341051415
"V5",0.510495997732505
"V6",2.54899068828672
"V7",1.08796635176986
