"names","vals"
"Intercept",-4.18910097407643
"y",0.0368937687017024
"V1",0.0920181644614786
"V2",0.263576659373939
"V3",0.338234197115526
"V4",0.512106733862311
"V5",0.438123834086582
"V6",0.556472483091056
"V7",4.06129888165742
"V8",4.70640254765749
"V9",1.50544419325888
