"names","vals"
"Intercept",-10.1980321685784
"y",0.316779988352209
"V1",0.507160046137869
"V2",0.479607237502933
"V3",0.26573806302622
"V4",0.367346140788868
"V5",0.0199338716920465
"V6",0.0404012722428888
"V7",0.674413745524362
"V8",2.55722514633089
"V9",4.56493663601577
"V10",1.88474153727293
"V11",4.84025961626321
