"names","vals"
"Intercept",-8.85391187308822
"y",0.0204220176674426
"V1",0.624411114025861
"V2",0.543333766283467
"V3",0.724589306861162
"V4",0.940494024427608
"V5",0.483801098773256
"V6",0.229079281212762
"V7",0.898694681935012
"V8",0.224650736898184
"V9",3.71755406353623
"V10",2.38200910389423
"V11",1.50497047509998
"V12",4.29392496403307
"V13",4.48170902114362
