"names","vals"
"Intercept",-9.77906667987816
"y",0.400328677380458
"V1",0.453533184248954
"V2",0.937406288227066
"V3",0.760721257887781
"V4",0.80364510207437
"V5",0.499740996630862
"V6",0.607576413778588
"V7",0.499023910379037
"V8",3.91259892657399
"V9",4.94525123294443
"V10",1.77443950250745
"V11",4.49788960069418
