"names","vals"
"Intercept",-5.74513952580746
"y",0.0230630887672305
"V1",0.402975693810731
"V2",0.014023236464709
"V3",0.411069160327315
"V4",0.770829302957281
"V5",0.832507472950965
"V6",0.0811993444804102
"V7",0.468746843747795
"V8",3.65766851324588
"V9",2.06248749699444
"V10",2.78431749343872
"V11",1.91730330418795
