"names","vals"
"Intercept",-4.72953156727599
"y",0.685261762700975
"V1",0.764649907592684
"V2",0.792752341134474
"V3",0.0896249196957797
"V4",0.43549451068975
"V5",0.884369698120281
"V6",0.737274004844949
"V7",1.14689845126122
"V8",1.46755452360958
"V9",2.15613620914519
