"names","vals"
"Intercept",-4.11369539562613
"y",0.58856741618365
"V1",0.059010568074882
"V2",0.940734151517972
"V3",0.501498212572187
"V4",0.00916629191488028
"V5",3.89131250139326
