"names","vals"
"Intercept",-5.85346231304575
"y",0.387231389060616
"V1",0.292600691784173
"V2",0.565068335738033
"V3",0.569167530164123
"V4",0.898163360077888
"V5",0.95738331368193
"V6",0.90617803693749
"V7",1.60111180786043
"V8",4.15298847481608
"V9",4.33257868047804
