"names","vals"
"Intercept",-4.97032517372165
"y",0.225909868488088
"V1",0.488718366483226
"V2",0.199901521205902
"V3",0.64028510521166
"V4",0.0304711123462766
"V5",4.4285473851487
