"names","vals"
"Intercept",-3.28016986732837
"y",0.449693698203191
"V1",0.203489676117897
"V2",0.789335927227512
"V3",0.89131759130396
"V4",0.997373715508729
"V5",0.249366032658145
"V6",0.660732289776206
"V7",1.04375750478357
"V8",1.7424146188423
"V9",3.11579181160778
