"names","vals"
"Intercept",-7.95899368689861
"y",0.597240656847134
"V1",0.171162138693035
"V2",0.47899415739812
"V3",0.619589627021924
"V4",0.866452286252752
"V5",0.300145520595834
"V6",0.41780918254517
"V7",0.549142852425575
"V8",0.411401286255568
"V9",1.59336694329977
"V10",1.75467091985047
"V11",2.3276567356661
"V12",4.88097533769906
"V13",4.12088575959206
