"names","vals"
"Intercept",-5.58247588832164
"y",0.00644996063783765
"V1",0.804000335512683
"V2",0.117269342299551
"V3",0.0798665448091924
"V4",0.755539198406041
"V5",0.245517411734909
"V6",0.916781345382333
"V7",1.20331926923245
"V8",3.07740444038063
"V9",3.01951907388866
