"names","vals"
"Intercept",-11.8055422680127
"y",0.315585131058469
"V1",0.920695573091507
"V2",0.742480378132313
"V3",0.463608026038855
"V4",0.547850555274636
"V5",0.812214157544076
"V6",0.299373435555026
"V7",0.582019047113135
"V8",0.535126541508362
"V9",2.95324237458408
"V10",4.5870976690203
"V11",3.9165210230276
"V12",1.14749980624765
"V13",4.13657047785819
