"names","vals"
"Intercept",-10.4396888340684
"y",0.971031172201037
"V1",0.570701207732782
"V2",0.135436045238748
"V3",0.410862901015207
"V4",0.94859593664296
"V5",0.70380962267518
"V6",0.0812370858620852
"V7",0.887005611788481
"V8",4.08378295041621
"V9",2.95654252171516
"V10",4.71136666089296
"V11",3.74858378525823
