"names","vals"
"Intercept",-5.67376655614004
"y",0.524752067867666
"V1",0.304242499871179
"V2",0.621496537933126
"V3",0.370074677513912
"V4",0.113425421528518
"V5",0.109087356366217
"V6",0.624065095791593
"V7",2.55910928081721
"V8",1.37151898443699
"V9",4.50419000256807
