"names","vals"
"Intercept",-0.976017781309783
"y",0.396356074605137
"V1",0.233587751165032
"V2",0.0407613962888718
"V3",0.859959740424529
"V4",0.460361116100103
"V5",1.09390379954129
