"names","vals"
"Intercept",-4.65621996438131
"y",0.907621806720272
"V1",0.938039641361684
"V2",0.565633076243103
"V3",0.874286105856299
"V4",0.246504521230236
"V5",0.965409219963476
"V6",0.478479725541547
"V7",1.46375523414463
"V8",2.19801555387676
"V9",2.50088379811496
