"names","vals"
"Intercept",-9.9969019409013
"y",0.873140519252047
"V1",0.732228822307661
"V2",0.942294981796294
"V3",0.9972865851596
"V4",0.45147481537424
"V5",0.986802250612527
"V6",0.55479399044998
"V7",4.51541457045823
"V8",4.9079200848937
"V9",2.02953022066504
