"names","vals"
"Intercept",-7.93660914093722
"y",0.125019304221496
"V1",0.936699896818027
"V2",0.331714595202357
"V3",0.57394734211266
"V4",0.682857777457684
"V5",0.056745698209852
"V6",0.326358965365216
"V7",4.24818580411375
"V8",1.01652500685304
"V9",4.49249983299524
