"names","vals"
"Intercept",-7.68782792826183
"y",0.935379263479263
"V1",0.141354547115043
"V2",0.0833128830417991
"V3",0.319151613861322
"V4",0.458622243721038
"V5",0.977976254420355
"V6",0.709975442383438
"V7",0.496540094725788
"V8",4.5965014314279
"V9",2.33827428054065
"V10",4.88186287228018
"V11",1.93076574243605
