"names","vals"
"Intercept",-4.97618551634951
"y",0.224581956164911
"V1",0.590220224345103
"V2",0.070847277995199
"V3",0.114094303455204
"V4",0.886641706340015
"V5",4.87899963092059
