"names","vals"
"Intercept",-11.9563536164211
"y",0.590389734599739
"V1",0.860633144387975
"V2",0.525241584284231
"V3",0.7611100662034
"V4",0.151357705704868
"V5",0.831235273508355
"V6",0.00709878653287888
"V7",0.973743091104552
"V8",0.905685218283907
"V9",4.83436538465321
"V10",2.75323513895273
"V11",4.42691767495126
"V12",4.57051560096443
"V13",4.31548831425607
