"names","vals"
"Intercept",-9.68228185329121
"y",0.0312739887740463
"V1",0.889747281558812
"V2",0.0908288725186139
"V3",0.12697169627063
"V4",0.844446276547387
"V5",0.257205449976027
"V6",0.264356643892825
"V7",0.625093438895419
"V8",3.89616397768259
"V9",3.0468913204968
"V10",1.29387838207185
"V11",3.35510710440576
