"names","vals"
"Intercept",-5.21801595671102
"y",0.177049922756851
"V1",0.622627357719466
"V2",0.0558020723983645
"V3",0.834267606027424
"V4",0.233385889325291
"V5",0.196094427956268
"V6",0.055588991381228
"V7",0.285138632636517
"V8",1.0534103680402
"V9",4.91049256641418
"V10",4.39796765893698
"V11",4.77495665568858
