"names","vals"
"Intercept",-6.51831463423558
"y",0.109862759010866
"V1",0.767255161423236
"V2",0.644927762215957
"V3",0.609522435348481
"V4",0.419510827865452
"V5",0.464930301532149
"V6",0.111928420141339
"V7",1.72112709470093
"V8",1.99157030135393
"V9",4.50322398450226
