"names","vals"
"Intercept",-8.08506177726202
"y",0.284956625429913
"V1",0.464874025434256
"V2",0.570523378904909
"V3",0.97345476062037
"V4",0.691538980929181
"V5",0.632353781023994
"V6",0.393592446809635
"V7",4.5182842426002
"V8",2.0700989915058
"V9",1.93715296313167
