"names","vals"
"Intercept",-3.04403437745059
"y",0.173474735347554
"V1",0.453644662164152
"V2",0.37679940299131
"V3",0.596759951906279
"V4",0.406599689507857
"V5",0.292376626748592
"V6",2.57971133571118
"V7",3.33129272516817
