"names","vals"
"Intercept",-16.802300833331
"y",0.971632446628064
"V1",0.606693862238899
"V2",0.44437945773825
"V3",0.551842298125848
"V4",0.541729438118637
"V5",0.571578589966521
"V6",0.440570393577218
"V7",0.826250936137512
"V8",0.60381196369417
"V9",4.05319970753044
"V10",4.97377705201507
"V11",4.09946402069181
"V12",4.73850859515369
"V13",3.11248170211911
