"names","vals"
"Intercept",-3.9827705701231
"y",0.353151430608705
"V1",0.874380044871941
"V2",0.311538415262476
"V3",0.593707817140967
"V4",0.985564360627905
"V5",3.95414270926267
