"names","vals"
"Intercept",-4.13756874809042
"y",0.141833746805787
"V1",0.856595654273406
"V2",0.332862531766295
"V3",0.937696987297386
"V4",0.64219225384295
"V5",0.119190433062613
"V6",0.0592174236662686
"V7",3.35271777492017
"V8",3.30529368575662
"V9",4.87574813887477
