"names","vals"
"Intercept",-6.93794337621657
"y",0.807443937286735
"V1",0.249340360518545
"V2",0.157976362388581
"V3",0.664595288224518
"V4",0.302813068265095
"V5",0.170234886463732
"V6",0.639395330334082
"V7",0.133544915588573
"V8",1.98971210978925
"V9",2.18836131133139
"V10",4.2962913941592
"V11",2.84337267745286
