"names","vals"
"Intercept",-1.44359038438415
"y",0.143549178959802
"V1",0.0389490416273475
"V2",0.22670918982476
"V3",0.598921686876565
"V4",0.0625911455135792
"V5",1.58717616461217
