"names","vals"
"Intercept",-1.22491953540128
"y",0.433743947418407
"V1",0.0246939773205668
"V2",0.92350230878219
"V3",0.638277641963214
"V4",0.334463980281726
"V5",2.67112687695771
