"names","vals"
"Intercept",-10.0750091022369
"y",0.16879662964493
"V1",0.295149876503274
"V2",0.254150882828981
"V3",0.711495539406314
"V4",0.864823574665934
"V5",0.212646658532321
"V6",0.0135164151433855
"V7",0.0193586959503591
"V8",4.2133687697351
"V9",3.39484441839159
"V10",3.7549553848803
"V11",4.35956478118896
