"names","vals"
"Intercept",-3.74744113269728
"y",0.447048898320645
"V1",0.223446663003415
"V2",0.844538398319855
"V3",0.983765548793599
"V4",0.817689262097701
"V5",4.47282811161131
