"names","vals"
"Intercept",-6.11350285085384
"y",0.503519329009578
"V1",0.288143482292071
"V2",0.724390916293487
"V3",0.342029532650486
"V4",0.357889037346467
"V5",0.547601668396965
"V6",0.995112982578576
"V7",2.4897809298709
"V8",1.64324408117682
"V9",1.87976025044918
