"names","vals"
"Intercept",-7.27860338294646
"y",0.40211435011588
"V1",0.502749586245045
"V2",0.924000987317413
"V3",0.777042109053582
"V4",0.0507795987650752
"V5",0.830694248666987
"V6",0.139992782846093
"V7",0.937072170432657
"V8",0.261718230322003
"V9",2.73154971562326
"V10",1.9971269890666
"V11",2.18257850501686
"V12",4.31712765526026
"V13",2.99385801702738
