"names","vals"
"Intercept",-4.12441446920391
"y",0.888553317636251
"V1",0.798438394442201
"V2",0.933355140732601
"V3",0.15829154686071
"V4",0.695129844825715
"V5",4.65922892745584
