"names","vals"
"Intercept",-3.77681048239581
"y",0.502072485629469
"V1",0.102022228529677
"V2",0.387312898179516
"V3",0.441343432292342
"V4",0.00918143382295966
"V5",0.162971161538735
"V6",0.646163534605876
"V7",0.075073610059917
"V8",3.85545906703919
"V9",3.99043980799615
"V10",2.37226849701256
"V11",3.87521712481976
