"names","vals"
"Intercept",-4.22141259234864
"y",0.171793601009995
"V1",0.449661642778665
"V2",0.681311552645639
"V3",0.802250258158892
"V4",0.29047079058364
"V5",0.531581701943651
"V6",1.11684518214315
"V7",2.43880006298423
