"names","vals"
"Intercept",-1.4380351580563
"y",0.383997255936265
"V1",0.163565253140405
"V2",0.632835756288841
"V3",0.35326511412859
"V4",0.168637215159833
"V5",1.56947514787316
