"names","vals"
"Intercept",-1.20851262872573
"y",0.164812150876969
"V1",0.282784880837426
"V2",0.697156687732786
"V3",0.581377826165408
"V4",0.00315307592973113
"V5",3.39883750397712
