"names","vals"
"Intercept",-8.65138935150346
"y",0.867969299433753
"V1",0.857866533566266
"V2",0.158312180778012
"V3",0.0471238342579454
"V4",0.834487586049363
"V5",0.84796854830347
"V6",0.860040234867483
"V7",0.645000515272841
"V8",0.692961355904117
"V9",4.19394380133599
"V10",2.5013182181865
"V11",1.92496205121279
"V12",1.72819807846099
"V13",3.70465081278235
