"names","vals"
"Intercept",-6.70701718030963
"y",0.471781742293388
"V1",0.0217643547803164
"V2",0.893018765375018
"V3",0.151811307528988
"V4",0.561562999151647
"V5",0.184957864927128
"V6",4.84146159701049
"V7",3.88579258415848
