"names","vals"
"Intercept",-7.87702906746883
"y",0.68135746801272
"V1",0.635579965775833
"V2",0.699509804137051
"V3",0.761015424737707
"V4",0.0422785552218556
"V5",0.324909441405907
"V6",0.805513323284686
"V7",0.99541838769801
"V8",2.98058429267257
"V9",2.54463876783848
"V10",2.79329049028456
"V11",4.29122276604176
