"names","vals"
"Intercept",-4.68589817023138
"y",0.658701557666063
"V1",0.909359810175374
"V2",0.988051783991978
"V3",0.597034527454525
"V4",0.63680400326848
"V5",3.12695475574583
