"names","vals"
"Intercept",-5.21395216764649
"y",0.11475678673014
"V1",0.530835201963782
"V2",0.539348492864519
"V3",0.752083642175421
"V4",0.96774633647874
"V5",0.349826263263822
"V6",0.736121060326695
"V7",0.0549432805273682
"V8",4.71309881936759
"V9",4.43766328599304
"V10",3.220373833552
"V11",3.45783146005124
