"names","vals"
"Intercept",-7.11933385885088
"y",0.947375620249659
"V1",0.0357395627070218
"V2",0.770648242905736
"V3",0.842543190345168
"V4",0.397748385788873
"V5",0.793706211959943
"V6",0.422034902265295
"V7",1.7005130359903
"V8",2.93234039656818
"V9",2.5968669001013
