"names","vals"
"Intercept",-2.69625107116299
"y",0.775897960178554
"V1",0.793492187513039
"V2",0.84388275933452
"V3",0.371400990523398
"V4",0.680555470986292
"V5",1.38978441152722
