"names","vals"
"Intercept",-2.3076633365918
"y",0.165296091465279
"V1",0.48197306599468
"V2",0.678926267428324
"V3",0.182287602918223
"V4",0.941305415472016
"V5",2.48677182383835
