"names","vals"
"Intercept",-2.85865361183882
"y",0.981955582043156
"V1",0.156564757460728
"V2",0.91766424360685
"V3",0.741280340589583
"V4",0.336667783558369
"V5",1.84619886893779
