"names","vals"
"Intercept",-5.18572469579522
"y",0.187185740796849
"V1",0.882500473642722
"V2",0.583720334107056
"V3",0.937754569808021
"V4",0.307543969480321
"V5",0.663957053096965
"V6",3.20542060025036
"V7",4.94604950491339
