"names","vals"
"Intercept",-4.74224911882076
"y",0.231932684779167
"V1",0.781694683013484
"V2",0.781646935734898
"V3",0.267318327212706
"V4",0.826393517432734
"V5",0.946791177382693
"V6",4.87688430864364
"V7",1.24220927711576
