"names","vals"
"Intercept",-10.4812444134383
"y",0.17993603553623
"V1",0.964817967731506
"V2",0.570127686485648
"V3",0.787926252931356
"V4",0.864990992005914
"V5",0.458877204917371
"V6",0.768618444213644
"V7",0.436290763085708
"V8",0.569626848679036
"V9",3.36629475839436
"V10",3.83598513249308
"V11",2.92583545483649
"V12",1.31045698095113
"V13",2.61366633139551
