"names","vals"
"Intercept",-12.0223882156331
"y",0.0698370214086026
"V1",0.0841121794655919
"V2",0.217260942794383
"V3",0.469652230851352
"V4",0.00767108402214944
"V5",0.0478154814336449
"V6",0.751972218975425
"V7",0.765940537443385
"V8",0.0335241954308003
"V9",2.75998453702778
"V10",4.0305894324556
"V11",1.88175148051232
"V12",2.08669837936759
"V13",2.88073100149632
