"names","vals"
"Intercept",-6.49332458380144
"y",0.701357786078006
"V1",0.585458891233429
"V2",0.406962532782927
"V3",0.941113677341491
"V4",0.480170773109421
"V5",0.786674522096291
"V6",2.92253629583865
"V7",3.89546231552958
