"names","vals"
"Intercept",-9.89136186895426
"y",0.0951132846530527
"V1",0.768967595649883
"V2",0.494597512064502
"V3",0.986358084483072
"V4",0.276422283379361
"V5",0.256837383611128
"V6",0.748982722172514
"V7",0.671558539848775
"V8",1.47753666993231
"V9",4.30416861828417
"V10",2.6510918783024
"V11",2.74125111475587
