"names","vals"
"Intercept",-8.70603678644635
"y",0.0916842657607049
"V1",0.22673260839656
"V2",0.0433736671693623
"V3",0.156622621463612
"V4",0.352603931678459
"V5",0.446100704139099
"V6",0.471766203409061
"V7",0.180920779937878
"V8",1.18429447151721
"V9",1.59012710675597
"V10",2.65635809209198
"V11",4.56170042231679
