"names","vals"
"Intercept",-7.27652183968574
"y",0.680169065017253
"V1",0.822562630986795
"V2",0.707481718389317
"V3",0.315086849266663
"V4",0.447682429105043
"V5",0.764805507147685
"V6",0.142236954765394
"V7",0.920706651872024
"V8",0.74638389935717
"V9",1.72797447536141
"V10",3.35141282249242
"V11",1.09916868060827
"V12",4.261055752635
"V13",1.80148582998663
