"names","vals"
"Intercept",-2.12345542248804
"y",0.918217591708526
"V1",0.689975081942976
"V2",0.0779018392786384
"V3",0.43088849959895
"V4",0.996949921594933
"V5",1.02637155726552
