"names","vals"
"Intercept",-4.85919173785485
"y",0.804289419669658
"V1",0.0346794165670872
"V2",0.750227031530812
"V3",0.909732284024358
"V4",0.561521490802988
"V5",0.491791115840897
"V6",2.96422292571515
"V7",1.19095961656421
