"names","vals"
"Intercept",-2.44016887917882
"y",0.228864473523572
"V1",0.334998971084133
"V2",0.375220546033233
"V3",0.408993882127106
"V4",0.102288592141122
"V5",3.48887165542692
