"names","vals"
"Intercept",-4.62659355277196
"y",0.00615249900147319
"V1",0.769912676187232
"V2",0.616318970918655
"V3",0.519906386267394
"V4",0.69331831485033
"V5",0.15108067006804
"V6",0.074416819261387
"V7",0.817299460992217
"V8",0.1109231216833
"V9",1.79034998547286
"V10",2.89095292892307
"V11",3.5731853665784
"V12",2.17754341289401
"V13",1.41168072074652
