"names","vals"
"Intercept",-6.70515071081696
"y",0.792782490840182
"V1",0.786865596426651
"V2",0.363777510123327
"V3",0.658403310691938
"V4",0.928952740039676
"V5",0.739357658894733
"V6",3.39943149406463
"V7",4.98584030382335
