"names","vals"
"Intercept",-6.38635617887136
"y",0.438716397620738
"V1",0.192808675812557
"V2",0.679469453869388
"V3",0.806378275854513
"V4",0.766941131558269
"V5",0.649550875416026
"V6",0.771527675678954
"V7",0.579948084661737
"V8",3.31137710157782
"V9",3.9826440718025
"V10",2.28758001606911
"V11",4.80992254149169
