"names","vals"
"Intercept",-11.0495507505117
"y",0.628152206074446
"V1",0.325108834542334
"V2",0.0203397860750556
"V3",0.159346926957369
"V4",0.542962088249624
"V5",0.668305407743901
"V6",0.82228045258671
"V7",0.24468971346505
"V8",0.0498544389847666
"V9",4.80589535832405
"V10",3.8543481901288
"V11",2.66753137297928
"V12",2.81745025515556
"V13",2.34556816052645
