"names","vals"
"Intercept",-6.76755379725946
"y",0.590259866090491
"V1",0.42639038246125
"V2",0.597157631069422
"V3",0.908147865906358
"V4",0.77968341531232
"V5",0.089839945314452
"V6",0.73768581985496
"V7",0.183475323254243
"V8",0.218563790433109
"V9",1.46716731507331
"V10",3.75763681530952
"V11",3.14289106335491
"V12",4.04327435325831
"V13",1.18515255209059
