"names","vals"
"Intercept",-1.99217770424671
"y",0.104521770961583
"V1",0.589601179817691
"V2",0.140367763349786
"V3",0.406005698721856
"V4",0.508408857975155
"V5",3.04128063097596
