"names","vals"
"Intercept",-5.90510489568114
"y",0.142382674384862
"V1",0.275920447427779
"V2",0.379303763620555
"V3",0.0790780277457088
"V4",0.0797282084822655
"V5",0.664093339582905
"V6",0.748774099163711
"V7",1.77180253900588
"V8",4.65009082015604
"V9",3.60085478890687
