"names","vals"
"Intercept",-1.39744020265061
"y",0.0627795662730932
"V1",0.428151117637753
"V2",0.360944541171193
"V3",0.522481570485979
"V4",0.620922454865649
"V5",2.3000175608322
