"names","vals"
"Intercept",-11.8009193758178
"y",0.813886506017298
"V1",0.906494957860559
"V2",0.730213440954685
"V3",0.0938810689840466
"V4",0.489598222775385
"V5",0.371699895709753
"V6",0.0130214577075094
"V7",0.576286951545626
"V8",1.06024474557489
"V9",4.69907383713871
"V10",4.74187016952783
"V11",2.73132415674627
