"names","vals"
"Intercept",-8.59851631728932
"y",0.344572013709694
"V1",0.0947856986895204
"V2",0.95215652929619
"V3",0.504754354478791
"V4",0.667238355148584
"V5",0.29687698581256
"V6",0.050349090481177
"V7",0.277130309958011
"V8",0.944433861644939
"V9",2.31656583677977
"V10",2.72273103985935
"V11",2.87760419677943
"V12",3.46421539597213
"V13",1.12619677465409
