"names","vals"
"Intercept",-2.02632154550869
"y",0.0794285845477134
"V1",0.241939384490252
"V2",0.730934002203867
"V3",0.871262254193425
"V4",0.46904179523699
"V5",0.539780159248039
"V6",1.03768574539572
"V7",1.79466640297323
