"names","vals"
"Intercept",-9.78511839848943
"y",0.399500243831426
"V1",0.631609880365431
"V2",0.864097707904875
"V3",0.376170636387542
"V4",0.105973558267578
"V5",0.618983172578737
"V6",0.56593308900483
"V7",0.0394653652328998
"V8",4.34801480080932
"V9",1.63278394099325
"V10",3.69052787683904
"V11",4.04524247534573
