"names","vals"
"Intercept",-4.92742845703615
"y",0.309441281482577
"V1",0.553575789555907
"V2",0.448378075147048
"V3",0.595736679621041
"V4",0.851040492067114
"V5",0.729743164032698
"V6",0.215171206044033
"V7",2.02886578626931
"V8",4.87663401197642
"V9",2.20676331408322
