"names","vals"
"Intercept",-7.44462051944807
"y",0.047862661536783
"V1",0.861147921532393
"V2",0.22573826671578
"V3",0.301279548555613
"V4",0.40655338880606
"V5",0.400825216667727
"V6",0.376270852051675
"V7",4.53388835117221
"V8",4.40807140991092
"V9",1.68951003067195
