"names","vals"
"Intercept",-6.70523940004641
"y",0.122785493265837
"V1",0.219144746661186
"V2",0.264569703722373
"V3",0.505214781500399
"V4",0.235917647369206
"V5",0.593507608631626
"V6",0.0624258874449879
"V7",0.371839840896428
"V8",0.902081372914836
"V9",2.09918391983956
"V10",3.96865588799119
"V11",2.3750843917951
"V12",4.9242200711742
"V13",3.07057444751263
