"names","vals"
"Intercept",-5.7185615883884
"y",0.706374528352171
"V1",0.23286352516152
"V2",0.612523719202727
"V3",0.799356825649738
"V4",0.537596565205604
"V5",0.265549641102552
"V6",0.818302627652884
"V7",3.03706762287766
"V8",1.98834141064435
"V9",3.62555005494505
