"names","vals"
"Intercept",-7.546782720997
"y",0.00752972369082272
"V1",0.271213975269347
"V2",0.927088065771386
"V3",0.590390170458704
"V4",0.532830592244864
"V5",0.539567148312926
"V6",0.861461878288537
"V7",0.265801709378138
"V8",0.195330998161808
"V9",1.80251558870077
"V10",1.29966408014297
"V11",1.79052056744695
"V12",3.4488537972793
"V13",4.88597735855728
