"names","vals"
"Intercept",-5.55091209256789
"y",0.388309773756191
"V1",0.683242616709322
"V2",0.878108113305643
"V3",0.426697571994737
"V4",0.425819150870666
"V5",0.902276355307549
"V6",0.245678675128147
"V7",0.667796708643436
"V8",1.66155384480953
"V9",2.91025528870523
"V10",1.66740923840553
"V11",1.97865684982389
