"names","vals"
"Intercept",-9.03830966086825
"y",0.403543002903461
"V1",0.490683505544439
"V2",0.809143075719476
"V3",0.0916878052521497
"V4",0.264115557773039
"V5",0.314348725602031
"V6",0.357247504871339
"V7",1.04741864092648
"V8",4.27343131415546
"V9",4.34656235016882
