"names","vals"
"Intercept",-11.8589615089935
"y",0.356998350704089
"V1",0.688000688795
"V2",0.402497936505824
"V3",0.764323143521324
"V4",0.810876148752868
"V5",0.738064929842949
"V6",0.367871386930346
"V7",0.862511478597298
"V8",0.914810434216633
"V9",2.79308352712542
"V10",2.42038549948484
"V11",1.45032835286111
"V12",1.77376128919423
"V13",4.9193720491603
