"names","vals"
"Intercept",-2.9555908784736
"y",0.274751192191616
"V1",0.127763888565823
"V2",0.925299115478992
"V3",0.830826037563384
"V4",0.750295008998364
"V5",3.2994293095544
