"names","vals"
"Intercept",-6.4558059909381
"y",0.44878965546377
"V1",0.807670736685395
"V2",0.317573109408841
"V3",0.457662764471024
"V4",0.44898558780551
"V5",0.840363241033629
"V6",0.469537337776273
"V7",0.550439674872905
"V8",2.57522082608193
"V9",2.70020446926355
"V10",1.6809354191646
"V11",2.4681429322809
