"names","vals"
"Intercept",-1.98836801015073
"y",0.346652331994846
"V1",0.916788568953052
"V2",0.636786525137722
"V3",0.889667997136712
"V4",0.401706747245044
"V5",1.75445648282766
