"names","vals"
"Intercept",-5.96914999556029
"y",0.369364657206461
"V1",0.895461675245315
"V2",0.575101166497916
"V3",0.937336585717276
"V4",0.414417354855686
"V5",0.411788154393435
"V6",0.364903703797609
"V7",2.6507572978735
"V8",2.14144271239638
"V9",2.04139202833176
