"names","vals"
"Intercept",-8.00053970898502
"y",0.243624207563698
"V1",0.196919849375263
"V2",0.975166581803933
"V3",0.464858173392713
"V4",0.571322216885164
"V5",0.515121906064451
"V6",0.357420844258741
"V7",2.55467919632792
"V8",2.5759649425745
"V9",4.52703816536814
