"names","vals"
"Intercept",-8.4714639155427
"y",0.433642237214372
"V1",0.434448301326483
"V2",0.077463147463277
"V3",0.50648117554374
"V4",0.120325689436868
"V5",0.210583375301212
"V6",0.193099024472758
"V7",0.651796978665516
"V8",0.625694236252457
"V9",4.11487326584756
"V10",2.03982781525701
"V11",3.05647336691618
"V12",1.93620254937559
"V13",1.51604867447168
