"names","vals"
"Intercept",-8.50356632679468
"y",0.827075464418158
"V1",0.51973285828717
"V2",0.563978882273659
"V3",0.677319620503113
"V4",0.475490926997736
"V5",0.619339205091819
"V6",0.86195980431512
"V7",0.648120829137042
"V8",3.16833851020783
"V9",4.01994235534221
"V10",3.59994785673916
"V11",3.27853925991803
