"names","vals"
"Intercept",-6.76341017759871
"y",0.426613244693726
"V1",0.515266306465492
"V2",0.0731692451518029
"V3",0.762401244835928
"V4",0.812807982554659
"V5",0.878612458240241
"V6",0.793280032463372
"V7",3.1595434229821
"V8",1.6996349170804
"V9",3.54350009467453
