"names","vals"
"Intercept",-9.60400325461524
"y",0.21017575240694
"V1",0.999606234952807
"V2",0.311830896418542
"V3",0.574327823705971
"V4",0.342689969344065
"V5",0.271781790070236
"V6",0.20194257167168
"V7",0.743357739644125
"V8",0.922131260856986
"V9",1.20055948384106
"V10",2.54029446840286
"V11",4.09581763017923
"V12",2.14069540519267
"V13",2.4302761927247
