"names","vals"
"Intercept",-8.86930323155131
"y",0.685517083620653
"V1",0.0451847473159432
"V2",0.956319941906258
"V3",0.27763191703707
"V4",0.4389110468328
"V5",0.599104213295504
"V6",0.947626735782251
"V7",0.200661105802283
"V8",0.353352333884686
"V9",4.37049473263323
"V10",1.64709226973355
"V11",2.39616836234927
"V12",4.77188685815781
"V13",2.02176751382649
