"names","vals"
"Intercept",-4.2212006920483
"y",0.97911002067849
"V1",0.352510699769482
"V2",0.0188224976882339
"V3",0.201968005625531
"V4",0.273132780799642
"V5",0.925428355578333
"V6",0.829762147041038
"V7",0.198976865271106
"V8",1.70348706748337
"V9",1.76180477719754
"V10",1.28982382733375
"V11",1.06074184086174
