"names","vals"
"Intercept",-6.00375810854603
"y",0.702949435915798
"V1",0.581602529389784
"V2",0.293952428037301
"V3",0.297286482760683
"V4",0.236512274947017
"V5",0.224673224845901
"V6",4.96182286087424
"V7",1.04165889788419
