"names","vals"
"Intercept",-10.8793759129499
"y",0.841495560016483
"V1",0.555539730470628
"V2",0.967746642883867
"V3",0.215775313787162
"V4",0.420701232505962
"V5",0.966482557123527
"V6",0.476500744465739
"V7",4.2788034491241
"V8",3.94672270305455
"V9",3.5337405866012
