"names","vals"
"Intercept",-2.32052689597942
"y",0.162966262781993
"V1",0.257921968586743
"V2",0.349083054810762
"V3",0.420772333163768
"V4",0.65179925202392
"V5",1.66022559441626
