"names","vals"
"Intercept",-2.74149370725034
"y",0.0394225688651204
"V1",0.467806848231703
"V2",0.390518963569775
"V3",0.783595416229218
"V4",0.00165913789533079
"V5",0.430390693247318
"V6",2.88264719862491
"V7",4.8686227183789
