"names","vals"
"Intercept",-3.15634975233115
"y",0.805668285116553
"V1",0.00709190825000405
"V2",0.992705238750204
"V3",0.906462975777686
"V4",0.816667563049123
"V5",4.13735726196319
