"names","vals"
"Intercept",-3.63127470276086
"y",0.0676825649570674
"V1",0.390710664680228
"V2",0.235762916505337
"V3",0.560960465110838
"V4",0.342021412914619
"V5",0.883989633526653
"V6",0.420718759298325
"V7",3.67922691721469
"V8",1.19506364315748
"V9",3.27872133534402
