"names","vals"
"Intercept",-7.80068814319326
"y",0.714955819537863
"V1",0.150076541583985
"V2",0.29434543568641
"V3",0.0636425248812884
"V4",0.841832749545574
"V5",0.916025888873264
"V6",4.14024410769343
"V7",4.37940359301865
