"names","vals"
"Intercept",-5.92445253754966
"y",0.604863274144009
"V1",0.322443529497832
"V2",0.796433988492936
"V3",0.352374263340607
"V4",0.739787043537945
"V5",0.620480308076367
"V6",2.96219495125115
"V7",3.01466432306916
