"names","vals"
"Intercept",-6.15117998993257
"y",0.545469093136489
"V1",0.705115250777453
"V2",0.0552161720115691
"V3",0.949321544962004
"V4",0.355004419805482
"V5",0.762135629775003
"V6",0.908336783293635
"V7",4.00426345411688
"V8",1.71638698782772
"V9",4.10383343696594
