"names","vals"
"Intercept",-12.4817725608544
"y",0.699115602998063
"V1",0.656701896572486
"V2",0.470714382594451
"V3",0.775344428373501
"V4",0.471085086232051
"V5",0.69167946651578
"V6",0.0668838287238032
"V7",0.436075255507603
"V8",0.155496242223307
"V9",1.97853717114776
"V10",2.32442896533757
"V11",3.21396609209478
"V12",2.75152226444334
"V13",3.7594413748011
