"names","vals"
"Intercept",-6.16111019452102
"y",0.925887402147055
"V1",0.16270654508844
"V2",0.252237041015178
"V3",0.626702215056866
"V4",0.412143274908885
"V5",0.249370301142335
"V6",0.87541687511839
"V7",0.20640296000056
"V8",0.25116300326772
"V9",1.37116296216846
"V10",1.80005534924567
"V11",1.54275550693274
"V12",4.46858569327742
"V13",3.67063444387168
