"names","vals"
"Intercept",-10.22092818656
"y",0.968699468765408
"V1",0.785126314498484
"V2",0.732759025413543
"V3",0.528422580566257
"V4",0.939733454259112
"V5",0.929559865733609
"V6",0.673527427716181
"V7",0.843111851252615
"V8",0.560815264936537
"V9",2.78297142032534
"V10",2.61950558330864
"V11",2.60049193445593
"V12",4.68896146025509
"V13",1.9326937450096
