"names","vals"
"Intercept",-8.43149000471458
"y",0.403846209868789
"V1",0.87602979154326
"V2",0.224168752552941
"V3",0.725782182533294
"V4",0.738712436519563
"V5",0.141452689887956
"V6",0.105059645138681
"V7",0.333088762825355
"V8",0.529215974267572
"V9",3.8081002580002
"V10",3.37636755686253
"V11",2.31654520239681
"V12",4.98833308555186
"V13",3.54308855999261
