"names","vals"
"Intercept",-5.82105106775649
"y",0.718767575919628
"V1",0.309731829212978
"V2",0.670958497561514
"V3",0.414247066248208
"V4",0.829767379444093
"V5",0.33874813769944
"V6",0.93521452927962
"V7",0.791019373573363
"V8",0.601919931126758
"V9",3.77659118548036
"V10",1.55706214625388
"V11",3.64047821704298
"V12",3.37190042808652
"V13",1.69801235478371
