"names","vals"
"Intercept",-12.4325282438239
"y",0.725705378223211
"V1",0.838486389257014
"V2",0.42536996724084
"V3",0.647686544107273
"V4",0.665010772412643
"V5",0.357688501244411
"V6",0.943364002974704
"V7",0.71235593711026
"V8",4.24505348131061
"V9",3.96838343981653
"V10",3.09590142127126
"V11",1.70684080291539
