"names","vals"
"Intercept",-4.38353547743522
"y",0.541694724466652
"V1",0.539895664202049
"V2",0.825997739098966
"V3",0.190699655329809
"V4",0.693932722555473
"V5",0.9857507054694
"V6",0.939338255207986
"V7",2.21654186211526
"V8",4.22110254503787
"V9",1.13552287779748
