"names","vals"
"Intercept",-7.70679763546214
"y",0.280960238073021
"V1",0.602801877306774
"V2",0.813608101103455
"V3",0.234273362904787
"V4",0.256292433710769
"V5",0.334376592654735
"V6",0.332131406059489
"V7",0.288374153198674
"V8",0.887323372298852
"V9",4.93185645528138
"V10",1.0115585308522
"V11",1.4838935919106
"V12",2.0061296839267
"V13",1.74637199752033
