"names","vals"
"Intercept",-8.94588959020562
"y",0.885615250561386
"V1",0.154093629447743
"V2",0.831960699521005
"V3",0.507921331329271
"V4",0.0863002184778452
"V5",0.262941755587235
"V6",0.697811800986528
"V7",0.973983021453023
"V8",2.15298267547041
"V9",2.65344471298158
"V10",4.46992579847574
"V11",3.34522578306496
