"names","vals"
"Intercept",-5.92695165138226
"y",0.657177400775254
"V1",0.312026019906625
"V2",0.283855739980936
"V3",0.651647030375898
"V4",0.0170464070979506
"V5",0.140154582448304
"V6",0.919916088227183
"V7",0.645096248714253
"V8",0.0214350530877709
"V9",1.74545921105891
"V10",4.63918905798346
"V11",3.52581193018705
"V12",4.45573029667139
"V13",3.90722374618053
