"names","vals"
"Intercept",-2.77943855992984
"y",0.142370263347402
"V1",0.317449836758897
"V2",0.555453868582845
"V3",0.458252226468176
"V4",0.907568221911788
"V5",4.42666408419609
