"names","vals"
"Intercept",-9.3117838881351
"y",0.866893510799855
"V1",0.684956321725622
"V2",0.749221142148599
"V3",0.646111954003572
"V4",0.816615843446925
"V5",0.41823763330467
"V6",0.498665835009888
"V7",0.448342092568055
"V8",0.871010640868917
"V9",1.17268560733646
"V10",2.44553372543305
"V11",1.5682530272752
"V12",1.1926668388769
"V13",4.34474794566631
