"names","vals"
"Intercept",-10.9954573976295
"y",0.773322316119447
"V1",0.133303276728839
"V2",0.404858470428735
"V3",0.333124384749681
"V4",0.252840529894456
"V5",0.91915282048285
"V6",0.900490305153653
"V7",0.424511946272105
"V8",0.510225086472929
"V9",1.45942824333906
"V10",1.12867656443268
"V11",3.21622695960104
"V12",4.11483141034842
"V13",4.13283244241029
