"names","vals"
"Intercept",-4.91555325447116
"y",0.838019805029035
"V1",0.0790518084540963
"V2",0.92112557659857
"V3",0.442336136708036
"V4",0.14737492473796
"V5",0.678547331131995
"V6",2.09368387889117
"V7",4.62961779348552
