"names","vals"
"Intercept",-2.41405881688697
"y",0.519765604287386
"V1",0.448611017782241
"V2",0.879024952882901
"V3",0.0800940035842359
"V4",0.0490167879033834
"V5",0.813517826842144
"V6",2.07931775134057
"V7",3.6010313089937
