"names","vals"
"Intercept",-11.2354813608574
"y",0.652634896570817
"V1",0.296642090426758
"V2",0.736706036143005
"V3",0.552093254169449
"V4",0.342031629756093
"V5",0.359736272832379
"V6",0.711569007951766
"V7",0.697262061294168
"V8",2.51503980066627
"V9",3.93706916645169
"V10",3.22211566288024
"V11",3.93900759145617
