"names","vals"
"Intercept",-10.8633764920011
"y",0.559841034235433
"V1",0.300019704503939
"V2",0.537600496551022
"V3",0.225102642783895
"V4",0.810076371533796
"V5",0.217016345122829
"V6",0.868499911390245
"V7",0.591843250906095
"V8",4.23248714301735
"V9",4.75891910865903
"V10",3.73917600512505
"V11",1.30076966900378
