"names","vals"
"Intercept",-1.00191718719434
"y",0.130793741904199
"V1",0.959258112125099
"V2",0.00145723251625896
"V3",0.0325155125465244
"V4",0.79538062820211
"V5",3.02501857466996
