"names","vals"
"Intercept",-5.04983383270446
"y",0.39348210208118
"V1",0.46118181780912
"V2",0.457757536321878
"V3",0.588695496320724
"V4",0.641287244390696
"V5",0.147517240839079
"V6",0.941749337129295
"V7",2.5903000254184
"V8",1.32147149089724
"V9",2.90851788874716
