"names","vals"
"Intercept",-4.92811873611063
"y",0.518442347180098
"V1",0.525290891295299
"V2",0.189164902083576
"V3",0.195305181434378
"V4",0.601717529352754
"V5",0.183784565189853
"V6",0.519436444621533
"V7",4.22079765424132
"V8",1.16611678805202
"V9",3.86669787857682
