"names","vals"
"Intercept",-2.8023150684312
"y",0.593153236433864
"V1",0.425508935004473
"V2",0.989079839549959
"V3",0.947018206119537
"V4",0.936713905073702
"V5",4.09508659783751
