"names","vals"
"Intercept",-5.5984926469787
"y",0.310174680314958
"V1",0.703897214727476
"V2",0.28531906218268
"V3",0.04558787913993
"V4",0.729842322645709
"V5",0.236895129550248
"V6",0.279100206447765
"V7",4.82442030496895
"V8",2.89334369171411
"V9",3.56011548545212
