"names","vals"
"Intercept",-8.99961948252749
"y",0.810672219377011
"V1",0.0540005099028349
"V2",0.88765135849826
"V3",0.338094178121537
"V4",0.343383503844962
"V5",0.559463670477271
"V6",0.506029130425304
"V7",0.45038187596947
"V8",2.18077518232167
"V9",4.37287970352918
"V10",2.85801588371396
"V11",3.23084495589137
