"names","vals"
"Intercept",-11.8569912995445
"y",0.798552254913375
"V1",0.947874062461779
"V2",0.0108707984909415
"V3",0.246898317011073
"V4",0.199563453905284
"V5",0.646482815034688
"V6",0.950735890073702
"V7",0.167563844937831
"V8",0.329263705294579
"V9",2.16178751643747
"V10",1.70534105878323
"V11",3.04410621523857
"V12",4.04551265947521
"V13",4.19422859232873
