"names","vals"
"Intercept",-4.18891548801912
"y",0.097944006556645
"V1",0.897728296928108
"V2",0.217082703718916
"V3",0.836234314367175
"V4",0.486956260865554
"V5",0.773754948051646
"V6",2.5469178436324
"V7",2.0528525756672
