"names","vals"
"Intercept",-9.25904573971638
"y",0.289275457616895
"V1",0.801102856639773
"V2",0.235063918167725
"V3",0.673070899676532
"V4",0.580395019147545
"V5",0.105814346577972
"V6",0.370175090385601
"V7",0.317517292220145
"V8",3.6810792516917
"V9",4.06023600511253
"V10",3.65210814960301
"V11",3.74063927493989
