"names","vals"
"Intercept",-8.26365876831114
"y",0.807154003530741
"V1",0.786808356409892
"V2",0.584960305597633
"V3",0.00783302239142358
"V4",0.148704669903964
"V5",0.185415107989684
"V6",0.638602175051346
"V7",0.202870509354398
"V8",4.8478636154905
"V9",1.73315840028226
"V10",1.61876511014998
"V11",4.27955682016909
