"names","vals"
"Intercept",-4.20643797574798
"y",0.0813687162008137
"V1",0.503037196118385
"V2",0.215442196233198
"V3",0.00469800713472068
"V4",0.514031510567293
"V5",0.871932568028569
"V6",0.189290201757103
"V7",1.00591074675322
"V8",4.63815018441528
"V9",1.43362371437252
