"names","vals"
"Intercept",-6.16954598756041
"y",0.565222686855122
"V1",0.386914333794266
"V2",0.925428085494787
"V3",0.813287395983934
"V4",0.272751215379685
"V5",0.509547286434099
"V6",0.0153216754551977
"V7",0.62545615574345
"V8",2.12764986790717
"V9",1.07678806316108
"V10",2.32138621248305
"V11",3.75694075692445
