"names","vals"
"Intercept",-8.64083337757271
"y",0.425238687777892
"V1",0.277232899330556
"V2",0.995799877215177
"V3",0.313938991865143
"V4",0.626403539674357
"V5",0.949952175840735
"V6",0.727504512993619
"V7",0.790946699446067
"V8",0.160020867362618
"V9",4.4258173564449
"V10",1.22752426471561
"V11",2.2138940654695
"V12",4.97581363283098
"V13",1.21604061312973
