"names","vals"
"Intercept",-8.68286108406493
"y",0.885487313382328
"V1",0.0445193585474044
"V2",0.405325621832162
"V3",0.527169561944902
"V4",0.536440309602767
"V5",0.156555192545056
"V6",0.261521866545081
"V7",0.524184042587876
"V8",4.42156325653195
"V9",2.34338466264307
"V10",2.05277841631323
"V11",1.75606171134859
