"names","vals"
"Intercept",-0.424655315824784
"y",0.264300952199847
"V1",0.0659819624852389
"V2",0.428055432392284
"V3",0.497659966116771
"V4",0.648622254375368
"V5",1.75413399748504
