"names","vals"
"Intercept",-5.98475947304862
"y",0.201081522973254
"V1",0.992966866120696
"V2",0.223243106622249
"V3",0.510800391202793
"V4",0.914780120132491
"V5",4.31216470524669
