"names","vals"
"Intercept",-6.80691416986752
"y",0.803511768812314
"V1",0.0338394104037434
"V2",0.113868181360886
"V3",0.826154896290973
"V4",0.662800203077495
"V5",0.2349803596735
"V6",2.46589575055987
"V7",4.91685822792351
