"names","vals"
"Intercept",-10.9421437002253
"y",0.572242779657245
"V1",0.852912361733615
"V2",0.688813357613981
"V3",0.226758165750653
"V4",0.772961454698816
"V5",0.61430030874908
"V6",0.350571198621765
"V7",0.691368620377034
"V8",0.864239766262472
"V9",3.84685886651278
"V10",2.53921344690025
"V11",1.61361187044531
"V12",4.03534134943038
"V13",2.85944290738553
