"names","vals"
"Intercept",-5.86929825531086
"y",0.641932348720729
"V1",0.584508644184098
"V2",0.166208542650566
"V3",0.61433208687231
"V4",0.0971218578051776
"V5",0.594819666817784
"V6",3.96330685447901
"V7",4.75251602102071
