"names","vals"
"Intercept",-2.77581288426649
"y",0.839002437656745
"V1",0.49324997025542
"V2",0.210543887224048
"V3",0.162851525936276
"V4",0.441741778515279
"V5",4.21484398283064
