"names","vals"
"Intercept",-3.56467299433425
"y",0.790124482940882
"V1",0.928338932804763
"V2",0.0353250938933343
"V3",0.700357630616054
"V4",0.174669612664729
"V5",0.496093993773684
"V6",0.494796183193102
"V7",0.552103359950706
"V8",1.52904184535146
"V9",1.94332041125745
"V10",2.58948108088225
"V11",4.40085954405367
