"names","vals"
"Intercept",-7.08175517929485
"y",0.284630812937394
"V1",0.294903951697052
"V2",0.671924070920795
"V3",0.11773025803268
"V4",0.708171847742051
"V5",0.312071917811409
"V6",0.926161975832656
"V7",4.72526376694441
"V8",3.11497674323618
"V9",4.67931997776031
