"names","vals"
"Intercept",-9.69684399958467
"y",0.984613356878981
"V1",0.281360192690045
"V2",0.301895546726882
"V3",0.191837565274909
"V4",0.451268834993243
"V5",0.819565412588418
"V6",0.626032390166074
"V7",0.17352979676798
"V8",0.0366853333543986
"V9",4.57866240851581
"V10",2.55448460765183
"V11",1.6560969715938
"V12",2.80168127641082
"V13",1.8100296203047
