"names","vals"
"Intercept",-6.40716413004557
"y",0.0974422940053046
"V1",0.50201721675694
"V2",0.602852937066928
"V3",0.454136638203636
"V4",0.549680810887367
"V5",0.79069417132996
"V6",0.0988830709829926
"V7",0.57645461964421
"V8",3.16938389185816
"V9",1.44258383009583
"V10",1.10831063054502
"V11",1.00059542711824
