"names","vals"
"Intercept",-5.163844461923
"y",0.416621909476817
"V1",0.371227238560095
"V2",0.31537481280975
"V3",0.306221983162686
"V4",0.329527572728693
"V5",0.694871722720563
"V6",0.378824949963018
"V7",1.54008312430233
"V8",2.03476578276604
"V9",2.34830779116601
