"names","vals"
"Intercept",-4.89663924041204
"y",0.83051340887323
"V1",0.279639272717759
"V2",0.929536054609343
"V3",0.449942178558558
"V4",0.466688049957156
"V5",0.314877409953624
"V6",0.573623948032036
"V7",1.99704674910754
"V8",4.18469867389649
"V9",2.90382518991828
