"names","vals"
"Intercept",-8.84559493280249
"y",0.545373735250905
"V1",0.237749337218702
"V2",0.534389403183013
"V3",0.533740335842595
"V4",0.274254828924313
"V5",0.0627841034438461
"V6",0.0792259443551302
"V7",0.113958540605381
"V8",2.67225088179111
"V9",4.4610427422449
"V10",3.93884844705462
"V11",3.61259611323476
