"names","vals"
"Intercept",-1.88259947406361
"y",0.879903007764369
"V1",0.587243078509346
"V2",0.954502792330459
"V3",0.0116731808520854
"V4",0.690255595836788
"V5",1.49352248385549
