"names","vals"
"Intercept",-8.72863391797058
"y",0.928038306767121
"V1",0.134617525152862
"V2",0.170057499781251
"V3",0.27771014184691
"V4",0.215863114222884
"V5",0.99892950267531
"V6",0.0833282221574336
"V7",0.965181950246915
"V8",0.923921269364655
"V9",1.66379849053919
"V10",1.29263851884753
"V11",3.8295519920066
"V12",4.81331797130406
"V13",3.84904861822724
