"names","vals"
"Intercept",-3.29194145454094
"y",0.289497812278569
"V1",0.36596399359405
"V2",0.493161828489974
"V3",0.830957994330674
"V4",0.286270813783631
"V5",2.94872115831822
