"names","vals"
"Intercept",-2.69877784139244
"y",0.106821972876787
"V1",0.59749544900842
"V2",0.580266080331057
"V3",0.215649782214314
"V4",0.652112238574773
"V5",0.346327815204859
"V6",1.93989047314972
"V7",2.06639681663364
