"names","vals"
"Intercept",-2.86810679058544
"y",0.739981774706393
"V1",0.147938590031117
"V2",0.498616829514503
"V3",0.771370586007833
"V4",0.326540612615645
"V5",2.42075764015317
