"names","vals"
"Intercept",-7.62695783491945
"y",0.832994336029515
"V1",0.56746962456964
"V2",0.0888610563706607
"V3",0.138446796219796
"V4",0.411784864263609
"V5",0.44041576446034
"V6",0.424398393835872
"V7",0.0118058163207024
"V8",0.531952827936038
"V9",4.89588657859713
"V10",1.80520465224981
"V11",4.40900428406894
"V12",1.23274034820497
"V13",2.50212785229087
