"names","vals"
"Intercept",-5.71359808741836
"y",0.853845871752128
"V1",0.673128335736692
"V2",0.649590676184744
"V3",0.139991800067946
"V4",0.133995162555948
"V5",0.00231585674919188
"V6",4.24780507292598
"V7",1.85899993404746
