"names","vals"
"Intercept",-11.556131403218
"y",0.819020047783852
"V1",0.27100628730841
"V2",0.18076540203765
"V3",0.581970426253974
"V4",0.381402801722288
"V5",0.155047240899876
"V6",0.64779121754691
"V7",0.203637051628903
"V8",0.569447111105546
"V9",2.17211574595422
"V10",2.86558355391026
"V11",4.20143496245146
"V12",1.8092157067731
"V13",4.96871081460267
