"names","vals"
"Intercept",-4.10717432654928
"y",0.735536361811683
"V1",0.274568407563493
"V2",0.276837643468753
"V3",0.962484664283693
"V4",0.0352299881633371
"V5",0.679589457344264
"V6",0.620154607808217
"V7",0.81303760362789
"V8",2.01021627057344
"V9",2.39482081029564
"V10",4.97441456001252
"V11",2.5466061513871
