"names","vals"
"Intercept",-5.80994832567172
"y",0.15306835109368
"V1",0.503688118187711
"V2",0.566168514778838
"V3",0.0294718150980771
"V4",0.217093736631796
"V5",0.418688940582797
"V6",0.186426704050973
"V7",0.884847670095041
"V8",4.75650554802269
"V9",2.96683201752603
"V10",4.81062305159867
"V11",3.87653663568199
