"names","vals"
"Intercept",-7.530165710086
"y",0.527164740022272
"V1",0.484194097109139
"V2",0.515620517078787
"V3",0.270708773285151
"V4",0.643043777905405
"V5",0.130078751360998
"V6",0.589137776987627
"V7",0.888461305294186
"V8",1.42450316250324
"V9",1.53991279471666
"V10",2.57366723753512
"V11",2.90684369206429
