"names","vals"
"Intercept",-6.21813093540259
"y",0.0322325725574046
"V1",0.685404834104702
"V2",0.327772655291483
"V3",0.0875154337845743
"V4",0.809255672851577
"V5",0.0393851564731449
"V6",0.991142931394279
"V7",0.741518188267946
"V8",2.97639734949917
"V9",1.66066522710025
"V10",3.53425932861865
"V11",1.33267760556191
