"names","vals"
"Intercept",-10.1372226022882
"y",0.359429077012464
"V1",0.349409401416779
"V2",0.424431502586231
"V3",0.864825096679851
"V4",0.265203127637506
"V5",0.879119736608118
"V6",0.522184124216437
"V7",0.55152888270095
"V8",1.96415679622442
"V9",4.43181003257632
"V10",3.03689822461456
"V11",2.84580526407808
