"names","vals"
"Intercept",-6.51154865125893
"y",0.68235311890021
"V1",0.0655599101446569
"V2",0.904535327572376
"V3",0.608137075789273
"V4",0.493297098902985
"V5",0.763432346750051
"V6",0.175500734942034
"V7",0.11713713221252
"V8",1.82161512970924
"V9",1.58983690384775
"V10",2.17603701911867
"V11",4.21503722108901
