"names","vals"
"Intercept",-3.43024183202069
"y",0.0536187051329762
"V1",0.0276724237482995
"V2",0.0142692513763905
"V3",0.597608117386699
"V4",0.306489009875804
"V5",4.90946349687874
