"names","vals"
"Intercept",-8.55400827308185
"y",0.791067558107898
"V1",0.757412616163492
"V2",0.257839912315831
"V3",0.644150073174387
"V4",0.246925158891827
"V5",0.215800712117925
"V6",0.704980596899986
"V7",2.3061691801995
"V8",2.67049263510853
"V9",3.59705113247037
