"names","vals"
"Intercept",-7.57563112400006
"y",0.921771776862442
"V1",0.695554853416979
"V2",0.509666528552771
"V3",0.729099092073739
"V4",0.89098795526661
"V5",0.646098050056025
"V6",0.0353632492478937
"V7",0.535474318312481
"V8",1.93993904534727
"V9",1.57291836198419
"V10",2.64819915033877
"V11",3.20121106505394
