"names","vals"
"Intercept",-13.1302109494153
"y",0.298512359615415
"V1",0.764175381278619
"V2",0.803454108536243
"V3",0.697073763702065
"V4",0.937466562492773
"V5",0.916791053488851
"V6",0.975889398017898
"V7",0.786968020256609
"V8",0.568397912895307
"V9",1.79203357174993
"V10",3.22987970057875
"V11",1.83356799650937
"V12",3.60899664554745
"V13",4.13865809235722
