"names","vals"
"Intercept",-4.17952903288417
"y",0.758741898462176
"V1",0.395853819791228
"V2",0.407839599531144
"V3",0.597788095474243
"V4",0.654312508413568
"V5",3.49932110495865
