"names","vals"
"Intercept",-9.81724029956385
"y",0.95109996269457
"V1",0.626936892280355
"V2",0.12278880784288
"V3",0.0375537928193808
"V4",0.587998068658635
"V5",0.594267212320119
"V6",0.425866368226707
"V7",0.561859234934673
"V8",0.712541199754924
"V9",1.50417828280479
"V10",4.94339013192803
"V11",1.00796131137758
"V12",3.42814297415316
"V13",3.28324085939676
