"names","vals"
"Intercept",-5.4884535395354
"y",0.716220390517265
"V1",0.254251855192706
"V2",0.924240903696045
"V3",0.897558048600331
"V4",0.486666830489412
"V5",0.632383755641058
"V6",0.316843365551904
"V7",1.94703168328851
"V8",3.66252294648439
"V9",1.34070632979274
