"names","vals"
"Intercept",-5.06700580784818
"y",0.59983503818512
"V1",0.686419475125149
"V2",0.333821712527424
"V3",0.547198773827404
"V4",0.9147489964962
"V5",0.64700894872658
"V6",0.846551920752972
"V7",4.10226090252399
"V8",1.99755494203418
"V9",3.23848880641162
