"names","vals"
"Intercept",-9.84163109490182
"y",0.0285812383517623
"V1",0.945703692967072
"V2",0.802429610630497
"V3",0.693051676265895
"V4",0.952178232837468
"V5",0.0311925152782351
"V6",0.658073708647862
"V7",0.434298851061612
"V8",0.615107654593885
"V9",2.76362687069923
"V10",3.50306265242398
"V11",1.84520765114576
"V12",1.27335201203823
"V13",2.16383021976799
