"names","vals"
"Intercept",-11.9265737032518
"y",0.874932116130367
"V1",0.0897205309011042
"V2",0.568299771985039
"V3",0.3474499033764
"V4",0.410826985258609
"V5",0.603809876833111
"V6",0.359071110840887
"V7",0.775287722237408
"V8",0.0619260042440146
"V9",4.96288577653468
"V10",1.33625172358006
"V11",1.15866620652378
"V12",3.60905039869249
"V13",4.0401817355305
