"names","vals"
"Intercept",-4.82163285454735
"y",0.0322910523973405
"V1",0.740835205186158
"V2",0.414492026204243
"V3",0.112275240011513
"V4",0.348363558994606
"V5",0.264021778013557
"V6",0.748963597929105
"V7",0.276488083647564
"V8",1.77251405920833
"V9",2.07017337717116
"V10",3.7274621091783
"V11",2.08994697313756
