"names","vals"
"Intercept",-11.510793843111
"y",0.200442588422447
"V1",0.793612881097943
"V2",0.98628701036796
"V3",0.270456326426938
"V4",0.0288010737858713
"V5",0.825693032005802
"V6",0.187915304210037
"V7",0.729339038254693
"V8",3.53374196495861
"V9",1.84793750755489
"V10",3.97185547836125
"V11",2.73078734893352
