"names","vals"
"Intercept",-3.07993427529
"y",0.827103473246098
"V1",0.258954473305494
"V2",0.824440487893298
"V3",0.743426281027496
"V4",0.766711629694328
"V5",3.30724495183676
