"names","vals"
"Intercept",-12.6194626998156
"y",0.417354685952887
"V1",0.605383841553703
"V2",0.971064927987754
"V3",0.821849671658128
"V4",0.0367356953211129
"V5",0.138825812842697
"V6",0.508431340102106
"V7",0.630609348183498
"V8",3.25806855689734
"V9",3.18970340583473
"V10",2.63552251923829
"V11",4.94993667583913
