"names","vals"
"Intercept",-6.76814797489438
"y",0.447474493645132
"V1",0.295948932180181
"V2",0.438479604898021
"V3",0.73020097031258
"V4",0.180201297625899
"V5",0.524580627679825
"V6",0.499878600938246
"V7",4.01163916103542
"V8",1.17451028339565
"V9",2.67373115196824
