"names","vals"
"Intercept",-3.90883219432086
"y",0.36094357073307
"V1",0.69727687118575
"V2",0.159874501638114
"V3",0.357575526228175
"V4",0.639492921996862
"V5",0.223777141189203
"V6",0.462304725311697
"V7",1.45242414437234
"V8",3.68228349927813
"V9",1.86322016641498
