"names","vals"
"Intercept",-1.89895234613214
"y",0.313391125528142
"V1",0.648777585942298
"V2",0.958296084776521
"V3",0.283641209127381
"V4",0.186031650751829
"V5",3.61858439818025
