"names","vals"
"Intercept",-4.37349862385308
"y",0.308053645538166
"V1",0.640036977361888
"V2",0.682909300783649
"V3",0.336825001984835
"V4",0.970824819756672
"V5",0.0511644931975752
"V6",0.448233947623521
"V7",4.55526015721262
"V8",1.06924592424184
"V9",1.19189628306776
