"names","vals"
"Intercept",-3.21802458696766
"y",0.268074989086017
"V1",0.232826090184972
"V2",0.497237069299445
"V3",0.854714675107971
"V4",0.160388668067753
"V5",0.820755276130512
"V6",1.46170472260565
"V7",1.14031082578003
