"names","vals"
"Intercept",-5.25105357882567
"y",0.295594362076372
"V1",0.523132890462875
"V2",0.583198634907603
"V3",0.0314022414386272
"V4",0.546274476451799
"V5",0.0660920310765505
"V6",0.211775418370962
"V7",0.442165490938351
"V8",1.8423468042165
"V9",1.18392784520984
"V10",1.18439920339733
"V11",2.70798789989203
