"names","vals"
"Intercept",-6.44089333863463
"y",0.00475384993478656
"V1",0.459487063810229
"V2",0.176605821354315
"V3",0.873658931348473
"V4",0.832491137320176
"V5",0.608545645838603
"V6",4.84993444476277
"V7",2.55088507756591
