"names","vals"
"Intercept",-10.2724897464854
"y",0.251150898169726
"V1",0.438332185382023
"V2",0.63603483629413
"V3",0.456609005108476
"V4",0.173135939985514
"V5",0.988875073613599
"V6",0.451440759003162
"V7",0.905411939136684
"V8",0.415164857869968
"V9",2.60436433833092
"V10",2.58183395024389
"V11",4.96768322307616
"V12",4.72850587498397
"V13",1.02838182542473
