"names","vals"
"Intercept",-4.8392522849841
"y",0.219449359225109
"V1",0.249836704228073
"V2",0.660976716317236
"V3",0.927082820096985
"V4",0.955766033846885
"V5",0.997160831699148
"V6",0.238625589758158
"V7",2.97120111901313
"V8",1.77170208096504
"V9",2.81614821404219
