"names","vals"
"Intercept",-3.74939633879811
"y",0.467823971062899
"V1",0.890759078087285
"V2",0.474159467034042
"V3",0.211920552887022
"V4",0.597427268512547
"V5",0.178829219425097
"V6",0.430437642615288
"V7",1.90505957044661
"V8",4.98253159876913
"V9",3.19455823488533
