"names","vals"
"Intercept",-8.42692544024438
"y",0.35725715989247
"V1",0.25497505441308
"V2",0.988351985113695
"V3",0.946561471326277
"V4",0.8047731150873
"V5",0.922623841557652
"V6",0.110664144158363
"V7",0.922645185142756
"V8",1.29755164217204
"V9",1.54622188396752
"V10",3.77057947218418
"V11",1.34906930848956
