"names","vals"
"Intercept",-2.61540137112606
"y",0.299311721464619
"V1",0.775584866991267
"V2",0.242198466323316
"V3",0.950038659851998
"V4",0.925714308861643
"V5",0.605622948380187
"V6",4.4269145373255
"V7",4.22507629543543
