"names","vals"
"Intercept",-3.6918933843961
"y",0.657888020155951
"V1",0.461902715964243
"V2",0.724741821875796
"V3",0.0121973038185388
"V4",0.595356106292456
"V5",0.889729017624632
"V6",0.731411901768297
"V7",2.10887591075152
"V8",1.29329354222864
"V9",4.60232255607843
