"names","vals"
"Intercept",-8.84968686814886
"y",0.0488618367817253
"V1",0.137262721080333
"V2",0.140639768214896
"V3",0.36309966398403
"V4",0.365473787300289
"V5",0.692791973706335
"V6",0.216477469075471
"V7",0.410764317959547
"V8",0.245805172016844
"V9",1.12568706367165
"V10",2.01715801190585
"V11",4.31081665679812
"V12",1.54497926868498
"V13",1.67337849549949
