"names","vals"
"Intercept",-4.43050167439971
"y",0.512305221520364
"V1",0.0272535849362612
"V2",0.119597557233647
"V3",0.54314939188771
"V4",0.893097446067259
"V5",0.886625763960183
"V6",0.451153632020578
"V7",1.0720038106665
"V8",2.07994985580444
"V9",1.74428307451308
