"names","vals"
"Intercept",-5.78372903299518
"y",0.603350531542674
"V1",0.138129152357578
"V2",0.152361599728465
"V3",0.125585091533139
"V4",0.958827557740733
"V5",0.814674631226808
"V6",0.0631157765164971
"V7",3.71091546304524
"V8",3.75118935015053
"V9",2.94797577429563
