"names","vals"
"Intercept",-3.97482140153879
"y",0.774292492540553
"V1",0.178910763235763
"V2",0.0350637959782034
"V3",0.57975768414326
"V4",0.321841255063191
"V5",0.812801207881421
"V6",3.59013805910945
"V7",4.44992367085069
