"names","vals"
"Intercept",-6.38001683449838
"y",0.411641458515078
"V1",0.139638216700405
"V2",0.827859563287348
"V3",0.394338968209922
"V4",0.783375178929418
"V5",0.779433204093948
"V6",0.374472490977496
"V7",1.72622730396688
"V8",2.5449551474303
"V9",4.9382481938228
