"names","vals"
"Intercept",-7.13578973533586
"y",0.206179505912587
"V1",0.636278885183856
"V2",0.690045313676819
"V3",0.405240821419284
"V4",0.333671760745347
"V5",0.485171198612079
"V6",0.182550610974431
"V7",0.0486036466900259
"V8",4.59771784860641
"V9",1.44821410439909
"V10",3.35890765953809
"V11",2.46640357840806
