"names","vals"
"Intercept",-5.72411496109795
"y",0.46453228383325
"V1",0.424925083527341
"V2",0.773398354183882
"V3",0.400052436860278
"V4",0.19471557228826
"V5",0.109076974214986
"V6",4.47906855773181
"V7",1.31464538536966
