"names","vals"
"Intercept",-11.6521483005723
"y",0.715723788831383
"V1",0.169926389819011
"V2",0.72504285024479
"V3",0.619858136633411
"V4",0.355527668492869
"V5",0.205170315224677
"V6",0.0584851114545017
"V7",0.0874814793933183
"V8",0.970146471168846
"V9",2.42984252236784
"V10",3.61629889626056
"V11",2.18185423314571
"V12",2.46536315698177
"V13",3.0723992055282
