"names","vals"
"Intercept",-1.95278988528298
"y",0.650882295332849
"V1",0.608493419131264
"V2",0.321895437780768
"V3",0.492534395307302
"V4",0.48889379366301
"V5",2.9885366242379
