"names","vals"
"Intercept",-6.88860502782743
"y",0.79170392267406
"V1",0.566618734272197
"V2",0.585220312466845
"V3",0.0243434102740139
"V4",0.954193329671398
"V5",0.710963184945285
"V6",3.21591188572347
"V7",4.50269437674433
