"names","vals"
"Intercept",-1.19742190750781
"y",0.266346218530089
"V1",0.00155474711209536
"V2",0.11612242879346
"V3",0.416926662204787
"V4",0.326178832910955
"V5",2.48350999783725
