"names","vals"
"Intercept",-10.4850360757951
"y",0.0359354605898261
"V1",0.0350784719921649
"V2",0.786209529032931
"V3",0.100588390836492
"V4",0.0581260463222861
"V5",0.0815496461000293
"V6",0.607958261622116
"V7",0.235268672928214
"V8",3.70879554282874
"V9",3.36283544730395
"V10",4.81846559606493
"V11",3.36246868409216
