"names","vals"
"Intercept",-8.86814548073802
"y",0.557484918739647
"V1",0.237304421607405
"V2",0.293975766515359
"V3",0.94730877247639
"V4",0.913445361889899
"V5",0.881216610549018
"V6",0.378173673991114
"V7",0.420710232341662
"V8",0.273049350827932
"V9",4.59707877039909
"V10",3.4548396486789
"V11",1.01199878938496
"V12",2.35582816321403
"V13",3.21802023798227
