"names","vals"
"Intercept",-4.43844769707648
"y",0.700482041109353
"V1",0.563636801438406
"V2",0.188633078243583
"V3",0.0109779634512961
"V4",0.588156127603725
"V5",0.100608172593638
"V6",0.239102176157758
"V7",3.20944633893669
"V8",3.81484383717179
"V9",2.11177275888622
