"names","vals"
"Intercept",-2.9365598133672
"y",0.735556269995868
"V1",0.726330726640299
"V2",0.583980578929186
"V3",0.177801583427936
"V4",0.698516529751942
"V5",0.227737259818241
"V6",1.00091890245676
"V7",2.0646247100085
