"names","vals"
"Intercept",-3.18965526379179
"y",0.239332909462973
"V1",0.158230103319511
"V2",0.910636120242998
"V3",0.320592992240563
"V4",0.983420360367745
"V5",0.483824493130669
"V6",1.36235866695642
"V7",2.14578047394753
