"names","vals"
"Intercept",-8.44552054605447
"y",0.211628799326718
"V1",0.8361423346214
"V2",0.521797665394843
"V3",0.134284592466429
"V4",0.033133814111352
"V5",0.208268803544343
"V6",0.316312362905592
"V7",0.982021877309307
"V8",0.808391811093315
"V9",4.7364607937634
"V10",1.41712292935699
"V11",1.30569081287831
"V12",1.78898194991052
"V13",2.55115131661296
