"names","vals"
"Intercept",-3.61414592785295
"y",0.414552784990519
"V1",0.400720526697114
"V2",0.354939672863111
"V3",0.266593807609752
"V4",0.0714707216247916
"V5",0.887736617121845
"V6",0.404067029478028
"V7",2.57848770078272
"V8",2.33284520730376
"V9",2.54902565479279
