"names","vals"
"Intercept",-2.6100481776474
"y",0.342525950400159
"V1",0.902292456943542
"V2",0.60382613260299
"V3",0.562789981020615
"V4",0.597885570954531
"V5",0.768337645800784
"V6",1.11377604398876
"V7",1.98297596722841
