"names","vals"
"Intercept",-11.0536224175827
"y",0.337382363155484
"V1",0.558143180795014
"V2",0.778554979013279
"V3",0.0657949345186353
"V4",0.501160625135526
"V5",0.43866310431622
"V6",0.141684545436874
"V7",0.63177750702016
"V8",3.82952788937837
"V9",3.48039415664971
"V10",3.57613022252917
"V11",2.65244219545275
