"names","vals"
"Intercept",-7.31626393749379
"y",0.500017683254555
"V1",0.271361087216064
"V2",0.0167088555172086
"V3",0.300750785740092
"V4",0.665778597118333
"V5",0.544126959284768
"V6",0.604891416383907
"V7",0.120943643851206
"V8",3.21806940436363
"V9",2.08371439855546
"V10",4.72385896462947
"V11",2.48321587685496
