"names","vals"
"Intercept",-13.3765743935108
"y",0.971769925905392
"V1",0.688314150786027
"V2",0.725296297343448
"V3",0.863022032659501
"V4",0.578546852106228
"V5",0.672496144659817
"V6",0.646205874625593
"V7",0.760578069137409
"V8",4.35253920126706
"V9",2.25938731990755
"V10",4.98976858425885
"V11",2.90596976317465
