"names","vals"
"Intercept",-3.32873523385497
"y",0.677888883510605
"V1",0.623104837723076
"V2",0.939761260757223
"V3",0.0947072408162057
"V4",0.712653877446428
"V5",4.13020759262145
