"names","vals"
"Intercept",-2.96853056942346
"y",0.792315562488511
"V1",0.0588521463796496
"V2",0.645851586014032
"V3",0.355836173286662
"V4",0.250438942806795
"V5",3.35963465459645
