"names","vals"
"Intercept",-5.59274402724113
"y",0.912735504098237
"V1",0.82589981565252
"V2",0.784597910009325
"V3",0.63996258075349
"V4",0.863838489167392
"V5",4.21779682580382
