"names","vals"
"Intercept",-3.98396727135405
"y",0.287431848468259
"V1",0.0397815830074251
"V2",0.484025288606063
"V3",0.309776202775538
"V4",0.461682836757973
"V5",0.0744603234343231
"V6",3.56061191856861
"V7",3.76265936903656
