"names","vals"
"Intercept",-7.40559049115982
"y",0.94716840563342
"V1",0.910721593536437
"V2",0.328508456470445
"V3",0.782124599674717
"V4",0.804804091807455
"V5",0.320754017680883
"V6",3.98846676200628
"V7",2.63686307519674
