"names","vals"
"Intercept",-7.46039711685153
"y",0.529746898682788
"V1",0.370009279577062
"V2",0.218628012575209
"V3",0.740576343610883
"V4",0.113496880745515
"V5",0.556114172097296
"V6",0.697694611502811
"V7",2.60828850883991
"V8",1.15214508585632
"V9",3.93798905983567
