"names","vals"
"Intercept",-8.70373352830065
"y",0.28792204358615
"V1",0.62797850347124
"V2",0.837126860162243
"V3",0.0766660899389535
"V4",0.115658537251875
"V5",0.0339737618342042
"V6",0.629070337861776
"V7",0.157254379009828
"V8",0.434620084473863
"V9",2.19138507824391
"V10",4.03124766424298
"V11",3.90570623613894
"V12",4.44090800825506
"V13",2.60229929257184
