"names","vals"
"Intercept",-2.83767520637484
"y",0.28897520294413
"V1",0.518449252471328
"V2",0.248794928891584
"V3",0.381636642850935
"V4",0.514208208071068
"V5",0.798265340505168
"V6",2.67221367079765
"V7",1.26294373162091
