"names","vals"
"Intercept",-3.39926924175816
"y",0.488599375588819
"V1",0.367465163115412
"V2",0.723231759388
"V3",0.200897920643911
"V4",0.484370987629518
"V5",4.37636164389551
