"names","vals"
"Intercept",-3.55741827149177
"y",0.757827639579773
"V1",0.421152260620147
"V2",0.723189382813871
"V3",0.957736796466634
"V4",0.0911346089560539
"V5",4.24877891410142
