"names","vals"
"Intercept",-5.18908815952484
"y",0.7946379003115
"V1",0.85085375001654
"V2",0.238495463272557
"V3",0.190528965322301
"V4",0.339545184979215
"V5",0.119336922653019
"V6",0.601242798846215
"V7",0.623806236078963
"V8",1.40148553065956
"V9",2.19520734902471
"V10",1.32702783681452
"V11",3.9461353989318
