"names","vals"
"Intercept",-6.6249396687327
"y",0.904533007182181
"V1",0.0217397676315159
"V2",0.0720664805267006
"V3",0.90509824664332
"V4",0.842791944509372
"V5",0.848809800110757
"V6",0.89974687085487
"V7",1.06134439911693
"V8",1.67743277736008
"V9",4.77906442806125
