"names","vals"
"Intercept",-7.30625008023344
"y",0.684155576163903
"V1",0.671842049108818
"V2",0.103631670353934
"V3",0.513113945955411
"V4",0.79892935208045
"V5",0.00391036388464272
"V6",0.293854049872607
"V7",0.91433840803802
"V8",0.302386777941138
"V9",2.42666408326477
"V10",4.51576271280646
"V11",2.36588627286255
"V12",2.2451194152236
"V13",1.15524423122406
