"names","vals"
"Intercept",-15.0487300466257
"y",0.0783018455840647
"V1",0.604744883719832
"V2",0.925475252792239
"V3",0.503316620597616
"V4",0.327641818206757
"V5",0.961916873464361
"V6",0.536031888565049
"V7",0.932732121786103
"V8",0.9624877453316
"V9",4.3872588975355
"V10",4.01393177453429
"V11",3.88957165554166
"V12",4.93784829322249
"V13",1.40956833120435
