"names","vals"
"Intercept",-3.5042835335806
"y",0.0158015973865986
"V1",0.480856738984585
"V2",0.639061192283407
"V3",0.153565096436068
"V4",0.43997853435576
"V5",0.284224917180836
"V6",1.62914212793112
"V7",1.13811670150608
