"names","vals"
"Intercept",-9.82857087780721
"y",0.694213658571243
"V1",0.390853653429076
"V2",0.375980748329312
"V3",0.436896425671875
"V4",0.27883477578871
"V5",0.75893593323417
"V6",0.54732293728739
"V7",0.21668115304783
"V8",0.116789992665872
"V9",3.06756772659719
"V10",3.24081805348396
"V11",4.57396021019667
"V12",2.92896414361894
"V13",1.19452236220241
