"names","vals"
"Intercept",-7.51024422122864
"y",0.153269641334191
"V1",0.786998203024268
"V2",0.409635226475075
"V3",0.570117541123182
"V4",0.371935044415295
"V5",0.751724539324641
"V6",0.268675317056477
"V7",0.892507108626887
"V8",3.6285148859024
"V9",2.49094788637012
"V10",4.82032289076596
"V11",3.52940697129816
