"names","vals"
"Intercept",-4.18114241475239
"y",0.877394027309492
"V1",0.9567990754731
"V2",0.341847189934924
"V3",0.0632874488364905
"V4",0.547201232519001
"V5",0.77419451950118
"V6",0.10971991205588
"V7",0.932590159354731
"V8",1.08933235425502
"V9",4.00048871524632
"V10",2.91162159852684
"V11",4.68686552904546
