"names","vals"
"Intercept",-5.10526622582227
"y",0.221651256317273
"V1",0.711412682663649
"V2",0.339100219774991
"V3",0.263411263469607
"V4",0.602544633904472
"V5",0.169338240753859
"V6",3.32127073034644
"V7",3.21855543553829
