"names","vals"
"Intercept",-2.41272754315287
"y",0.678942250320688
"V1",0.308979076566175
"V2",0.976792644476518
"V3",0.237174954498187
"V4",0.306801351718605
"V5",0.385746822226793
"V6",0.887681253254414
"V7",3.37039894424379
"V8",2.6791849732399
"V9",1.54869164526463
