"names","vals"
"Intercept",-5.28413480883464
"y",0.360387939726934
"V1",0.36033035768196
"V2",0.756855139508843
"V3",0.232456088997424
"V4",0.784824347589165
"V5",0.574620045721531
"V6",0.325312486616895
"V7",4.71956805791706
"V8",2.2978680357337
"V9",2.85383781418204
