"names","vals"
"Intercept",-4.50972653804347
"y",0.812243640888482
"V1",0.817909257719293
"V2",0.649307846091688
"V3",0.715166217880324
"V4",0.00209343922324479
"V5",3.82380162365735
