"names","vals"
"Intercept",-5.23968093659962
"y",0.301995334448293
"V1",0.0582347814925015
"V2",0.234721021493897
"V3",0.984731720294803
"V4",0.877807209733874
"V5",0.271784445969388
"V6",0.554404442664236
"V7",2.73561206832528
"V8",4.21301779616624
"V9",1.0856872331351
