"names","vals"
"Intercept",-2.12086530117784
"y",0.211646802956238
"V1",0.415200559189543
"V2",0.569779840763658
"V3",0.642484055599198
"V4",0.558827101485804
"V5",2.88485245313495
