"names","vals"
"Intercept",-6.39966958786827
"y",0.315788057865575
"V1",0.622237816918641
"V2",0.753657775232568
"V3",0.301292411983013
"V4",0.350163797382265
"V5",0.0197015481535345
"V6",3.45719387196004
"V7",4.85845616925508
