"names","vals"
"Intercept",-8.3289822596428
"y",0.200614039320499
"V1",0.00317944074049592
"V2",0.571622530231252
"V3",0.230404674541205
"V4",0.231555764796212
"V5",0.866239970549941
"V6",0.320882190950215
"V7",0.452639351831749
"V8",1.55555456224829
"V9",2.83748284634203
"V10",3.11906510405242
"V11",1.88125264085829
