"names","vals"
"Intercept",-3.26730544026475
"y",0.382139640627429
"V1",0.168600138509646
"V2",0.630629238672554
"V3",0.110916895093396
"V4",0.16860103351064
"V5",0.53287986619398
"V6",0.431016470771283
"V7",1.18792484886944
"V8",1.9014154151082
"V9",2.41257623955607
