"names","vals"
"Intercept",-6.69417574328836
"y",0.471529816277325
"V1",0.110038950573653
"V2",0.833951511187479
"V3",0.48748860321939
"V4",0.19764469540678
"V5",0.807048799470067
"V6",0.191195470979437
"V7",0.911343166138977
"V8",0.807893990073353
"V9",3.40719205979258
"V10",2.61529837176204
"V11",1.28689040709287
"V12",2.40444220975041
"V13",1.35543190781027
