"names","vals"
"Intercept",-7.68674064700259
"y",0.313577440334484
"V1",0.652938073500991
"V2",0.882306632818654
"V3",0.944569637533277
"V4",0.934353216551244
"V5",0.296928733354434
"V6",0.202036246657372
"V7",2.12378744501621
"V8",1.93707083817571
"V9",3.23773106466979
