"names","vals"
"Intercept",-2.59739390757866
"y",0.605067654978484
"V1",0.858763789059594
"V2",0.798858738038689
"V3",0.507709901547059
"V4",0.844755888916552
"V5",4.41136430483311
