"names","vals"
"Intercept",-13.4751740268059
"y",0.836509682936594
"V1",0.0592806902714074
"V2",0.995050687342882
"V3",0.828757248120382
"V4",0.55040398077108
"V5",0.0234340373426676
"V6",0.837910315487534
"V7",0.0616278275847435
"V8",4.8283714922145
"V9",4.06568146962672
"V10",2.74457817338407
"V11",4.28973762504756
