"names","vals"
"Intercept",-7.05739274031483
"y",0.61519706971012
"V1",0.829687958350405
"V2",0.692238827934489
"V3",0.198447422124445
"V4",0.9944318018388
"V5",0.00949299847707152
"V6",0.780251278309152
"V7",1.84934954997152
"V8",2.46645743027329
"V9",4.5398621475324
