"names","vals"
"Intercept",-8.91596758981235
"y",0.359863778110594
"V1",0.383479360258207
"V2",0.366526486119255
"V3",0.688152412418276
"V4",0.769209154648706
"V5",0.653127017896622
"V6",0.801719250623137
"V7",1.31288538686931
"V8",3.60278394911438
"V9",2.83808861672878
