"names","vals"
"Intercept",-2.56159899167484
"y",0.619217729661614
"V1",0.459661723347381
"V2",0.231594908051193
"V3",0.463751604780555
"V4",0.463542970363051
"V5",4.18604767695069
