"names","vals"
"Intercept",-3.47102617280791
"y",0.326312983874232
"V1",0.404469973873347
"V2",0.685178204672411
"V3",0.839826481882483
"V4",0.364619679516181
"V5",0.161594569217414
"V6",4.18618637509644
"V7",1.80900926701725
