"names","vals"
"Intercept",-2.17386692905799
"y",0.0813046365510672
"V1",0.872609396465123
"V2",0.810852755559608
"V3",0.712605383247137
"V4",0.249086691765115
"V5",1.98572774417698
