"names","vals"
"Intercept",-6.01337183351861
"y",0.970039751147851
"V1",0.654178418684751
"V2",0.126919675385579
"V3",0.785599578171968
"V4",0.903030506335199
"V5",0.904086751397699
"V6",0.485850876197219
"V7",1.15305717196316
"V8",1.4561570789665
"V9",2.87906457763165
