"names","vals"
"Intercept",-10.4897344369791
"y",0.687682215357199
"V1",0.991473200498149
"V2",0.778995740227401
"V3",0.601013774285093
"V4",0.272273250622675
"V5",0.566748400684446
"V6",0.637835744069889
"V7",2.25405299570411
"V8",4.12840290553868
"V9",4.22648787032813
