"names","vals"
"Intercept",-7.66208976136753
"y",0.514060392277315
"V1",0.13210096093826
"V2",0.69275678624399
"V3",0.992379843490198
"V4",0.203213440254331
"V5",0.0191028476692736
"V6",0.718669421505183
"V7",0.872922401409596
"V8",4.87386397272348
"V9",3.7489469749853
"V10",2.27252954617143
"V11",3.19199668988585
