"names","vals"
"Intercept",-12.448692953526
"y",0.546126815024763
"V1",0.467817771248519
"V2",0.295169923920184
"V3",0.223347756080329
"V4",0.433819115161896
"V5",0.71195106790401
"V6",0.0950810965150595
"V7",0.48894685972482
"V8",0.602017525117844
"V9",3.90461659152061
"V10",3.87209860235453
"V11",3.3108002115041
"V12",2.86729579791427
"V13",4.82468511350453
