"names","vals"
"Intercept",-11.7015337798931
"y",0.129091880749911
"V1",0.802016079192981
"V2",0.291712842183188
"V3",0.68547254614532
"V4",0.383228566264734
"V5",0.896351522067562
"V6",0.461109110619873
"V7",0.876499184640124
"V8",0.142865968402475
"V9",3.21014875266701
"V10",4.09538594447076
"V11",3.41211863048375
"V12",4.49033063650131
"V13",4.14547207392752
