"names","vals"
"Intercept",-5.37634961978998
"y",0.313785655191168
"V1",0.270459308754653
"V2",0.470814782660455
"V3",0.90667997370474
"V4",0.70540419453755
"V5",0.809609865536913
"V6",0.0378591441549361
"V7",0.235131284222007
"V8",0.407909297849983
"V9",4.13332615513355
"V10",3.37752528209239
"V11",1.63200153317302
"V12",2.38875917065889
"V13",1.36676172539592
