"names","vals"
"Intercept",-11.3922743186075
"y",0.78374495706521
"V1",0.871597315650433
"V2",0.392900931416079
"V3",0.934552873019129
"V4",0.853138396516442
"V5",0.732940008398145
"V6",0.299664243822917
"V7",0.648082486586645
"V8",3.27725636120886
"V9",3.94950513076037
"V10",2.15090148989111
"V11",3.84466901514679
