"names","vals"
"Intercept",-4.39648245768389
"y",0.999404712812975
"V1",0.58036657073535
"V2",0.456032451475039
"V3",0.870649468386546
"V4",0.890836023725569
"V5",0.583419839153066
"V6",3.04147316794842
"V7",2.32996163610369
