"names","vals"
"Intercept",-8.43675804278115
"y",0.567106867209077
"V1",0.936583739472553
"V2",0.754955976037309
"V3",0.843715679598972
"V4",0.644291495671496
"V5",0.0703876912593842
"V6",0.750368396053091
"V7",2.17293822672218
"V8",4.1607908513397
"V9",3.81971663888544
