"names","vals"
"Intercept",-3.38250231279526
"y",0.530698446091264
"V1",0.479602044448256
"V2",0.37621025624685
"V3",0.0498381156940013
"V4",0.446220464305952
"V5",0.330194720765576
"V6",0.554750761948526
"V7",1.03300626762211
"V8",2.62352222856134
"V9",4.71771738771349
