"names","vals"
"Intercept",-6.33948423100403
"y",0.425906248157844
"V1",0.947296597762033
"V2",0.938486004015431
"V3",0.60144665511325
"V4",0.314521922729909
"V5",0.658095715101808
"V6",0.20222734590061
"V7",0.058562895283103
"V8",0.72051243041642
"V9",2.56195971556008
"V10",2.7733025951311
"V11",2.42893695645034
"V12",3.9596871836111
"V13",1.27073453273624
