"names","vals"
"Intercept",-1.55578049398959
"y",0.713024540338665
"V1",0.143658485962078
"V2",0.368510666768998
"V3",0.32690729922615
"V4",0.16615667170845
"V5",3.02942344918847
