"names","vals"
"Intercept",-8.75485618653707
"y",0.469040128169581
"V1",0.614971254952252
"V2",0.937889114022255
"V3",0.476203840924427
"V4",0.741416044533253
"V5",0.0572261430788785
"V6",0.317449590656906
"V7",0.917409803718328
"V8",0.57090429845266
"V9",3.16908797807992
"V10",2.33973751682788
"V11",2.3207773109898
"V12",2.32767058257014
"V13",3.78464879933745
