"names","vals"
"Intercept",-1.09499584053643
"y",0.737301745451987
"V1",0.823426488088444
"V2",0.710785217350349
"V3",0.525631926488131
"V4",0.280022014630958
"V5",1.26664086896926
