"names","vals"
"Intercept",-8.04983506794553
"y",0.907177632441744
"V1",0.085903039900586
"V2",0.892082342645153
"V3",0.1413678470999
"V4",0.90869392734021
"V5",0.767245171125978
"V6",0.88067083992064
"V7",0.109338737791404
"V8",0.733759597642347
"V9",4.59086839389056
"V10",2.61611469928175
"V11",1.64248293638229
"V12",1.5483715524897
"V13",2.46007892489433
