"names","vals"
"Intercept",-5.06962709658313
"y",0.34889162844047
"V1",0.748627974884585
"V2",0.0928751283790916
"V3",0.75548740546219
"V4",0.805986540624872
"V5",0.376515522832051
"V6",0.176864636363462
"V7",0.354889657581225
"V8",2.20576492883265
"V9",2.2981877727434
"V10",2.12933854106814
"V11",2.84252364747226
