"names","vals"
"Intercept",-1.89690771056339
"y",0.76229361910373
"V1",0.816805965034291
"V2",0.849021950736642
"V3",0.589878554688767
"V4",0.250662666745484
"V5",1.50328439380974
