"names","vals"
"Intercept",-1.09661047199043
"y",0.0972043708898127
"V1",0.305542274145409
"V2",0.71374236792326
"V3",0.397242717677727
"V4",0.488507566740736
"V5",4.1150323022157
