"names","vals"
"Intercept",-6.82357058106456
"y",0.490276271244511
"V1",0.30837175808847
"V2",0.885244002332911
"V3",0.0705406931228936
"V4",0.384370666928589
"V5",0.37540398677811
"V6",1.98158245068043
"V7",4.88080721441656
