"names","vals"
"Intercept",-5.84927487610374
"y",0.243190136738122
"V1",0.119609768502414
"V2",0.343914499273524
"V3",0.522550304187462
"V4",0.317906287731603
"V5",0.905142041388899
"V6",1.9316028971225
"V7",3.92379471566528
