"names","vals"
"Intercept",-3.36834453145973
"y",0.92559959134087
"V1",0.963652015663683
"V2",0.930802355986089
"V3",0.723202117020264
"V4",0.796781028620899
"V5",0.0165985021740198
"V6",2.53453890513629
"V7",3.51234667096287
