"names","vals"
"Intercept",-8.04658040639479
"y",0.397557527758181
"V1",0.913956102682278
"V2",0.834107307484373
"V3",0.114581434288993
"V4",0.75992869050242
"V5",0.0122777882497758
"V6",0.122810881352052
"V7",4.84806227311492
"V8",1.8031842680648
"V9",2.8265965115279
