"names","vals"
"Intercept",-9.81784553013509
"y",0.515472712228075
"V1",0.76416352018714
"V2",0.142468567704782
"V3",0.871651559136808
"V4",0.117634442634881
"V5",0.340906223282218
"V6",0.280042406870052
"V7",0.186279153218493
"V8",2.26704576984048
"V9",2.18777326866984
"V10",4.28333976026624
"V11",3.53042125795037
