"names","vals"
"Intercept",-8.00861133952858
"y",0.71197434165515
"V1",0.91783530334942
"V2",0.862247443059459
"V3",0.982765030348673
"V4",0.715766696259379
"V5",0.764064171584323
"V6",0.774308227002621
"V7",0.470550749683753
"V8",1.49384515732527
"V9",1.88632805179805
"V10",3.84376544971019
"V11",1.22939683869481
