"names","vals"
"Intercept",-9.21988343232311
"y",0.910448558162898
"V1",0.864249932579696
"V2",0.955349463736638
"V3",0.723103835480288
"V4",0.890581186627969
"V5",0.131421698722988
"V6",0.462903639068827
"V7",0.337748050922528
"V8",0.172330835834146
"V9",4.03146821632981
"V10",3.77095104195178
"V11",4.08369206544012
"V12",1.43051207903773
"V13",3.15755660273135
