"names","vals"
"Intercept",-9.68299300751649
"y",0.0900403382256627
"V1",0.45037495251745
"V2",0.520359269576147
"V3",0.114620571490377
"V4",0.748554230667651
"V5",0.674188912380487
"V6",0.250426795333624
"V7",0.687232129042968
"V8",0.204186856281012
"V9",4.70608292706311
"V10",1.36418767459691
"V11",3.35991255007684
"V12",3.64720384869725
"V13",2.61794225126505
