"names","vals"
"Intercept",-8.7114274711092
"y",0.114629114512354
"V1",0.685916821006685
"V2",0.597988374065608
"V3",0.228415191406384
"V4",0.232981618028134
"V5",0.107061828952283
"V6",0.418580687139183
"V7",0.847406957997009
"V8",0.270989672513679
"V9",3.26056142244488
"V10",1.27602163609117
"V11",4.81072109937668
"V12",4.97206056304276
"V13",3.03533209022135
