"names","vals"
"Intercept",-5.97712575324345
"y",0.565568808466196
"V1",0.902768518542871
"V2",0.360290779499337
"V3",0.325984292663634
"V4",0.0212290382478386
"V5",0.247797625605017
"V6",0.0940385167486966
"V7",0.723599184071645
"V8",2.38349256385118
"V9",1.14989855140448
"V10",1.25788038596511
"V11",1.39328681398183
