"names","vals"
"Intercept",-4.72807102197083
"y",0.252274766331539
"V1",0.54883868410252
"V2",0.244890579488128
"V3",0.144381153397262
"V4",0.448825686937198
"V5",0.648886968847364
"V6",3.87195222079754
"V7",2.1733459411189
