"names","vals"
"Intercept",-2.78732878620503
"y",0.4013013378717
"V1",0.882404043572024
"V2",0.825349639868364
"V3",0.699728599516675
"V4",0.740258483914658
"V5",0.583899524528533
"V6",1.62699438724667
"V7",2.66282626334578
