"names","vals"
"Intercept",-11.0552534966962
"y",0.481331919087097
"V1",0.998557042796165
"V2",0.86314698914066
"V3",0.955015718471259
"V4",0.481540864566341
"V5",0.874636537861079
"V6",0.85865573794581
"V7",0.366350889671594
"V8",0.242545986780897
"V9",3.62363350763917
"V10",1.96562283299863
"V11",2.17001173365861
"V12",3.73548359237611
"V13",2.48910560831428
