"names","vals"
"Intercept",-5.06497372034937
"y",0.755396124441177
"V1",0.0620127208530903
"V2",0.496919417288154
"V3",0.441871770191938
"V4",0.586704956833273
"V5",0.531218602322042
"V6",0.010590064805001
"V7",1.16237141098827
"V8",4.77272789739072
"V9",4.305250630714
