"names","vals"
"Intercept",-1.23917460190132
"y",0.197338473983109
"V1",0.98503287951462
"V2",0.166844018967822
"V3",0.65753998956643
"V4",0.283185359789059
"V5",1.57872875221074
