"names","vals"
"Intercept",-7.11563724680105
"y",0.513203556882218
"V1",0.0521377860568464
"V2",0.709205879596993
"V3",0.392721432261169
"V4",0.604168159188703
"V5",0.972379529150203
"V6",0.409897382371128
"V7",4.43707249313593
"V8",2.70152554381639
"V9",2.41546268761158
