"names","vals"
"Intercept",-5.60787847168976
"y",0.321202370570973
"V1",0.635789072606713
"V2",0.610544244293123
"V3",0.104603129904717
"V4",0.441244456917048
"V5",0.239792837062851
"V6",0.0197947914712131
"V7",2.85926476866007
"V8",4.55335374828428
"V9",4.62091986183077
