"names","vals"
"Intercept",-1.17973353292327
"y",0.552799858152866
"V1",0.43909466220066
"V2",0.475330706918612
"V3",0.26862971088849
"V4",0.193412677850574
"V5",4.97185168787837
