"names","vals"
"Intercept",-10.3713059519697
"y",0.953567197546363
"V1",0.629228522302583
"V2",0.663867515744641
"V3",0.401775742415339
"V4",0.521825654199347
"V5",0.233096478739753
"V6",0.608336170669645
"V7",0.886711652390659
"V8",0.897573905996978
"V9",4.49397628754377
"V10",2.15431085135788
"V11",1.18378015048802
"V12",4.66392561513931
"V13",1.02004971448332
