"names","vals"
"Intercept",-6.05393342237454
"y",0.10855494462885
"V1",0.33803101349622
"V2",0.620167806744576
"V3",0.557462492957711
"V4",0.282799802720547
"V5",0.412546784617007
"V6",0.804653921164572
"V7",2.15529898647219
"V8",4.30968460440636
"V9",1.61751464288682
