"names","vals"
"Intercept",-10.1925521875033
"y",0.445049914997071
"V1",0.771852851146832
"V2",0.731744219781831
"V3",0.721785201691091
"V4",0.668670304119587
"V5",0.375026304274797
"V6",0.0512767147738487
"V7",0.251960534835234
"V8",0.234496696852148
"V9",1.61235278192908
"V10",3.55960372276604
"V11",2.36643850896508
"V12",4.92010968364775
"V13",3.59915627259761
