"names","vals"
"Intercept",-3.9455930310674
"y",0.891723614418879
"V1",0.620237897150218
"V2",0.116998168872669
"V3",0.946506805019453
"V4",0.744238550076261
"V5",0.323077781358734
"V6",0.577067258302122
"V7",2.02517154347152
"V8",1.40580917987972
"V9",1.02958165761083
