"names","vals"
"Intercept",-4.78238691298757
"y",0.75757837574929
"V1",0.577754732687026
"V2",0.735515602864325
"V3",0.00661897915415466
"V4",0.874037753790617
"V5",0.592505793087184
"V6",0.835146932397038
"V7",2.95255799312145
"V8",2.61963602900505
"V9",1.8225148934871
