"names","vals"
"Intercept",-2.12412310048705
"y",0.199185409350321
"V1",0.721184534719214
"V2",0.044018192216754
"V3",0.431750652613118
"V4",0.876112272497267
"V5",3.95969366468489
