"names","vals"
"Intercept",-10.0530506855552
"y",0.896798631176353
"V1",0.661393629387021
"V2",0.974210632033646
"V3",0.879410423338413
"V4",0.94406952126883
"V5",0.0202970562968403
"V6",0.759741239016876
"V7",0.0428572362288833
"V8",3.47882764786482
"V9",4.21747708600014
"V10",4.42775289714336
"V11",2.98958849534392
