"names","vals"
"Intercept",-6.34148397878045
"y",0.312243290944025
"V1",0.360225238837302
"V2",0.868468785891309
"V3",0.722793782129884
"V4",0.144107723841444
"V5",0.463627128163353
"V6",2.65555744990706
"V7",4.2034998619929
