"names","vals"
"Intercept",-2.70779191227397
"y",0.714815962594002
"V1",0.463031886843964
"V2",0.510806026868522
"V3",0.938499262090772
"V4",0.911491433391348
"V5",0.131341320229694
"V6",1.34986320883036
"V7",3.92903105076402
