"names","vals"
"Intercept",-6.89883906641975
"y",0.944673137739301
"V1",0.361135806422681
"V2",0.656133599346504
"V3",0.63156612124294
"V4",0.355698813451454
"V5",0.347570857731625
"V6",0.373591596260667
"V7",0.663822902133688
"V8",1.5821354938671
"V9",1.59747515525669
"V10",2.16126282326877
"V11",3.17615409567952
