"names","vals"
"Intercept",-5.02050590746105
"y",0.573610553517938
"V1",0.0277428268454969
"V2",0.324206546647474
"V3",0.881850793492049
"V4",0.873619845137
"V5",0.232452078722417
"V6",3.48336728848517
"V7",1.90118268225342
