"names","vals"
"Intercept",-4.87778600935824
"y",0.0939318728633225
"V1",0.0732584337238222
"V2",0.92684189346619
"V3",0.600689101731405
"V4",0.767148749437183
"V5",0.445418804418296
"V6",4.22776575665921
"V7",1.86674977932125
