"names","vals"
"Intercept",-9.93602166798431
"y",0.122313157422468
"V1",0.752486741403118
"V2",0.798926781397313
"V3",0.543349140323699
"V4",0.573928842553869
"V5",0.10327029065229
"V6",0.0803412925451994
"V7",0.98080557002686
"V8",0.958122196840122
"V9",1.12893437035382
"V10",1.41374477371573
"V11",3.9765605814755
"V12",3.34620682243258
"V13",4.11335348337889
