"names","vals"
"Intercept",-5.02650166085456
"y",0.758262410061434
"V1",0.0979806610848755
"V2",0.290431173052639
"V3",0.606421852717176
"V4",0.523466199403629
"V5",0.454751991666853
"V6",0.243758392520249
"V7",3.29106481093913
"V8",2.31903413310647
"V9",4.12259075976908
