"names","vals"
"Intercept",-3.39170068200678
"y",0.45501432265155
"V1",0.620024739066139
"V2",0.942467382643372
"V3",0.233368647284806
"V4",0.992144266609102
"V5",3.59366377908736
