"names","vals"
"Intercept",-6.91540389738511
"y",0.759622519370168
"V1",0.923475020565093
"V2",0.646530537866056
"V3",0.176833957433701
"V4",0.341677929740399
"V5",0.634375313529745
"V6",0.86152266827412
"V7",2.15504002943635
"V8",3.9923193724826
"V9",1.4982671989128
