"names","vals"
"Intercept",-4.16565702566411
"y",0.566354552749544
"V1",0.691435855114833
"V2",0.0811926615424454
"V3",0.146857553394511
"V4",0.309377006720752
"V5",0.275479130446911
"V6",4.7694084867835
"V7",3.14567367825657
