"names","vals"
"Intercept",-1.621812985125
"y",0.778738884953782
"V1",0.0683069098740816
"V2",0.443983897799626
"V3",0.92398682446219
"V4",0.559675646247342
"V5",3.83018063101918
