"names","vals"
"Intercept",-9.45245806996245
"y",0.656195673625916
"V1",0.791444038739428
"V2",0.835407525999472
"V3",0.296466771978885
"V4",0.731700304895639
"V5",0.518492262810469
"V6",0.575186258880422
"V7",0.715187794528902
"V8",0.266167066991329
"V9",1.46612337511033
"V10",2.41730082966387
"V11",2.69232126884162
"V12",3.7720112092793
"V13",4.84232979733497
