"names","vals"
"Intercept",-3.74233089332469
"y",0.73769255168736
"V1",0.140304381260648
"V2",0.690386985894293
"V3",0.546055407263339
"V4",0.39505820767954
"V5",0.855063771596178
"V6",0.0895885187201202
"V7",2.93153127655387
"V8",1.90989679843187
"V9",1.83221999555826
