"names","vals"
"Intercept",-3.72089103055187
"y",0.455899092135951
"V1",0.106794344959781
"V2",0.741878685541451
"V3",0.370209384942427
"V4",0.0704777706414461
"V5",0.145172406453639
"V6",1.01203946210444
"V7",3.57899333164096
