"names","vals"
"Intercept",-1.40677520578029
"y",0.489553299732506
"V1",0.845646026777104
"V2",0.8278882605955
"V3",0.775971113005653
"V4",0.783618438057601
"V5",3.40769546478987
