"names","vals"
"Intercept",-9.58997997014783
"y",0.809742849087343
"V1",0.918775792000815
"V2",0.796245360048488
"V3",0.0121083275880665
"V4",0.19430506345816
"V5",0.863695048261434
"V6",0.639944531954825
"V7",0.0588896630797535
"V8",3.09519295115024
"V9",2.52125512529165
"V10",2.76798577234149
"V11",2.71792633458972
