"names","vals"
"Intercept",-2.04817433928605
"y",0.278312783921137
"V1",0.631235052132979
"V2",0.113822423154488
"V3",0.362675457028672
"V4",0.62025307980366
"V5",2.70639535598457
