"names","vals"
"Intercept",-8.11575445089256
"y",0.980685622664168
"V1",0.596459380816668
"V2",0.0502901403233409
"V3",0.639594597509131
"V4",0.715105921961367
"V5",0.806190121918917
"V6",0.641394547652453
"V7",1.394167592749
"V8",4.60944660659879
"V9",2.61322465538979
