"names","vals"
"Intercept",-3.63062287473818
"y",0.576798661146313
"V1",0.394251783611253
"V2",0.391915382817388
"V3",0.167725610779598
"V4",0.168131561484188
"V5",3.34377704840153
