"names","vals"
"Intercept",-5.74821388295852
"y",0.86731940926984
"V1",0.263615543255582
"V2",0.730308351339772
"V3",0.0498928797896951
"V4",0.423223605612293
"V5",0.963816042523831
"V6",0.587475595530123
"V7",0.57677031843923
"V8",2.19981589540839
"V9",2.20890664402395
"V10",1.6648617265746
"V11",1.18198393657804
