"names","vals"
"Intercept",-7.98958045179956
"y",0.839445948367938
"V1",0.131007711635903
"V2",0.899238154990599
"V3",0.952488483162597
"V4",0.410285693127662
"V5",0.565205912804231
"V6",0.873940241290256
"V7",0.576187107246369
"V8",1.41138602979481
"V9",1.16880445834249
"V10",3.64501909073442
"V11",1.68670428451151
