"names","vals"
"Intercept",-6.88467573984526
"y",0.621436742832884
"V1",0.221740694483742
"V2",0.883492177352309
"V3",0.370251227170229
"V4",0.92465562815778
"V5",0.972368745366111
"V6",0.79622609145008
"V7",1.66149783786386
"V8",2.55044549889863
"V9",4.2728011412546
