"names","vals"
"Intercept",-10.9888167960476
"y",0.643593466840684
"V1",0.299159987829626
"V2",0.878183458000422
"V3",0.861317980801687
"V4",0.672560750041157
"V5",0.734610307496041
"V6",0.893618441885337
"V7",0.637432413408533
"V8",0.837934749666601
"V9",4.82834193110466
"V10",1.02919473871589
"V11",1.67541608773172
"V12",1.03328105807304
"V13",3.52278331201524
