"names","vals"
"Intercept",-4.41578632970341
"y",0.82442625425756
"V1",0.460793460020795
"V2",0.801428962266073
"V3",0.724155121482909
"V4",0.198612981010228
"V5",0.0216908545698971
"V6",2.87307916488498
"V7",1.39646614808589
