"names","vals"
"Intercept",-6.0286404394405
"y",0.709557213587686
"V1",0.557908482383937
"V2",0.627115896204486
"V3",0.459495567716658
"V4",0.570228790165856
"V5",0.630836735013872
"V6",4.79795321729034
"V7",4.1756397774443
