"names","vals"
"Intercept",-6.61295856058597
"y",0.0908020511269569
"V1",0.383386545814574
"V2",0.558632981730625
"V3",0.798139958176762
"V4",0.285621696617454
"V5",0.0670222700573504
"V6",0.94982845056802
"V7",0.454285693587735
"V8",0.671271223574877
"V9",1.14091568626463
"V10",1.69136806949973
"V11",3.96574260573834
"V12",1.87936341855675
"V13",1.22038509231061
