"names","vals"
"Intercept",-3.83912128935335
"y",0.59807669557631
"V1",0.519909248687327
"V2",0.904143081512302
"V3",0.0956154032610357
"V4",0.0270899077877402
"V5",0.240685007767752
"V6",1.21146861277521
"V7",4.55082051083446
