"names","vals"
"Intercept",-2.96495712842792
"y",0.450392151251435
"V1",0.77611933182925
"V2",0.503878717310727
"V3",0.309513183776289
"V4",0.123759126290679
"V5",0.0764348758384585
"V6",0.957119303289801
"V7",2.2227668594569
"V8",1.61322567146271
"V9",1.5062650302425
