"names","vals"
"Intercept",-13.0495590349776
"y",0.238730811048299
"V1",0.591058931313455
"V2",0.598306110361591
"V3",0.926593013573438
"V4",0.790730084758252
"V5",0.60802388144657
"V6",0.277253122767434
"V7",0.392850322648883
"V8",4.19669817946851
"V9",3.27085987105966
"V10",2.22239794488996
"V11",2.49413646943867
