"names","vals"
"Intercept",-2.57368949810043
"y",0.721411716891453
"V1",0.86915829218924
"V2",0.696975391125306
"V3",0.707613548729569
"V4",0.394244681345299
"V5",1.69192733708769
