"names","vals"
"Intercept",-7.15477009586757
"y",0.239202349446714
"V1",0.201040407177061
"V2",0.810106861870736
"V3",0.747489314991981
"V4",0.196514692855999
"V5",0.272144639631733
"V6",0.812165008857846
"V7",0.210780627792701
"V8",3.94845911860466
"V9",2.70295178890228
"V10",1.72897032089531
"V11",3.26801597326994
