"names","vals"
"Intercept",-1.59278307702858
"y",0.587768881348893
"V1",0.778237428283319
"V2",0.915194394532591
"V3",0.935559791745618
"V4",0.939571431605145
"V5",2.957823228091
