"names","vals"
"Intercept",-2.81770654348657
"y",0.434965738561004
"V1",0.209929957520217
"V2",0.922032491536811
"V3",0.594699053559452
"V4",0.511436080327258
"V5",4.23303179536015
