"names","vals"
"Intercept",-9.68680217774818
"y",0.0328944572247565
"V1",0.754026230424643
"V2",0.806773804593831
"V3",0.565827581565827
"V4",0.372324033640325
"V5",0.58970715245232
"V6",0.360223737312481
"V7",0.318233851110563
"V8",0.482618414331228
"V9",2.4485922306776
"V10",1.62582045793533
"V11",4.65495756827295
"V12",4.07774488721043
"V13",1.12701144162565
