"names","vals"
"Intercept",-9.0225347401225
"y",0.199937789002433
"V1",0.150401355000213
"V2",0.539578698342666
"V3",0.503606335027143
"V4",0.758021068526432
"V5",0.734492657473311
"V6",0.680962962564081
"V7",0.853052705759183
"V8",1.75298504624516
"V9",3.89917194843292
"V10",3.96079991292208
"V11",2.15733685344458
