"names","vals"
"Intercept",-3.26518283402547
"y",0.761664143996313
"V1",0.154191276058555
"V2",0.762762234313414
"V3",0.593729626620188
"V4",0.52740369644016
"V5",2.92002746276557
