"names","vals"
"Intercept",-10.3722985564405
"y",0.775340797379613
"V1",0.278135088738054
"V2",0.0485806437209249
"V3",0.18372043245472
"V4",0.321748738177121
"V5",0.179613741347566
"V6",0.845787706319243
"V7",0.644004551460966
"V8",0.158452424919233
"V9",4.98614541627467
"V10",3.28286192659289
"V11",2.79506943374872
"V12",1.52173925098032
"V13",3.35970388446003
