"names","vals"
"Intercept",-7.21866674509365
"y",0.31661131628789
"V1",0.149778393795714
"V2",0.570425033569336
"V3",0.381715902360156
"V4",0.306270875036716
"V5",0.349181630183011
"V6",0.394611175172031
"V7",0.428840030683205
"V8",0.228687648195773
"V9",1.07779801543802
"V10",1.48458133172244
"V11",4.85842241719365
"V12",1.51424836274236
"V13",4.96790401637554
