"names","vals"
"Intercept",-11.8752516748733
"y",0.822908616391942
"V1",0.422525174915791
"V2",0.96776260738261
"V3",0.9852595992852
"V4",0.476192544912919
"V5",0.945021825842559
"V6",0.0622809752821922
"V7",0.0789991684723645
"V8",0.445063252933323
"V9",3.09881357196718
"V10",2.82778837811202
"V11",2.36214474961162
"V12",3.23293353058398
"V13",4.45395530946553
