"names","vals"
"Intercept",-2.1013517465326
"y",0.514142113272101
"V1",0.00856060278601944
"V2",0.239189370768145
"V3",0.469928286038339
"V4",0.265139484312385
"V5",1.62224923819304
