"names","vals"
"Intercept",-3.0932070246106
"y",0.733537421096116
"V1",0.954875399824232
"V2",0.884478204650804
"V3",0.523493037791923
"V4",0.27713710675016
"V5",2.12960122060031
