"names","vals"
"Intercept",-7.54677659888985
"y",0.995416047750041
"V1",0.253421315923333
"V2",0.75442399061285
"V3",0.115027671912685
"V4",0.327244252897799
"V5",0.359325348865241
"V6",0.297710099490359
"V7",0.528416803572327
"V8",2.62408722937107
"V9",1.48667113017291
"V10",2.12983451783657
"V11",4.77836700342596
