"names","vals"
"Intercept",-9.44266171784839
"y",0.605632985010743
"V1",0.148387872381136
"V2",0.258840081747621
"V3",0.986521410057321
"V4",0.610363059211522
"V5",0.209691549185663
"V6",4.32327083870769
"V7",4.96720679104328
