"names","vals"
"Intercept",-5.3042089253338
"y",0.64305029809475
"V1",0.220982590690255
"V2",0.0649410763289779
"V3",0.830561278620735
"V4",0.405170655576512
"V5",0.0114771097432822
"V6",0.454890033928677
"V7",0.0279537630267441
"V8",1.03375627566129
"V9",2.32450260035694
"V10",1.01801044214517
"V11",1.10428833775222
