"names","vals"
"Intercept",-4.89856832959922
"y",0.40384028875269
"V1",0.654786012601107
"V2",0.604688920313492
"V3",0.00442597456276417
"V4",0.717929384903982
"V5",0.271617516875267
"V6",0.51132731186226
"V7",0.571153381140903
"V8",3.43250225484371
"V9",1.521205348894
"V10",2.08646409679204
"V11",2.28738314379007
