"names","vals"
"Intercept",-9.46882364001591
"y",0.701622331980616
"V1",0.885143521707505
"V2",0.0503267222084105
"V3",0.522929760394618
"V4",0.601416373625398
"V5",0.526533437427133
"V6",0.448227078188211
"V7",0.490411901846528
"V8",0.357588351238519
"V9",3.63797155581415
"V10",4.21497665159404
"V11",1.83453316986561
"V12",3.25642562750727
"V13",2.70321430452168
