"names","vals"
"Intercept",-8.65470775595168
"y",0.584164030384272
"V1",0.0219848453998566
"V2",0.805118137504905
"V3",0.459221749566495
"V4",0.964775466127321
"V5",0.42158143571578
"V6",0.514414289500564
"V7",0.0753750617150217
"V8",0.562114302068949
"V9",1.56736120488495
"V10",2.75441032182425
"V11",4.51081141922623
"V12",1.35775430314243
"V13",1.70992361661047
