"names","vals"
"Intercept",-4.57185567540349
"y",0.800073301186785
"V1",0.147370155667886
"V2",0.515211695572361
"V3",0.324344625230879
"V4",0.833887446206063
"V5",0.305114920716733
"V6",3.69515353161842
"V7",3.57549803052098
