"names","vals"
"Intercept",-9.43789792085066
"y",0.12630990287289
"V1",0.666394284460694
"V2",0.646620002342388
"V3",0.596040701726452
"V4",0.971803724067286
"V5",0.214411234017462
"V6",0.782167834462598
"V7",0.45451808674261
"V8",0.370568990008906
"V9",3.15895805787295
"V10",2.37950905226171
"V11",2.25346641708165
"V12",2.80707877408713
"V13",1.75737553834915
