"names","vals"
"Intercept",-3.01788771961816
"y",0.956625716993585
"V1",0.699751496082172
"V2",0.138833364937454
"V3",0.277371851494536
"V4",0.235282722162083
"V5",3.28639978449792
