"names","vals"
"Intercept",-4.17042518391041
"y",0.682104345178232
"V1",0.330856344662607
"V2",0.134075781330466
"V3",0.735103736864403
"V4",0.733516234438866
"V5",0.147251969669014
"V6",3.6481839613989
"V7",2.59057185333222
