"names","vals"
"Intercept",-4.62015794062289
"y",0.125677666161209
"V1",0.68322410993278
"V2",0.933096655411646
"V3",0.167230292223394
"V4",0.16365397349
"V5",0.00105891167186201
"V6",0.115507636219263
"V7",0.12365262908861
"V8",2.78944790642709
"V9",2.94690515846014
"V10",2.91305923741311
"V11",4.59819268528372
