"names","vals"
"Intercept",-7.48708294040523
"y",0.320227993652225
"V1",0.156348047312349
"V2",0.899564340244979
"V3",0.7824397967197
"V4",0.81983106629923
"V5",0.342431867262349
"V6",4.52573355473578
"V7",4.4754349347204
