"names","vals"
"Intercept",-7.81911392769543
"y",0.934666647575796
"V1",0.463093935977668
"V2",0.995699015446007
"V3",0.863024563994259
"V4",0.511221087770537
"V5",0.16667892341502
"V6",2.41481565870345
"V7",2.90422669798136
