"names","vals"
"Intercept",-1.73913206284633
"y",0.960137713002041
"V1",0.0058282851241529
"V2",0.0522607541643083
"V3",0.534212359925732
"V4",0.736922329990193
"V5",0.64999980549328
"V6",1.46887258440256
"V7",1.89136833418161
