"names","vals"
"Intercept",-5.93591343845474
"y",0.465331790735945
"V1",0.0570693565532565
"V2",0.352348028449342
"V3",0.13896073284559
"V4",0.439035422401503
"V5",0.668122440343723
"V6",0.810793230077252
"V7",0.180937709985301
"V8",1.85471142921597
"V9",3.13956862688065
"V10",4.80340619198978
"V11",4.05165242962539
