"names","vals"
"Intercept",-7.96485507890116
"y",0.654213797301054
"V1",0.387692531570792
"V2",0.284896942321211
"V3",0.00500806351192296
"V4",0.761032837210223
"V5",0.306634727399796
"V6",0.841367221437395
"V7",0.668596873991191
"V8",3.38308468461037
"V9",4.82700528297573
"V10",3.32591256033629
"V11",4.3139441292733
