"names","vals"
"Intercept",-2.86262210288784
"y",0.505104542942718
"V1",0.858780854614452
"V2",0.341264311922714
"V3",0.0302607282064855
"V4",0.594669829122722
"V5",3.31372422352433
