"names","vals"
"Intercept",-10.1288604145823
"y",0.950294950511307
"V1",0.831442628754303
"V2",0.849961558356881
"V3",0.24030222883448
"V4",0.546592559432611
"V5",0.0720319014508277
"V6",0.546943670138717
"V7",0.0134926158934832
"V8",3.54406605660915
"V9",2.437744660303
"V10",1.80081108398736
"V11",4.91698217112571
