"names","vals"
"Intercept",-3.19444180577993
"y",0.746488401200622
"V1",0.863277961499989
"V2",0.635839399416
"V3",0.458296265685931
"V4",0.798102530883625
"V5",2.17416753806174
