"names","vals"
"Intercept",-3.13813696556026
"y",0.998047599801794
"V1",0.464579439954832
"V2",0.206498239887878
"V3",0.308691463898867
"V4",0.578362481435761
"V5",0.474631511373445
"V6",0.0480938870459795
"V7",2.53796806093305
"V8",3.89477583114058
"V9",1.46829201746732
