"names","vals"
"Intercept",-5.79167783147655
"y",0.960232244571671
"V1",0.254169416613877
"V2",0.306894702836871
"V3",0.166032490087673
"V4",0.791169093921781
"V5",0.350191081408411
"V6",2.55943174287677
"V7",4.71172330714762
