"names","vals"
"Intercept",-4.73011902533937
"y",0.531425126129761
"V1",0.745884093688801
"V2",0.496736059663817
"V3",0.820427551167086
"V4",0.808492941781878
"V5",0.457049402408302
"V6",3.61960013210773
"V7",1.97374219167978
