"names","vals"
"Intercept",-11.6245596217993
"y",0.0462645730003715
"V1",0.231105704791844
"V2",0.751772129908204
"V3",0.807245447766036
"V4",0.903038284508511
"V5",0.276696105487645
"V6",0.0616601095534861
"V7",0.636133267777041
"V8",0.97110974858515
"V9",2.94641883485019
"V10",2.16520523279905
"V11",4.18472960125655
"V12",1.29027785267681
"V13",3.50634178053588
