"names","vals"
"Intercept",-5.45188555279281
"y",0.0130286109633744
"V1",0.542476856149733
"V2",0.68785859644413
"V3",0.0566197852604091
"V4",0.237526437267661
"V5",0.0780757088214159
"V6",0.746770592872053
"V7",0.837169185047969
"V8",3.73941013589501
"V9",1.81262286845595
"V10",4.60421060863882
"V11",3.34727788157761
