"names","vals"
"Intercept",-12.7381299356418
"y",0.276418514316902
"V1",0.838182070525363
"V2",0.0673630393575877
"V3",0.392738207709044
"V4",0.419902038527653
"V5",0.28516208473593
"V6",0.161644377512857
"V7",0.463635822758079
"V8",0.670499458443373
"V9",4.31100453715771
"V10",4.27795097976923
"V11",4.4656539009884
"V12",3.96456420142204
"V13",4.9352890662849
