"names","vals"
"Intercept",-5.77420099924784
"y",0.899861495243385
"V1",0.0459477575495839
"V2",0.595608793664724
"V3",0.429645509459078
"V4",0.890091757755727
"V5",0.623545708367601
"V6",0.626258282689378
"V7",1.38954756874591
"V8",1.63942239712924
"V9",3.8455328354612
