"names","vals"
"Intercept",-10.1171839517658
"y",0.352731662802398
"V1",0.484284297330305
"V2",0.0413558001164347
"V3",0.254792269552127
"V4",0.7177144784946
"V5",0.848273770883679
"V6",0.841077414341271
"V7",0.654006896074861
"V8",4.37248737178743
"V9",4.09522798564285
"V10",4.2161718821153
"V11",4.08106268849224
