"names","vals"
"Intercept",-1.77413583939895
"y",0.0215697411913425
"V1",0.576349329669029
"V2",0.345506220357493
"V3",0.819901577429846
"V4",0.393027305370197
"V5",2.73828306794167
