"names","vals"
"Intercept",-3.57646676689386
"y",0.748241707449779
"V1",0.518071225611493
"V2",0.0518272866029292
"V3",0.476293446496129
"V4",0.878995969891548
"V5",0.686563853640109
"V6",0.986617472022772
"V7",0.0972699739504606
"V8",1.24572888575494
"V9",2.39727140404284
"V10",3.28553587011993
"V11",1.64335080608726
