"names","vals"
"Intercept",-9.43592304938706
"y",0.0375767683144659
"V1",0.322318217949942
"V2",0.588111562887207
"V3",0.661857107654214
"V4",0.406314311083406
"V5",0.367439644178376
"V6",0.38206791668199
"V7",0.829125298652798
"V8",4.84557310212404
"V9",2.94336204882711
"V10",4.04658585693687
"V11",1.29397572297603
