"names","vals"
"Intercept",-5.83129426691914
"y",0.209940553642809
"V1",0.903782177716494
"V2",0.296605723444372
"V3",0.643776153912768
"V4",0.425727275665849
"V5",0.907927822787315
"V6",0.0863524947781116
"V7",4.10909383930266
"V8",3.8878285670653
"V9",2.31801027804613
