"names","vals"
"Intercept",-1.96004161111778
"y",0.465761918807402
"V1",0.719024840043858
"V2",0.751066959928721
"V3",0.36678329622373
"V4",0.64791445620358
"V5",0.309619136620313
"V6",1.49068873934448
"V7",3.43176781199872
