"names","vals"
"Intercept",-5.28239270454273
"y",0.0138640194199979
"V1",0.693385652732104
"V2",0.551389841828495
"V3",0.723138458561152
"V4",0.475386428646743
"V5",0.887731283437461
"V6",0.305628492496908
"V7",4.76078120805323
"V8",1.81126966234297
"V9",4.35404155869037
