"names","vals"
"Intercept",-0.94769394101575
"y",0.366406152956188
"V1",0.630724445683882
"V2",0.114006161922589
"V3",0.586898342240602
"V4",0.820383109617978
"V5",2.74852052330971
