"names","vals"
"Intercept",-7.81287379384739
"y",0.867460949579254
"V1",0.462391428649426
"V2",0.947603200096637
"V3",0.189407100901008
"V4",0.499105341499671
"V5",0.448425373062491
"V6",0.181073982035741
"V7",0.13359076785855
"V8",1.21392110735178
"V9",1.61303666140884
"V10",3.3971754591912
"V11",3.40804334357381
