"names","vals"
"Intercept",-15.2388254935807
"y",0.170427133096382
"V1",0.474410865455866
"V2",0.00423178379423916
"V3",0.532888168701902
"V4",0.791593451052904
"V5",0.610774744534865
"V6",0.823394134640694
"V7",0.474965947214514
"V8",0.873951296089217
"V9",3.69339605607092
"V10",3.7709597889334
"V11",3.63215018250048
"V12",3.07629011012614
"V13",3.67071751132607
