"names","vals"
"Intercept",-11.0469597909134
"y",0.743786473060027
"V1",0.629743300843984
"V2",0.535622358787805
"V3",0.689798297360539
"V4",0.627043090527877
"V5",0.226699847262353
"V6",0.955829906044528
"V7",0.676445852033794
"V8",2.94374649133533
"V9",4.67495332472026
"V10",4.94184527732432
"V11",3.11235671397299
