"names","vals"
"Intercept",-2.71293543874053
"y",0.729827363276854
"V1",0.873890794580802
"V2",0.601455096155405
"V3",0.780812843004242
"V4",0.799105197424069
"V5",2.90894911810756
