"names","vals"
"Intercept",-4.83773368627299
"y",0.363712218124419
"V1",0.909672978101298
"V2",0.273778288858011
"V3",0.723480469081551
"V4",0.908073351252824
"V5",0.573357242858037
"V6",0.86552136274986
"V7",2.34196165855974
"V8",4.04401858523488
"V9",1.47942894883454
