"names","vals"
"Intercept",-4.74681071933359
"y",0.969876660266891
"V1",0.265268546296284
"V2",0.786561483284459
"V3",0.946637520799413
"V4",0.456543975044042
"V5",0.114881275454536
"V6",0.20169789227657
"V7",2.10756248794496
"V8",2.71107702702284
"V9",2.33049055375159
