"names","vals"
"Intercept",-5.19773691846523
"y",0.747162101790309
"V1",0.403423050185665
"V2",0.529471175512299
"V3",0.948149723000824
"V4",0.0974077135324478
"V5",0.39156830101274
"V6",2.97291670180857
"V7",2.51985879894346
