"names","vals"
"Intercept",-7.54114079625579
"y",0.909463507356122
"V1",0.503226522589102
"V2",0.313122818944976
"V3",0.656859837239608
"V4",0.00906907860189676
"V5",0.397611170774326
"V6",0.540621615247801
"V7",4.65993866045028
"V8",3.96024606283754
"V9",4.27748743910342
