"names","vals"
"Intercept",-14.3165658303676
"y",0.969702378148213
"V1",0.0569835861679167
"V2",0.220575811108574
"V3",0.545955670066178
"V4",0.753791787428781
"V5",0.538443569093943
"V6",0.25413224613294
"V7",0.135092777432874
"V8",0.788674735231325
"V9",3.49081762693822
"V10",2.88610166311264
"V11",4.39524874836206
"V12",3.93006751313806
"V13",2.27294191904366
