"names","vals"
"Intercept",-3.72284608589951
"y",0.348946094978601
"V1",0.375657934695482
"V2",0.593672580085695
"V3",0.934712379006669
"V4",0.680755491135642
"V5",3.09042701683939
