"names","vals"
"Intercept",-2.57794220132753
"y",0.457957688486204
"V1",0.109974610619247
"V2",0.0709407022222877
"V3",0.747210875852033
"V4",0.501226620748639
"V5",0.0399851375259459
"V6",1.17370475549251
"V7",1.26387717574835
