"names","vals"
"Intercept",-4.23193705749698
"y",0.297124945325777
"V1",0.355844961479306
"V2",0.632476598024368
"V3",0.256934556877241
"V4",0.123286428395659
"V5",4.15566060319543
