"names","vals"
"Intercept",-6.32783277750947
"y",0.715209641726688
"V1",0.753473467659205
"V2",0.0727229896001518
"V3",0.440571855986491
"V4",0.492622245335951
"V5",0.595908947987482
"V6",0.654110237490386
"V7",1.86496451310813
"V8",1.25272969901562
"V9",4.06434542965144
