"names","vals"
"Intercept",-9.20506025920319
"y",0.678223143797368
"V1",0.514683243120089
"V2",0.115664951503277
"V3",0.192059004213661
"V4",0.884549851994962
"V5",4.82094272854738
"V6",2.41254279972054
"V7",2.85060876049101
"V8",3.04189237300307
"V9",3.2176551525481
