"names","vals"
"Intercept",-8.96542527973861
"y",0.835499194450676
"V1",0.310920584248379
"V2",0.447297384496778
"V3",0.842238293262199
"V4",0.469845515210181
"V5",1.25663722981699
"V6",4.00715813389979
"V7",2.61714758002199
"V8",3.62175655202009
"V9",1.59208701807074
