"names","vals"
"Intercept",-2.97448509295448
"y",0.674795583589002
"V1",0.328394756885245
"V2",0.30419876310043
"V3",0.400746477534994
"V4",0.516668679891154
"V5",3.10275867930613
"V6",0.32726441277191
"V7",0.313354593235999
"V8",4.92719182278961
"V9",0.311564787989482
