"names","vals"
"Intercept",-5.84909898940474
"y",0.923471059417352
"V1",0.067793081048876
"V2",0.664290432818234
"V3",0.492955172434449
"V4",0.408477979479358
"V5",0.99273485946469
"V6",4.22966514830478
"V7",2.10468953242525
"V8",4.02624997659586
"V9",3.56794253108092
