"names","vals"
"Intercept",-17.5653553913757
"y",4.22594754397869
"V1",3.70610678195953
"V2",1.07453501224518
"V3",2.70362309552729
"V4",3.77086458262056
"V5",3.09780942741781
"V6",4.60469721909612
"V7",4.68431331962347
"V8",2.64778758678585
"V9",2.24682054109871
