"names","vals"
"Intercept",-16.858362308477
"y",2.24838174879551
"V1",4.01236479077488
"V2",2.16125654056668
"V3",1.95854745153338
"V4",4.26317392382771
"V5",4.07895007263869
"V6",2.07262547686696
"V7",2.15858616307378
"V8",4.48387784976512
"V9",4.08695869985968
