"names","vals"
"Intercept",-9.78136824212829
"y",0.850437022279948
"V1",0.562153941951692
"V2",0.311644710134715
"V3",0.699693574104458
"V4",0.202934722881764
"V5",0.594415350817144
"V6",4.79801211878657
"V7",4.86247905995697
