"names","vals"
"Intercept",-2.86966980634863
"y",0.207629443379119
"V1",0.675952578661963
"V2",0.377224682830274
"V3",0.205186543753371
"V4",0.595064231660217
"V5",0.736565086059272
"V6",2.38149222079664
"V7",4.44888293370605
