"names","vals"
"Intercept",-2.78341459800978
"y",0.397970407037064
"V1",0.375367480563
"V2",0.303139242576435
"V3",0.455938946455717
"V4",0.747747369343415
"V5",0.591242037015036
"V6",1.95987760089338
"V7",4.24374348111451
