"names","vals"
"Intercept",-7.98052123474982
"y",0.931935951579362
"V1",0.874456777703017
"V2",0.476250130450353
"V3",0.871099591488019
"V4",0.651303696446121
"V5",0.712845308938995
"V6",0.834195850649849
"V7",0.924280524952337
"V8",3.70712635014206
"V9",2.9076865836978
"V10",2.21357271913439
"V11",1.99848395306617
