"names","vals"
"Intercept",-2.05240958833741
"y",0.0953665541019291
"V1",0.986443440197036
"V2",0.298384118126705
"V3",0.0531530969310552
"V4",0.260079501662403
"V5",0.230682346737012
"V6",1.32639048900455
"V7",4.6120804194361
