"names","vals"
"Intercept",-5.4668007837031
"y",0.302525570848957
"V1",0.00246378616429865
"V2",0.479474324500188
"V3",0.781610231846571
"V4",0.409608900314197
"V5",0.283048142213374
"V6",0.385547335958108
"V7",0.269664607243612
"V8",0.247855022083968
"V9",1.60385886020958
"V10",1.53057273104787
"V11",4.03368613682687
"V12",3.66772865783423
"V13",3.39350032340735
