"names","vals"
"Intercept",-6.91336904185638
"y",0.327443636022508
"V1",0.313136315206066
"V2",0.345049755182117
"V3",0.597635820275173
"V4",0.575052666245028
"V5",0.616758811986074
"V6",0.26289594755508
"V7",0.665506966179237
"V8",3.98467305116355
"V9",4.65319499652833
"V10",2.19451064523309
"V11",4.53319352678955
