"names","vals"
"Intercept",-5.78197889678367
"y",0.273488106671721
"V1",0.0200145032722503
"V2",0.92665939242579
"V3",0.383350780932233
"V4",0.810339152347296
"V5",0.0948989803437144
"V6",0.933866211446002
"V7",0.822073716204613
"V8",1.11364891845733
"V9",4.73624853882939
"V10",1.77849510870874
"V11",4.86901437025517
