"names","vals"
"Intercept",-11.7636299963417
"y",0.874030504841357
"V1",0.150489487918094
"V2",0.523591572418809
"V3",0.627003744477406
"V4",0.976498363073915
"V5",0.940265114186332
"V6",0.883183392463252
"V7",0.784825360402465
"V8",3.63719009887427
"V9",3.40380837954581
"V10",1.21764086186886
"V11",4.63600783329457
