"names","vals"
"Intercept",-7.56834044614993
"y",0.584409473696724
"V1",0.219757652608678
"V2",0.457193760666996
"V3",0.329663189360872
"V4",0.311288831755519
"V5",0.782286565052345
"V6",0.468293220270425
"V7",2.816919606179
"V8",2.83006234280765
"V9",1.26822189241648
