"names","vals"
"Intercept",-10.6263255676008
"y",0.648122576065361
"V1",0.048423265805468
"V2",0.373517901403829
"V3",0.354904818581417
"V4",0.999224991770461
"V5",0.253378818044439
"V6",0.956504665082321
"V7",0.990670352708548
"V8",4.4664664529264
"V9",2.72888829931617
"V10",4.54292854480445
"V11",1.79702930245548
