"names","vals"
"Intercept",-8.00807028235821
"y",0.326647747773677
"V1",0.705977796809748
"V2",0.809325534617528
"V3",0.488945850171149
"V4",0.759151955367997
"V5",0.52618807181716
"V6",0.785594137152657
"V7",0.184274175669998
"V8",0.670812397031114
"V9",1.08654260076582
"V10",1.8803325612098
"V11",1.35471975337714
"V12",1.02721345890313
"V13",4.83723595365882
