"names","vals"
"Intercept",-1.44581228602747
"y",0.444258871022612
"V1",0.611554987262934
"V2",0.98024460603483
"V3",0.265361117431894
"V4",0.901371719548479
"V5",1.04915785975754
