"names","vals"
"Intercept",-10.1891432152332
"y",0.148821239126846
"V1",0.901375988963991
"V2",0.751841419143602
"V3",0.69255542056635
"V4",0.788162331562489
"V5",0.83834529411979
"V6",0.167019922286272
"V7",0.412502602208406
"V8",3.42343860585243
"V9",1.29610639251769
"V10",1.64581952244043
"V11",1.22766539081931
