"names","vals"
"Intercept",-4.18887448325195
"y",0.470109324203804
"V1",0.0863497580867261
"V2",0.471168030286208
"V3",0.0578141896985471
"V4",0.432819459587336
"V5",0.830247408244759
"V6",3.02770580351353
"V7",4.71655775420368
