"names","vals"
"Intercept",-6.12265688621718
"y",0.122028355952352
"V1",0.398117473116145
"V2",0.168613731861115
"V3",0.317273303866386
"V4",0.173159264726564
"V5",0.876963520422578
"V6",0.710210172226653
"V7",0.746299270307645
"V8",1.28743158932775
"V9",2.03280313313007
"V10",1.91812028270215
"V11",2.61816916614771
