"names","vals"
"Intercept",-10.377473300948
"y",0.917826209450141
"V1",0.838726280257106
"V2",0.690057415049523
"V3",0.957532447297126
"V4",0.570514016551897
"V5",0.586610686965287
"V6",0.103802832076326
"V7",0.407865667482838
"V8",3.88297510147095
"V9",2.80552532803267
"V10",4.238594584167
"V11",4.04791944939643
