"names","vals"
"Intercept",-7.02259761175513
"y",0.880935245193541
"V1",0.682792238192633
"V2",0.0546254483051598
"V3",0.236372052459046
"V4",0.820092427078635
"V5",0.173699212027714
"V6",0.0640958265867084
"V7",2.60403133369982
"V8",2.79603959340602
"V9",1.80155946686864
