"names","vals"
"Intercept",-5.36457189382892
"y",0.981618015561253
"V1",0.0311706110369414
"V2",0.0793807124719024
"V3",0.469396408181638
"V4",0.25128474808298
"V5",0.320920961210504
"V6",0.435400864342228
"V7",4.45376210100949
"V8",4.39142733439803
"V9",1.43598548229784
