"names","vals"
"Intercept",-3.24462348891515
"y",0.8933892166242
"V1",0.757033462170511
"V2",0.598684060154483
"V3",0.0411143896635622
"V4",0.049664702033624
"V5",0.777942511951551
"V6",2.10210222937167
"V7",2.62226763088256
