"names","vals"
"Intercept",-5.53477913022693
"y",0.89571715076454
"V1",0.425043340073898
"V2",0.0658655415754765
"V3",0.307689849054441
"V4",0.63808218203485
"V5",0.170650505693629
"V6",2.55319366790354
"V7",2.49228960648179
