"names","vals"
"Intercept",-8.54892051347019
"y",0.759158150525764
"V1",0.785072469385341
"V2",0.466351708862931
"V3",0.924240994732827
"V4",0.641379090491682
"V5",0.718175229150802
"V6",0.0131460628472269
"V7",0.760767554398626
"V8",2.19825504906476
"V9",2.05062214843929
"V10",4.3660028455779
"V11",4.68665259890258
