"names","vals"
"Intercept",-2.77292138515413
"y",0.98115952545777
"V1",0.120275873923674
"V2",0.00514208362437785
"V3",0.175024550640956
"V4",0.887401348445565
"V5",0.621769919293001
"V6",1.33118727244437
"V7",4.02748905401677
