"names","vals"
"Intercept",-4.19559614720638
"y",0.28672503028065
"V1",0.187323308316991
"V2",0.98533807368949
"V3",0.249772707698867
"V4",0.195503264898434
"V5",0.860825147479773
"V6",1.3202387355268
"V7",3.21312047541142
