"names","vals"
"Intercept",-12.2593002338044
"y",0.00265809125266969
"V1",0.29216122534126
"V2",0.431028296239674
"V3",0.48238085443154
"V4",0.939976267050952
"V5",0.829261011909693
"V6",0.0225499214138836
"V7",0.0923440617043525
"V8",4.01499142218381
"V9",4.07344715110958
"V10",3.86333347018808
"V11",1.56247298512608
