"names","vals"
"Intercept",-3.01050875815982
"y",0.565505405655131
"V1",0.828263599425554
"V2",0.418706841766834
"V3",0.981579399202019
"V4",0.862637320999056
"V5",3.14361110329628
