"names","vals"
"Intercept",-4.96029243163881
"y",0.179469920927659
"V1",0.853123248554766
"V2",0.204720439156517
"V3",0.791552754351869
"V4",0.374349465360865
"V5",0.963572082808241
"V6",0.695233632577583
"V7",4.01388125587255
"V8",2.59173906780779
"V9",2.30153335724026
