"names","vals"
"Intercept",-8.21287310404563
"y",0.354053547605872
"V1",0.641035641543567
"V2",0.481976875336841
"V3",0.344300432130694
"V4",0.475065992446616
"V5",0.705572125734761
"V6",0.126285757403821
"V7",0.315276032080874
"V8",0.926909416681156
"V9",3.2783369217068
"V10",4.13905617874116
"V11",3.97207834292203
"V12",2.59761637728661
"V13",4.52325696311891
