"names","vals"
"Intercept",-2.02419449491333
"y",0.965260299155489
"V1",0.551376035436988
"V2",0.0920641070697457
"V3",0.523306250106543
"V4",0.188006210839376
"V5",0.825499456375837
"V6",3.62950459588319
"V7",1.21541018038988
