"names","vals"
"Intercept",-5.24214270809712
"y",0.271692756097764
"V1",0.64824217511341
"V2",0.715769129572436
"V3",0.701448101550341
"V4",0.744238748913631
"V5",0.88023853697814
"V6",0.0532523025758564
"V7",1.17795488983393
"V8",2.59480655193329
"V9",4.1084382487461
