"names","vals"
"Intercept",-4.53379084836552
"y",0.463898342568427
"V1",0.656838716007769
"V2",0.348370456136763
"V3",0.654810592066497
"V4",0.75284725939855
"V5",0.0409072667825967
"V6",3.28386935219169
"V7",1.51971594523638
