"names","vals"
"Intercept",-7.83689240734885
"y",0.145061007235199
"V1",0.43296693614684
"V2",0.394559887470677
"V3",0.979722476331517
"V4",0.595032413490117
"V5",0.613592329900712
"V6",4.02841482311487
"V7",2.44067854154855
