"names","vals"
"Intercept",-7.66942178928712
"y",0.585138565860689
"V1",0.448252082802355
"V2",0.154633713653311
"V3",0.99505981290713
"V4",0.44779625418596
"V5",0.627003595465794
"V6",0.877182346535847
"V7",0.575390225276351
"V8",0.676827324321494
"V9",2.39044594578445
"V10",2.01320237666368
"V11",2.35328947938979
"V12",3.6061858907342
"V13",4.33832483459264
