"names","vals"
"Intercept",-10.1595498305555
"y",0.191993902204558
"V1",0.354830792639405
"V2",0.878978243796155
"V3",0.507797811413184
"V4",0.148925095098093
"V5",0.215050461003557
"V6",0.0421821346972138
"V7",0.190588447730988
"V8",4.06776972860098
"V9",3.4575929036364
"V10",3.48356033954769
"V11",3.25960478652269
