"names","vals"
"Intercept",-4.52214604043821
"y",0.366971707437187
"V1",0.769559209467843
"V2",0.300012939376757
"V3",0.581263377331197
"V4",0.49856464820914
"V5",0.430214213905856
"V6",4.46617698669434
"V7",1.87858401145786
