"names","vals"
"Intercept",-2.49231383325113
"y",0.340641634073108
"V1",0.0532953031361103
"V2",0.00586861395277083
"V3",0.399181859800592
"V4",0.0299246944487095
"V5",0.882533077150583
"V6",3.14743577688932
"V7",3.95533738471568
