"names","vals"
"Intercept",-4.04679400620307
"y",0.257065907586366
"V1",0.469937060028315
"V2",0.213664764072746
"V3",0.38067335775122
"V4",0.241691878065467
"V5",0.403750230325386
"V6",1.35777045693249
"V7",4.12075732927769
