"names","vals"
"Intercept",-5.07897811796516
"y",0.979590693023056
"V1",0.611992363585159
"V2",0.283043005038053
"V3",0.181123194750398
"V4",0.402045651804656
"V5",0.112534378655255
"V6",0.243620581692085
"V7",0.709001702722162
"V8",0.402624540263787
"V9",1.43425117526203
"V10",2.30585371516645
"V11",1.56683363951743
"V12",3.17891323100775
"V13",4.50423849001527
