"names","vals"
"Intercept",-10.3622521976968
"y",0.739276325097308
"V1",0.0759113864041865
"V2",0.638355708681047
"V3",0.375547979027033
"V4",0.715999570908025
"V5",0.77760336897336
"V6",0.416502200299874
"V7",0.184636274818331
"V8",4.68436240684241
"V9",2.34432889986783
"V10",3.49785532988608
"V11",4.44992269016802
