"names","vals"
"Intercept",-3.37249692110438
"y",0.884443822083995
"V1",0.944132991600782
"V2",0.131539106601849
"V3",0.408228810410947
"V4",0.302771536167711
"V5",0.972738318145275
"V6",4.32944957353175
"V7",4.19205700885504
