"names","vals"
"Intercept",-9.37577294078888
"y",0.293049798579887
"V1",0.00293067400343716
"V2",0.4670211491175
"V3",0.177791512804106
"V4",0.0398908662609756
"V5",0.0260109952650964
"V6",0.295611360110343
"V7",0.900668506277725
"V8",0.536075355950743
"V9",4.87692045234144
"V10",1.94509508926421
"V11",3.43465630337596
"V12",4.15738111175597
"V13",1.57484166044742
