"names","vals"
"Intercept",-2.61983636180195
"y",0.87117721606046
"V1",0.230336089385673
"V2",0.00915928417816758
"V3",0.939299813238904
"V4",0.434181052725762
"V5",1.52303232438862
