"names","vals"
"Intercept",-3.52185175215267
"y",0.877183794975281
"V1",0.07954345154576
"V2",0.578053838107735
"V3",0.505669652018696
"V4",0.389988857554272
"V5",0.736985903698951
"V6",4.11621406115592
"V7",3.01688605174422
