"names","vals"
"Intercept",-8.25312906668801
"y",0.601414510514587
"V1",0.0434918093960732
"V2",0.246262273751199
"V3",0.343582559376955
"V4",0.656647841213271
"V5",0.508864720119163
"V6",0.717218934092671
"V7",4.1978408722207
"V8",4.5369307231158
"V9",4.63060071785003
