"names","vals"
"Intercept",-9.28260035450361
"y",0.74724739883095
"V1",0.219696515239775
"V2",0.393976518185809
"V3",0.274344328790903
"V4",0.239518229151145
"V5",0.338902454357594
"V6",0.422082681907341
"V7",0.112330547068268
"V8",3.07120098546147
"V9",2.1346916873008
"V10",2.33821919281036
"V11",3.44254962448031
