"names","vals"
"Intercept",-7.57648090498662
"y",0.865480269072577
"V1",0.578547540353611
"V2",0.856547189177945
"V3",0.0170601508580148
"V4",0.950038555078208
"V5",0.727408365346491
"V6",0.553116071503609
"V7",3.12339689582586
"V8",4.17285222187638
"V9",2.14158862549812
