"names","vals"
"Intercept",-10.0164435319584
"y",0.266896503511816
"V1",0.776408943580464
"V2",0.854195977328345
"V3",0.185702901566401
"V4",0.0203807803336531
"V5",0.111347939819098
"V6",0.615349509753287
"V7",0.36469462653622
"V8",0.924026614520699
"V9",3.84381195157766
"V10",1.1230006525293
"V11",1.56650121044368
"V12",2.75814438518137
"V13",2.4006816809997
