"names","vals"
"Intercept",-7.26198920712201
"y",0.0155482473783195
"V1",0.0485420424956828
"V2",0.370594851672649
"V3",0.90547541109845
"V4",0.863657356007025
"V5",0.947357686934993
"V6",0.999032183783129
"V7",2.78911730833352
"V8",2.96902268007398
"V9",4.84831287618726
