"names","vals"
"Intercept",-7.67359296798287
"y",0.858086091000587
"V1",0.0887908262666315
"V2",0.550536500755697
"V3",0.306237490847707
"V4",0.380548915127292
"V5",0.2880259223748
"V6",0.697465291712433
"V7",0.331817283527926
"V8",0.395220798673108
"V9",3.71540003549308
"V10",2.36658048164099
"V11",1.79456204827875
"V12",2.02673830930144
"V13",3.55303125735372
