"names","vals"
"Intercept",-4.98305490482412
"y",0.0576555165462196
"V1",0.874183832667768
"V2",0.167062825290486
"V3",0.962852934841067
"V4",0.965378755005077
"V5",3.8389930408448
