"names","vals"
"Intercept",-6.7655541832135
"y",0.199913398129866
"V1",0.578515524510294
"V2",0.537871290696785
"V3",0.917870768345892
"V4",0.583459307206795
"V5",0.182171859545633
"V6",0.75857781409286
"V7",1.31891619134694
"V8",3.57162365876138
"V9",3.99570934381336
