"names","vals"
"Intercept",-9.48143430355145
"y",0.563028935575858
"V1",0.31571124587208
"V2",0.122121890541166
"V3",0.63457633019425
"V4",0.987873161677271
"V5",0.751795608783141
"V6",0.114081057952717
"V7",0.771570040844381
"V8",0.620295369531959
"V9",3.65242379251868
"V10",2.02286030445248
"V11",2.10062620788813
"V12",4.87574825808406
"V13",3.18614373169839
