"names","vals"
"Intercept",-3.57452651617722
"y",0.506406895583495
"V1",0.887237381655723
"V2",0.00589691894128919
"V3",0.606033806223422
"V4",0.362160650314763
"V5",0.534427253063768
"V6",3.94843890890479
"V7",2.37246727757156
