"names","vals"
"Intercept",-3.87581878484716
"y",0.524975140113384
"V1",0.267240963876247
"V2",0.566789656179026
"V3",0.0357485723216087
"V4",0.482059757458046
"V5",0.284515629289672
"V6",1.66298870462924
"V7",2.41530097834766
