"names","vals"
"Intercept",-5.08340472407732
"y",0.918590112356469
"V1",0.890887063462287
"V2",0.703484736382961
"V3",0.585336510324851
"V4",0.750675870571285
"V5",0.673008740181103
"V6",1.9587640138343
"V7",4.36874059960246
