"names","vals"
"Intercept",-4.5917627653582
"y",0.927902863826603
"V1",0.634620778728276
"V2",0.713345394469798
"V3",0.773470387328416
"V4",0.946303328964859
"V5",3.60599174816161
