"names","vals"
"Intercept",-3.33590979154594
"y",0.18772928789258
"V1",0.854503331938758
"V2",0.877762546762824
"V3",0.634772900491953
"V4",0.84620171925053
"V5",0.616215233225375
"V6",2.23197447229177
"V7",4.13527669664472
