"names","vals"
"Intercept",-5.78125507662073
"y",0.959670911310241
"V1",0.280680900905281
"V2",0.44594476162456
"V3",0.415689411573112
"V4",0.34452847787179
"V5",4.92192358803004
