"names","vals"
"Intercept",-11.4613431344191
"y",0.730619813548401
"V1",0.558283345308155
"V2",0.0317554417997599
"V3",0.490529199829325
"V4",0.675155446864665
"V5",0.00196045078337193
"V6",0.446899174014106
"V7",0.685684754047543
"V8",0.814042053883895
"V9",1.11345100030303
"V10",4.33212071750313
"V11",4.59229050204158
"V12",3.32003940828145
"V13",1.64922735188156
