"names","vals"
"Intercept",-4.5968493816806
"y",0.0115783216897398
"V1",0.751803029561415
"V2",0.298881333321333
"V3",0.55502223665826
"V4",0.753235446056351
"V5",0.509769123746082
"V6",4.65525091160089
"V7",1.40595204755664
