"names","vals"
"Intercept",-5.90859667988541
"y",0.866691047558561
"V1",0.760838819900528
"V2",0.377172497101128
"V3",0.420092767570168
"V4",0.068069824250415
"V5",0.174891369882971
"V6",0.368847945006564
"V7",0.904937278944999
"V8",0.635321685578674
"V9",4.47579822409898
"V10",3.16177342832088
"V11",1.20438174903393
"V12",2.71378048509359
"V13",2.50687547959387
