"names","vals"
"Intercept",-4.61116107672127
"y",0.352046308107674
"V1",0.487531256629154
"V2",0.22350629302673
"V3",0.82311765383929
"V4",0.781115944497287
"V5",0.0448855163995177
"V6",0.456433933926746
"V7",0.752056423807517
"V8",4.15447794739157
"V9",4.15186165552586
"V10",4.56846022699028
"V11",4.45412657689303
