"names","vals"
"Intercept",-3.64407304554363
"y",0.238345831865445
"V1",0.34297361690551
"V2",0.906994932098314
"V3",0.42430561198853
"V4",0.00322709535248578
"V5",0.165597608778626
"V6",1.98113105352968
"V7",4.95009037479758
