"names","vals"
"Intercept",-3.27067371443962
"y",0.710279282182455
"V1",0.646945696556941
"V2",0.0480044581927359
"V3",0.545736749889329
"V4",0.856026643654332
"V5",0.584596906090155
"V6",1.42998607829213
"V7",1.92796970624477
