"names","vals"
"Intercept",-10.1559875912946
"y",0.106958801159635
"V1",0.127201130613685
"V2",0.501721234759316
"V3",0.1229716995731
"V4",0.325318598654121
"V5",0.113263578852639
"V6",0.205002378672361
"V7",0.51436174265109
"V8",0.926446601515636
"V9",2.73828776460141
"V10",1.92722542863339
"V11",1.79491131659597
"V12",2.31860127486289
"V13",4.75656136032194
