"names","vals"
"Intercept",-5.68837827401701
"y",0.689055309863761
"V1",0.29311725217849
"V2",0.215521252714097
"V3",0.781939092790708
"V4",0.304818709613755
"V5",0.846163141075522
"V6",2.8447287781164
"V7",3.39753171056509
