"names","vals"
"Intercept",-6.75592763871606
"y",0.256044209003448
"V1",0.280983557226136
"V2",0.225935769733042
"V3",0.450445963069797
"V4",0.446289271581918
"V5",0.327305880608037
"V6",0.13678699824959
"V7",0.336158316582441
"V8",1.41483968216926
"V9",4.37218679208308
"V10",4.47406095266342
"V11",1.15978683717549
