"names","vals"
"Intercept",-7.79576971069327
"y",0.674300001934171
"V1",0.111779898405075
"V2",0.7501601499971
"V3",0.831749511184171
"V4",0.89187681232579
"V5",0.429087507305667
"V6",0.4048194559291
"V7",0.196452848147601
"V8",3.22948747873306
"V9",3.38031260482967
"V10",2.23199588339776
"V11",4.78760066907853
