"names","vals"
"Intercept",-1.54165236735134
"y",0.503636696143076
"V1",0.686930674128234
"V2",0.846801083534956
"V3",0.908542145742103
"V4",0.934372418560088
"V5",1.51793489139527
