"names","vals"
"Intercept",-3.58816952123516
"y",0.939881558064371
"V1",0.520928206620738
"V2",0.572895826306194
"V3",0.830532442312688
"V4",0.696777463657781
"V5",4.6490989010781
