"names","vals"
"Intercept",-12.0012589423326
"y",0.360384886153042
"V1",0.502663175342605
"V2",0.227483660914004
"V3",0.672343899263069
"V4",0.177023151190951
"V5",0.797027863794938
"V6",0.0178103116340935
"V7",0.712901511462405
"V8",0.981587185757235
"V9",3.70674345083535
"V10",1.83791359234601
"V11",1.99341908097267
"V12",4.77896447572857
"V13",1.00022487994283
