"names","vals"
"Intercept",-7.33633499185881
"y",0.959550508996472
"V1",0.678207689430565
"V2",0.927906237076968
"V3",0.629722705110908
"V4",0.436536655761302
"V5",0.703894709935412
"V6",0.364487126702443
"V7",0.871999451890588
"V8",1.70329918619245
"V9",3.0540094235912
"V10",4.95624915137887
"V11",3.83583394344896
