"names","vals"
"Intercept",-2.93257388055883
"y",0.846721151610836
"V1",0.231604857835919
"V2",0.0803053644485772
"V3",0.867738538654521
"V4",0.671301041264087
"V5",0.00886451615951955
"V6",0.0194860990159214
"V7",1.54949683509767
"V8",3.95955707598478
"V9",2.28299576416612
