"names","vals"
"Intercept",-7.20426598179177
"y",0.520016339141876
"V1",0.431667622178793
"V2",0.0776889186818153
"V3",0.657154663931578
"V4",0.337193469749764
"V5",0.34259802964516
"V6",0.435578184900805
"V7",0.967549891443923
"V8",4.66840565018356
"V9",2.63512442447245
"V10",2.78649029042572
"V11",1.6327573703602
