"names","vals"
"Intercept",-9.39992057121987
"y",0.391859119990841
"V1",0.462828549323604
"V2",0.513473203405738
"V3",0.208536141784862
"V4",0.781904495088384
"V5",0.0317266578786075
"V6",0.911723320838064
"V7",0.733224262483418
"V8",0.626302689313889
"V9",4.70756782963872
"V10",2.92999372072518
"V11",1.12808596715331
"V12",1.38743187859654
"V13",2.6524760639295
