"names","vals"
"Intercept",-6.44732522432855
"y",0.768316995119676
"V1",0.0625076312571764
"V2",0.681663043564186
"V3",0.464559464016929
"V4",0.757032073335722
"V5",0.588605963392183
"V6",0.349240729818121
"V7",0.0845003593713045
"V8",0.398993939161301
"V9",2.95989029482007
"V10",2.64694545045495
"V11",1.22863190155476
"V12",1.87220839690417
"V13",1.0275919502601
