"names","vals"
"Intercept",-5.25804243225185
"y",0.445520401233807
"V1",0.511323222424835
"V2",0.711028167046607
"V3",0.953203149372712
"V4",0.0754434755071998
"V5",0.228382966015488
"V6",0.766338585410267
"V7",3.7852560384199
"V8",1.81385284569114
"V9",1.83671392779797
