"names","vals"
"Intercept",-8.05207253784966
"y",0.61828551068902
"V1",0.915287889074534
"V2",0.394495425280184
"V3",0.484420414082706
"V4",0.409688704647124
"V5",0.975330227520317
"V6",0.284382134443149
"V7",0.961208105552942
"V8",2.27715609967709
"V9",1.77695983555168
"V10",2.73527433536947
"V11",4.82709284499288
