"names","vals"
"Intercept",-3.92521301599126
"y",0.985713550820947
"V1",0.940369065618142
"V2",0.269397190306336
"V3",0.373788728378713
"V4",0.30864030518569
"V5",0.986808097921312
"V6",2.39284067507833
"V7",3.47881116718054
