"names","vals"
"Intercept",-9.25769566257577
"y",0.735491980565712
"V1",0.815110461320728
"V2",0.515649357344955
"V3",0.863278571283445
"V4",0.0982435035984963
"V5",0.39965300518088
"V6",0.0115170229692012
"V7",0.914669905556366
"V8",0.321360036265105
"V9",4.346200610511
"V10",2.47056370507926
"V11",4.00210625026375
"V12",4.14840957894921
"V13",2.38755617942661
