"names","vals"
"Intercept",-8.17296314149373
"y",0.468901485903189
"V1",0.840126743074507
"V2",0.0562676968984306
"V3",0.0263632978312671
"V4",0.299559422535822
"V5",0.0919903258327395
"V6",0.95430157193914
"V7",0.277627370785922
"V8",0.255073926411569
"V9",4.21964787878096
"V10",2.25420147087425
"V11",3.96096088550985
"V12",3.30007414426655
"V13",1.45494272280484
