"names","vals"
"Intercept",-7.2114437674263
"y",0.776551402639598
"V1",0.720999063923955
"V2",0.488245233893394
"V3",0.740953437518328
"V4",0.767388179665431
"V5",0.168245612177998
"V6",0.943571281852201
"V7",0.0715883551165462
"V8",4.09048643987626
"V9",1.37767370417714
"V10",1.76570096798241
"V11",3.43498513195664
