"names","vals"
"Intercept",-5.60378425674979
"y",0.314718684880063
"V1",0.355676122475415
"V2",0.373411485226825
"V3",0.997676209779456
"V4",0.260977611178532
"V5",0.73301905230619
"V6",4.7244303394109
"V7",1.61238503269851
