"names","vals"
"Intercept",-5.89586728362879
"y",0.601139938924462
"V1",0.340990185271949
"V2",0.772676935652271
"V3",0.442928107455373
"V4",0.916782768443227
"V5",0.373783214716241
"V6",0.704012690577656
"V7",0.245292872888967
"V8",1.70211991015822
"V9",2.48786830343306
"V10",1.74592515453696
"V11",1.13452829048038
