"names","vals"
"Intercept",-3.74535130574019
"y",0.180385241983458
"V1",0.218286919640377
"V2",0.118490427965298
"V3",0.871687198523432
"V4",0.842623496195301
"V5",0.842314452631399
"V6",2.84761973470449
"V7",2.40468961745501
