"names","vals"
"Intercept",-2.5046202265576
"y",0.688858464593068
"V1",0.561918675899506
"V2",0.500636496813968
"V3",0.791841109050438
"V4",0.481116289505735
"V5",4.80565181653947
