"names","vals"
"Intercept",-2.54978779183142
"y",0.0443159127607942
"V1",0.768637978006154
"V2",0.0993139054626226
"V3",0.695404172874987
"V4",0.993520095013082
"V5",4.31004451867193
