"names","vals"
"Intercept",-4.86604758746177
"y",0.0287307179532945
"V1",0.70806398219429
"V2",0.194351922953501
"V3",0.572750342544168
"V4",0.343083128333092
"V5",0.855227003572509
"V6",2.08806723728776
"V7",3.37339594122022
