"names","vals"
"Intercept",-4.22567129664309
"y",0.174891956150532
"V1",0.40316506754607
"V2",0.581726116128266
"V3",0.52637543855235
"V4",0.106420564465225
"V5",0.0112585136666894
"V6",0.144824095303193
"V7",2.41529076267034
"V8",4.37054279539734
"V9",2.4273476768285
