"names","vals"
"Intercept",-11.0315135121895
"y",0.271886800881475
"V1",0.765456810360774
"V2",0.752703069942072
"V3",0.900266690179706
"V4",0.63982933294028
"V5",0.607837534509599
"V6",0.73053690046072
"V7",0.82617418305017
"V8",0.446619262453169
"V9",2.37139541748911
"V10",2.23626227583736
"V11",3.04033450316638
"V12",3.30392627976835
"V13",2.5080399159342
