"names","vals"
"Intercept",-2.79297447668621
"y",0.0697135464288294
"V1",0.450578568968922
"V2",0.571208384586498
"V3",0.0534313693642616
"V4",0.578655416611582
"V5",4.60629508830607
