"names","vals"
"Intercept",-7.18051921734586
"y",0.853011729195714
"V1",0.394017326412722
"V2",0.0836195750162005
"V3",0.64771936275065
"V4",0.988102867966518
"V5",0.0952954657841474
"V6",0.0847055481281132
"V7",0.774132060352713
"V8",4.74311514943838
"V9",4.04397066961974
"V10",3.01162047870457
"V11",2.02032993175089
