"names","vals"
"Intercept",-2.79987628473202
"y",0.19214932131581
"V1",0.270539562450722
"V2",0.0130078687798232
"V3",0.447269295807928
"V4",0.802858341485262
"V5",0.325151312863454
"V6",2.47356836404651
"V7",4.70380733348429
