"names","vals"
"Intercept",-4.96987633454567
"y",0.952426495030522
"V1",0.846502189291641
"V2",0.0171903914306313
"V3",0.397370851365849
"V4",0.272805686108768
"V5",4.70359007455409
