"names","vals"
"Intercept",-6.29685300096544
"y",0.405169144272804
"V1",0.786010817158967
"V2",0.577883813763037
"V3",0.629520053276792
"V4",0.718787724385038
"V5",0.216411153785884
"V6",0.0534445645753294
"V7",0.0212805059272796
"V8",1.54202354792506
"V9",3.2545203473419
"V10",2.14860547706485
"V11",1.4732111543417
