"names","vals"
"Intercept",-4.16216270191548
"y",0.17222484620288
"V1",0.533400505315512
"V2",0.76777735655196
"V3",0.899829522706568
"V4",0.897444600239396
"V5",0.220588836353272
"V6",4.84478440601379
"V7",1.34126429073513
