"names","vals"
"Intercept",-9.76187938310625
"y",0.549565210007131
"V1",0.120843275915831
"V2",0.661558477440849
"V3",0.184934245655313
"V4",0.265065730083734
"V5",0.337248140247539
"V6",0.199859941145405
"V7",0.116388706723228
"V8",0.793418841203675
"V9",4.91862113028765
"V10",3.67787725385278
"V11",2.70920263137668
"V12",1.43143668677658
"V13",1.34840072691441
