"names","vals"
"Intercept",-11.3305330146826
"y",0.88226771960035
"V1",0.010363140841946
"V2",0.733695868868381
"V3",0.14044306636788
"V4",0.983250456862152
"V5",0.399379150941968
"V6",0.424875921802595
"V7",0.592633448541164
"V8",0.981468511745334
"V9",2.32680349331349
"V10",3.9444465059787
"V11",3.54533273447305
"V12",4.20715646538883
"V13",4.92851439490914
