"names","vals"
"Intercept",-1.4676653132611
"y",0.641044882126153
"V1",0.234774712705985
"V2",0.359096531756222
"V3",0.102413982851431
"V4",0.923318267567083
"V5",3.80545285250992
