"names","vals"
"Intercept",-5.02713081674185
"y",0.767106618266553
"V1",0.322916795266792
"V2",0.0662987974938005
"V3",0.613274065079167
"V4",0.852454582229257
"V5",0.0476094589103013
"V6",2.22251289244741
"V7",4.09056365303695
