"names","vals"
"Intercept",-10.7209593484108
"y",0.522659957874566
"V1",0.144740820862353
"V2",0.163933900650591
"V3",0.514561552554369
"V4",0.269117078976706
"V5",0.950858066324145
"V6",0.333131616003811
"V7",0.345404982334003
"V8",0.223289630841464
"V9",4.32906570471823
"V10",4.55570584442466
"V11",4.42139485105872
"V12",2.27557637821883
"V13",1.04200566373765
