"names","vals"
"Intercept",-8.19471668706764
"y",0.764429185539484
"V1",0.362285641720518
"V2",0.911156189627945
"V3",0.186780259944499
"V4",0.980659228982404
"V5",0.652878823457286
"V6",0.813902264228091
"V7",0.113703916082159
"V8",0.16377858677879
"V9",2.9026431646198
"V10",4.60834510717541
"V11",1.86982386093587
"V12",3.36586739029735
"V13",3.20891257934272
