"names","vals"
"Intercept",-3.46857973631052
"y",0.906717150239274
"V1",0.160575720015913
"V2",0.757417781744152
"V3",0.493047451600432
"V4",0.621939740376547
"V5",3.79348092898726
