"names","vals"
"Intercept",-2.91603219030798
"y",0.331298826029524
"V1",0.368539863498881
"V2",0.704848762135953
"V3",0.130333360051736
"V4",0.850055497838184
"V5",0.383418252458796
"V6",0.853827234823257
"V7",0.539119631052017
"V8",1.44442665483803
"V9",4.25353146716952
"V10",2.83540691249073
"V11",4.06750447675586
