"names","vals"
"Intercept",-4.79834622208611
"y",0.837681361939758
"V1",0.708206102252007
"V2",0.574502524686977
"V3",0.407609776128083
"V4",0.895158710656688
"V5",0.00685315416194499
"V6",2.11012441106141
"V7",4.91106609255075
