"names","vals"
"Intercept",-3.44127981530083
"y",0.592089774087071
"V1",0.955988360801712
"V2",0.176641990663484
"V3",0.212670632172376
"V4",0.0692504874896258
"V5",0.135494384448975
"V6",0.134167726151645
"V7",4.94204957596958
"V8",4.58211488835514
"V9",1.88466400373727
