"names","vals"
"Intercept",-5.62536403945694
"y",0.907710171071813
"V1",0.491904403315857
"V2",0.66383681143634
"V3",0.0639908069279045
"V4",0.484600351192057
"V5",0.417010766686872
"V6",3.2706339834258
"V7",1.79320243839175
