"names","vals"
"Intercept",-5.9891863250942
"y",0.105937295826152
"V1",0.465784570202231
"V2",0.0544047388248146
"V3",0.402171263471246
"V4",0.634184311609715
"V5",0.767238407628611
"V6",0.149752194527537
"V7",0.478651240933686
"V8",0.976307554170489
"V9",1.0854427581653
"V10",2.10214642714709
"V11",1.66270264983177
"V12",4.44442892726511
"V13",2.21296547260135
