"names","vals"
"Intercept",-7.45227331355726
"y",0.747661877889186
"V1",0.939571978757158
"V2",0.733741791453212
"V3",0.211165089858696
"V4",0.609648784855381
"V5",0.132767952047288
"V6",0.0712079459335655
"V7",4.33201412018389
"V8",4.72285911720246
"V9",1.30753887351602
