"names","vals"
"Intercept",-4.52389436472207
"y",0.588116032304242
"V1",0.997481853468344
"V2",0.348218210507184
"V3",0.648851254023612
"V4",0.0609203779604286
"V5",0.287373665021732
"V6",3.07489040400833
"V7",4.66793311107904
