"names","vals"
"Intercept",-8.94251317393361
"y",0.291395755019039
"V1",0.574131077853963
"V2",0.692100690910593
"V3",0.555222033988684
"V4",0.25758071965538
"V5",0.992876643314958
"V6",0.867705209413543
"V7",0.783103416673839
"V8",2.94641247298568
"V9",1.4854495069012
"V10",3.76294348295778
"V11",1.73951716721058
