"names","vals"
"Intercept",-5.53826964765461
"y",0.835177281405777
"V1",0.455314603401348
"V2",0.466580983949825
"V3",0.500617726007476
"V4",0.241652693832293
"V5",0.0932544197421521
"V6",0.954096941975877
"V7",0.190347568830475
"V8",1.63799861539155
"V9",2.61452455073595
"V10",4.99369886610657
"V11",3.1786248171702
