"names","vals"
"Intercept",-2.68687721947907
"y",0.120222458615899
"V1",0.967662106500939
"V2",0.960431828396395
"V3",0.998713955050334
"V4",0.258372767595574
"V5",0.898933864198625
"V6",1.82766837347299
"V7",3.23835429176688
