"names","vals"
"Intercept",-5.07304763958184
"y",0.674602203536779
"V1",0.149880846496671
"V2",0.175088993739337
"V3",0.724220127332956
"V4",0.59804525389336
"V5",4.34303516708314
