"names","vals"
"Intercept",-6.24202628382109
"y",0.636129789520055
"V1",0.295685287797824
"V2",0.52045031869784
"V3",0.54041566606611
"V4",0.282499472610652
"V5",0.945048096822575
"V6",0.657237596577033
"V7",0.224889351753518
"V8",2.33843062166125
"V9",3.69560947548598
"V10",3.57326550874859
"V11",2.84168162662536
