"names","vals"
"Intercept",-11.286744120535
"y",0.613730238284916
"V1",0.120680477935821
"V2",0.791807668050751
"V3",0.0461298529990017
"V4",0.519521980080754
"V5",0.117382430704311
"V6",0.117391556268558
"V7",0.116865697782487
"V8",0.20712683047168
"V9",3.47302399668843
"V10",1.40417082887143
"V11",4.37735345866531
"V12",2.8505887100473
"V13",4.60113123059273
