"names","vals"
"Intercept",-4.37766846338077
"y",0.695602308027446
"V1",0.0637884887401015
"V2",0.365795964375138
"V3",0.416567288106307
"V4",0.488877462223172
"V5",3.07452723011374
