"names","vals"
"Intercept",-5.69951750370744
"y",0.531770971603692
"V1",0.965474237920716
"V2",0.290017225313932
"V3",0.267698198324069
"V4",0.0195886162109673
"V5",0.141893393360078
"V6",0.219017551513389
"V7",2.90904346015304
"V8",3.67012772336602
"V9",4.1139749167487
