"names","vals"
"Intercept",-5.88905302213598
"y",0.196463447296992
"V1",0.066606558393687
"V2",0.347730953712016
"V3",0.890112852212042
"V4",0.588216797448695
"V5",0.828887762734666
"V6",2.49882172327489
"V7",2.46490402426571
