"names","vals"
"Intercept",-4.11137601445708
"y",0.66433092369698
"V1",0.781600261572748
"V2",0.249008002690971
"V3",0.0836306589189917
"V4",0.47393922531046
"V5",0.576053087366745
"V6",1.20346732065082
"V7",3.17992973234504
