"names","vals"
"Intercept",-4.45961086608702
"y",0.549412653082982
"V1",0.0275757773779333
"V2",0.364151980727911
"V3",0.0876713651232421
"V4",0.558190907351673
"V5",4.43791174702346
