"names","vals"
"Intercept",-12.608252910817
"y",0.620734913274646
"V1",0.907746175304055
"V2",0.636040937388316
"V3",0.962146281730384
"V4",0.189379636663944
"V5",0.9702075694222
"V6",0.743630908662453
"V7",0.390213595470414
"V8",0.317765596788377
"V9",4.72054538875818
"V10",4.86185632832348
"V11",4.47770377900451
"V12",4.5174627956003
"V13",1.77491074893624
