"names","vals"
"Intercept",-7.49637648444902
"y",0.939833635697141
"V1",0.529695200966671
"V2",0.522391866892576
"V3",0.979769213590771
"V4",0.316360551165417
"V5",0.374946191906929
"V6",0.790169913787395
"V7",3.62634325865656
"V8",1.64795121736825
"V9",2.37393433693796
