"names","vals"
"Intercept",-9.35309099677345
"y",0.81814062059857
"V1",0.891366200288758
"V2",0.948272408684716
"V3",0.421525599667802
"V4",0.590936114313081
"V5",0.915507346391678
"V6",0.651006784522906
"V7",0.0413136288989335
"V8",0.116903237998486
"V9",4.62811476923525
"V10",3.52557435352355
"V11",2.32223248947412
"V12",1.07364551909268
"V13",1.39680269733071
