"names","vals"
"Intercept",-10.6999982751952
"y",0.762715997407213
"V1",0.153409849153832
"V2",0.583918370073661
"V3",0.260476100258529
"V4",0.141644960269332
"V5",0.760823337128386
"V6",0.217346574179828
"V7",0.953475758200511
"V8",0.0725999558344483
"V9",3.60638278909028
"V10",4.45843473821878
"V11",4.09482072200626
"V12",1.06325625535101
"V13",4.95171093102545
