"names","vals"
"Intercept",-5.40096524233301
"y",0.392682874342427
"V1",0.459762800950557
"V2",0.239868205739185
"V3",0.709002463612705
"V4",0.388797181658447
"V5",0.0276069389656186
"V6",2.65184269752353
"V7",2.91371770109981
