"names","vals"
"Intercept",-2.88502702417644
"y",0.0926135769113898
"V1",0.940223644254729
"V2",0.820145901059732
"V3",0.69876507576555
"V4",0.0243735264521092
"V5",4.57841788325459
