"names","vals"
"Intercept",-3.36459528884175
"y",0.827715450199321
"V1",0.127211642917246
"V2",0.171199443517253
"V3",0.291861401405185
"V4",0.204332013614476
"V5",2.69852704461664
