"names","vals"
"Intercept",-14.3473671542092
"y",0.219339956296608
"V1",0.841986091341823
"V2",0.923755563562736
"V3",0.490435924148187
"V4",0.0378369437530637
"V5",0.881040118634701
"V6",0.511545564979315
"V7",0.884626733139157
"V8",4.72507545072585
"V9",2.47272367309779
"V10",4.03680865652859
"V11",4.30938650481403
