"names","vals"
"Intercept",-8.02675046273787
"y",0.993439838290215
"V1",0.786472299369052
"V2",0.0841437412891537
"V3",0.942077223677188
"V4",0.437857789453119
"V5",0.119722831528634
"V6",3.76644592825323
"V7",4.87183204572648
