"names","vals"
"Intercept",-4.33960204629181
"y",0.0971697333734483
"V1",0.991565057076514
"V2",0.672472639940679
"V3",0.0736167619470507
"V4",0.480689603835344
"V5",0.32848489494063
"V6",0.318778521148488
"V7",1.76550007984042
"V8",4.90823056362569
"V9",3.44492733106017
