"names","vals"
"Intercept",-3.86820007921709
"y",0.554591340012848
"V1",0.268435179721564
"V2",0.392953865462914
"V3",0.490162517176941
"V4",0.503704565111548
"V5",0.946729818126187
"V6",3.11717146076262
"V7",4.21308584325016
