"names","vals"
"Intercept",-12.0611759558585
"y",0.702075122389942
"V1",0.842830701032653
"V2",0.53872014884837
"V3",0.662880408577621
"V4",0.184165317565203
"V5",0.581906378269196
"V6",0.892234489088878
"V7",0.352178988512605
"V8",3.90201949235052
"V9",3.7670191815123
"V10",3.51218495611101
"V11",4.97701210621744
