"names","vals"
"Intercept",-7.28635572966421
"y",0.39524835627526
"V1",0.00548710813745856
"V2",0.676756378961727
"V3",0.341751718660817
"V4",0.700273156398907
"V5",0.0480899519752711
"V6",0.209838147042319
"V7",0.0292052787262946
"V8",4.22264842316508
"V9",4.90319784265012
"V10",2.61747122276574
"V11",1.41581810731441
