"names","vals"
"Intercept",-4.61985361939971
"y",0.830151121597737
"V1",0.578862427501008
"V2",0.00954654579982162
"V3",0.35889955656603
"V4",0.920434713596478
"V5",0.0886193059850484
"V6",3.9485949864611
"V7",1.85409208294004
