"names","vals"
"Intercept",-2.09534193275007
"y",0.083240969106555
"V1",0.366456064628437
"V2",0.695336528122425
"V3",0.0338774214033037
"V4",0.93269442464225
"V5",0.0881713097915053
"V6",2.07923857774585
"V7",1.6517336294055
