"names","vals"
"Intercept",-3.87805615600944
"y",0.274455323349684
"V1",0.872177720302716
"V2",0.36834041099064
"V3",0.420467070536688
"V4",0.901408364064991
"V5",0.242833928205073
"V6",1.38187818787992
"V7",3.16696794889867
