"names","vals"
"Intercept",-3.24048408747464
"y",0.539375119609758
"V1",0.198393374215811
"V2",0.92804531333968
"V3",0.399819879326969
"V4",0.631507165031508
"V5",0.487541175214574
"V6",1.43381980899721
"V7",4.10310157574713
