"names","vals"
"Intercept",-5.42358498119842
"y",0.870952073251829
"V1",0.89781435742043
"V2",0.282399321440607
"V3",0.593014249578118
"V4",0.827106436248869
"V5",0.414891343563795
"V6",0.858651457354426
"V7",0.31206979858689
"V8",3.08621872775257
"V9",1.49869738798589
"V10",2.91600926592946
"V11",4.30496918968856
