"names","vals"
"Intercept",-12.8832184153926
"y",0.667308804113418
"V1",0.718027884839103
"V2",0.286406446015462
"V3",0.820991002488881
"V4",0.846956095891073
"V5",0.611572830239311
"V6",0.874485712731257
"V7",0.170630196575075
"V8",0.722321639070287
"V9",4.48599292244762
"V10",4.7413605004549
"V11",2.75620359648019
"V12",3.00945357047021
"V13",1.90461766440421
