"names","vals"
"Intercept",-4.63573755402444
"y",0.231294666184112
"V1",0.316690890584141
"V2",0.423978199483827
"V3",0.486142013221979
"V4",0.78755433880724
"V5",0.552256172057241
"V6",0.554364087525755
"V7",2.68196991458535
"V8",4.45916586741805
"V9",3.36788587085903
