"names","vals"
"Intercept",-5.20237904077629
"y",0.892028901260346
"V1",0.835816263221204
"V2",0.355411673663184
"V3",0.55731311137788
"V4",0.0069019237998873
"V5",0.0410059790592641
"V6",0.883508194005117
"V7",2.92853453755379
"V8",3.8940864354372
"V9",4.25898688193411
