"names","vals"
"Intercept",-5.58663915274898
"y",0.460788166383281
"V1",0.707733398070559
"V2",0.378697534324601
"V3",0.822455555200577
"V4",0.0105343300383538
"V5",0.889861999312416
"V6",0.284792233724147
"V7",2.70075389556587
"V8",3.82412321120501
"V9",2.60671495925635
