"names","vals"
"Intercept",-7.90740646693064
"y",0.654905750183389
"V1",0.483754181070253
"V2",0.749478690559044
"V3",0.234974145889282
"V4",0.217125540133566
"V5",0.907662741839886
"V6",0.5772386896424
"V7",0.790310606826097
"V8",4.81672367267311
"V9",1.31771135702729
"V10",1.79548936430365
"V11",1.45342458132654
