"names","vals"
"Intercept",-6.7142047644197
"y",0.738244159379974
"V1",0.433111008256674
"V2",0.323240142315626
"V3",0.0729711027815938
"V4",0.700464919675142
"V5",0.712187855038792
"V6",0.292326795635745
"V7",0.713984954636544
"V8",2.85006994847208
"V9",1.95350236538798
"V10",2.93873507902026
"V11",2.35771616827697
