"names","vals"
"Intercept",-3.06498285512766
"y",0.671955396421254
"V1",0.17842152970843
"V2",0.210808775387704
"V3",0.793669797247276
"V4",0.971365865087137
"V5",0.313566703116521
"V6",0.887281646253541
"V7",2.77273347973824
"V8",2.26153716817498
"V9",1.07331927120686
