"names","vals"
"Intercept",-9.91424947632756
"y",0.58427822124213
"V1",0.965132199926302
"V2",0.424046808155254
"V3",0.329056395683438
"V4",0.567087529692799
"V5",0.392076622694731
"V6",0.485942334635183
"V7",0.45205907849595
"V8",0.229396536480635
"V9",1.08174356725067
"V10",2.88553848769516
"V11",2.81076754257083
"V12",4.04989332892001
"V13",1.73645530547947
