"names","vals"
"Intercept",-5.96086675000517
"y",0.622750653186813
"V1",0.953593175392598
"V2",0.637744952691719
"V3",0.208082939963788
"V4",0.465559319127351
"V5",0.321341637056321
"V6",3.70940865390003
"V7",1.86024304479361
