"names","vals"
"Intercept",-1.32156437910721
"y",0.795557749923319
"V1",0.0624649119563401
"V2",0.477808058494702
"V3",0.226005701348186
"V4",0.224421759136021
"V5",4.2922626119107
