"names","vals"
"Intercept",-9.58824707972351
"y",0.513712027808651
"V1",0.391936505679041
"V2",0.828500744653866
"V3",0.528521558269858
"V4",0.285181679064408
"V5",0.0604147899430245
"V6",0.346907460130751
"V7",0.538689145585522
"V8",0.296119755832478
"V9",4.40053150895983
"V10",3.9919623080641
"V11",1.04880747478455
"V12",4.74555680900812
"V13",4.37412859685719
