"names","vals"
"Intercept",-7.05739284909028
"y",0.0506087918765843
"V1",0.156287899706513
"V2",0.467165215406567
"V3",0.643732024822384
"V4",0.00507688405923545
"V5",0.595358537044376
"V6",0.804539693286642
"V7",0.584503145655617
"V8",1.9297720072791
"V9",4.89577455166727
"V10",4.08211042638868
"V11",4.44171528611332
