"names","vals"
"Intercept",-5.63513737197407
"y",0.0463771778158844
"V1",0.602919014403597
"V2",0.190438080113381
"V3",0.767309580696747
"V4",0.55353535246104
"V5",0.773315105121583
"V6",0.0599802099168301
"V7",2.18580754473805
"V8",4.3001845702529
"V9",3.53074071276933
