"names","vals"
"Intercept",-1.05635401023738
"y",0.198948273202404
"V1",0.0499190262053162
"V2",0.749869013670832
"V3",0.232008482096717
"V4",0.190220975782722
"V5",2.67499932460487
