"names","vals"
"Intercept",-8.74674799431627
"y",0.261482608038932
"V1",0.152476103743538
"V2",0.754588070558384
"V3",0.628658312605694
"V4",0.909722630633041
"V5",0.430257636820897
"V6",0.626340401824564
"V7",0.542043924331665
"V8",0.0823318206239492
"V9",4.61915918625891
"V10",2.13874676916748
"V11",1.26858445908874
"V12",4.91107001621276
"V13",2.94709531962872
