"names","vals"
"Intercept",-8.0266134973513
"y",0.0604798416607082
"V1",0.937441680347547
"V2",0.334285203833133
"V3",0.363591175759211
"V4",0.469440625747666
"V5",0.77464881609194
"V6",0.840642919065431
"V7",0.418126206612214
"V8",2.80661114025861
"V9",4.75094815716147
"V10",3.62505144812167
"V11",4.1037435149774
