"names","vals"
"Intercept",-5.97654632799863
"y",0.601243590237573
"V1",0.514063111972064
"V2",0.436203218065202
"V3",0.453856935724616
"V4",0.813007072778419
"V5",0.294310381170362
"V6",0.883807122940198
"V7",0.806681479793042
"V8",4.51441061869264
"V9",1.74214802589267
"V10",2.16178726777434
"V11",1.67162561789155
