"names","vals"
"Intercept",-2.80533935146173
"y",0.252301615197212
"V1",0.966923512984067
"V2",0.442336533218622
"V3",0.757977554341778
"V4",0.905253953067586
"V5",1.4626983795315
