"names","vals"
"Intercept",-7.3650938628593
"y",0.471099940128624
"V1",0.399400275666267
"V2",0.016149238916114
"V3",0.53766253287904
"V4",0.0145672799553722
"V5",0.908150081755593
"V6",0.417363012675196
"V7",0.880036935675889
"V8",0.571331749437377
"V9",4.63050825148821
"V10",4.46999013703316
"V11",1.95981116592884
"V12",1.96937259100378
"V13",3.95122200250626
