"names","vals"
"Intercept",-4.46691125091445
"y",0.531028668163344
"V1",0.624720715684816
"V2",0.638877971796319
"V3",0.0476953194011003
"V4",0.0242041714955121
"V5",0.904071969911456
"V6",4.09433550946414
"V7",4.61813539732248
