"names","vals"
"Intercept",-8.25447462616675
"y",0.64660422084853
"V1",0.414696153020486
"V2",0.183577534276992
"V3",0.708272033836693
"V4",0.795900046126917
"V5",0.137528487248346
"V6",0.592739622341469
"V7",4.19289766065776
"V8",3.99220124725252
"V9",4.61235086247325
