"names","vals"
"Intercept",-2.97099137820886
"y",0.12046216102317
"V1",0.966346570523456
"V2",0.249731827527285
"V3",0.885098325787112
"V4",0.647919586393982
"V5",2.08487339410931
