"names","vals"
"Intercept",-6.52505308676208
"y",0.0239383932203054
"V1",0.841220886446536
"V2",0.188912715064362
"V3",0.630080434726551
"V4",0.851717545185238
"V5",0.748421694850549
"V6",4.86713331006467
"V7",3.95852864533663
