"names","vals"
"Intercept",-8.04042981639085
"y",0.0075910072773695
"V1",0.756248082732782
"V2",0.463225898332894
"V3",0.203204489545897
"V4",0.596698505571112
"V5",0.983779543777928
"V6",0.783075147308409
"V7",0.511264051543549
"V8",2.2625866830349
"V9",3.67775310203433
"V10",1.47496937960386
"V11",2.64979888871312
