"names","vals"
"Intercept",-3.26262745065847
"y",0.478006727062166
"V1",0.723372524837032
"V2",0.621053348993883
"V3",0.91888328245841
"V4",0.803894237382337
"V5",2.20465177483857
