"names","vals"
"Intercept",-7.10578272578679
"y",0.288650973467156
"V1",0.821945266798139
"V2",0.495225893100724
"V3",0.789518270175904
"V4",0.165749000851065
"V5",0.223556435899809
"V6",0.743102960754186
"V7",2.27213107701391
"V8",4.07085011340678
"V9",2.69490533880889
