"names","vals"
"Intercept",-5.04871161176613
"y",0.24384155543521
"V1",0.775062650442123
"V2",0.304342135321349
"V3",0.689389479113743
"V4",0.356559826759622
"V5",0.497144895140082
"V6",0.667970430571586
"V7",1.46975209191442
"V8",2.99573272746056
"V9",1.07418165542185
