"names","vals"
"Intercept",-9.46943995199026
"y",0.507956260349602
"V1",0.175877575296909
"V2",0.718187767546624
"V3",0.362023527501151
"V4",0.904585876734927
"V5",0.853368821088225
"V6",0.0271251518279314
"V7",0.223606561776251
"V8",0.521153958514333
"V9",3.10496134404093
"V10",1.79055269341916
"V11",3.73397871106863
"V12",1.13592411018908
"V13",2.32698936667293
