"names","vals"
"Intercept",-8.95474341720436
"y",0.157556382706389
"V1",0.964165514800698
"V2",0.985896582948044
"V3",0.492208828451112
"V4",0.250299790408462
"V5",0.627242369111627
"V6",0.842615413013846
"V7",0.306054058251902
"V8",3.41530982963741
"V9",2.59233374893665
"V10",4.24086150433868
"V11",2.06483086105436
