"names","vals"
"Intercept",-12.7287111847245
"y",0.948304024757817
"V1",0.393182122381404
"V2",0.940112909767777
"V3",0.33522811322473
"V4",0.049629797693342
"V5",0.889158598845825
"V6",0.64567662240006
"V7",0.844742475776002
"V8",0.93349551432766
"V9",1.15063792187721
"V10",4.23076598811895
"V11",4.09823790378869
"V12",1.43823363725096
"V13",4.90152351558208
