"names","vals"
"Intercept",-6.18480543353036
"y",0.645601509604603
"V1",0.927670702338219
"V2",0.065407786052674
"V3",0.2230334575288
"V4",0.510358848143369
"V5",0.0848283916711807
"V6",0.807422605808824
"V7",3.17921878956258
"V8",1.19365945458412
"V9",2.45963915623724
