"names","vals"
"Intercept",-8.25644178315299
"y",0.0538582850713283
"V1",0.205097199883312
"V2",0.0922483634203672
"V3",0.395513173891231
"V4",0.526081736199558
"V5",0.900114783784375
"V6",0.456950952997431
"V7",0.943770032376051
"V8",3.81954375188798
"V9",1.62212501373142
"V10",3.67331834509969
"V11",1.8629785142839
