"names","vals"
"Intercept",-11.4527768826173
"y",0.573608818696812
"V1",0.0505845046136528
"V2",0.924460432026535
"V3",0.557136059040204
"V4",0.807231798069552
"V5",0.976487793261185
"V6",0.606173043837771
"V7",0.89792403508909
"V8",1.34105134103447
"V9",3.17223155405372
"V10",4.07568917237222
"V11",4.90569245256484
