"names","vals"
"Intercept",-5.59672403224069
"y",0.432989959372208
"V1",0.149493176024407
"V2",0.49838857864961
"V3",0.554720401298255
"V4",0.578223931137472
"V5",0.560531208058819
"V6",0.66296448209323
"V7",0.493091130163521
"V8",2.87719396967441
"V9",3.35978632420301
"V10",1.96074194274843
"V11",1.88887289259583
