"names","vals"
"Intercept",-13.0343433407387
"y",0.471369131933898
"V1",0.798142398241907
"V2",0.2440245593898
"V3",0.288959479890764
"V4",0.296150081790984
"V5",0.230985821923241
"V6",0.768918827176094
"V7",0.973703699186444
"V8",0.867720088688657
"V9",1.39366599172354
"V10",4.05360637977719
"V11",4.42323481105268
"V12",4.093909365125
"V13",3.00422695279121
