"names","vals"
"Intercept",-4.23379771348042
"y",0.382604013662785
"V1",0.967725197551772
"V2",0.906324615702033
"V3",0.752054502256215
"V4",0.962798585416749
"V5",0.102271519601345
"V6",0.672890216112137
"V7",0.827079129172489
"V8",1.08644261676818
"V9",1.02136755269021
"V10",1.46634921897203
"V11",2.89997947681695
