"names","vals"
"Intercept",-6.90006775371963
"y",0.897248493507504
"V1",0.315556182526052
"V2",0.0542311146855354
"V3",0.124774122377858
"V4",0.312387055484578
"V5",0.116959255188704
"V6",0.284808781230822
"V7",0.986210973933339
"V8",1.97418216150254
"V9",4.32379433326423
"V10",1.62958697695285
"V11",1.28636497445405
