"names","vals"
"Intercept",-3.22332654514536
"y",0.498133797897026
"V1",0.0565776147413999
"V2",0.184508634265512
"V3",0.546506153419614
"V4",0.361748070688918
"V5",0.146866752300411
"V6",1.96641265694052
"V7",1.94402285385877
