"names","vals"
"Intercept",-5.73432485887548
"y",0.682503003394231
"V1",0.686887178570032
"V2",0.983157649170607
"V3",0.816022539976984
"V4",0.490107199642807
"V5",0.571741961641237
"V6",0.541566774481907
"V7",3.54951382055879
"V8",1.91690783761442
"V9",2.33989551384002
