"names","vals"
"Intercept",-3.08043829295784
"y",0.969434269471094
"V1",0.0882281365338713
"V2",0.869530888274312
"V3",0.993496367242187
"V4",0.56047244486399
"V5",0.0106221591122448
"V6",0.068435943685472
"V7",0.0910755963996053
"V8",2.08208528067917
"V9",1.01716920826584
"V10",1.55026483535767
"V11",4.47175468876958
