"names","vals"
"Intercept",-5.90596286224993
"y",0.860793298110366
"V1",0.441052041016519
"V2",0.378453141776845
"V3",0.72919138520956
"V4",0.987842018948868
"V5",4.5429146438837
