"names","vals"
"Intercept",-7.18003051169123
"y",0.721672070212662
"V1",0.171692685456946
"V2",0.102894502924755
"V3",0.476413182681426
"V4",0.12532440200448
"V5",0.237702156184241
"V6",0.942579940659925
"V7",0.739910925971344
"V8",1.14377833437175
"V9",4.54821615573019
"V10",1.27487447485328
"V11",3.30844732001424
