"names","vals"
"Intercept",-0.801200727396179
"y",0.00529639492742717
"V1",0.514989367919043
"V2",0.254635135643184
"V3",0.011269468581304
"V4",0.892224398441613
"V5",1.86113980319351
