"names","vals"
"Intercept",-8.50526947600208
"y",0.580891081597656
"V1",0.596415478736162
"V2",0.604321812046692
"V3",0.140981802484021
"V4",0.19876163220033
"V5",0.195505811832845
"V6",0.258498891722411
"V7",4.91708072740585
"V8",4.93761045671999
"V9",3.86561724357307
