"names","vals"
"Intercept",-1.90206829261477
"y",0.216997181065381
"V1",0.891197445336729
"V2",0.0390889677219093
"V3",0.283692000200972
"V4",0.0112878829240799
"V5",1.49470428843051
