"names","vals"
"Intercept",-2.81705032306397
"y",0.308193698758259
"V1",0.391554988920689
"V2",0.651627792045474
"V3",0.14009481202811
"V4",0.693664125632495
"V5",3.2587807700038
