"names","vals"
"Intercept",-2.26659361561295
"y",0.578747810097411
"V1",0.494955683592707
"V2",0.423611482605338
"V3",0.3749838701915
"V4",0.498760194983333
"V5",0.344377881381661
"V6",2.93788080941886
"V7",3.53119606897235
