"names","vals"
"Intercept",-8.21235093187145
"y",0.948306664125994
"V1",0.371529345633462
"V2",0.175541112432256
"V3",0.982104959199205
"V4",0.810389059362933
"V5",0.309401970356703
"V6",0.47180834854953
"V7",0.11449705529958
"V8",3.66431465186179
"V9",1.88127947133034
"V10",2.07959335576743
"V11",3.67677997425199
