"names","vals"
"Intercept",-4.30883623782429
"y",0.149241162696853
"V1",0.171379120787606
"V2",0.475122105563059
"V3",0.637998678022996
"V4",0.110447350190952
"V5",0.184071552939713
"V6",4.11296609602869
"V7",2.05077785532922
