"names","vals"
"Intercept",-2.81651201190613
"y",0.240763117326424
"V1",0.488993035396561
"V2",0.850322054466233
"V3",0.976482743164524
"V4",0.428657785523683
"V5",0.588827208383009
"V6",1.87773149646819
"V7",3.70858042035252
