"names","vals"
"Intercept",-3.28426306259306
"y",0.753967687021941
"V1",0.319182500243187
"V2",0.768048536265269
"V3",0.670799851883203
"V4",0.408342678798363
"V5",0.0724045825190842
"V6",0.412543939193711
"V7",1.52883170545101
"V8",2.94480843283236
"V9",1.04138568043709
