"names","vals"
"Intercept",-12.012999633576
"y",0.526804105844349
"V1",0.749937778105959
"V2",0.839887444395572
"V3",0.296156067866832
"V4",0.537695236504078
"V5",0.461405796231702
"V6",0.19720430043526
"V7",0.579555151518434
"V8",0.674074556678534
"V9",2.22796883992851
"V10",4.55776727478951
"V11",3.21125710569322
"V12",1.70742198079824
"V13",2.93201410304755
