"names","vals"
"Intercept",-5.04103365736385
"y",0.529934172984213
"V1",0.772872968576849
"V2",0.278046948602423
"V3",0.606908111833036
"V4",0.630079248221591
"V5",0.532498218119144
"V6",3.47601907234639
"V7",4.05726808588952
