"names","vals"
"Intercept",-5.24881690982357
"y",0.985075221862644
"V1",0.171842648414895
"V2",0.284068515291438
"V3",0.00885031558573246
"V4",0.562422666465864
"V5",0.634784089401364
"V6",0.169166601728648
"V7",0.0845284862443805
"V8",2.89318826422095
"V9",1.64111904427409
"V10",1.69148455094546
"V11",2.96286879945546
