"names","vals"
"Intercept",-8.50252078659786
"y",0.955072701210156
"V1",0.0986114188563079
"V2",0.54952799831517
"V3",0.00703848269768059
"V4",0.106153743108734
"V5",0.217257966520265
"V6",0.920325540238991
"V7",0.706616591429338
"V8",0.877497656736523
"V9",3.9887283500284
"V10",3.82264280598611
"V11",1.32346349861473
"V12",3.1954503217712
"V13",4.06855194829404
