"names","vals"
"Intercept",-6.77197238071449
"y",0.210543185705319
"V1",0.0771706928499043
"V2",0.16271637333557
"V3",0.626450712792575
"V4",0.403074729721993
"V5",0.407198469154537
"V6",0.375392636982724
"V7",0.482057865941897
"V8",2.89576876256615
"V9",1.9489125739783
"V10",4.74900382850319
"V11",1.2689260551706
