"names","vals"
"Intercept",-1.86553208526876
"y",0.220922065665945
"V1",0.0360280992463231
"V2",0.0554580469615757
"V3",0.920242597116157
"V4",0.785544089740142
"V5",0.0913990007247776
"V6",0.688300830079243
"V7",4.74764050915837
"V8",4.32488740701228
"V9",1.45563794858754
