"names","vals"
"Intercept",-8.32807186912862
"y",0.926528136944398
"V1",0.609065604861826
"V2",0.748193518025801
"V3",0.22141451202333
"V4",0.980631984304637
"V5",0.930715084075928
"V6",0.862551040248945
"V7",0.0644791412632912
"V8",4.2103733997792
"V9",3.07462562061846
"V10",1.51237034611404
"V11",2.67318331077695
