"names","vals"
"Intercept",-10.3664604535149
"y",0.508247491205111
"V1",0.0690071925055236
"V2",0.480866050813347
"V3",0.61874193046242
"V4",0.0174252160359174
"V5",0.531116291880608
"V6",0.784762428840622
"V7",0.962035215226933
"V8",0.790212644962594
"V9",4.61500733718276
"V10",3.81301998253912
"V11",1.94057166576385
"V12",1.3462345469743
"V13",4.67250661551952
