"names","vals"
"Intercept",-5.14329986470356
"y",0.247677956242114
"V1",0.697597794234753
"V2",0.594541322439909
"V3",0.989491697167978
"V4",0.896632442250848
"V5",0.393351576756686
"V6",1.27793137077242
"V7",3.45181225985289
