"names","vals"
"Intercept",-3.08622624024237
"y",0.179877304239199
"V1",0.177672528661788
"V2",0.0373416093643755
"V3",0.759048362961039
"V4",0.472810168750584
"V5",3.24739980883896
