"names","vals"
"Intercept",-6.12916638030298
"y",0.717477535130456
"V1",0.385737849166617
"V2",0.393465852364898
"V3",0.303074252093211
"V4",0.482459541875869
"V5",0.596231729723513
"V6",0.461500756209716
"V7",0.742877134354785
"V8",1.4127219831571
"V9",2.51818686909974
"V10",2.26407039258629
"V11",3.7384066991508
