"names","vals"
"Intercept",-5.6920148295504
"y",0.105016074841842
"V1",0.207781680859625
"V2",0.708788476185873
"V3",0.569029833422974
"V4",0.831591192400083
"V5",0.224787387531251
"V6",0.0876989252865314
"V7",3.56777107901871
"V8",4.62036370299757
"V9",2.40588380489498
