"names","vals"
"Intercept",-2.65517147967312
"y",0.384787349030375
"V1",0.405527672031894
"V2",0.634679216891527
"V3",0.0962774786166847
"V4",0.365683201234788
"V5",3.70167432446033
