"names","vals"
"Intercept",-2.87957028981717
"y",0.0142758395522833
"V1",0.311735050054267
"V2",0.211808193009347
"V3",0.0233447307255119
"V4",0.374422049615532
"V5",0.618746917229146
"V6",2.03920768667012
"V7",2.94268340244889
