"names","vals"
"Intercept",-1.76252028792724
"y",0.69354968611151
"V1",0.193497100379318
"V2",0.669283602386713
"V3",0.798585996264592
"V4",0.0421295145060867
"V5",0.125649142079055
"V6",1.16330036893487
"V7",4.32045603450388
