"names","vals"
"Intercept",-12.7806897992869
"y",0.146288783987984
"V1",0.0780791563447565
"V2",0.522105992538854
"V3",0.446491346694529
"V4",0.589656093623489
"V5",0.203563029877841
"V6",0.644591893069446
"V7",0.0841867008712143
"V8",0.791954776505008
"V9",4.99463677406311
"V10",2.61682195775211
"V11",4.02506665233523
"V12",1.90649456065148
"V13",1.92307444382459
