"names","vals"
"Intercept",-1.55674189883634
"y",0.635661315172911
"V1",0.92997547541745
"V2",0.360556818777695
"V3",0.961388800526038
"V4",0.273621945641935
"V5",1.80895357485861
