"names","vals"
"Intercept",-2.5125527380351
"y",0.539342715870589
"V1",0.0317344607319683
"V2",0.62334742420353
"V3",0.788648119661957
"V4",0.146618639584631
"V5",2.28984118252993
