"names","vals"
"Intercept",-3.27989359658165
"y",0.536858051549643
"V1",0.710334411589429
"V2",0.350537553429604
"V3",0.651409661862999
"V4",0.643500817473978
"V5",0.24712125514634
"V6",1.6029994962737
"V7",4.43287396430969
