"names","vals"
"Intercept",-3.07271642268775
"y",0.806859442032874
"V1",0.450146893737838
"V2",0.985196355031803
"V3",0.446613079868257
"V4",0.686322164256126
"V5",2.66134934779257
