"names","vals"
"Intercept",-7.1906724957074
"y",0.329348088009283
"V1",0.945523137459531
"V2",0.350221022730693
"V3",0.309024834539741
"V4",0.0176781869959086
"V5",0.0810267163906246
"V6",0.697284565772861
"V7",4.43335296958685
"V8",3.20952741522342
"V9",4.51903505437076
