"names","vals"
"Intercept",-5.42885234749597
"y",0.349854627391323
"V1",0.55731299566105
"V2",0.202595747308806
"V3",0.502150343498215
"V4",0.0302123697474599
"V5",0.914510977221653
"V6",0.595248301746324
"V7",0.96044085896574
"V8",1.16747593414038
"V9",1.40175120905042
"V10",2.82326461281627
"V11",3.34660604875535
