"names","vals"
"Intercept",-8.99063775733113
"y",0.379192749038339
"V1",0.217140778433532
"V2",0.095130373723805
"V3",0.750155920628458
"V4",0.168246054090559
"V5",0.471539163496345
"V6",0.357354535954073
"V7",0.708214929560199
"V8",0.592511503957212
"V9",4.57327388320118
"V10",2.09915035031736
"V11",1.1271180966869
"V12",1.93269853852689
"V13",4.55747337359935
