"names","vals"
"Intercept",-10.5301939009931
"y",0.983250881079584
"V1",0.706005393294618
"V2",0.84166656457819
"V3",0.515077737392858
"V4",0.655118374153972
"V5",0.977243238128722
"V6",0.0646021701395512
"V7",0.478716104989871
"V8",1.0600201357156
"V9",4.78352974914014
"V10",3.90310874674469
"V11",4.16516183689237
