"names","vals"
"Intercept",-2.88805187316076
"y",0.318158060312271
"V1",0.736182860797271
"V2",0.589714156696573
"V3",0.591345460619777
"V4",0.29309769696556
"V5",0.0832536551170051
"V6",1.38843032810837
"V7",2.27730598673224
