"names","vals"
"Intercept",-8.18766633694316
"y",0.976679179584607
"V1",0.266383023234084
"V2",0.0616953144781291
"V3",0.102898918790743
"V4",0.509204047266394
"V5",0.314971252344549
"V6",0.364132358459756
"V7",4.26240092515945
"V8",4.72897342033684
"V9",1.24063546489924
