"names","vals"
"Intercept",-9.58004488058435
"y",0.998061472084373
"V1",0.234329567989334
"V2",0.757318265736103
"V3",0.964567867573351
"V4",0.3063002708368
"V5",0.24551574443467
"V6",0.665149461477995
"V7",0.196628198260441
"V8",0.392707293620333
"V9",1.14711703639477
"V10",4.00081662740558
"V11",4.04852427449077
"V12",3.69937539473176
"V13",3.82584851142019
