"names","vals"
"Intercept",-2.88275194173167
"y",0.718449181178585
"V1",0.0488576875068247
"V2",0.528310497989878
"V3",0.445239641703665
"V4",0.37183191603981
"V5",0.891282761469483
"V6",3.81870446912944
"V7",1.10454690363258
