"names","vals"
"Intercept",-2.19446290872851
"y",0.385932363104075
"V1",0.423763861414045
"V2",0.843302188441157
"V3",0.0503029644023627
"V4",0.0361381380353123
"V5",2.13729815743864
