"names","vals"
"Intercept",-11.5742308886433
"y",0.211938085965812
"V1",0.196578287286684
"V2",0.65835097595118
"V3",0.545217520324513
"V4",0.613503996981308
"V5",0.873945931904018
"V6",0.842764221597463
"V7",0.51330387359485
"V8",1.05535895563662
"V9",4.97415051981807
"V10",2.40608377195895
"V11",4.90551724750549
