"names","vals"
"Intercept",-9.58793982926547
"y",0.479346067877486
"V1",0.853871408617124
"V2",0.0870530789252371
"V3",0.523459204705432
"V4",0.877981174038723
"V5",0.511330274166539
"V6",0.244176011532545
"V7",0.673344637732953
"V8",0.732141583925113
"V9",2.86225453019142
"V10",1.725576242432
"V11",3.52677209861577
"V12",4.45935050304979
"V13",3.04559884127229
