"names","vals"
"Intercept",-10.5347605603794
"y",0.50290356692858
"V1",0.97901672590524
"V2",0.331891514826566
"V3",0.235682988306507
"V4",0.990205382695422
"V5",0.688369556097314
"V6",0.866940929554403
"V7",0.452944527147338
"V8",0.103107577189803
"V9",4.25301508791745
"V10",4.21490302216262
"V11",4.35940151661634
"V12",2.17500129248947
"V13",3.68587289843708
