"names","vals"
"Intercept",-6.32585786726186
"y",0.909155749948695
"V1",0.697343616979197
"V2",0.513632954563946
"V3",0.497159851482138
"V4",0.729120523435995
"V5",0.324603411136195
"V6",0.0296079572290182
"V7",0.482808861881495
"V8",4.11203370802104
"V9",4.48510355595499
"V10",2.98210140503943
"V11",1.12257050257176
