"names","vals"
"Intercept",-4.9131084594815
"y",0.977721401955932
"V1",0.464764026924968
"V2",0.748579100007191
"V3",0.292283612536266
"V4",0.766171488445252
"V5",0.395577090326697
"V6",2.77373767457902
"V7",4.22501674108207
