"names","vals"
"Intercept",-4.6085086283274
"y",0.928215075284243
"V1",0.0333179559092969
"V2",0.73727198666893
"V3",0.355240448378026
"V4",0.351881208596751
"V5",0.037428610259667
"V6",4.93808825500309
"V7",3.15478011965752
