"names","vals"
"Intercept",-2.11071743189101
"y",0.213678325992078
"V1",0.0484144964721054
"V2",0.820716849993914
"V3",0.0821008854545653
"V4",0.990862949984148
"V5",2.5084069436416
