"names","vals"
"Intercept",-9.73321910285624
"y",0.641035322565585
"V1",0.0522732078097761
"V2",0.194258870789781
"V3",0.108931813621894
"V4",0.866832707542926
"V5",0.244365646736696
"V6",0.43049941631034
"V7",4.30253140814602
"V8",2.7977249501273
"V9",3.94088796898723
