"names","vals"
"Intercept",-4.3161290271352
"y",0.56944216019474
"V1",0.185939516872168
"V2",0.392608671216294
"V3",0.0394815178588033
"V4",0.298991540214047
"V5",0.942789915716276
"V6",3.88264568988234
"V7",2.28030405938625
