"names","vals"
"Intercept",-4.24867959226668
"y",0.454869072651491
"V1",0.969517529709265
"V2",0.662348265061155
"V3",0.791027375962585
"V4",0.886390259955078
"V5",3.4417081028223
