"names","vals"
"Intercept",-4.35994118658383
"y",0.412464695051312
"V1",0.863673544488847
"V2",0.738588666310534
"V3",0.727474807063118
"V4",0.832109075970948
"V5",0.0546012048143893
"V6",2.70954233035445
"V7",2.90058932639658
