"names","vals"
"Intercept",-2.9217327097978
"y",0.680149048101157
"V1",0.9375191249419
"V2",0.751661032438278
"V3",0.202138874446973
"V4",0.343880783999339
"V5",4.11431465670466
