"names","vals"
"Intercept",-2.82643405289622
"y",0.0481625404208899
"V1",0.339357001008466
"V2",0.52034986903891
"V3",0.30895968247205
"V4",0.602253896184266
"V5",3.82343983184546
