"names","vals"
"Intercept",-5.40785192042403
"y",0.51749125844799
"V1",0.5922657456249
"V2",0.892738974187523
"V3",0.0552925744559616
"V4",0.436003023758531
"V5",0.539839464705437
"V6",0.515608859248459
"V7",0.451973014045507
"V8",2.10208691004664
"V9",1.00035928655416
"V10",4.52399112284184
"V11",2.24976945668459
