"names","vals"
"Intercept",-4.11291713993857
"y",0.981555756414309
"V1",0.319610971026123
"V2",0.0959676890634
"V3",0.606532586039975
"V4",0.856046067085117
"V5",3.95558766555041
