"names","vals"
"Intercept",-3.04818925328553
"y",0.857714565470815
"V1",0.546357811894268
"V2",0.79051843797788
"V3",0.23825990408659
"V4",0.740080900955945
"V5",0.139401394641027
"V6",2.00147531740367
"V7",4.28673515003175
