"names","vals"
"Intercept",-11.6636913580613
"y",0.494091284228489
"V1",0.246287489309907
"V2",0.495806977851316
"V3",0.0168245895765722
"V4",0.0148717470001429
"V5",0.112674124073237
"V6",0.730664079310372
"V7",0.751585013233125
"V8",0.745692160679027
"V9",4.37227918952703
"V10",2.22312851250172
"V11",2.32184916734695
"V12",1.78001681994647
"V13",4.90596461016685
