"names","vals"
"Intercept",-6.68684240830038
"y",0.134999757865444
"V1",0.422205450478941
"V2",0.744174281600863
"V3",0.502029224764556
"V4",0.665263746399432
"V5",0.66899731499143
"V6",4.22964199539274
"V7",1.93380584288388
