"names","vals"
"Intercept",-10.7625270460469
"y",0.694801705190912
"V1",0.58217115001753
"V2",0.049386974889785
"V3",0.861221405677497
"V4",0.774935062974691
"V5",0.956329439068213
"V6",0.332847153302282
"V7",0.35722461133264
"V8",0.901452674996108
"V9",2.28470939025283
"V10",4.23570942040533
"V11",3.42115372419357
"V12",2.76478532515466
"V13",3.02802679315209
