"names","vals"
"Intercept",-9.44696402060148
"y",0.607347948709503
"V1",0.0233426378108561
"V2",0.0591323415283114
"V3",0.198825454106554
"V4",0.292660633102059
"V5",0.766190665774047
"V6",0.13467178796418
"V7",0.433400989510119
"V8",0.208245889982209
"V9",2.4681573305279
"V10",3.93757664319128
"V11",1.56480249296874
"V12",2.88393867760897
"V13",2.77056727465242
