"names","vals"
"Intercept",-5.6330308609386
"y",0.0129224855918437
"V1",0.69685954018496
"V2",0.152988144662231
"V3",0.809279113076627
"V4",0.985340072773397
"V5",4.48177064489573
