"names","vals"
"Intercept",-5.17259083242249
"y",0.264560874784365
"V1",0.922542182262987
"V2",0.699797226348892
"V3",0.50254975236021
"V4",0.687624953687191
"V5",0.455922795925289
"V6",4.2716576680541
"V7",2.56994908675551
