"names","vals"
"Intercept",-6.46210021499125
"y",0.950017322320491
"V1",0.772057181224227
"V2",0.789381256327033
"V3",0.0718471317086369
"V4",0.344945893390104
"V5",0.00883658183738589
"V6",0.919929900905117
"V7",0.254575694911182
"V8",0.629602642497048
"V9",1.75693133380264
"V10",1.12896881904453
"V11",1.32314932346344
"V12",4.16401666682214
"V13",3.54510789457709
