"names","vals"
"Intercept",-6.31603551890818
"y",0.288115846225992
"V1",0.528219372034073
"V2",0.538499109214172
"V3",0.288722505792975
"V4",0.21247092843987
"V5",0.177994452416897
"V6",4.25604468118399
"V7",3.50994131993502
