"names","vals"
"Intercept",-10.6174011986554
"y",0.580284256255254
"V1",0.228121470892802
"V2",0.765194746432826
"V3",0.813175718067214
"V4",0.0183211206458509
"V5",0.92040206771344
"V6",0.518010488012806
"V7",0.627381948754191
"V8",3.19064982701093
"V9",3.55219098273665
"V10",4.00444350577891
"V11",2.40532245673239
