"names","vals"
"Intercept",-8.03332610707614
"y",0.499954026658088
"V1",0.838452952448279
"V2",0.705301157431677
"V3",0.296742575010285
"V4",0.92403625138104
"V5",0.517808044096455
"V6",0.919495188165456
"V7",0.430278034880757
"V8",0.78661767905578
"V9",1.33314326964319
"V10",3.8952328749001
"V11",4.94095329008996
"V12",4.88492000009865
"V13",1.03063635434955
