"names","vals"
"Intercept",-3.81400252944883
"y",0.857386120129377
"V1",0.781724767759442
"V2",0.995119544211775
"V3",0.459821780910715
"V4",0.279827083228156
"V5",0.524914280278608
"V6",2.83408184256405
"V7",1.00469644088298
