"names","vals"
"Intercept",-9.20195968376147
"y",0.355835564667359
"V1",0.00786255928687751
"V2",0.704177742823958
"V3",0.74868746730499
"V4",0.154057272942737
"V5",0.755250841379166
"V6",0.921907394193113
"V7",0.484637056710199
"V8",1.73155011888593
"V9",2.80080203060061
"V10",2.34925894811749
"V11",4.43741014879197
