"names","vals"
"Intercept",-15.54488929732
"y",0.627617788501084
"V1",0.128573715686798
"V2",0.209208926884457
"V3",0.391420936211944
"V4",0.654531680280343
"V5",0.0766759975813329
"V6",0.695234101265669
"V7",0.421192735666409
"V8",0.614977980963886
"V9",3.86980292387307
"V10",4.8645573426038
"V11",2.8598672375083
"V12",4.4875069744885
"V13",4.87682267930359
