"names","vals"
"Intercept",-1.03832165837591
"y",0.460649011423811
"V1",0.288040358107537
"V2",0.33714820840396
"V3",0.202082317089662
"V4",0.104736999841407
"V5",2.24217073898762
