"names","vals"
"Intercept",-1.83581630737614
"y",0.913618757389486
"V1",0.672233318677172
"V2",0.284834496676922
"V3",0.496270803967491
"V4",0.828639418352395
"V5",1.57309714704752
