"names","vals"
"Intercept",-8.0706462952639
"y",0.264054868603125
"V1",0.130530728260055
"V2",0.203653946053237
"V3",0.478051171870902
"V4",0.63061888422817
"V5",0.585595230106264
"V6",0.516666083596647
"V7",4.2699629496783
"V8",1.58411298133433
"V9",4.49615802243352
