"names","vals"
"Intercept",-5.08609120231587
"y",0.910438147373497
"V1",0.90524511737749
"V2",0.00232613831758499
"V3",0.466060602571815
"V4",0.274560422636569
"V5",0.512251534499228
"V6",4.24620557110757
"V7",1.23914356902242
