"names","vals"
"Intercept",-6.25759256035648
"y",0.770555817522109
"V1",0.215707337018102
"V2",0.0633865376003087
"V3",0.366439876612276
"V4",0.540245518786833
"V5",0.820835940772668
"V6",0.399613761110231
"V7",3.94207577779889
"V8",3.43666581343859
"V9",4.99077821709216
