"names","vals"
"Intercept",-11.3645752607596
"y",0.56760841072537
"V1",0.853788232430816
"V2",0.222889757482335
"V3",0.970065620495006
"V4",0.486351029248908
"V5",0.435974816093221
"V6",0.115751861361787
"V7",0.706746146315709
"V8",1.21784724947065
"V9",4.28989410214126
"V10",4.65294321067631
"V11",3.9355302117765
