"names","vals"
"Intercept",-4.90916876073694
"y",0.872706347377971
"V1",0.0889245949219912
"V2",0.473677821690217
"V3",0.954377016983926
"V4",0.514957381645218
"V5",0.126765477936715
"V6",3.56487758271396
"V7",3.78349465224892
