"names","vals"
"Intercept",-3.59083517593844
"y",0.779416806064546
"V1",0.0657570422627032
"V2",0.346398122841492
"V3",0.242521334905177
"V4",0.36171419150196
"V5",2.76512664742768
