"names","vals"
"Intercept",-6.56630843132967
"y",0.501215176424012
"V1",0.423711047973484
"V2",0.603039230685681
"V3",0.381210695020854
"V4",0.53863300033845
"V5",0.873467303812504
"V6",0.259337678784505
"V7",0.322714652866125
"V8",3.35890883393586
"V9",2.49730897415429
"V10",3.51654436346143
"V11",3.32515300903469
