"names","vals"
"Intercept",-4.93272567891981
"y",0.286727957427502
"V1",0.717562369769439
"V2",0.262568577658385
"V3",0.158141520805657
"V4",0.0442404404748231
"V5",0.621493402402848
"V6",3.59411375038326
"V7",4.72764827311039
