"names","vals"
"Intercept",-10.9805948424761
"y",0.172793958568946
"V1",0.577078904258087
"V2",0.50903278333135
"V3",0.073737901635468
"V4",0.148295681923628
"V5",0.076358565595001
"V6",0.5020396404434
"V7",0.251794434152544
"V8",4.34271795209497
"V9",3.06136748753488
"V10",2.95422799419612
"V11",1.90083404257894
