"names","vals"
"Intercept",-9.18979690728663
"y",0.104744995944202
"V1",0.937903428683057
"V2",0.257104533724487
"V3",0.51465963688679
"V4",0.51760931010358
"V5",0.359707945026457
"V6",4.91279258485883
"V7",3.05463148280978
