"names","vals"
"Intercept",-10.6813945629299
"y",0.342518154531717
"V1",0.735346214147285
"V2",0.764652483630925
"V3",0.354319581063464
"V4",0.961061752401292
"V5",0.278095098678023
"V6",0.0840917429886758
"V7",0.193146273260936
"V8",4.03294556960464
"V9",2.94144222978503
"V10",3.02639487106353
"V11",1.74134637415409
