"names","vals"
"Intercept",-4.28562217804557
"y",0.43178738723509
"V1",0.33209488610737
"V2",0.314455114072189
"V3",0.552146608475596
"V4",0.59877145034261
"V5",0.517832793528214
"V6",2.54838856123388
"V7",2.30008506216109
