"names","vals"
"Intercept",-5.8486135898761
"y",0.545436035376042
"V1",0.182693173410371
"V2",0.478234198875725
"V3",0.0974156516604125
"V4",0.0245259604416788
"V5",0.438596395077184
"V6",0.974052561214194
"V7",0.147809026064351
"V8",4.74306408595294
"V9",2.44535435549915
"V10",4.24509145505726
"V11",1.34883368480951
