"names","vals"
"Intercept",-8.6894809524517
"y",0.751628503901884
"V1",0.904740320285782
"V2",0.504810792393982
"V3",0.964844246394932
"V4",0.616481190780178
"V5",0.38735256716609
"V6",0.349765966879204
"V7",0.999836642527953
"V8",1.41352851316333
"V9",4.48867817409337
"V10",2.94039259944111
"V11",4.99269465915859
