"names","vals"
"Intercept",-3.77516485587368
"y",0.847903169458732
"V1",0.483137681847438
"V2",0.866710543399677
"V3",0.111873533111066
"V4",0.403286667075008
"V5",0.602393025299534
"V6",0.340568238869309
"V7",4.01950253918767
"V8",1.67022567056119
"V9",3.42754568811506
