"names","vals"
"Intercept",-8.00416121333511
"y",0.909337391844019
"V1",0.323803390143439
"V2",0.844041723292321
"V3",0.0479809925891459
"V4",0.689945599064231
"V5",0.270719710737467
"V6",0.358560290187597
"V7",0.720365552231669
"V8",0.419093020493165
"V9",2.91331980377436
"V10",1.92246215231717
"V11",3.34332948178053
"V12",1.98517172876745
"V13",1.58954653795809
