"names","vals"
"Intercept",-2.49138500803406
"y",0.212773798499256
"V1",0.787054539425299
"V2",0.635825981153175
"V3",0.00180977885611355
"V4",0.165480309166014
"V5",4.84360979869962
