"names","vals"
"Intercept",-2.10799801605335
"y",0.86832134402357
"V1",0.307986688101664
"V2",0.759571722242981
"V3",0.288183757802472
"V4",0.118252018932253
"V5",0.274426204850897
"V6",3.71431740559638
"V7",2.47189808916301
