"names","vals"
"Intercept",-2.25885460439743
"y",0.854429641505703
"V1",0.199153978843242
"V2",0.407142092473805
"V3",0.472484814701602
"V4",0.791774403536692
"V5",1.45528290886432
