"names","vals"
"Intercept",-12.0917872412186
"y",0.15336806862615
"V1",0.426623796112835
"V2",0.362857963191345
"V3",0.594427025876939
"V4",0.0868400952313095
"V5",0.558434475213289
"V6",0.716150742257014
"V7",0.61180829606019
"V8",0.210616980912164
"V9",2.92996457777917
"V10",4.01867558434606
"V11",4.82257945276797
"V12",4.32475855946541
"V13",1.40621103905141
