"names","vals"
"Intercept",-13.875841623862
"y",0.541148161049932
"V1",0.105932036181912
"V2",0.0719496582169086
"V3",0.883524821838364
"V4",0.261027814820409
"V5",0.917031495599076
"V6",0.246633893810213
"V7",0.144899161765352
"V8",0.981398506788537
"V9",4.72187104169279
"V10",4.0071654189378
"V11",4.35636049043387
"V12",3.03952998388559
"V13",4.50907159224153
