"names","vals"
"Intercept",-4.08865094122989
"y",0.435601640725508
"V1",0.451198354829103
"V2",0.56681926897727
"V3",0.945414409274235
"V4",0.56627748743631
"V5",4.38779613189399
