"names","vals"
"Intercept",-2.2704988087439
"y",0.496781861875206
"V1",0.913208882557228
"V2",0.21144115854986
"V3",0.134973477805033
"V4",0.854006952606142
"V5",0.279998065670952
"V6",2.97111752815545
"V7",2.02807740215212
