"names","vals"
"Intercept",-5.06050579887
"y",0.18772836192511
"V1",0.550899522379041
"V2",0.930412904825062
"V3",0.13069522799924
"V4",0.658385512884706
"V5",0.713057652348652
"V6",0.53558457759209
"V7",0.530623617582023
"V8",1.20908315945417
"V9",1.69516766350716
"V10",2.2150407936424
"V11",2.18175461608917
