"names","vals"
"Intercept",-2.79377986125508
"y",0.184989446075633
"V1",0.354560797102749
"V2",0.137178701581433
"V3",0.612355565419421
"V4",0.963654131162912
"V5",0.0601924271322787
"V6",0.496302440064028
"V7",0.000420532422140241
"V8",3.54108942486346
"V9",4.17971262149513
"V10",3.5345257697627
"V11",1.48514915443957
