"names","vals"
"Intercept",-9.12660409440543
"y",0.386144955875352
"V1",0.518021977273747
"V2",0.640957372728735
"V3",0.289916446199641
"V4",0.803326928988099
"V5",0.16582066542469
"V6",0.257129633566365
"V7",0.0793936520349234
"V8",2.29412662424147
"V9",4.82712391670793
"V10",1.83602940756828
"V11",3.86017986293882
