"names","vals"
"Intercept",-3.97369992193207
"y",0.0533914666157216
"V1",0.274814006872475
"V2",0.32722240453586
"V3",0.645852847024798
"V4",0.333755692467093
"V5",0.382692209677771
"V6",0.098890888504684
"V7",4.33929999358952
"V8",3.18750314600766
"V9",3.65561012551188
