"names","vals"
"Intercept",-2.34111292781169
"y",0.895145768998191
"V1",0.276616806630045
"V2",0.168942031217739
"V3",0.670166355092078
"V4",0.119411703664809
"V5",1.67079051956534
