"names","vals"
"Intercept",-3.77724776595668
"y",0.348705578362569
"V1",0.340741954511032
"V2",0.83143243775703
"V3",0.121067329309881
"V4",0.733273229561746
"V5",2.2098637111485
