"names","vals"
"Intercept",-9.71146133496845
"y",0.20614979788661
"V1",0.212933101225644
"V2",0.477732156170532
"V3",0.299225880997255
"V4",0.820607831235975
"V5",0.856044378597289
"V6",0.387358126230538
"V7",0.446343330666423
"V8",0.0960911388974637
"V9",4.25610652379692
"V10",1.49442518781871
"V11",1.59899304900318
"V12",3.77322301920503
"V13",4.66401166468859
