"names","vals"
"Intercept",-12.1497442883505
"y",0.433205764507875
"V1",0.907615817850456
"V2",0.845956885488704
"V3",0.684495064662769
"V4",0.58388401241973
"V5",0.869331437395886
"V6",0.0640385688748211
"V7",0.408007721649483
"V8",0.0887096447404474
"V9",2.24971606768668
"V10",1.28255322854966
"V11",1.9135704440996
"V12",4.32878083363175
"V13",4.1335010426119
