"names","vals"
"Intercept",-4.14770168809057
"y",0.0245529841631651
"V1",0.74330694670789
"V2",0.659338711062446
"V3",0.529027788667008
"V4",0.980924052419141
"V5",4.87797053810209
