"names","vals"
"Intercept",-10.2152086866316
"y",0.261331245070323
"V1",0.0990829376969486
"V2",0.88551261369139
"V3",0.234078160254285
"V4",0.806152574485168
"V5",0.165396437281743
"V6",0.531456022989005
"V7",0.0280263661406934
"V8",0.480739823775366
"V9",3.3272292688489
"V10",4.07121386844665
"V11",2.04437716677785
"V12",4.68392419349402
"V13",2.91694757062942
