"names","vals"
"Intercept",-3.3933023136456
"y",0.115512667223811
"V1",0.346794946584851
"V2",0.916040618903935
"V3",0.553608829854056
"V4",0.165230880724266
"V5",0.522586838807911
"V6",2.9072833545506
"V7",2.08708534575999
