"names","vals"
"Intercept",-12.0264783632553
"y",0.484750694362447
"V1",0.361918857088313
"V2",0.596775537123904
"V3",0.687599465250969
"V4",0.392644204432145
"V5",0.508659673854709
"V6",0.0992139128502458
"V7",0.274235144956037
"V8",0.235028607770801
"V9",2.62069680448622
"V10",4.46147903986275
"V11",1.12717611994594
"V12",2.77295184321702
"V13",4.9791806852445
