"names","vals"
"Intercept",-2.10509754769946
"y",0.705355308949947
"V1",0.267340532504022
"V2",0.183808888541535
"V3",0.70169511041604
"V4",0.921300329966471
"V5",0.239623370580375
"V6",0.213533909292892
"V7",2.37611126620322
"V8",4.23254359140992
"V9",2.71130947209895
