"names","vals"
"Intercept",-3.68260961690242
"y",0.806989369681105
"V1",0.874308846890926
"V2",0.284484912641346
"V3",0.132729875622317
"V4",0.217570048989728
"V5",0.401892129098997
"V6",4.07966292276978
"V7",2.88409220147878
