"names","vals"
"Intercept",-8.52736056084605
"y",0.80901937210001
"V1",0.119488252326846
"V2",0.475565313128754
"V3",0.957067418843508
"V4",0.531677610240877
"V5",0.558710708748549
"V6",4.41317360196263
"V7",4.96221444010735
