"names","vals"
"Intercept",-15.470652308573
"y",0.501770709874108
"V1",0.918654594803229
"V2",0.498425294645131
"V3",0.497757645091042
"V4",0.648629893781617
"V5",0.926179863978177
"V6",0.526887129526585
"V7",0.382540150312707
"V8",0.343054047320038
"V9",3.07195715792477
"V10",2.76395893469453
"V11",3.70559360086918
"V12",1.97935419529676
"V13",3.86014631111175
