"names","vals"
"Intercept",-0.93821559306141
"y",0.845253775129095
"V1",0.625768442638218
"V2",0.129339972278103
"V3",0.0729110850952566
"V4",0.966047859285027
"V5",1.56842417642474
