"names","vals"
"Intercept",-4.96123555724276
"y",0.662385142408311
"V1",0.817788685671985
"V2",0.0426159673370421
"V3",0.639311396982521
"V4",0.495110251707956
"V5",4.36687214393169
