"names","vals"
"Intercept",-11.4283286906565
"y",0.757974589476362
"V1",0.647930551320314
"V2",0.881695383926854
"V3",0.999681504443288
"V4",0.940169851994142
"V5",0.663986773230135
"V6",0.622721503255889
"V7",0.783596645807847
"V8",2.05015974678099
"V9",4.02080221474171
"V10",2.20004438329488
"V11",2.44646162074059
