"names","vals"
"Intercept",-10.8437111274903
"y",0.327080978313461
"V1",0.389503902522847
"V2",0.543552079703659
"V3",0.910726923728362
"V4",0.187503178836778
"V5",0.0244572821538895
"V6",0.777736480114982
"V7",0.813501969678327
"V8",0.863657740876079
"V9",2.12743322458118
"V10",4.95373606309295
"V11",4.09583157207817
"V12",3.01771927345544
"V13",1.14686911739409
