"names","vals"
"Intercept",-2.90353886009916
"y",0.278639532858506
"V1",0.409564822213724
"V2",0.34139683120884
"V3",0.215031665051356
"V4",0.335251179756597
"V5",2.88803421705961
