"names","vals"
"Intercept",-10.928014726446
"y",0.136656602611765
"V1",0.408814426045865
"V2",0.611545831896365
"V3",0.166049813386053
"V4",0.330370741896331
"V5",0.120338667416945
"V6",0.721362153533846
"V7",0.0299506830051541
"V8",0.0775565232615918
"V9",4.08375597931445
"V10",3.84647745266557
"V11",4.18379787635058
"V12",2.26189551502466
"V13",4.5360366627574
