"names","vals"
"Intercept",-9.75913309858088
"y",0.864909662399441
"V1",0.768875916022807
"V2",0.826172118075192
"V3",0.274402450537309
"V4",0.383836260065436
"V5",0.0684011718258262
"V6",0.836177284130827
"V7",0.610322792315856
"V8",2.14530929829925
"V9",4.22926262579858
"V10",3.05797159671783
"V11",4.51350989751518
