"names","vals"
"Intercept",-10.1511746921476
"y",0.3528259890154
"V1",0.599519925424829
"V2",0.835674948757514
"V3",0.982530374312773
"V4",0.286385056562722
"V5",0.519751289393753
"V6",0.505498445825651
"V7",0.0208064790349454
"V8",2.91877725627273
"V9",3.58041196782142
"V10",3.5402697250247
"V11",2.00507301837206
