"names","vals"
"Intercept",-2.08603583346866
"y",0.459437345620245
"V1",0.866906944662333
"V2",0.806958778295666
"V3",0.30121241719462
"V4",0.350268797948956
"V5",0.687303234357387
"V6",1.77476872876287
"V7",1.3252204656601
