"names","vals"
"Intercept",-5.21071313207527
"y",0.779860641108826
"V1",0.606976971495897
"V2",0.444947686279193
"V3",0.818019650410861
"V4",0.82581413956359
"V5",0.488783128093928
"V6",0.11099781980738
"V7",1.40266945771873
"V8",2.94045307952911
"V9",1.16765380464494
