"names","vals"
"Intercept",-13.5213043723395
"y",0.596120912581682
"V1",0.841330673312768
"V2",0.128487319918349
"V3",0.430902526946738
"V4",0.944835840025917
"V5",0.118472553091124
"V6",0.56592075782828
"V7",0.789971580030397
"V8",0.671963633969426
"V9",2.7329743988812
"V10",4.32707815710455
"V11",4.75277207233012
"V12",4.40980681777
"V13",3.20831239689142
