"names","vals"
"Intercept",-5.56310326763848
"y",0.208986535202712
"V1",0.567514243302867
"V2",0.237260412657633
"V3",0.549968381645158
"V4",0.24000286590308
"V5",0.758789519313723
"V6",2.49101166892797
"V7",3.15002583619207
