"names","vals"
"Intercept",-5.85282256526523
"y",0.256067713024095
"V1",0.883771303808317
"V2",0.0577313543763012
"V3",0.681042434647679
"V4",0.216682246886194
"V5",0.15522937849164
"V6",0.948875640751794
"V7",0.437313061673194
"V8",1.98799354583025
"V9",2.68001370504498
"V10",3.11567515973002
"V11",4.91574813518673
