"names","vals"
"Intercept",-8.11228788513504
"y",0.749993861187249
"V1",0.910458263941109
"V2",0.576122718164697
"V3",0.308107900433242
"V4",0.348877040902153
"V5",0.669610989047214
"V6",0.606955683324486
"V7",2.35808194521815
"V8",4.20003575924784
"V9",3.14546870626509
