"names","vals"
"Intercept",-8.52911232938548
"y",0.0683496394194663
"V1",0.490737390471622
"V2",0.0474315392784774
"V3",0.0561151457950473
"V4",0.805267306510359
"V5",0.658647813601419
"V6",0.845170809654519
"V7",0.235483696451411
"V8",1.18080954626203
"V9",1.47039753571153
"V10",4.15179409086704
"V11",2.169917085208
