"names","vals"
"Intercept",-8.11576648018695
"y",0.57372850831598
"V1",0.165369548369199
"V2",0.608105673687533
"V3",0.699869862524793
"V4",0.336883117211983
"V5",0.286822849651799
"V6",0.636442066868767
"V7",0.596178928622976
"V8",4.63128578756005
"V9",2.16321864165366
"V10",4.49142542853951
"V11",1.30543140694499
