"names","vals"
"Intercept",-5.3730380763188
"y",0.48620643094182
"V1",0.407995285000652
"V2",0.473395875422284
"V3",0.320455697365105
"V4",0.198767580557615
"V5",0.259245305787772
"V6",0.953537582885474
"V7",0.919286443851888
"V8",2.3064824109897
"V9",3.73098882567137
"V10",1.27557343803346
"V11",2.6180507838726
