"names","vals"
"Intercept",-10.7577677698694
"y",0.511293065035716
"V1",0.767004370223731
"V2",0.859590352745727
"V3",0.982791926478967
"V4",0.435448345961049
"V5",0.283408890012652
"V6",0.904561464674771
"V7",0.552538861520588
"V8",2.97979724220932
"V9",3.74819242674857
"V10",3.3008568296209
"V11",3.21430527232587
