"names","vals"
"Intercept",-5.15805784366559
"y",0.369691962143406
"V1",0.110222124261782
"V2",0.675809004111215
"V3",0.987287185620517
"V4",0.350377888884395
"V5",0.911176987690851
"V6",1.71553189493716
"V7",2.10069077461958
