"names","vals"
"Intercept",-7.60391337020602
"y",0.770624886965379
"V1",0.860674743773416
"V2",0.66384308366105
"V3",0.210023800376803
"V4",0.73317115358077
"V5",0.320438156137243
"V6",0.693787611788139
"V7",2.61807544156909
"V8",4.15202222950757
"V9",4.19205465912819
