"names","vals"
"Intercept",-12.0272533120401
"y",0.526135006453842
"V1",0.365184125490487
"V2",0.759256364777684
"V3",0.474456351948902
"V4",0.507448782445863
"V5",0.273124010534957
"V6",0.36269457032904
"V7",0.480134164215997
"V8",2.21184374857694
"V9",3.64916627109051
"V10",1.26287702471018
"V11",4.55973592586815
