"names","vals"
"Intercept",-6.57108719042176
"y",0.886973585700616
"V1",0.961506087565795
"V2",0.331825366010889
"V3",0.918444137554616
"V4",0.628404800780118
"V5",0.471149133052677
"V6",1.18529306538403
"V7",2.97129879239947
