"names","vals"
"Intercept",-3.36929982256284
"y",0.513544591609389
"V1",0.541226256638765
"V2",0.854953037109226
"V3",0.248678694479167
"V4",0.665612490847707
"V5",0.303239609114826
"V6",2.0522694773972
"V7",2.62118640448898
