"names","vals"
"Intercept",-4.52588995277393
"y",0.982629322446883
"V1",0.478268043836579
"V2",0.587976076407358
"V3",0.0185223727021366
"V4",0.101673291763291
"V5",4.01740359235555
