"names","vals"
"Intercept",-4.05677323414897
"y",0.358839223859832
"V1",0.69769372837618
"V2",0.403912644600496
"V3",0.212344160303473
"V4",0.457492781570181
"V5",0.0987845002673566
"V6",3.42911960929632
"V7",2.86157024279237
