"names","vals"
"Intercept",-2.78940470270067
"y",0.30067806201987
"V1",0.740698889363557
"V2",0.262942766072229
"V3",0.440804591169581
"V4",0.375473420834169
"V5",2.16700608935207
