"names","vals"
"Intercept",-8.17634057273809
"y",0.118550041923299
"V1",0.245458693243563
"V2",0.756293546175584
"V3",0.245892696548253
"V4",0.0963430763222277
"V5",0.689006650587544
"V6",0.64647716912441
"V7",2.94538797345012
"V8",2.00945341866463
"V9",2.57996173202991
