"names","vals"
"Intercept",-7.41352223169664
"y",0.74085973855108
"V1",0.226309986785054
"V2",0.307141683762893
"V3",0.356556551763788
"V4",0.026316408533603
"V5",0.394338835030794
"V6",0.9137187669985
"V7",0.359199235681444
"V8",2.46098624169827
"V9",2.5219645453617
"V10",4.43526595272124
"V11",1.67871620785445
