"names","vals"
"Intercept",-8.63615041828435
"y",0.997443626634777
"V1",0.99871384142898
"V2",0.0321888711769134
"V3",0.468231189297512
"V4",0.704758211504668
"V5",0.0346116675063968
"V6",0.84840265288949
"V7",0.787925088079646
"V8",4.41395579930395
"V9",3.61438962444663
"V10",3.08076745364815
"V11",1.42100126016885
