"names","vals"
"Intercept",-3.04756243862677
"y",0.578834548126906
"V1",0.557774175656959
"V2",0.537800239399076
"V3",0.977880892343819
"V4",0.44797460641712
"V5",0.159849436720833
"V6",2.09679259546101
"V7",1.53885756526142
