"names","vals"
"Intercept",-6.42064841068769
"y",0.262124637607485
"V1",0.552605528617278
"V2",0.128579099662602
"V3",0.447755347937346
"V4",0.190660048509017
"V5",0.168847933411598
"V6",0.875345092033967
"V7",0.0695257105398923
"V8",0.0228842250071466
"V9",1.67643515020609
"V10",2.11365084722638
"V11",2.21932421438396
"V12",1.96247536689043
"V13",3.74346715025604
