"names","vals"
"Intercept",-7.4181769004208
"y",0.442728169960901
"V1",0.633046074770391
"V2",0.227482211310416
"V3",0.395468946313486
"V4",0.0915054553188384
"V5",0.0732004891615361
"V6",0.893310877261683
"V7",2.36754985712469
"V8",3.29652437753975
"V9",2.9208521284163
