"names","vals"
"Intercept",-4.36081418384751
"y",0.021572242025286
"V1",0.882336812792346
"V2",0.812757538398728
"V3",0.643603835487738
"V4",0.780303821898997
"V5",0.380289404187351
"V6",2.04297403432429
"V7",4.23020609747618
