"names","vals"
"Intercept",-11.3670999566331
"y",0.299919393612072
"V1",0.426951200934127
"V2",0.964811372570693
"V3",0.0326125486753881
"V4",0.858885117806494
"V5",0.47371940757148
"V6",0.393801288679242
"V7",0.605647897114977
"V8",0.25557310320437
"V9",1.02611176855862
"V10",3.11001727357507
"V11",3.48646298982203
"V12",2.42495017871261
"V13",3.65813447348773
