"names","vals"
"Intercept",-8.85813279147865
"y",0.99739349889569
"V1",0.00263685593381524
"V2",0.487632178002968
"V3",0.473870360059664
"V4",0.830539614660665
"V5",0.340181284584105
"V6",0.114100437844172
"V7",0.510530334431678
"V8",4.90913122985512
"V9",1.50954954698682
"V10",1.6169157018885
"V11",4.51631906721741
