"names","vals"
"Intercept",-6.14960698996694
"y",0.507770099677145
"V1",0.208396940724924
"V2",0.292966133682057
"V3",0.381122004939243
"V4",0.969087536679581
"V5",0.326093421084806
"V6",4.35390362609178
"V7",4.2855261079967
