"names","vals"
"Intercept",-3.20633186437702
"y",0.441505484748632
"V1",0.46896502096206
"V2",0.676270197611302
"V3",0.765682516386732
"V4",0.626037197187543
"V5",1.87011864595115
