"names","vals"
"Intercept",-7.38973879271909
"y",0.495960999280214
"V1",0.908910429337993
"V2",0.700301464414224
"V3",0.872465708991513
"V4",0.53639783966355
"V5",0.895308557199314
"V6",4.70749567542225
"V7",2.64133594185114
