"names","vals"
"Intercept",-0.615530056091026
"y",0.135612817713991
"V1",0.1761404867284
"V2",0.340084625408053
"V3",0.573059808462858
"V4",0.30444849608466
"V5",4.03318725433201
