"names","vals"
"Intercept",-4.6043908325932
"y",0.585915576666594
"V1",0.787042856216431
"V2",0.331341348122805
"V3",0.762617844855413
"V4",0.0162717604544014
"V5",0.371409567305818
"V6",0.71597442519851
"V7",1.10081264190376
"V8",4.08012666460127
"V9",1.60841351933777
