"names","vals"
"Intercept",-6.34774578586663
"y",0.598041776102036
"V1",0.459699302911758
"V2",0.98397678276524
"V3",0.164048715261742
"V4",0.146319663384929
"V5",0.0446974581573159
"V6",2.67507490515709
"V7",4.07465903460979
