"names","vals"
"Intercept",-10.9687218780823
"y",0.0529490606859326
"V1",0.753131987527013
"V2",0.259520585183054
"V3",0.322326170746237
"V4",0.26707142079249
"V5",0.887829266954213
"V6",0.296801193850115
"V7",1.88501961994916
"V8",4.98109725024551
"V9",3.84604918304831
