"names","vals"
"Intercept",-11.3166049775779
"y",0.795175352366641
"V1",0.827873582020402
"V2",0.0730527583509684
"V3",0.500488157151267
"V4",0.242523436434567
"V5",0.675221920013428
"V6",0.869148894911632
"V7",0.741886514704674
"V8",4.13966143969446
"V9",3.69389768689871
"V10",3.97734718490392
"V11",1.73721690382808
