"names","vals"
"Intercept",-4.19046186645748
"y",0.174528026254848
"V1",0.756832693470642
"V2",0.111492008902133
"V3",0.388494492741302
"V4",0.28963905852288
"V5",0.534681678051129
"V6",0.880947618978098
"V7",3.82654631510377
"V8",1.51678529195487
"V9",3.43449870776385
