"names","vals"
"Intercept",-4.51655503848474
"y",0.0424233179073781
"V1",0.659794127335772
"V2",0.649210601812229
"V3",0.855582450749353
"V4",0.585913277929649
"V5",0.903505140449852
"V6",0.529689993243665
"V7",2.99596058018506
"V8",2.6598735069856
"V9",1.35958333313465
