"names","vals"
"Intercept",-3.01585085828276
"y",0.771514439024031
"V1",0.611618672963232
"V2",0.562752144876868
"V3",0.200494650751352
"V4",0.0266389772295952
"V5",4.79307285603136
