"names","vals"
"Intercept",-6.52068471833109
"y",0.30593138281256
"V1",0.815892845857888
"V2",0.246118474984542
"V3",0.13797635352239
"V4",0.69153387309052
"V5",0.744373939931393
"V6",0.18812258914113
"V7",2.27687332034111
"V8",1.38612955622375
"V9",4.08043314609677
