"names","vals"
"Intercept",-1.46271433034283
"y",0.818800969049335
"V1",0.121449689613655
"V2",0.807610378134996
"V3",0.217444233829156
"V4",0.26447064941749
"V5",3.35613596625626
