"names","vals"
"Intercept",-3.79797306337487
"y",0.639756146818399
"V1",0.254528935067356
"V2",0.404514650348574
"V3",0.248820427572355
"V4",0.241395346121863
"V5",3.3521387046203
