"names","vals"
"Intercept",-6.17941153926775
"y",0.628166092326865
"V1",0.506389872403815
"V2",0.45222216588445
"V3",0.244276079116389
"V4",0.846486507216468
"V5",0.261737714288756
"V6",4.31903122644871
"V7",3.30972127430141
