"names","vals"
"Intercept",-2.55689546435908
"y",0.153695630608127
"V1",0.138491411227733
"V2",0.493455640273169
"V3",0.75461403047666
"V4",0.831517817918211
"V5",4.75607952009887
