"names","vals"
"Intercept",-12.4561271883992
"y",0.236599575262517
"V1",0.702351547079161
"V2",0.47877470520325
"V3",0.759657881222665
"V4",0.838365931296721
"V5",0.249694690806791
"V6",0.351018726592883
"V7",0.437996954424307
"V8",0.387210243148729
"V9",3.45833978429437
"V10",3.53198112547398
"V11",4.89823148585856
"V12",4.67751134932041
"V13",2.75988828856498
