"names","vals"
"Intercept",-6.19478291345038
"y",0.345218647737056
"V1",0.14340578741394
"V2",0.523938600672409
"V3",0.212657796917483
"V4",0.171584204537794
"V5",0.74555687000975
"V6",0.749076708685607
"V7",0.365121034672484
"V8",1.9030992127955
"V9",3.27625603415072
"V10",3.52516707964242
"V11",2.42278935480863
