"names","vals"
"Intercept",-3.78538957227115
"y",0.638946861727163
"V1",0.617283616680652
"V2",0.962643919046968
"V3",0.586340300971642
"V4",0.305823674425483
"V5",3.62829937413335
