"names","vals"
"Intercept",-6.12249281512387
"y",0.623896496137604
"V1",0.653838051715866
"V2",0.608154558343813
"V3",0.394236745545641
"V4",0.661170167149976
"V5",0.784526952076703
"V6",0.115100865950808
"V7",4.8931070715189
"V8",4.90825783740729
"V9",2.43733542505652
