"names","vals"
"Intercept",-3.92565781153506
"y",0.693593287607655
"V1",0.740241951774806
"V2",0.0785238137468696
"V3",0.023192398250103
"V4",0.492033084155992
"V5",0.20842200005427
"V6",4.31310320273042
"V7",2.06517718918622
