"names","vals"
"Intercept",-7.04279009852302
"y",0.8313393604476
"V1",0.709406732115895
"V2",0.974070803495124
"V3",0.850414802553132
"V4",0.527084992034361
"V5",0.775253162253648
"V6",0.688007813878357
"V7",2.15658159833401
"V8",1.77014383021742
"V9",4.03679502662271
