"names","vals"
"Intercept",-8.13687766562728
"y",0.614885439863428
"V1",0.0609939571004361
"V2",0.134099239716306
"V3",0.829181898152456
"V4",0.0976949804462492
"V5",0.14093406079337
"V6",0.598376399138942
"V7",0.532340826233849
"V8",3.82405995205045
"V9",1.43487733323127
"V10",4.79613582696766
"V11",4.83887057006359
