"names","vals"
"Intercept",-5.41108580799354
"y",0.209240859607235
"V1",0.777405026135966
"V2",0.488806144334376
"V3",0.608300841413438
"V4",0.866482612211257
"V5",0.638514732941985
"V6",0.654462219914421
"V7",0.563271349295974
"V8",2.27471395116299
"V9",4.41641485132277
"V10",2.21474729385227
"V11",1.88767484761775
