"names","vals"
"Intercept",-8.07948061723309
"y",0.454157337546349
"V1",0.0153599285986274
"V2",0.868860136950389
"V3",0.936041927430779
"V4",0.410558523843065
"V5",0.117161002242938
"V6",0.578836086438969
"V7",3.31135611515492
"V8",3.39499461930245
"V9",1.86437431070954
