"names","vals"
"Intercept",-11.0295888145543
"y",0.166889868211001
"V1",0.376569376094267
"V2",0.209743079962209
"V3",0.950624973280355
"V4",0.357728563714772
"V5",0.932554201921448
"V6",0.148429963504896
"V7",0.0695141579490155
"V8",0.915355060016736
"V9",1.87078493088484
"V10",4.63454980589449
"V11",3.46812380105257
"V12",2.8103289110586
"V13",4.55567380134016
