"names","vals"
"Intercept",-9.57833977916325
"y",0.893658253829926
"V1",0.00124242180027068
"V2",0.253799162106588
"V3",0.275741760386154
"V4",0.704567794688046
"V5",0.861005892977118
"V6",0.0495694715064019
"V7",0.904236336005852
"V8",0.790171303087845
"V9",4.53796579875052
"V10",4.95340556371957
"V11",2.52813295740634
"V12",3.5301399147138
"V13",2.05859674699605
