"names","vals"
"Intercept",-2.90832574701775
"y",0.150580520508811
"V1",0.798282574629411
"V2",0.280841350788251
"V3",0.625969112385064
"V4",0.972146216314286
"V5",1.46188995055854
