"names","vals"
"Intercept",-3.87549974034168
"y",0.524810413364321
"V1",0.619668779429048
"V2",0.288535425206646
"V3",0.673361411783844
"V4",0.0676929128821939
"V5",0.752332995412871
"V6",0.943227051524445
"V7",1.63428676314652
"V8",1.81472322437912
"V9",1.53486809320748
