"names","vals"
"Intercept",-7.50622748379642
"y",0.782529375283048
"V1",0.0860212189145386
"V2",0.0200707456097007
"V3",0.0496342489495873
"V4",0.847500975942239
"V5",0.190840376308188
"V6",0.495562572032213
"V7",0.543325636303052
"V8",3.89271591696888
"V9",4.04354552831501
"V10",3.36619134061038
"V11",2.13167608436197
