"names","vals"
"Intercept",-10.9523226027228
"y",0.819505730178207
"V1",0.902553538093343
"V2",0.469197399448603
"V3",0.121327636297792
"V4",0.380910412408412
"V5",0.893230082234368
"V6",0.683541274629533
"V7",0.897575445240363
"V8",3.13164000585675
"V9",1.50103385467082
"V10",4.00577959604561
"V11",4.43655838165432
