"names","vals"
"Intercept",-11.5827194453999
"y",0.613090660888702
"V1",0.61224758811295
"V2",0.849788144696504
"V3",0.23347762785852
"V4",0.97761071799323
"V5",0.0121708039660007
"V6",0.416983347618952
"V7",0.825273666065186
"V8",0.443180109839886
"V9",1.13877227436751
"V10",3.98167583718896
"V11",4.49808268435299
"V12",4.69739963952452
"V13",3.52707019541413
