"names","vals"
"Intercept",-1.33255273280316
"y",0.611789615359157
"V1",0.00560599588789046
"V2",0.720425447449088
"V3",0.314774761442095
"V4",0.551899439655244
"V5",2.19691010098904
