"names","vals"
"Intercept",-8.41384010862396
"y",0.699845299357548
"V1",0.329060374526307
"V2",0.264083577785641
"V3",0.770902648335323
"V4",0.814576935721561
"V5",0.0711002433672547
"V6",0.18720484431833
"V7",0.406538409879431
"V8",3.64606825821102
"V9",3.96846531052142
"V10",1.22216421738267
"V11",2.45454695727676
