"names","vals"
"Intercept",-12.0740787035949
"y",0.994557744823396
"V1",0.526278569363058
"V2",0.874543152749538
"V3",0.635791630018502
"V4",0.367303832666948
"V5",0.386667576851323
"V6",0.80729562533088
"V7",0.0770868218969554
"V8",3.77753185853362
"V9",2.74740633834153
"V10",1.3089565327391
"V11",4.41426071710885
