"names","vals"
"Intercept",-6.28738361669215
"y",0.285302460892126
"V1",0.40417910576798
"V2",0.685889074578881
"V3",0.562160784611478
"V4",0.982955450890586
"V5",0.471323264762759
"V6",2.46113822329789
"V7",3.12019533850253
