"names","vals"
"Intercept",-4.26832566138776
"y",0.183316547889262
"V1",0.657843989785761
"V2",0.162177694495767
"V3",0.958341255085543
"V4",0.654013940831646
"V5",0.603851647116244
"V6",4.34345453698188
"V7",2.79675711877644
