"names","vals"
"Intercept",-6.2803872910894
"y",0.52915529278107
"V1",0.477062330115587
"V2",0.82651953981258
"V3",0.95609411993064
"V4",0.860412697307765
"V5",0.953658946789801
"V6",4.9251586291939
"V7",4.80241282377392
