"names","vals"
"Intercept",-5.4940852075303
"y",0.0595825046766549
"V1",0.545693071326241
"V2",0.667003385955468
"V3",0.344586424995214
"V4",0.410757822915912
"V5",0.735658765770495
"V6",0.167710758280009
"V7",3.96271688491106
"V8",4.83987041935325
"V9",2.12491243705153
