"names","vals"
"Intercept",-5.58646765194088
"y",0.0365932905115187
"V1",0.826993701048195
"V2",0.981112509267405
"V3",0.589619492180645
"V4",0.301743746967986
"V5",0.593220815062523
"V6",0.505217179423198
"V7",2.93397344090044
"V8",3.43058854434639
"V9",1.48706381116062
