"names","vals"
"Intercept",-7.13730538169853
"y",0.564921584678814
"V1",0.838796376949176
"V2",0.0515150581486523
"V3",0.802196010947227
"V4",0.920324419159442
"V5",0.729298416525126
"V6",0.4347391766496
"V7",0.460744818206877
"V8",0.632082457188517
"V9",2.20114676840603
"V10",3.59125224873424
"V11",3.6481056464836
"V12",2.16975048929453
"V13",2.70632031466812
