"names","vals"
"Intercept",-9.48045133406529
"y",0.781026034383103
"V1",0.838224718812853
"V2",0.232359202345833
"V3",0.226854340871796
"V4",0.249810692621395
"V5",0.140320235630497
"V6",0.829736397136003
"V7",0.788888268871233
"V8",0.0695504925679415
"V9",3.33047321345657
"V10",4.32151539064944
"V11",3.40420733764768
"V12",4.53520146664232
"V13",1.05742349103093
