"names","vals"
"Intercept",-3.16290474652592
"y",0.849633581005037
"V1",0.200116569641978
"V2",0.828024234389886
"V3",0.860861403634772
"V4",0.923705304739997
"V5",0.226313964929432
"V6",4.34664053749293
"V7",1.57608723081648
