"names","vals"
"Intercept",-10.1912963092744
"y",0.348756648367271
"V1",0.744923355756328
"V2",0.280944402329624
"V3",0.494122275616974
"V4",0.433354318141937
"V5",0.580033602425829
"V6",0.496061216574162
"V7",0.939316985663027
"V8",0.519765271572396
"V9",4.0199694512412
"V10",2.45059557631612
"V11",2.11427867319435
"V12",1.35871253535151
"V13",1.74471783731133
