"names","vals"
"Intercept",-6.71868605086231
"y",0.170566497836262
"V1",0.342040950898081
"V2",0.842643904034048
"V3",0.308263537939638
"V4",0.0719051335472614
"V5",0.346082647098228
"V6",0.702378346817568
"V7",0.67839986900799
"V8",1.35955100506544
"V9",3.67671753279865
"V10",2.36607629340142
"V11",2.49654270708561
