"names","vals"
"Intercept",-7.21560329175368
"y",0.295649865176529
"V1",0.469280869932845
"V2",0.301806974224746
"V3",0.161974277812988
"V4",0.185633774846792
"V5",0.0233469160739332
"V6",0.77035350468941
"V7",0.550492339534685
"V8",0.764713300392032
"V9",1.71074365638196
"V10",3.74217779561877
"V11",4.51849313639104
"V12",4.16044400073588
"V13",4.73211111314595
