"names","vals"
"Intercept",-4.74886955069564
"y",0.690053910715505
"V1",0.757061258191243
"V2",0.660671202698722
"V3",0.353488368913531
"V4",0.534737064735964
"V5",0.788540873676538
"V6",4.86803956795484
"V7",2.97833948396146
