"names","vals"
"Intercept",-7.11237541812286
"y",0.0138523150235415
"V1",0.970598656916991
"V2",0.4769884403795
"V3",0.25185433938168
"V4",0.387261494295672
"V5",0.733944118954241
"V6",0.59525007661432
"V7",0.480280680349097
"V8",1.85322552639991
"V9",3.34900949615985
"V10",1.55949590541422
"V11",3.04654886666685
