"names","vals"
"Intercept",-2.99954888294265
"y",0.171819766284898
"V1",0.184099288424477
"V2",0.515132547589019
"V3",0.694255242589861
"V4",0.585341699188575
"V5",0.257900689728558
"V6",0.300262351986021
"V7",0.0465042740106583
"V8",2.07289093546569
"V9",2.50181549601257
"V10",1.27943513356149
"V11",1.20257253758609
