"names","vals"
"Intercept",-2.41445874878485
"y",0.309832543600351
"V1",0.132896663853899
"V2",0.684257900342345
"V3",0.761484881164506
"V4",0.0749043563846499
"V5",0.792605550028384
"V6",0.164574979338795
"V7",3.36029665078968
"V8",1.20753689855337
"V9",2.89981476496905
