"names","vals"
"Intercept",-1.06775064119813
"y",0.309473239351064
"V1",0.337476690299809
"V2",0.44799419818446
"V3",0.439167797099799
"V4",0.395913008367643
"V5",1.25108913797885
