"names","vals"
"Intercept",-1.95543457487784
"y",0.749055904801935
"V1",0.508495304500684
"V2",0.907403383404016
"V3",0.902422206941992
"V4",0.176343929721043
"V5",1.26653377432376
