"names","vals"
"Intercept",-1.42617898914241
"y",0.468080749735236
"V1",0.808339644921944
"V2",0.576984270475805
"V3",0.0854804082773626
"V4",0.163756277179345
"V5",1.2317185215652
