"names","vals"
"Intercept",-11.9162927289237
"y",0.712276636390015
"V1",0.294538253452629
"V2",0.674766217591241
"V3",0.38171473192051
"V4",0.906772988615558
"V5",0.00240009045228362
"V6",0.250918185571209
"V7",0.809186186874285
"V8",3.90464739128947
"V9",2.60091826226562
"V10",3.91229409445077
"V11",1.68527391552925
