"names","vals"
"Intercept",-5.45960344351595
"y",0.692609400255606
"V1",0.456335436785594
"V2",0.119887544540688
"V3",0.756698901532218
"V4",0.618986403103918
"V5",0.92397607374005
"V6",2.76320824213326
"V7",4.77898360602558
