"names","vals"
"Intercept",-7.58137395058665
"y",0.828936445293948
"V1",0.188021644251421
"V2",0.816296329256147
"V3",0.929042920237407
"V4",0.697942316764966
"V5",0.866178646916524
"V6",0.874899823218584
"V7",0.0991207666229457
"V8",0.217497608624399
"V9",1.16384943667799
"V10",4.13390578329563
"V11",1.20875339303166
"V12",2.02710246574134
"V13",3.17873669415712
