"names","vals"
"Intercept",-4.52619160350389
"y",0.823895895620808
"V1",0.651584799401462
"V2",0.786545046838
"V3",0.136677133152261
"V4",0.50123576936312
"V5",0.709237872390077
"V6",0.0601088178809732
"V7",0.922703545307741
"V8",3.1116921165958
"V9",4.9587773559615
"V10",3.64764743857086
"V11",1.59817306697369
