"names","vals"
"Intercept",-2.88157197208516
"y",0.718499338487163
"V1",0.444990621414036
"V2",0.502048490568995
"V3",0.288155227201059
"V4",0.691942737437785
"V5",2.31264572404325
