"names","vals"
"Intercept",-3.75233583797165
"y",0.0732562220655382
"V1",0.263244481757283
"V2",0.820476046996191
"V3",0.842860260047019
"V4",0.00923293479718268
"V5",4.4794101966545
