"names","vals"
"Intercept",-3.22128590922803
"y",0.437326069455594
"V1",0.719949142076075
"V2",0.280151704326272
"V3",0.234684034483507
"V4",0.456799972336739
"V5",0.246000428684056
"V6",2.61387969367206
"V7",2.95145043917
