"names","vals"
"Intercept",-1.8893302492341
"y",0.178568422561511
"V1",0.279403375694528
"V2",0.167286003939807
"V3",0.290552208432928
"V4",0.442078775027767
"V5",1.53192035574466
