"names","vals"
"Intercept",-2.55726612938056
"y",0.671281607355922
"V1",0.411509195808321
"V2",0.957812291104347
"V3",0.261526435846463
"V4",0.4865502724424
"V5",0.489046852802858
"V6",3.19646988622844
"V7",1.47324176784605
