"names","vals"
"Intercept",-6.77202874196041
"y",0.804615523433313
"V1",0.246879642829299
"V2",0.859589498024434
"V3",0.626809986541048
"V4",0.265342699130997
"V5",0.553449430502951
"V6",0.445233234204352
"V7",0.750458719441667
"V8",0.0648612105287611
"V9",2.38570099696517
"V10",3.75642706360668
"V11",4.36079677939415
"V12",1.70139026362449
"V13",1.15592285245657
