"names","vals"
"Intercept",-6.18259166819067
"y",0.688642994733527
"V1",0.41938250279054
"V2",0.987895485479385
"V3",0.159447939833626
"V4",0.679358933586627
"V5",0.775749548105523
"V6",0.237987845204771
"V7",2.0535244429484
"V8",4.33346992172301
"V9",4.83456062432379
