"names","vals"
"Intercept",-2.97426573854266
"y",0.550772002199665
"V1",0.369570073438808
"V2",0.270569110522047
"V3",0.720528646372259
"V4",0.638174094259739
"V5",4.16246875468642
