"names","vals"
"Intercept",-8.64029206485394
"y",0.807054008590057
"V1",0.582592193037271
"V2",0.0561681361868978
"V3",0.60729133640416
"V4",0.513224817579612
"V5",0.0230428830254823
"V6",0.315946270478889
"V7",0.933526675216854
"V8",0.980623600073159
"V9",3.78289878927171
"V10",1.68674225732684
"V11",1.03666850272566
"V12",3.93252210505307
"V13",1.67574805859476
