"names","vals"
"Intercept",-6.24154421959934
"y",0.00021599349565804
"V1",0.625565987313166
"V2",0.988969214027748
"V3",0.915115126874298
"V4",0.272093336097896
"V5",0.218266469892114
"V6",0.209370420780033
"V7",0.87356903613545
"V8",2.01947904750705
"V9",2.0422077793628
"V10",1.56720789987594
"V11",2.23683682270348
