"names","vals"
"Intercept",-6.55270752035221
"y",0.306361957918853
"V1",0.870821530697867
"V2",0.210949233733118
"V3",0.975647625047714
"V4",0.414191895164549
"V5",0.283021597424522
"V6",0.0266740443184972
"V7",3.67024861741811
"V8",1.10391259752214
"V9",1.86544225458056
