"names","vals"
"Intercept",-8.01726369644841
"y",0.371784824877977
"V1",0.299806265160441
"V2",0.542085081804544
"V3",0.571691235993057
"V4",0.343796600587666
"V5",0.223911258857697
"V6",2.49071664363146
"V7",4.56065495591611
