"names","vals"
"Intercept",-8.6136868255143
"y",0.706166042713448
"V1",0.530616771196947
"V2",0.0443526788149029
"V3",0.887748530833051
"V4",0.95380926458165
"V5",0.835406944621354
"V6",0.528975690016523
"V7",0.756531341932714
"V8",4.88900631479919
"V9",1.88608688302338
"V10",3.43019686825573
"V11",1.70533488690853
