"names","vals"
"Intercept",-6.62135388422059
"y",0.605748585425317
"V1",0.832469812361524
"V2",0.186558791901916
"V3",0.023983804974705
"V4",0.494591186754405
"V5",0.360782193252817
"V6",0.355019985465333
"V7",2.07918728515506
"V8",2.40191145893186
"V9",4.97644488140941
