"names","vals"
"Intercept",-5.69755923170922
"y",0.997114637400955
"V1",0.313979594036937
"V2",0.822943091858178
"V3",0.153138025430962
"V4",0.485419308533892
"V5",0.517651201924309
"V6",3.33075174223632
"V7",4.14904872514307
