"names","vals"
"Intercept",-4.13576837002905
"y",0.896646888460964
"V1",0.11595551064238
"V2",0.238383523421362
"V3",0.782528549665585
"V4",0.544207234634086
"V5",0.330537119181827
"V6",0.974432810442522
"V7",2.48548406176269
"V8",3.19660428445786
"V9",1.79757654573768
