"names","vals"
"Intercept",-1.169829852127
"y",0.0989069573115557
"V1",0.569276843685657
"V2",0.422219787957147
"V3",0.143370004370809
"V4",0.944079807261005
"V5",2.08676162082702
