"names","vals"
"Intercept",-3.12438210033695
"y",0.626037342241034
"V1",0.854962588055059
"V2",0.174817841267213
"V3",0.855300597613677
"V4",0.766830347245559
"V5",2.11783650610596
