"names","vals"
"Intercept",-10.1741505232069
"y",0.742986962432042
"V1",0.53797417297028
"V2",0.179010700667277
"V3",0.739250235958025
"V4",0.962859087157995
"V5",0.398917337879539
"V6",0.340023982105777
"V7",0.606095636729151
"V8",4.69308111071587
"V9",4.02431906759739
"V10",2.01709694042802
"V11",1.40010949037969
