"names","vals"
"Intercept",-7.8885596064839
"y",0.448012853506953
"V1",0.63635169249028
"V2",0.0594289510045201
"V3",0.490486436057836
"V4",0.432837016414851
"V5",0.394673377741128
"V6",0.203518784604967
"V7",0.173594846855849
"V8",3.05107662919909
"V9",4.37900683935732
"V10",1.61920519080013
"V11",3.23156095482409
