"names","vals"
"Intercept",-9.68690772188757
"y",0.322387172840536
"V1",0.0666775214485824
"V2",0.663588220952079
"V3",0.247457935009152
"V4",0.916694751707837
"V5",0.860260886605829
"V6",0.892247074050829
"V7",0.488432842306793
"V8",0.784923727158457
"V9",2.89763918705285
"V10",3.98297214042395
"V11",2.79828804731369
"V12",3.64949868619442
"V13",1.78723285906017
