"names","vals"
"Intercept",-3.72134275858896
"y",0.140135300112888
"V1",0.274345555808395
"V2",0.410401494940743
"V3",0.861445984104648
"V4",0.490669723367319
"V5",3.01001865044236
