"names","vals"
"Intercept",-1.97350712731015
"y",0.0951142783742398
"V1",0.544941696804017
"V2",0.493757011601701
"V3",0.921030862256885
"V4",0.860686795786023
"V5",1.21984155941755
