"names","vals"
"Intercept",-2.91971276264987
"y",0.903497957391664
"V1",0.579762366134673
"V2",0.131757244467735
"V3",0.0337036603596061
"V4",0.479915450094268
"V5",1.56179377343506
