"names","vals"
"Intercept",-2.57039896561112
"y",0.84179823892191
"V1",0.59311586106196
"V2",0.446982521330938
"V3",0.104612965835258
"V4",0.839197366498411
"V5",2.55207513924688
