"names","vals"
"Intercept",-1.88750203363411
"y",0.40109504526481
"V1",0.742994450731203
"V2",0.598545482149348
"V3",0.00739441020414233
"V4",0.228022440336645
"V5",3.74329417292029
