"names","vals"
"Intercept",-10.5646158187296
"y",0.633612992241979
"V1",0.917521853698418
"V2",0.331369416322559
"V3",0.103416078723967
"V4",0.784991577034816
"V5",0.455678240861744
"V6",0.236239306163043
"V7",4.88848952855915
"V8",2.59974196273834
"V9",4.4481028849259
