"names","vals"
"Intercept",-2.83158945876872
"y",0.767833132995293
"V1",0.0515514852013439
"V2",0.396678464720026
"V3",0.721682900562882
"V4",0.790735928108916
"V5",0.427529607666656
"V6",3.5243881624192
"V7",1.53366712108254
