"names","vals"
"Intercept",-8.01564369654097
"y",0.854191366350278
"V1",0.673354047583416
"V2",0.0179931486491114
"V3",0.438577609602362
"V4",0.0347535759210587
"V5",0.3508677163627
"V6",0.532840199535713
"V7",2.10744139179587
"V8",4.84969963785261
"V9",4.34877952840179
