"names","vals"
"Intercept",-9.6976746960606
"y",0.576115743024275
"V1",0.132542532403022
"V2",0.330938577651978
"V3",0.827359774382785
"V4",0.806485422421247
"V5",0.345761702163145
"V6",0.981644929852337
"V7",4.63484164793044
"V8",2.72737117763609
"V9",1.23083985410631
