"names","vals"
"Intercept",-8.80716058076313
"y",0.825456449994817
"V1",0.150971848517656
"V2",0.732554781949148
"V3",0.217509424779564
"V4",0.270084775984287
"V5",0.78497791942209
"V6",0.725630048895255
"V7",0.466490760212764
"V8",2.43195356056094
"V9",2.21208363585174
"V10",2.03793608117849
"V11",4.68347559310496
