"names","vals"
"Intercept",-7.49675339777302
"y",0.126939244801179
"V1",0.673818921437487
"V2",0.406104193301871
"V3",0.909983513411134
"V4",0.598896821960807
"V5",0.234937582863495
"V6",0.422317915130407
"V7",1.8907035086304
"V8",1.34952227119356
"V9",4.27390915341675
