"names","vals"
"Intercept",-9.55497881408036
"y",0.913119051139802
"V1",0.151372001972049
"V2",0.288411722984165
"V3",0.287600944750011
"V4",0.179904319811612
"V5",0.346767582930624
"V6",0.607685863506049
"V7",0.403366497950628
"V8",3.39672361221164
"V9",4.96751382853836
"V10",1.74349900148809
"V11",3.32047695107758
