"names","vals"
"Intercept",-5.82203287488571
"y",0.802338247653097
"V1",0.770495799137279
"V2",0.371306726243347
"V3",0.769980878802016
"V4",0.63940803706646
"V5",0.618105467641726
"V6",1.70282157696784
"V7",4.41315650194883
