"names","vals"
"Intercept",-4.22487386569241
"y",0.116407026536763
"V1",0.61048860149458
"V2",0.632605125196278
"V3",0.467731749871746
"V4",0.487336294259876
"V5",0.341721378965303
"V6",1.4137078486383
"V7",2.58063073921949
