"names","vals"
"Intercept",-3.74355767527735
"y",0.678515510167927
"V1",0.589576215017587
"V2",0.0349796682130545
"V3",0.825582882156596
"V4",0.597539044683799
"V5",0.241614771075547
"V6",2.92516629584134
"V7",2.4915922973305
