"names","vals"
"Intercept",-15.6052719432078
"y",0.472156120929867
"V1",0.504418495576829
"V2",0.721898649353534
"V3",0.424975276226178
"V4",0.224314385093749
"V5",0.265539433574304
"V6",0.152265768963844
"V7",0.409419786417857
"V8",0.0157638322561979
"V9",3.81532561779022
"V10",3.02735659573227
"V11",3.39053826779127
"V12",4.71950894780457
"V13",2.65926968399435
