"names","vals"
"Intercept",-10.7061117901669
"y",0.825953632825986
"V1",0.423935642233118
"V2",0.663174181943759
"V3",0.863423374481499
"V4",0.998416432645172
"V5",0.624413043493405
"V6",0.643539162585512
"V7",2.31103191245347
"V8",4.22987570241094
"V9",4.07757777906954
