"names","vals"
"Intercept",-4.97989465289307
"y",0.798658750019968
"V1",0.78338479087688
"V2",0.269372846232727
"V3",0.58058491605334
"V4",0.115316692274064
"V5",0.342607759870589
"V6",3.62524810433388
"V7",2.24640122894198
