"names","vals"
"Intercept",-7.47205871892907
"y",0.502258259337395
"V1",0.86610258044675
"V2",0.778022013604641
"V3",0.566032868577167
"V4",0.384756786981598
"V5",0.755785311572254
"V6",0.560152842663229
"V7",0.089421262498945
"V8",1.80633413139731
"V9",2.36450272519141
"V10",4.79031613562256
"V11",1.11619934439659
