"names","vals"
"Intercept",-4.50326948698377
"y",0.125294486293569
"V1",0.691786262905225
"V2",0.517026982037351
"V3",0.00728502147831023
"V4",0.132111318409443
"V5",0.869612298440188
"V6",0.176645947154611
"V7",0.495382195105776
"V8",1.87561500724405
"V9",1.37172390799969
"V10",2.58119066711515
"V11",2.74173715244979
