"names","vals"
"Intercept",-2.76244526201859
"y",0.870270793093368
"V1",0.0972179148811847
"V2",0.892139798728749
"V3",0.0256032969336957
"V4",0.442002494353801
"V5",0.672376129543409
"V6",1.1757388394326
"V7",2.04228788148612
