"names","vals"
"Intercept",-10.7248892756815
"y",0.629938554717228
"V1",0.375587949762121
"V2",0.106831135926768
"V3",0.362750960048288
"V4",0.711696215672418
"V5",0.184048655210063
"V6",0.417792855296284
"V7",0.458194989245385
"V8",0.216785393189639
"V9",3.58995703235269
"V10",3.51203222759068
"V11",1.98655486386269
"V12",2.66250236798078
"V13",1.63947442453355
