"names","vals"
"Intercept",-1.94459339375189
"y",0.210076590068638
"V1",0.0884071358013898
"V2",0.965358485234901
"V3",0.308845825726166
"V4",0.369950791588053
"V5",0.54484442458488
"V6",2.63247087225318
"V7",2.99668771680444
