"names","vals"
"Intercept",-3.45767373568215
"y",0.0764720200095326
"V1",0.974316796986386
"V2",0.180616853991523
"V3",0.602649031206965
"V4",0.584621059009805
"V5",4.03832217864692
