"names","vals"
"Intercept",-5.45120874325163
"y",0.715420039370656
"V1",0.120199434226379
"V2",0.582765072118491
"V3",0.885993474163115
"V4",0.446764019783586
"V5",0.75188075681217
"V6",0.0771524391602725
"V7",0.859637974295765
"V8",4.79938823077828
"V9",3.63442346081138
"V10",1.47970456816256
"V11",2.96066939085722
