"names","vals"
"Intercept",-8.6262367673791
"y",0.964004822773859
"V1",0.622394545236602
"V2",0.522768671158701
"V3",0.703433020040393
"V4",0.665747974300757
"V5",0.501475546043366
"V6",0.900392197770998
"V7",0.855898064561188
"V8",0.397813278017566
"V9",3.49068858940154
"V10",3.59983798116446
"V11",2.33041404187679
"V12",4.54393189679831
"V13",1.25619566068053
