"names","vals"
"Intercept",-6.92230010953825
"y",0.507318748161197
"V1",0.762329819146544
"V2",0.262011435814202
"V3",0.384689613711089
"V4",0.692959261825308
"V5",0.396147173596546
"V6",0.498224034206942
"V7",2.12849570345134
"V8",2.61303280666471
"V9",4.23226226493716
