"names","vals"
"Intercept",-5.70509070975985
"y",0.693621715763584
"V1",0.9190243401099
"V2",0.0729883897583932
"V3",0.102952438639477
"V4",0.662441739114001
"V5",0.0718750164378434
"V6",0.593939445447177
"V7",0.36553645785898
"V8",2.63288962189108
"V9",2.39331643469632
"V10",1.95413969643414
"V11",1.95219483785331
