"names","vals"
"Intercept",-7.73384822291927
"y",0.600732567254454
"V1",0.653972724685445
"V2",0.572931410279125
"V3",0.987653151387349
"V4",0.428719921503216
"V5",0.597030765609816
"V6",0.788828668184578
"V7",0.0808754237368703
"V8",2.27441279403865
"V9",4.65600186027586
"V10",2.72841576207429
"V11",2.06037879921496
