"names","vals"
"Intercept",-5.04891502796998
"y",0.800695464247838
"V1",0.139157540630549
"V2",0.586467072600499
"V3",0.313064597547054
"V4",0.307691532419994
"V5",0.844985005445778
"V6",0.988009881461039
"V7",0.420114039210603
"V8",1.35662817582488
"V9",1.24928915128112
"V10",1.03191336244345
"V11",3.28302132431418
