"names","vals"
"Intercept",-1.87948404708831
"y",0.563811350148171
"V1",0.747748821042478
"V2",0.666647501988336
"V3",0.154335320694372
"V4",0.977588980691507
"V5",0.986842245096341
"V6",1.75580741371959
"V7",1.25006834790111
