"names","vals"
"Intercept",-7.61486262519145
"y",0.162153164390475
"V1",0.650808650767431
"V2",0.85761642199941
"V3",0.222621981054544
"V4",0.662635665852576
"V5",0.260563590796664
"V6",0.315811643144116
"V7",0.650646711001173
"V8",0.440925135742873
"V9",2.68770300131291
"V10",3.70225317869335
"V11",2.0110154543072
"V12",2.10289478767663
"V13",4.39436622988433
