"names","vals"
"Intercept",-5.62285234921356
"y",0.942835210589692
"V1",0.879269865574315
"V2",0.721358251525089
"V3",0.75430850405246
"V4",0.97786378255114
"V5",0.563097924925387
"V6",1.47506451141089
"V7",3.65350528433919
