"names","vals"
"Intercept",-7.72243072592001
"y",0.554161123698577
"V1",0.635942418361083
"V2",0.64458045293577
"V3",0.589637652272359
"V4",0.383492264663801
"V5",0.317134756594896
"V6",0.255019020522013
"V7",0.5446194158867
"V8",2.40234199073166
"V9",4.35846869181842
"V10",4.60012666787952
"V11",2.23010312952101
