"names","vals"
"Intercept",-11.4630260645561
"y",0.98512318637222
"V1",0.578133999137208
"V2",0.643042973708361
"V3",0.0300193848088384
"V4",0.502993295900524
"V5",0.0903312941081822
"V6",0.264068806776777
"V7",4.62497324962169
"V8",3.10542272217572
"V9",4.40376903489232
