"names","vals"
"Intercept",-11.100955914103
"y",0.418561087688431
"V1",0.600364214507863
"V2",0.0129980396013707
"V3",0.897242646664381
"V4",0.0155866406857967
"V5",0.546724571380764
"V6",0.975847996538505
"V7",0.439365378580987
"V8",0.223387764301151
"V9",3.57440563943237
"V10",1.39165574684739
"V11",4.07384919002652
"V12",3.79819872044027
"V13",3.63121990580112
