"names","vals"
"Intercept",-9.49179893460637
"y",0.201227940618992
"V1",0.507816430414096
"V2",0.466614268254489
"V3",0.351755272597075
"V4",0.159378626383841
"V5",0.958265076158568
"V6",0.767894988646731
"V7",0.0934882124420255
"V8",3.50686908047646
"V9",4.47644843067974
"V10",1.69042034074664
"V11",1.17419044766575
