"names","vals"
"Intercept",-2.79758812457509
"y",0.118522162316367
"V1",0.665703371632844
"V2",0.569093849044293
"V3",0.831377031980082
"V4",0.153662086464465
"V5",2.01614014524966
