"names","vals"
"Intercept",-4.42659461716027
"y",0.648216925561428
"V1",0.641493703937158
"V2",0.136178900720552
"V3",0.861818610923365
"V4",0.733936292584985
"V5",0.338812904898077
"V6",2.19024980254471
"V7",1.45200331509113
