"names","vals"
"Intercept",-4.94935800129431
"y",0.42301526479423
"V1",0.748167882673442
"V2",0.78774039587006
"V3",0.788102274294943
"V4",0.0419702481012791
"V5",0.3420637359377
"V6",0.423357286024839
"V7",0.944820548174903
"V8",2.70528313796967
"V9",3.30070033855736
"V10",1.75094048213214
"V11",3.73446703143418
