"names","vals"
"Intercept",-8.34924466521479
"y",0.00325474725104868
"V1",0.32180212950334
"V2",0.933636602014303
"V3",0.224643702618778
"V4",0.490201366366819
"V5",0.742117884336039
"V6",0.879651327850297
"V7",0.368408204056323
"V8",0.648546067066491
"V9",1.93572572711855
"V10",3.03932122793049
"V11",2.37125387694687
"V12",2.79530259873718
"V13",1.82113006897271
