"names","vals"
"Intercept",-8.5436022141343
"y",0.37033029505983
"V1",0.403668159153312
"V2",0.0480396808125079
"V3",0.535179182654247
"V4",0.201863961992785
"V5",0.791124848183244
"V6",0.682718780823052
"V7",0.828862312948331
"V8",0.263361186021939
"V9",2.69386573880911
"V10",2.99129099491984
"V11",1.61556742526591
"V12",4.45691831875592
"V13",2.21195166558027
