"names","vals"
"Intercept",-4.401000128794
"y",0.374757851473987
"V1",0.510791425360367
"V2",0.0667528745252639
"V3",0.429886512923986
"V4",0.0961710589472204
"V5",0.382852167356759
"V6",0.491159023018554
"V7",4.92630877811462
"V8",1.71138786524534
"V9",3.31476802285761
