"names","vals"
"Intercept",-9.55419585846877
"y",0.8620446305722
"V1",0.00805100775323808
"V2",0.843009294709191
"V3",0.130487794522196
"V4",0.742893821327016
"V5",0.0334171620197594
"V6",0.000856691738590598
"V7",4.47020708024502
"V8",1.84992683492601
"V9",3.43777655996382
