"names","vals"
"Intercept",-6.31619083090266
"y",0.260176182724535
"V1",0.195941391400993
"V2",0.0104951052926481
"V3",0.729156404267997
"V4",0.999520638026297
"V5",0.124954426195472
"V6",0.00109081203117967
"V7",3.01424469519407
"V8",2.04582799132913
"V9",2.07752845995128
