"names","vals"
"Intercept",-8.54658352606324
"y",0.294518809067085
"V1",0.0343948635272682
"V2",0.637105415342376
"V3",0.296191569417715
"V4",0.606727108126506
"V5",0.422478156164289
"V6",3.87788884434849
"V7",3.65059008263052
