"names","vals"
"Intercept",-12.0834314037696
"y",0.994245410664007
"V1",0.647594935493544
"V2",0.184731615707278
"V3",0.584724343148991
"V4",0.308579840930179
"V5",0.245489950291812
"V6",0.803322293562815
"V7",0.120813958812505
"V8",0.920047053368762
"V9",1.63960900343955
"V10",1.45115071348846
"V11",3.10653567686677
"V12",2.74476946983486
"V13",4.93261488899589
