"names","vals"
"Intercept",-4.67823415260203
"y",0.1218373964075
"V1",0.350818007718772
"V2",0.191248924471438
"V3",0.923955598147586
"V4",0.618152360897511
"V5",0.74078639736399
"V6",4.81727709434927
"V7",4.97320028487593
