"names","vals"
"Intercept",-5.28629554630979
"y",0.433277461212128
"V1",0.97402202244848
"V2",0.941758610541001
"V3",0.363489256473258
"V4",0.49156311689876
"V5",0.208587840897962
"V6",0.0959094613790512
"V7",3.96889729518443
"V8",1.32083821855485
"V9",3.07823287975043
