"names","vals"
"Intercept",-7.63543751008529
"y",0.0558486941736192
"V1",0.83828969206661
"V2",0.862416380317882
"V3",0.853001316776499
"V4",0.365266542183235
"V5",0.413155203685164
"V6",0.948149792151526
"V7",0.27908136183396
"V8",1.52016045711935
"V9",2.49735168833286
"V10",3.84958032239228
"V11",3.93189907632768
