"names","vals"
"Intercept",-4.22302623985475
"y",0.098595900926739
"V1",0.565828054444864
"V2",0.240733915707096
"V3",0.9668882524129
"V4",0.0872598791029304
"V5",0.559692288981751
"V6",0.885434907861054
"V7",3.38620633911341
"V8",3.70531716849655
"V9",3.0644364003092
