"names","vals"
"Intercept",-4.0233295200998
"y",0.860318165505305
"V1",0.612047551665455
"V2",0.132166476920247
"V3",0.998824774520472
"V4",0.728834551293403
"V5",0.300530823413283
"V6",0.858620770275593
"V7",1.64283392392099
"V8",2.233866520226
"V9",1.26956637017429
