"names","vals"
"Intercept",-8.51717749253311
"y",0.859810526715592
"V1",0.921689503127709
"V2",0.210661142831668
"V3",0.495879494352266
"V4",0.425359440501779
"V5",0.641929164761677
"V6",0.898297678679228
"V7",0.226698872400448
"V8",0.73704306432046
"V9",1.06311602331698
"V10",1.89085991028696
"V11",4.52840000670403
"V12",2.19502247404307
"V13",1.6485522352159
