"names","vals"
"Intercept",-2.17524353030091
"y",0.867020545061678
"V1",0.132612048881128
"V2",0.425126916961744
"V3",0.72914021788165
"V4",0.111793639371172
"V5",0.130962865194306
"V6",3.89503099583089
"V7",2.31911818124354
