"names","vals"
"Intercept",-6.41533038856857
"y",0.0360524347051978
"V1",0.353214506991208
"V2",0.852089115185663
"V3",0.0150518023874611
"V4",0.73555975034833
"V5",0.760092003503814
"V6",4.92909152340144
"V7",3.96383574139327
