"names","vals"
"Intercept",-1.29746255886485
"y",0.0549431573599577
"V1",0.244602692080662
"V2",0.273352374322712
"V3",0.321646091993898
"V4",0.871724248863757
"V5",0.671382841421291
"V6",2.14109605178237
"V7",3.80203289259225
