"names","vals"
"Intercept",-2.43791746548889
"y",0.897541022859514
"V1",0.326119837118313
"V2",0.814294161042199
"V3",0.475621094694361
"V4",0.408629007637501
"V5",1.32180866971612
