"names","vals"
"Intercept",-6.98441954183532
"y",0.50809440179728
"V1",0.254884578986093
"V2",0.29158532130532
"V3",0.472803283948451
"V4",0.0357412116136402
"V5",0.420642320299521
"V6",0.129183839308098
"V7",0.489379768026993
"V8",0.764742297120392
"V9",2.68832369148731
"V10",2.68646464683115
"V11",4.1027542706579
"V12",4.92068989761174
"V13",1.0585403451696
