"names","vals"
"Intercept",-3.86699089140818
"y",0.246039302321151
"V1",0.822526525938883
"V2",0.354600925697014
"V3",0.806074439315125
"V4",0.591794063337147
"V5",3.0126829976216
