"names","vals"
"Intercept",-5.71028028798662
"y",0.782882635015994
"V1",0.299775992985815
"V2",0.579865167150274
"V3",0.648707393091172
"V4",0.795859209029004
"V5",0.468705744948238
"V6",0.162191897863522
"V7",2.29858301207423
"V8",2.17548339534551
"V9",2.54243401903659
