"names","vals"
"Intercept",-2.60351295456989
"y",0.7412361248862
"V1",0.238356787245721
"V2",0.912428461015224
"V3",0.0166245028376579
"V4",0.961789678782225
"V5",1.75185157451779
