"names","vals"
"Intercept",-5.77252858667588
"y",0.172016015741974
"V1",0.737165477825329
"V2",0.596727530006319
"V3",0.571363871917129
"V4",0.183279928518459
"V5",0.940326577750966
"V6",0.22188113653101
"V7",0.57493950240314
"V8",4.86855361517519
"V9",1.92680265568197
"V10",2.58326170500368
"V11",2.39129453711212
