"names","vals"
"Intercept",-11.6126410602857
"y",0.95353936473839
"V1",0.187682102667168
"V2",0.87218135339208
"V3",0.304825064959005
"V4",0.997940982924774
"V5",0.112432479392737
"V6",0.242922516306862
"V7",0.986919997725636
"V8",0.692678381921723
"V9",1.87381145916879
"V10",3.27170602697879
"V11",2.34699720237404
"V12",2.73935678601265
"V13",3.13750398531556
