"names","vals"
"Intercept",-10.0236780970602
"y",0.208579309983179
"V1",0.174675599904731
"V2",0.681808209978044
"V3",0.989467085106298
"V4",0.892324271146208
"V5",0.0851671285927296
"V6",0.781515983631834
"V7",0.94037075410597
"V8",1.30191146209836
"V9",4.69130755122751
"V10",3.63020845875144
"V11",1.07703807763755
