"names","vals"
"Intercept",-8.35131272499682
"y",0.272781089646742
"V1",0.73059578705579
"V2",0.0321165286004543
"V3",0.683974761748686
"V4",0.346356301568449
"V5",0.280147295445204
"V6",0.47262101713568
"V7",4.81968057341874
"V8",1.80266975890845
"V9",3.08046443387866
