"names","vals"
"Intercept",-2.24328571836231
"y",0.895837996620685
"V1",0.427726912079379
"V2",0.15841111028567
"V3",0.447315821424127
"V4",0.309060573810712
"V5",3.64256146457046
