"names","vals"
"Intercept",-4.17892587075173
"y",0.211417757440358
"V1",0.418373298598453
"V2",0.639702279586345
"V3",0.95330169214867
"V4",0.836302010109648
"V5",0.122882679570466
"V6",1.32589137833565
"V7",3.61386433150619
