"names","vals"
"Intercept",-2.71267419063486
"y",0.900809051236138
"V1",0.639607372693717
"V2",0.862288964446634
"V3",0.393706192262471
"V4",0.868121411185712
"V5",2.26594998221844
