"names","vals"
"Intercept",-1.01224640540918
"y",0.115205281646922
"V1",0.535057764034718
"V2",0.0378072506282479
"V3",0.308916844194755
"V4",0.506819272181019
"V5",4.41968323849142
