"names","vals"
"Intercept",-1.88286238877755
"y",0.497452090959996
"V1",0.0911521115340292
"V2",0.78703841031529
"V3",0.636824415298179
"V4",0.155476538231596
"V5",4.12917999457568
