"names","vals"
"Intercept",-3.6305320758759
"y",0.100159956840798
"V1",0.676746571669355
"V2",0.107368322089314
"V3",0.427435302641243
"V4",0.139628099743277
"V5",3.12839347403497
