"names","vals"
"Intercept",-8.58794745642878
"y",0.507144431350753
"V1",0.0891435942612588
"V2",0.268860096810386
"V3",0.895197599660605
"V4",0.224172097863629
"V5",0.367949673440307
"V6",0.00176959601230919
"V7",0.16741648549214
"V8",4.95002292189747
"V9",4.71690994221717
"V10",4.54356770031154
"V11",2.50363483000547
