"names","vals"
"Intercept",-6.60458762332937
"y",0.450242559192702
"V1",0.99920430034399
"V2",0.508929912233725
"V3",0.344751292606816
"V4",0.975546256871894
"V5",0.719653220614418
"V6",3.35772825684398
"V7",3.38494280166924
