"names","vals"
"Intercept",-8.90331666187849
"y",0.588140487438068
"V1",0.275539582595229
"V2",0.524880090961233
"V3",0.690714701544493
"V4",0.655500881839544
"V5",0.740975496126339
"V6",0.840100595029071
"V7",0.0834220955148339
"V8",3.34465630538762
"V9",2.8787337411195
"V10",2.17028124816716
"V11",2.15389662329108
