"names","vals"
"Intercept",-4.34584931756975
"y",0.175092370249331
"V1",0.565932615892962
"V2",0.880474334349856
"V3",0.16703912243247
"V4",0.194065521936864
"V5",0.0411280416883528
"V6",4.4189773965627
"V7",1.40512619540095
