"names","vals"
"Intercept",-12.1802407644372
"y",0.580407425062731
"V1",0.556856006151065
"V2",0.602259915554896
"V3",0.74584780447185
"V4",0.306964689400047
"V5",0.46639914973639
"V6",0.825799242360517
"V7",0.0284778496716172
"V8",0.786963709164411
"V9",4.88773407507688
"V10",4.19471511337906
"V11",1.58091528248042
"V12",2.40506945643574
"V13",2.89243943057954
