"names","vals"
"Intercept",-3.37636708856001
"y",0.951202198397368
"V1",0.88457856583409
"V2",0.918537315679714
"V3",0.859809377463534
"V4",0.819155564066023
"V5",1.21150625217706
