"names","vals"
"Intercept",-4.36110289172223
"y",0.41256316495128
"V1",0.258774425135925
"V2",0.92166858445853
"V3",0.33615604811348
"V4",0.996108466060832
"V5",0.926929624984041
"V6",1.39932849258184
"V7",1.04088000487536
