"names","vals"
"Intercept",-12.5313481090819
"y",0.613790230592713
"V1",0.0148311266675591
"V2",0.83564561791718
"V3",0.112219600239769
"V4",0.405375144211575
"V5",0.63083740347065
"V6",0.0398202335927635
"V7",0.10655727959238
"V8",3.91007418278605
"V9",3.67645813338459
"V10",3.53836041409522
"V11",4.76569442637265
