"names","vals"
"Intercept",-6.92869163077488
"y",0.9220139705576
"V1",0.462807527044788
"V2",0.324484677985311
"V3",0.555722274119034
"V4",0.440961674787104
"V5",0.583237782353535
"V6",0.795451172394678
"V7",0.0127233876846731
"V8",0.453247159719467
"V9",1.81503587123007
"V10",3.06310255546123
"V11",2.75815076194704
"V12",2.43800634425133
"V13",1.6049915375188
