"names","vals"
"Intercept",-14.7518347281546
"y",0.311276715015993
"V1",0.601165905361995
"V2",0.954898741096258
"V3",0.126099408138543
"V4",0.584876589709893
"V5",0.690619478700683
"V6",0.540653022704646
"V7",0.55111415637657
"V8",0.248400109820068
"V9",3.22457044571638
"V10",3.79603193234652
"V11",2.74820735491812
"V12",3.55524164997041
"V13",1.42423621658236
