"names","vals"
"Intercept",-8.83957646279806
"y",0.33039945573546
"V1",0.9011422439944
"V2",0.893249390879646
"V3",0.658283024094999
"V4",0.50828283559531
"V5",0.236808806657791
"V6",0.0368468179367483
"V7",4.84015463292599
"V8",2.20368912443519
"V9",2.78495853487402
