"names","vals"
"Intercept",-1.17320869044121
"y",0.145922031253576
"V1",0.101577070076019
"V2",0.44862233614549
"V3",0.305922838393599
"V4",0.389946656068787
"V5",1.13688537757844
