"names","vals"
"Intercept",-2.54269884928875
"y",0.0273982805665582
"V1",0.642854576231912
"V2",0.776722978102043
"V3",0.400238560512662
"V4",0.657342211809009
"V5",1.81510097160935
