"names","vals"
"Intercept",-5.02518179601664
"y",0.0674806493334472
"V1",0.323340305127203
"V2",0.416857693577185
"V3",0.817899923305959
"V4",0.0269312860909849
"V5",0.896975276991725
"V6",2.41830810159445
"V7",3.28744345717132
