"names","vals"
"Intercept",-5.89056590980291
"y",0.750954752089456
"V1",0.418185369344428
"V2",0.742998626781628
"V3",0.953031514538452
"V4",0.97056681686081
"V5",0.00444942200556397
"V6",0.641124556772411
"V7",0.874673715094104
"V8",1.5488524613902
"V9",2.2844577152282
"V10",3.52170169726014
"V11",1.44278810638934
