"names","vals"
"Intercept",-2.78605987636046
"y",0.636801420943812
"V1",0.349981085397303
"V2",0.861371137900278
"V3",0.570893586846069
"V4",0.20420781406574
"V5",0.546866558492184
"V6",0.0177528026979417
"V7",1.3002258464694
"V8",4.42200417816639
"V9",1.08021173067391
