"names","vals"
"Intercept",-2.26654302730877
"y",0.475286004599184
"V1",0.426434979075566
"V2",0.269927385030314
"V3",0.602884136838838
"V4",0.406835421919823
"V5",1.57719937991351
