"names","vals"
"Intercept",-6.5335345888366
"y",0.0197468681726605
"V1",0.172605538275093
"V2",0.184728248277679
"V3",0.156518342904747
"V4",0.564748140284792
"V5",0.0191891032736748
"V6",0.353941014269367
"V7",0.965316193643957
"V8",2.7846741322428
"V9",4.63129019923508
"V10",3.5815398003906
"V11",1.92432755418122
