"names","vals"
"Intercept",-13.8059890221162
"y",0.632726710755378
"V1",0.997855147812515
"V2",0.29432158684358
"V3",0.189710479462519
"V4",0.734205908374861
"V5",0.941330544184893
"V6",0.140054805437103
"V7",0.71939156902954
"V8",0.720606244402006
"V9",3.52635222952813
"V10",2.15996365621686
"V11",3.61517935525626
"V12",3.66480563767254
"V13",2.92546762619168
