"names","vals"
"Intercept",-10.9680666076127
"y",0.560201223241165
"V1",0.581904685823247
"V2",0.938124899752438
"V3",0.492465292336419
"V4",0.893091876525432
"V5",0.152102680876851
"V6",0.303586857393384
"V7",0.88747974135913
"V8",4.13475396763533
"V9",3.39988344628364
"V10",4.94135419186205
"V11",3.08052788674831
