"names","vals"
"Intercept",-10.4007700592026
"y",0.998650551773608
"V1",0.755324429366738
"V2",0.631457173032686
"V3",0.268843690864742
"V4",0.475020835874602
"V5",0.686772797023878
"V6",0.370726970257238
"V7",0.357038641814142
"V8",1.09968656115234
"V9",4.72451890539378
"V10",3.7995303478092
"V11",4.84433496929705
