"names","vals"
"Intercept",-3.11986331641628
"y",0.800677103921771
"V1",0.766918330918998
"V2",0.523728109197691
"V3",0.728520988952368
"V4",0.474019614513963
"V5",4.3936779005453
