"names","vals"
"Intercept",-4.23761785461521
"y",0.431252626469359
"V1",0.866644834866747
"V2",0.678420194424689
"V3",0.573436239734292
"V4",0.976214258931577
"V5",0.380096145439893
"V6",0.499871177133173
"V7",1.57057199347764
"V8",2.87975429370999
"V9",4.20376193989068
