"names","vals"
"Intercept",-12.919102293636
"y",0.929106177063659
"V1",0.812258409336209
"V2",0.622891932725906
"V3",0.124499867204577
"V4",0.708456477848813
"V5",0.0736293296795338
"V6",0.676560788415372
"V7",0.0554775465279818
"V8",4.50752101000398
"V9",2.98786877468228
"V10",2.49996346887201
"V11",4.3356420295313
