"names","vals"
"Intercept",-7.815382077049
"y",0.89282136131078
"V1",0.91937255486846
"V2",0.786145337857306
"V3",0.386509792413563
"V4",0.904007448581979
"V5",0.203455431386828
"V6",0.7835680807475
"V7",0.00677363853901625
"V8",0.598125617485493
"V9",3.95698498748243
"V10",1.39518131595105
"V11",2.51478284411132
"V12",2.89327104203403
"V13",1.55821734014899
