"names","vals"
"Intercept",-6.05254504733952
"y",0.489509152946994
"V1",0.357376459753141
"V2",0.111415672348812
"V3",0.64624647423625
"V4",0.573072179919109
"V5",0.993469659006223
"V6",0.505806069355458
"V7",0.20858425903134
"V8",0.252430991502479
"V9",2.99343570135534
"V10",1.1026019686833
"V11",2.95799786038697
"V12",3.79140841308981
"V13",2.48492929525673
