"names","vals"
"Intercept",-8.29049066025764
"y",0.256738579133525
"V1",0.217506733955815
"V2",0.25186296692118
"V3",0.680247260956094
"V4",0.715407133800909
"V5",0.886356107890606
"V6",0.609581168740988
"V7",0.217828836524859
"V8",0.470892156939954
"V9",2.47339904215187
"V10",2.13708182889968
"V11",2.45131996739656
"V12",1.28011983726174
"V13",3.10609355382621
