"names","vals"
"Intercept",-8.70479864245467
"y",0.940739200916141
"V1",0.162495700176805
"V2",0.255229700822383
"V3",0.538334400625899
"V4",0.404986515175551
"V5",0.0873787247110158
"V6",0.100060858530924
"V7",0.462871732655913
"V8",1.84442296158522
"V9",4.86339846067131
"V10",4.3310714410618
"V11",2.92813245858997
