"names","vals"
"Intercept",-7.89606654659659
"y",0.668272420763969
"V1",0.246089129475877
"V2",0.962355549447238
"V3",0.724503549514338
"V4",0.637839757371694
"V5",0.784499181201681
"V6",0.664925505174324
"V7",0.12414814857766
"V8",2.11703317239881
"V9",4.07720677834004
"V10",4.22149488981813
"V11",1.95500058308244
