"names","vals"
"Intercept",-3.70336431545252
"y",0.140926504973322
"V1",0.590376099804416
"V2",0.126238947501406
"V3",0.675000953255221
"V4",0.664574644295499
"V5",2.62965224031359
