"names","vals"
"Intercept",-5.74999272905244
"y",0.663656677119434
"V1",0.691712565720081
"V2",0.315446488326415
"V3",0.675032977480441
"V4",0.314908545697108
"V5",0.799706038786098
"V6",4.16743312496692
"V7",1.4466153671965
