"names","vals"
"Intercept",-7.05988566134963
"y",0.563513827975839
"V1",0.765106178121641
"V2",0.236937514971942
"V3",0.855263337260112
"V4",0.909826222574338
"V5",0.633243564749137
"V6",0.169807449681684
"V7",4.92339065670967
"V8",3.2308824043721
"V9",3.43296413496137
