"names","vals"
"Intercept",-5.21858890992636
"y",0.724729576846585
"V1",0.101802967255935
"V2",0.133570228470489
"V3",0.441849595867097
"V4",0.814730022102594
"V5",0.195437052752823
"V6",3.87332305777818
"V7",2.20764615759254
