"names","vals"
"Intercept",-4.82659426808683
"y",0.895783165702596
"V1",0.887625085189939
"V2",0.00498149357736111
"V3",0.020525366300717
"V4",0.519655463052914
"V5",0.244285235414281
"V6",0.0406551097985357
"V7",2.89521621353924
"V8",2.18841891270131
"V9",2.16570693440735
