"names","vals"
"Intercept",-10.8860699887301
"y",0.529119918122888
"V1",0.189616731368005
"V2",0.802326595876366
"V3",0.728672225028276
"V4",0.487929631723091
"V5",0.635064658243209
"V6",0.880084874806926
"V7",0.585758895846084
"V8",0.243738408666104
"V9",1.75272341631353
"V10",1.99296361207962
"V11",3.57615027017891
"V12",4.47813299298286
"V13",2.14789737295359
