"names","vals"
"Intercept",-4.52411031239619
"y",0.891054989071563
"V1",0.548694930272177
"V2",0.36968671483919
"V3",0.0231339097954333
"V4",0.295611646492034
"V5",0.698689743876457
"V6",0.776051500579342
"V7",1.61180932540447
"V8",1.57089163456112
"V9",1.12727300263941
