"names","vals"
"Intercept",-3.48243951192964
"y",0.936509180115536
"V1",0.101592533057556
"V2",0.966535938670859
"V3",0.727213536622003
"V4",0.995281263953075
"V5",0.44290176150389
"V6",0.569182852981612
"V7",0.294460848206654
"V8",1.70282891578972
"V9",1.65949110407382
"V10",2.8963112803176
"V11",1.35050621628761
