"names","vals"
"Intercept",-8.24681879542209
"y",0.248079631477594
"V1",0.733764012111351
"V2",0.344474099110812
"V3",0.178903550142422
"V4",0.0614824928343296
"V5",0.744646329898387
"V6",0.182131603360176
"V7",3.93718500994146
"V8",1.92629203945398
"V9",3.30309420265257
