"names","vals"
"Intercept",-3.94843574347696
"y",0.0532780236098915
"V1",0.679433166747913
"V2",0.831696035573259
"V3",0.682734241941944
"V4",0.772938426118344
"V5",4.74109003134072
