"names","vals"
"Intercept",-2.51259059125884
"y",0.577331906883046
"V1",0.547734543448314
"V2",0.215232169954106
"V3",0.911880596773699
"V4",0.889012065716088
"V5",0.225321147590876
"V6",1.17699264921248
"V7",2.22501029167324
