"names","vals"
"Intercept",-8.16585985107254
"y",0.802375807892531
"V1",0.502189830411226
"V2",0.177487589418888
"V3",0.00817979569546878
"V4",0.40007158392109
"V5",0.927661981899291
"V6",0.131947292946279
"V7",4.7511684242636
"V8",3.15035929903388
"V9",1.00480244867504
