"names","vals"
"Intercept",-6.39454557205993
"y",0.0748082080390304
"V1",0.962124215438962
"V2",0.247894357889891
"V3",0.32630903669633
"V4",0.627540964167565
"V5",0.969975360203534
"V6",2.93029006291181
"V7",4.65222529601306
