"names","vals"
"Intercept",-2.21188930935832
"y",0.866696020355448
"V1",0.517996855545789
"V2",0.190319911809638
"V3",0.540434760274366
"V4",0.770616034045815
"V5",2.8128438256681
