"names","vals"
"Intercept",-1.33423080437817
"y",0.306555141927674
"V1",0.491135468706489
"V2",0.453822379233316
"V3",0.387400900945067
"V4",0.919243403943256
"V5",1.40901218354702
