"names","vals"
"Intercept",-5.0753657860565
"y",0.980011852458119
"V1",0.751084531424567
"V2",0.371019714977592
"V3",0.33331759693101
"V4",0.629868011688814
"V5",0.994974486529827
"V6",3.4965444849804
"V7",1.15258919168264
