"names","vals"
"Intercept",-11.8364933764981
"y",0.784843204542994
"V1",0.776619880693033
"V2",0.80224772868678
"V3",0.814395659370348
"V4",0.161629176931456
"V5",0.78856616304256
"V6",0.199752088170499
"V7",0.90398787194863
"V8",0.138299025828019
"V9",1.25011359900236
"V10",2.18238741159439
"V11",2.26452923472971
"V12",4.1752323564142
"V13",4.1425692345947
