"names","vals"
"Intercept",-1.67203886035597
"y",0.34411001438275
"V1",0.313114503631368
"V2",0.350731836166233
"V3",0.804843161487952
"V4",0.283706766553223
"V5",0.111168769886717
"V6",3.81390145327896
"V7",2.0515905469656
