"names","vals"
"Intercept",-9.58643157827738
"y",0.640204839641228
"V1",0.0548776341602206
"V2",0.721629650797695
"V3",0.623761390568689
"V4",0.111113498918712
"V5",0.832023442955688
"V6",0.617940777214244
"V7",0.81293663312681
"V8",0.80248157097958
"V9",2.37641209177673
"V10",2.9356746589765
"V11",2.66765253152698
"V12",1.68875429406762
"V13",1.58056907821447
