"names","vals"
"Intercept",-8.64863627711358
"y",0.27026354521513
"V1",0.868280799593776
"V2",0.72358956024982
"V3",4.46287449449301e-05
"V4",0.996368238469586
"V5",0.939914367860183
"V6",0.419372385600582
"V7",0.00931782578118145
"V8",0.148864752147347
"V9",1.30351637396961
"V10",1.00614978652447
"V11",4.3567488482222
"V12",2.34223023336381
"V13",2.31345924548805
