"names","vals"
"Intercept",-9.21993389931508
"y",0.441595047479495
"V1",0.805001600412652
"V2",0.401007517706603
"V3",0.526448451681063
"V4",0.95135196344927
"V5",0.159436757443473
"V6",0.795782311819494
"V7",0.261036662617698
"V8",2.53329717926681
"V9",3.96863459795713
"V10",1.55241901334375
"V11",3.37941456772387
