"names","vals"
"Intercept",-1.20283347082464
"y",0.119065757608041
"V1",0.394383996259421
"V2",0.123110616346821
"V3",0.235200151801109
"V4",0.622550265165046
"V5",1.10268268827349
