"names","vals"
"Intercept",-6.21912722425023
"y",0.660431559896097
"V1",0.245771032758057
"V2",0.701726518804207
"V3",0.699677178869024
"V4",0.73576423805207
"V5",0.0945794440340251
"V6",0.519088626373559
"V7",0.467424989677966
"V8",3.96885777078569
"V9",3.76147618331015
"V10",2.25837323348969
"V11",3.43473398219794
