"names","vals"
"Intercept",-4.34091378793679
"y",0.0177774694748223
"V1",0.0898646088317037
"V2",0.378756412304938
"V3",0.0356969302520156
"V4",0.62074882350862
"V5",0.957324078073725
"V6",0.0920554464682937
"V7",1.81350123602897
"V8",1.31122482381761
"V9",2.40191960241646
