"names","vals"
"Intercept",-12.6102257409748
"y",0.367440074682236
"V1",0.21846749773249
"V2",0.311339143430814
"V3",0.749862077878788
"V4",0.652543677715585
"V5",0.0616759140975773
"V6",0.655415702611208
"V7",0.380574801238254
"V8",0.541410726727918
"V9",2.75894246343523
"V10",3.27769602835178
"V11",4.80765949841589
"V12",1.34000721760094
"V13",2.122443376109
