"names","vals"
"Intercept",-8.11804824000713
"y",0.829615217633545
"V1",0.5789025335107
"V2",0.171361956046894
"V3",0.54035462369211
"V4",0.928271125536412
"V5",0.26772989705205
"V6",0.264027347555384
"V7",0.654756057076156
"V8",2.04593296442181
"V9",1.9494639672339
"V10",4.87070423178375
"V11",2.79583729989827
