"names","vals"
"Intercept",-8.57122641177289
"y",0.360658807912841
"V1",0.402463361620903
"V2",0.0892248433083296
"V3",0.729574783938006
"V4",0.901670683408156
"V5",0.798959947191179
"V6",0.162553783273324
"V7",0.693242932669818
"V8",3.30901212990284
"V9",3.98414373397827
"V10",3.43917012028396
"V11",3.02490120567381
