"names","vals"
"Intercept",-5.87514651771961
"y",0.877963991370052
"V1",0.396014612400904
"V2",0.0374083397909999
"V3",0.625250794226304
"V4",0.993627916323021
"V5",0.096322235185653
"V6",0.709903178736567
"V7",0.23992925696075
"V8",0.221795493736863
"V9",1.2745324568823
"V10",2.5903001036495
"V11",1.53650955203921
"V12",4.48943311534822
"V13",3.77206252515316
