"names","vals"
"Intercept",-8.11563270845637
"y",0.749046206241474
"V1",0.939434950239956
"V2",0.406530329026282
"V3",0.153283781837672
"V4",0.197089522145689
"V5",0.0996475787833333
"V6",0.747014137450606
"V7",3.05762344971299
"V8",1.2340576024726
"V9",3.6083046477288
