"names","vals"
"Intercept",-13.0149963283041
"y",0.792085036169738
"V1",0.597157213604078
"V2",0.988801592960954
"V3",0.804993833648041
"V4",0.536394716007635
"V5",0.0229744699317962
"V6",0.841505937511101
"V7",0.866808591643348
"V8",0.805847335606813
"V9",2.26972501352429
"V10",2.92791457101703
"V11",4.70689239539206
"V12",1.01716061495245
"V13",2.63515807967633
