"names","vals"
"Intercept",-8.44002512523998
"y",0.403887135442346
"V1",0.603515878785402
"V2",0.0448987893760204
"V3",0.0445253355428576
"V4",0.897076707566157
"V5",0.264341274742037
"V6",0.938899607397616
"V7",1.68546142429113
"V8",2.12809111922979
"V9",4.67357621714473
