"names","vals"
"Intercept",-8.75804388647363
"y",0.664997739950195
"V1",0.666042478987947
"V2",0.541415788698941
"V3",0.107764270389453
"V4",0.906695760553703
"V5",0.465936150169
"V6",0.609316654270515
"V7",0.86762704513967
"V8",4.17875655181706
"V9",4.52072388399392
"V10",1.86092085484415
"V11",4.74246065225452
