"names","vals"
"Intercept",-10.2471318988837
"y",0.844232313102111
"V1",0.558577157091349
"V2",0.425453405827284
"V3",0.326709625078365
"V4",0.925124289933592
"V5",0.94885549438186
"V6",0.770565598970279
"V7",0.389999637380242
"V8",1.88390691764653
"V9",4.16837566252798
"V10",4.21053707320243
"V11",4.96004838123918
