"names","vals"
"Intercept",-3.20701136278966
"y",0.532876361394301
"V1",0.392104054102674
"V2",0.800912066595629
"V3",0.598434255458415
"V4",0.839415394933894
"V5",0.808444822439924
"V6",0.0625055057462305
"V7",1.26588079798967
"V8",4.64623055141419
"V9",1.62846074905246
