"names","vals"
"Intercept",-6.55789202305768
"y",0.203761435812339
"V1",0.839453357970342
"V2",0.328595023136586
"V3",0.351922193774953
"V4",0.83974048634991
"V5",0.789397944463417
"V6",0.957654081052169
"V7",0.694577740738168
"V8",3.13997909799218
"V9",1.16260461974889
"V10",2.20400080271065
"V11",3.3886037953198
