"names","vals"
"Intercept",-9.42584908120963
"y",0.276068410137668
"V1",0.96736301924102
"V2",0.186051032505929
"V3",0.694400316104293
"V4",0.590282438090071
"V5",0.39485294977203
"V6",0.834813215071335
"V7",0.531192923197523
"V8",0.0350239686667919
"V9",3.37842710129917
"V10",2.07903721090406
"V11",3.36793648079038
"V12",1.196582862176
"V13",1.38470812421292
