"names","vals"
"Intercept",-7.32347281534295
"y",0.825894185109064
"V1",0.469540265155956
"V2",0.769529630430043
"V3",0.867927128216252
"V4",0.998662426834926
"V5",0.868153180927038
"V6",0.598405602155253
"V7",0.478023944422603
"V8",0.362914238590747
"V9",2.1681543700397
"V10",3.1747216032818
"V11",1.45796870812774
"V12",3.65294185839593
"V13",2.44790360890329
