"names","vals"
"Intercept",-5.67324597490905
"y",0.708199078217149
"V1",0.0969639660324901
"V2",0.407696507871151
"V3",0.842050119535998
"V4",0.0267205997370183
"V5",0.321136031066999
"V6",0.178449311992154
"V7",0.129102827049792
"V8",4.8399581387639
"V9",4.05768847279251
"V10",2.02432779502124
"V11",1.7173417462036
