"names","vals"
"Intercept",-7.56201050712913
"y",0.0519915334880352
"V1",0.0493578994646668
"V2",0.244184794602916
"V3",0.391114945756271
"V4",0.809647211804986
"V5",0.276912218192592
"V6",0.269391090376303
"V7",0.0767422942444682
"V8",3.8137270975858
"V9",2.28375235572457
"V10",3.53716658987105
"V11",1.2205551918596
