"names","vals"
"Intercept",-6.38600275569921
"y",0.800948439631611
"V1",0.767384133068845
"V2",0.309553971514106
"V3",0.473370067309588
"V4",0.917361348401755
"V5",0.377852465258911
"V6",3.21607753448188
"V7",3.73081926908344
