"names","vals"
"Intercept",-7.52512235044781
"y",0.56128466851078
"V1",0.576293413061649
"V2",0.502378290286288
"V3",0.974766331259161
"V4",0.244787642965093
"V5",0.315288154175505
"V6",0.353421794716269
"V7",0.222139724995941
"V8",0.0838019966613501
"V9",3.20516224019229
"V10",2.96427509188652
"V11",2.21651208307594
"V12",2.02640481386334
"V13",4.26501355320215
