"names","vals"
"Intercept",-5.67177900810447
"y",0.0901881591416895
"V1",0.626546046696603
"V2",0.498747324571013
"V3",0.650973339797929
"V4",0.571008823579177
"V5",0.456563549814746
"V6",0.333837323123589
"V7",0.407003545900807
"V8",4.13902062829584
"V9",2.01053812261671
"V10",1.07941362541169
"V11",1.7987150112167
