"names","vals"
"Intercept",-8.61872685272968
"y",0.0787033541128039
"V1",0.600382730830461
"V2",0.180686410982162
"V3",0.0411305949091911
"V4",0.302841107593849
"V5",0.808497920399532
"V6",0.419519861694425
"V7",0.844954390311614
"V8",1.61091823410243
"V9",4.42853032518178
"V10",4.92270516976714
"V11",4.0074706422165
