"names","vals"
"Intercept",-1.59429421419557
"y",0.250702316639945
"V1",0.137689959490672
"V2",0.0821632868610322
"V3",0.259724359959364
"V4",0.502454760717228
"V5",1.03220544755459
