"names","vals"
"Intercept",-5.454934055591
"y",0.982937515480444
"V1",0.465299598639831
"V2",0.913800916401669
"V3",0.314709930680692
"V4",0.839106457307935
"V5",0.880008167587221
"V6",0.943009847542271
"V7",0.23202241351828
"V8",4.48754171188921
"V9",3.55087473895401
"V10",3.67375696543604
"V11",2.82489132788032
