"names","vals"
"Intercept",-2.30318853026652
"y",0.767761936644092
"V1",0.88287869328633
"V2",0.745610268553719
"V3",0.28558141971007
"V4",0.104992599925026
"V5",4.13628075271845
