"names","vals"
"Intercept",-5.96328151082224
"y",0.217548246961087
"V1",0.0922989281825721
"V2",6.28347042948008e-05
"V3",0.152314457576722
"V4",0.53626531874761
"V5",0.0263292128220201
"V6",0.423992253374308
"V7",0.887222232297063
"V8",0.49239678750746
"V9",2.21643143333495
"V10",2.76555332448334
"V11",1.68358366750181
"V12",1.03310678526759
"V13",1.34255771897733
