"names","vals"
"Intercept",-10.4475813490236
"y",0.663771495688707
"V1",0.876357634784654
"V2",0.0983141714241356
"V3",0.312895088689402
"V4",0.267234088620171
"V5",0.832419784972444
"V6",0.0491425155196339
"V7",0.606850292067975
"V8",0.918153872247785
"V9",4.71588786691427
"V10",3.74914487078786
"V11",3.73393459618092
"V12",4.26166495587677
"V13",1.21243088971823
