"names","vals"
"Intercept",-10.7067889004014
"y",0.925724019994959
"V1",0.658185883192345
"V2",0.959052295889705
"V3",0.0491778086870909
"V4",0.150302106281742
"V5",0.557603855617344
"V6",0.657310234149918
"V7",0.894957580137998
"V8",0.811318409629166
"V9",3.00101973395795
"V10",2.01327870879322
"V11",1.69629677943885
"V12",1.9597274698317
"V13",3.73497589118779
