"names","vals"
"Intercept",-9.54965774765657
"y",0.749881508527324
"V1",0.292839309433475
"V2",0.420304826460779
"V3",0.472144078463316
"V4",0.57485124701634
"V5",0.154122295789421
"V6",0.185880688484758
"V7",0.950005524093285
"V8",0.53207865706645
"V9",2.88714570738375
"V10",3.9927241364494
"V11",1.83029776625335
"V12",3.43176525644958
"V13",1.46725758817047
