"names","vals"
"Intercept",-9.04690007366263
"y",0.390177798923105
"V1",0.047460847068578
"V2",0.236028145533055
"V3",0.539408002281561
"V4",0.454601627774537
"V5",0.776247828267515
"V6",0.131683473475277
"V7",0.970771623775363
"V8",0.91729122120887
"V9",2.28216679114848
"V10",2.43541621696204
"V11",4.0880443835631
"V12",1.87648027390242
"V13",3.98904485814273
