"names","vals"
"Intercept",-3.44811311406991
"y",0.0778814249206334
"V1",0.218617051606998
"V2",0.728163911728188
"V3",0.389301115414128
"V4",0.898417592281476
"V5",0.815738192992285
"V6",1.4193038456142
"V7",4.64961796719581
