"names","vals"
"Intercept",-2.00477739396342
"y",0.226447200169787
"V1",0.0264582838863134
"V2",0.358447758015245
"V3",0.223884419538081
"V4",0.0167591280769557
"V5",2.26202639564872
