"names","vals"
"Intercept",-3.97447493860358
"y",0.587522067828104
"V1",0.292569219134748
"V2",0.326583609450608
"V3",0.19706132193096
"V4",0.299450946273282
"V5",0.117658994859084
"V6",0.028830667026341
"V7",0.905887741595507
"V8",1.85871085338295
"V9",3.03262513596565
"V10",2.65886041242629
"V11",4.7199815204367
