"names","vals"
"Intercept",-1.82721765715536
"y",0.817715479293838
"V1",0.126388461561874
"V2",0.794645142043009
"V3",0.611008337000385
"V4",0.0187918941956013
"V5",2.56588769052178
