"names","vals"
"Intercept",-6.32140804226371
"y",0.181405927054584
"V1",0.130068779690191
"V2",0.371410500723869
"V3",0.983682150021195
"V4",0.05990120023489
"V5",0.49587537208572
"V6",0.433434769511223
"V7",0.370054124156013
"V8",0.119080831762403
"V9",2.19055343884975
"V10",4.48123980220407
"V11",1.07766793854535
"V12",3.30798771604896
"V13",1.894233006984
