"names","vals"
"Intercept",-4.23001247868547
"y",0.40398384234868
"V1",0.0970218998845667
"V2",0.849064907757565
"V3",0.030894247116521
"V4",0.0443803912494332
"V5",0.479838624363765
"V6",0.53475853940472
"V7",0.920226793503389
"V8",1.36349547002465
"V9",2.55297259800136
"V10",1.09382580313832
"V11",3.43389144632965
