"names","vals"
"Intercept",-1.54520826302608
"y",0.188698936952278
"V1",0.230825976002961
"V2",0.428148564184085
"V3",0.703836233587936
"V4",0.892050908179954
"V5",0.387794811278582
"V6",0.46522375033237
"V7",1.40674902684987
"V8",1.25327077507973
"V9",4.85960746649653
