"names","vals"
"Intercept",-6.30008008135878
"y",0.00604015681892633
"V1",0.776412833947688
"V2",0.41779059660621
"V3",0.335970176151022
"V4",0.892573121469468
"V5",0.165491453371942
"V6",0.623229163931683
"V7",4.67786978464574
"V8",1.22142670862377
"V9",1.98194006457925
