"names","vals"
"Intercept",-1.81346152319014
"y",0.094462598208338
"V1",0.0865037855692208
"V2",0.347415151773021
"V3",0.0926612229086459
"V4",0.421557294437662
"V5",1.11166951153427
