"names","vals"
"Intercept",-3.94523842583108
"y",0.237404145300388
"V1",0.0901771355420351
"V2",0.0714310409966856
"V3",0.629397740587592
"V4",0.730882979230955
"V5",0.575483594555408
"V6",1.33162195049226
"V7",3.98812203668058
