"names","vals"
"Intercept",-6.36159283174854
"y",0.0731275482103229
"V1",0.963013612432405
"V2",0.7602384602651
"V3",0.994273422053084
"V4",0.982738271122798
"V5",0.533043509349227
"V6",0.923079319298267
"V7",2.14259796030819
"V8",2.18265220522881
"V9",4.71606688201427
