"names","vals"
"Intercept",-3.4609631236908
"y",0.0672147853765637
"V1",0.1069016456604
"V2",0.718091645976529
"V3",0.438389019109309
"V4",0.726551628671587
"V5",4.4114610850811
