"names","vals"
"Intercept",-3.46901863213256
"y",0.507991696009412
"V1",0.979079017415643
"V2",0.656486661639065
"V3",0.132530673407018
"V4",0.441923370584846
"V5",3.6730539528653
