"names","vals"
"Intercept",-4.64654228797276
"y",0.921771965688094
"V1",0.371845418354496
"V2",0.726272593485191
"V3",0.360514233121648
"V4",0.874485667794943
"V5",0.163258351385593
"V6",4.22483558673412
"V7",1.58124723378569
