"names","vals"
"Intercept",-5.45409068630543
"y",0.549215597333387
"V1",0.291662371018901
"V2",0.0822533904574811
"V3",0.899418520973995
"V4",0.131902083521709
"V5",0.844918527407572
"V6",0.373175019398332
"V7",0.852996121859178
"V8",1.61073962599039
"V9",1.28875130135566
"V10",1.72577987611294
"V11",2.61473970115185
