"names","vals"
"Intercept",-7.79556821487611
"y",0.927585582947358
"V1",0.693413475528359
"V2",0.843620822066441
"V3",0.487970963586122
"V4",0.149981522234157
"V5",0.126256033079699
"V6",0.625821333844215
"V7",0.70768101955764
"V8",0.0219694189727306
"V9",3.58297889493406
"V10",3.75544112920761
"V11",2.9051266182214
"V12",1.35749291814864
"V13",2.33192687481642
