"names","vals"
"Intercept",-4.02510224507004
"y",0.966348882066086
"V1",0.175088539486751
"V2",0.548004255397245
"V3",0.225503762019798
"V4",0.881348924245685
"V5",0.199191746069118
"V6",4.31028273236006
"V7",3.40643366519362
