"names","vals"
"Intercept",-2.70795786024164
"y",0.58632736443542
"V1",0.327446420909837
"V2",0.883170159300789
"V3",0.343604827998206
"V4",0.0813135565258563
"V5",2.00546411983669
