"names","vals"
"Intercept",-4.49308785291016
"y",0.161494435742497
"V1",0.592724618501961
"V2",0.579087177524343
"V3",0.0824927533976734
"V4",0.805989308282733
"V5",0.481570325791836
"V6",0.183907980797812
"V7",4.28997497167438
"V8",1.13407994434237
"V9",2.69653270300478
