"names","vals"
"Intercept",-4.36113165047788
"y",0.70622480311431
"V1",0.196213992778212
"V2",0.034645713865757
"V3",0.131256902823225
"V4",0.402390928007662
"V5",0.0770713342353702
"V6",0.436346902279183
"V7",0.902448400855064
"V8",2.47432982269675
"V9",3.08792627509683
"V10",4.7502617649734
"V11",2.11611485574394
