"names","vals"
"Intercept",-5.11209554791125
"y",0.554180089384317
"V1",0.881097768666223
"V2",0.9105147595983
"V3",0.435277711367235
"V4",0.219782606465742
"V5",0.585049910936505
"V6",0.601252659456804
"V7",1.89577599614859
"V8",3.72795819956809
"V9",3.45806644670665
