"names","vals"
"Intercept",-3.47307206228841
"y",0.573648152407259
"V1",0.873744047014043
"V2",0.0928574644494802
"V3",0.031697912607342
"V4",0.646271612728015
"V5",0.0686958320438862
"V6",0.728516376577318
"V7",3.65590264927596
"V8",2.89996890723705
"V9",2.64359760377556
