"names","vals"
"Intercept",-2.93353905958263
"y",0.243696624878794
"V1",0.279483994469047
"V2",0.903447865741327
"V3",0.964984063990414
"V4",0.704616881674156
"V5",2.09632131736726
