"names","vals"
"Intercept",-5.54947232461721
"y",0.899225007742643
"V1",0.126746538560838
"V2",0.715899524278939
"V3",0.217339580412954
"V4",0.168779063504189
"V5",0.578463382553309
"V6",2.01554950047284
"V7",4.4112359341234
