"names","vals"
"Intercept",-2.71047985386476
"y",0.691178965149447
"V1",0.198314651381224
"V2",0.56806672597304
"V3",0.0976015359628946
"V4",0.330520271090791
"V5",1.84317459445447
