"names","vals"
"Intercept",-3.36617420152715
"y",0.980148195987567
"V1",0.974117287434638
"V2",0.214452158892527
"V3",0.494115209439769
"V4",0.0429962754715234
"V5",0.176251855911687
"V6",2.94880904443562
"V7",4.05265349987894
