"names","vals"
"Intercept",-5.07120250272588
"y",0.0874521948862821
"V1",0.2099739019759
"V2",0.865400637267157
"V3",0.0150734721682966
"V4",0.700982082867995
"V5",0.336442962754518
"V6",2.25461459718645
"V7",2.16334767546505
