"names","vals"
"Intercept",-6.13265952528594
"y",0.937067588791251
"V1",0.672975983005017
"V2",0.0216279996093363
"V3",0.382536483695731
"V4",0.682475111447275
"V5",0.583610753295943
"V6",0.388203526148573
"V7",2.34383000992239
"V8",4.87130885571241
"V9",3.4843631722033
