"names","vals"
"Intercept",-2.68915314250556
"y",0.30148650566116
"V1",0.495005401782691
"V2",0.412529026158154
"V3",0.293273237999529
"V4",0.124395972117782
"V5",0.176890288945287
"V6",0.869297889759764
"V7",4.09430470410734
"V8",1.27677739411592
"V9",3.28631966747344
