"names","vals"
"Intercept",-2.53298006902263
"y",0.470466690137982
"V1",0.116024512797594
"V2",0.792126435320824
"V3",0.434054245939478
"V4",0.429402644978836
"V5",1.94091679248959
