"names","vals"
"Intercept",-2.43219784802152
"y",0.701722549507394
"V1",0.786731667816639
"V2",0.672989322571084
"V3",0.979506504023448
"V4",0.887985944515094
"V5",3.09932326339185
