"names","vals"
"Intercept",-2.59174236831861
"y",0.355215736432001
"V1",0.206215592334047
"V2",0.471279988531023
"V3",0.929403394926339
"V4",0.662488401401788
"V5",1.32299799937755
