"names","vals"
"Intercept",-7.75248047993239
"y",0.715602531796321
"V1",0.35597419203259
"V2",0.434072743169963
"V3",0.56624905904755
"V4",0.736292122164741
"V5",0.538124741753563
"V6",0.428049911512062
"V7",4.32952070236206
"V8",3.5208577318117
"V9",3.19397467374802
