"names","vals"
"Intercept",-9.1111283558032
"y",0.540299630025402
"V1",0.909837730228901
"V2",0.865839513251558
"V3",0.306618942413479
"V4",0.956331169931218
"V5",0.723188834963366
"V6",0.492123809410259
"V7",0.904577923472971
"V8",2.73499035835266
"V9",3.06161605846137
"V10",4.62027357239276
"V11",4.52875558286905
