"names","vals"
"Intercept",-4.9779389783449
"y",0.51568570965901
"V1",0.631506034871563
"V2",0.485561805777252
"V3",0.975621794816107
"V4",0.188243531389162
"V5",0.129573650890961
"V6",2.91185165662318
"V7",2.95722066890448
