"names","vals"
"Intercept",-11.5011532529269
"y",0.478996956022456
"V1",0.406552378088236
"V2",0.79192694532685
"V3",0.664943583542481
"V4",0.337675169343129
"V5",0.996019757119939
"V6",0.915547377197072
"V7",0.657730978913605
"V8",4.93064573220909
"V9",3.32629063446075
"V10",3.88426064420491
"V11",3.37575610168278
