"names","vals"
"Intercept",-7.36650105456728
"y",0.542635825928301
"V1",0.308044770732522
"V2",0.810359669383615
"V3",0.117284002713859
"V4",0.580407423665747
"V5",0.873692531138659
"V6",0.208327440079302
"V7",0.891969117568806
"V8",1.69231270812452
"V9",3.50528716575354
"V10",1.43735476955771
"V11",3.68465423118323
