"names","vals"
"Intercept",-3.8032030740194
"y",0.785098928492516
"V1",0.829410562990233
"V2",0.0211566311772913
"V3",0.770920368842781
"V4",0.777677843580022
"V5",4.82741170935333
