"names","vals"
"Intercept",-6.75352085494809
"y",0.331305805593729
"V1",0.933389490004629
"V2",0.282080985838547
"V3",0.536029843380675
"V4",0.341259527020156
"V5",0.97639568708837
"V6",0.287800073390827
"V7",0.125601480714977
"V8",3.70565527491271
"V9",3.48758101649582
"V10",1.2724491879344
"V11",3.38045976217836
