"names","vals"
"Intercept",-3.53667643442238
"y",0.616248324513435
"V1",0.436956280376762
"V2",0.173262774944305
"V3",0.129700863035396
"V4",0.757555398158729
"V5",3.10471037309617
