"names","vals"
"Intercept",-3.69605488224514
"y",0.0432687243446708
"V1",0.189951761160046
"V2",0.855209812987596
"V3",0.224038389744237
"V4",0.950570750050247
"V5",0.507935281610116
"V6",2.1947077345103
"V7",4.38422033563256
