"names","vals"
"Intercept",-6.40036614990514
"y",0.19073329679668
"V1",0.298058209242299
"V2",0.776468682102859
"V3",0.730227302527055
"V4",0.398781035095453
"V5",0.850296414457262
"V6",4.95909035112709
"V7",4.61582611501217
