"names","vals"
"Intercept",-5.54170341456262
"y",0.134445229778066
"V1",0.784126417478547
"V2",0.254973156843334
"V3",0.287978498265147
"V4",0.937799848150462
"V5",0.927874597487971
"V6",0.417384881991893
"V7",2.28812788333744
"V8",2.22143750265241
"V9",1.58575613144785
