"names","vals"
"Intercept",-6.35456536040595
"y",0.98924824479036
"V1",0.506085299188271
"V2",0.138291905401275
"V3",0.77898874366656
"V4",0.219918569317088
"V5",0.239128640620038
"V6",4.97822648845613
"V7",1.93775931745768
