"names","vals"
"Intercept",-5.32149225588795
"y",0.00265888101421297
"V1",0.440298767061904
"V2",0.267467977711931
"V3",0.986365035874769
"V4",0.714312649331987
"V5",0.645950269186869
"V6",0.391075651627034
"V7",2.162109548226
"V8",3.00957482215017
"V9",3.79901467915624
