"names","vals"
"Intercept",-3.70637775331177
"y",0.598439677152783
"V1",0.0770224269945174
"V2",0.866801814641804
"V3",0.695473342435434
"V4",0.461919896071777
"V5",4.21546999458224
