"names","vals"
"Intercept",-9.38982474786649
"y",0.0546481725759804
"V1",0.554453895892948
"V2",0.537425416288897
"V3",0.572145300218835
"V4",0.711779773933813
"V5",0.83038114500232
"V6",0.840901758288965
"V7",0.901562312617898
"V8",0.367487865965813
"V9",1.27677437197417
"V10",2.03816469199955
"V11",3.25372838228941
"V12",3.35693587455899
"V13",4.60649980325252
