"names","vals"
"Intercept",-4.92621196264308
"y",0.681208543246612
"V1",0.784437638707459
"V2",0.640133082866669
"V3",0.0831976821646094
"V4",0.176236307714134
"V5",0.152334535028785
"V6",0.452335005160421
"V7",1.57094655930996
"V8",1.95228029135615
"V9",3.1881992565468
