"names","vals"
"Intercept",-3.58067626341409
"y",0.925188556779176
"V1",0.556124652270228
"V2",0.865238613681868
"V3",0.835833685938269
"V4",0.767983763478696
"V5",3.76588188949972
