"names","vals"
"Intercept",-3.40772893960937
"y",0.736820866120979
"V1",0.133475654991344
"V2",0.38771412265487
"V3",0.470370015362278
"V4",0.630860375473276
"V5",2.29477889183909
