"names","vals"
"Intercept",-9.92222832745081
"y",0.367758043110371
"V1",0.243077472085133
"V2",0.938929482828826
"V3",0.556811173679307
"V4",0.463016712339595
"V5",0.664545098785311
"V6",0.673011907143518
"V7",0.777973604621366
"V8",0.382268619257957
"V9",3.80657905805856
"V10",3.99287704844028
"V11",2.86379397846758
"V12",3.0511601343751
"V13",3.62094433512539
