"names","vals"
"Intercept",-7.90510123835853
"y",0.563573750900105
"V1",0.139051246922463
"V2",0.856984107056633
"V3",0.618719040881842
"V4",0.0119176211301237
"V5",0.786197904730216
"V6",0.393401234643534
"V7",0.885783994337544
"V8",0.966661845333874
"V9",1.11160716414452
"V10",1.76115453056991
"V11",4.22873882204294
"V12",2.89339255634695
"V13",2.09839813504368
