"names","vals"
"Intercept",-7.16544517710246
"y",0.827669802587479
"V1",0.222922720015049
"V2",0.899461090564728
"V3",0.539120096713305
"V4",0.523567645577714
"V5",0.585229861550033
"V6",4.87343192100525
"V7",1.95152042154223
