"names","vals"
"Intercept",-2.27244492134173
"y",0.374072848120704
"V1",0.641767629887909
"V2",0.919595055049285
"V3",0.337161606643349
"V4",0.0265348805114627
"V5",0.103106637718156
"V6",3.21028800029308
"V7",2.47568466328084
