"names","vals"
"Intercept",-3.11209944067942
"y",0.782978199189529
"V1",0.685544196283445
"V2",0.843340233666822
"V3",0.999428010778502
"V4",0.471179469488561
"V5",4.10933272354305
