"names","vals"
"Intercept",-3.97235638831789
"y",0.968136040959507
"V1",0.09738181065768
"V2",0.641161617357284
"V3",0.879782131873071
"V4",0.826135721523315
"V5",0.865031634224579
"V6",4.14376873709261
"V7",3.49761812668294
