"names","vals"
"Intercept",-3.20140564620448
"y",0.0883601361420006
"V1",0.710698648123071
"V2",0.790707990527153
"V3",0.175535910064355
"V4",0.379977337317541
"V5",0.92215149779804
"V6",0.398891875520349
"V7",0.785586402751505
"V8",2.82006939034909
"V9",2.3222779687494
"V10",1.5261959657073
"V11",1.82384329661727
