"names","vals"
"Intercept",-3.12333573973808
"y",0.0713766566477716
"V1",0.269622500985861
"V2",0.212524416390806
"V3",0.0288839091081172
"V4",0.877826381707564
"V5",3.97192876879126
