"names","vals"
"Intercept",-8.42071605920931
"y",0.52164344349876
"V1",0.388700946001336
"V2",0.378608821425587
"V3",0.808834024937823
"V4",0.907273564254865
"V5",0.488589462125674
"V6",0.0768492561765015
"V7",0.068916548974812
"V8",0.129250340396538
"V9",1.88489530049264
"V10",1.12330648303032
"V11",4.0756870014593
"V12",2.82541975565255
"V13",3.90598403569311
