"names","vals"
"Intercept",-4.96253609919269
"y",0.330794233828783
"V1",0.553894322132692
"V2",0.934784467797726
"V3",0.747918292414397
"V4",0.526423028903082
"V5",0.297023142687976
"V6",0.244908854365349
"V7",1.84932240098715
"V8",3.02026013750583
"V9",3.55067268293351
