"names","vals"
"Intercept",-9.25447010861943
"y",0.948497296543792
"V1",0.718389922520146
"V2",0.550405348883942
"V3",0.499479547375813
"V4",0.135139730526134
"V5",0.630183940986171
"V6",0.293650696985424
"V7",1.67894627247006
"V8",1.81757416669279
"V9",4.90959207713604
