"names","vals"
"Intercept",-2.98904718957422
"y",0.129454114241526
"V1",0.612186477985233
"V2",0.236964353360236
"V3",0.404061035020277
"V4",0.340921942377463
"V5",0.977922612335533
"V6",1.49625291489065
"V7",2.83684816025198
