"names","vals"
"Intercept",-6.79666733702598
"y",0.804934948682785
"V1",0.167188530787826
"V2",0.215706687653437
"V3",0.128328048158437
"V4",0.684063487220556
"V5",0.800529884174466
"V6",0.262064263457432
"V7",0.730431682663038
"V8",0.725842883111909
"V9",4.38973484840244
"V10",3.30511605087668
"V11",4.23819038644433
"V12",1.31030812580138
"V13",1.8229525340721
