"names","vals"
"Intercept",-4.57634789622575
"y",0.178684580838308
"V1",0.428573245881125
"V2",0.845078299986199
"V3",0.79856232390739
"V4",0.00249083572998643
"V5",0.982125411042944
"V6",1.80152778886259
"V7",2.99465824197978
