"names","vals"
"Intercept",-5.82847986119473
"y",0.412352114450186
"V1",0.308941809460521
"V2",0.351564968470484
"V3",0.743359674466774
"V4",0.99069169932045
"V5",0.701210512546822
"V6",0.981788729550317
"V7",4.68028733413666
"V8",2.14424156956375
"V9",3.51480790786445
