"names","vals"
"Intercept",-8.60520159175945
"y",0.634088681079447
"V1",0.628496655030176
"V2",0.013250091811642
"V3",0.838867067592219
"V4",0.589011603733525
"V5",0.13845890108496
"V6",0.164496830897406
"V7",1.14479650743306
"V8",3.25816645566374
"V9",4.18399895075709
