"names","vals"
"Intercept",-4.08107536527561
"y",0.937226227950305
"V1",0.632199336308986
"V2",0.607840817887336
"V3",0.0547397469636053
"V4",0.638570698676631
"V5",0.592875663656741
"V6",4.24600778426975
"V7",2.92623284459114
