"names","vals"
"Intercept",-3.9033972032913
"y",0.440160535508767
"V1",0.685478077270091
"V2",0.292826783144847
"V3",0.729954980080947
"V4",0.749734440352768
"V5",0.129366013454273
"V6",4.12109806481749
"V7",4.64685189910233
