"names","vals"
"Intercept",-4.70341086684354
"y",0.935659840935841
"V1",0.609970345161855
"V2",0.225512155564502
"V3",0.0494532561860979
"V4",0.699577366467565
"V5",0.413171833148226
"V6",0.894689320819452
"V7",3.42293113097548
"V8",2.66941531002522
"V9",3.10527892317623
