"names","vals"
"Intercept",-1.96085403052042
"y",0.406010093865916
"V1",0.594180610496551
"V2",0.120721674291417
"V3",0.121471190359443
"V4",0.127112082904205
"V5",1.74141108896583
