"names","vals"
"Intercept",-4.11808143603639
"y",0.126252051210031
"V1",0.309298328356817
"V2",0.737564092269167
"V3",0.391645327443257
"V4",0.795231942553073
"V5",2.42852682154626
