"names","vals"
"Intercept",-4.1497566047865
"y",0.247442743042484
"V1",0.877643124433234
"V2",0.602551670745015
"V3",0.126652622129768
"V4",0.925927534466609
"V5",0.536067473236471
"V6",2.52821153309196
"V7",2.34124866407365
