"names","vals"
"Intercept",-4.88308626433625
"y",0.0626841213088483
"V1",0.0985096213407815
"V2",0.834209923865274
"V3",0.360392672009766
"V4",0.765840038657188
"V5",0.879575836937875
"V6",3.03667547274381
"V7",2.81895891111344
