"names","vals"
"Intercept",-1.52670658889692
"y",0.198795250616968
"V1",0.169794657034799
"V2",0.836733643431216
"V3",0.791358188726008
"V4",0.477241595042869
"V5",2.78042022325099
