"names","vals"
"Intercept",-11.9840401139753
"y",0.626184436492622
"V1",0.346225625602528
"V2",0.406641877256334
"V3",0.817532456945628
"V4",0.92159696156159
"V5",0.204374859109521
"V6",0.377577598206699
"V7",0.246096301358193
"V8",0.759123140014708
"V9",2.05507730692625
"V10",3.77809320297092
"V11",3.71422424446791
"V12",4.56879175733775
"V13",1.53263380657881
