"names","vals"
"Intercept",-2.62226198480465
"y",0.819587514037266
"V1",0.711121419677511
"V2",0.0632589715532959
"V3",0.653519617160782
"V4",0.45963727729395
"V5",2.25087391678244
