"names","vals"
"Intercept",-2.51370430692611
"y",0.562904295511544
"V1",0.291302877245471
"V2",0.969396128784865
"V3",0.649037115741521
"V4",0.146818987792358
"V5",2.43087147735059
