"names","vals"
"Intercept",-9.99064429731108
"y",0.945952895563096
"V1",0.527278064517304
"V2",0.745038034161553
"V3",0.982754326192662
"V4",0.303979847114533
"V5",0.846565641695634
"V6",0.87543959938921
"V7",0.0375644415616989
"V8",2.78347165044397
"V9",4.49832453206182
"V10",3.51133029628545
"V11",4.37403169926256
