"names","vals"
"Intercept",-2.04321817089757
"y",0.325935452710837
"V1",0.337332495721057
"V2",0.296521015232429
"V3",0.822133344365284
"V4",0.691852616611868
"V5",1.02021428477019
