"names","vals"
"Intercept",-5.12049325890467
"y",0.943166783777997
"V1",0.501604623394087
"V2",0.232127579161897
"V3",0.392117220908403
"V4",0.313313395017758
"V5",0.281078814761713
"V6",0.88175682304427
"V7",0.963685573777184
"V8",3.24966145865619
"V9",1.73747244849801
"V10",4.6856345878914
"V11",1.68631293438375
