"names","vals"
"Intercept",-15.7251120661637
"y",0.610458450391889
"V1",0.0562128724996
"V2",0.346802428364754
"V3",0.773672509472817
"V4",0.46752815390937
"V5",0.306385821895674
"V6",0.162912154337391
"V7",0.155793039128184
"V8",0.550576993497089
"V9",2.83494881633669
"V10",4.70783584564924
"V11",3.31419708114117
"V12",4.69898532144725
"V13",3.41066417098045
