"names","vals"
"Intercept",-3.2692064221024
"y",0.981720708543435
"V1",0.567506389226764
"V2",0.0191631552297622
"V3",0.796971005620435
"V4",0.460803866852075
"V5",0.592085912590846
"V6",1.64933270122856
"V7",1.11169494595379
