"names","vals"
"Intercept",-9.00085307071963
"y",0.787712214281783
"V1",0.558146606432274
"V2",0.868651446420699
"V3",0.890312844654545
"V4",0.0864523216150701
"V5",0.419628698378801
"V6",0.0649251076392829
"V7",0.21529059484601
"V8",2.75527062360197
"V9",4.12447728961706
"V10",2.0263288449496
"V11",3.83695458807051
