"names","vals"
"Intercept",-3.44791223654035
"y",0.816533837933093
"V1",0.655778552871197
"V2",0.191608555149287
"V3",0.507717406144366
"V4",0.479639739263803
"V5",0.741981867235154
"V6",1.53749605920166
"V7",3.90171278081834
