"names","vals"
"Intercept",-4.46411026714323
"y",0.354555027326569
"V1",0.150265377946198
"V2",0.633289543678984
"V3",0.769821869907901
"V4",0.881465841783211
"V5",3.85279107838869
