"names","vals"
"Intercept",-3.84569246963388
"y",0.282961001852527
"V1",0.251893083564937
"V2",0.946945417905226
"V3",0.0199969864916056
"V4",0.923384371446446
"V5",0.0901588837150484
"V6",0.229413135675713
"V7",0.477419106522575
"V8",2.13530704285949
"V9",1.49776578973979
"V10",4.27039235457778
"V11",1.04373342264444
