"names","vals"
"Intercept",-6.25533449479565
"y",0.138019640231505
"V1",0.553244857350364
"V2",0.769218829926103
"V3",0.884689126629382
"V4",0.451872644247487
"V5",0.289340185932815
"V6",0.0676838851068169
"V7",0.579450845718384
"V8",4.99040238000453
"V9",3.404360903427
"V10",2.92895113583654
"V11",1.95335246063769
