"names","vals"
"Intercept",-13.1090445528659
"y",0.0059039588086307
"V1",0.0987362312152982
"V2",0.750770422862843
"V3",0.0321110882796347
"V4",0.562291035195813
"V5",0.666745680617169
"V6",0.62905412260443
"V7",0.602130037732422
"V8",3.60309371352196
"V9",4.52328078821301
"V10",2.85396182071418
"V11",4.10795670934021
