"names","vals"
"Intercept",-10.6073270086418
"y",0.380349321290851
"V1",0.665639103390276
"V2",0.54366575810127
"V3",0.368201684672385
"V4",0.424061369849369
"V5",0.636945030186325
"V6",0.635583095252514
"V7",0.482538212556392
"V8",0.52504803147167
"V9",1.85416690818965
"V10",4.50012288615108
"V11",3.63822997920215
"V12",3.17635238263756
"V13",3.11722223367542
