"names","vals"
"Intercept",-6.47744182804041
"y",0.902656246675178
"V1",0.363364678574726
"V2",0.628532961709425
"V3",0.448984052753076
"V4",0.384371461579576
"V5",0.810575506649911
"V6",2.40852664690465
"V7",4.41812657192349
