"names","vals"
"Intercept",-3.32403964826465
"y",0.476774331880733
"V1",0.627717754803598
"V2",0.881363282678649
"V3",0.726806033635512
"V4",0.958917833166197
"V5",4.08524446096271
