"names","vals"
"Intercept",-6.27808569644834
"y",0.290712626185268
"V1",0.00768348318524659
"V2",0.745957710547373
"V3",0.886703921947628
"V4",0.898641358828172
"V5",0.288883385481313
"V6",0.949497871333733
"V7",3.4921714309603
"V8",1.54630156699568
"V9",1.11860045418143
