"names","vals"
"Intercept",-1.91479828101397
"y",0.943794465856627
"V1",0.186812628759071
"V2",0.821344789117575
"V3",0.8330428826157
"V4",0.76853989972733
"V5",1.17585805524141
