"names","vals"
"Intercept",-14.9868992029026
"y",0.630456888582557
"V1",0.97986070252955
"V2",0.341855522245169
"V3",0.730724070686847
"V4",0.088073653401807
"V5",0.419793470064178
"V6",0.854531164746732
"V7",0.901361605152488
"V8",0.560054704314098
"V9",4.74885232187808
"V10",4.60520616266876
"V11",3.85073591116816
"V12",3.08342112973332
"V13",3.23044253326952
