"names","vals"
"Intercept",-13.1876702599535
"y",0.816548427101225
"V1",0.680728130973876
"V2",0.0100812006276101
"V3",0.650037523591891
"V4",0.147266467800364
"V5",0.668100633192807
"V6",0.579268058296293
"V7",0.0131230358965695
"V8",0.225000363774598
"V9",2.26681311056018
"V10",4.37246885057539
"V11",4.49559166003019
"V12",1.24130460713059
"V13",4.74882174283266
