"names","vals"
"Intercept",-5.36012543554418
"y",0.150741693330929
"V1",0.487150431843475
"V2",0.405459479894489
"V3",0.715045608114451
"V4",0.0226533580571413
"V5",0.356606877641752
"V6",1.91505406051874
"V7",3.94990274775773
