"names","vals"
"Intercept",-4.87406067656656
"y",0.460674322210252
"V1",0.821369561599568
"V2",0.911466066958383
"V3",0.152534482767805
"V4",0.431797733530402
"V5",0.0244765831157565
"V6",2.80639054719359
"V7",2.6539519354701
