"names","vals"
"Intercept",-8.97490752239944
"y",0.552633891347796
"V1",0.000495270825922489
"V2",0.755941457580775
"V3",0.00251756212674081
"V4",0.869669240666553
"V5",0.0303544602356851
"V6",0.251847648061812
"V7",4.39591084420681
"V8",4.75374098215252
"V9",4.41836704406887
