"names","vals"
"Intercept",-10.977755017963
"y",0.409807420801371
"V1",0.57996840076521
"V2",0.183605642290786
"V3",0.281592959538102
"V4",0.749742924934253
"V5",0.73039699322544
"V6",0.0961595135740936
"V7",0.699927399633452
"V8",3.82584172859788
"V9",1.16846420243382
"V10",4.95906532555819
"V11",2.24032508395612
