"names","vals"
"Intercept",-11.6450394488052
"y",0.761381096439436
"V1",0.77646108623594
"V2",0.724145783577114
"V3",0.135461858706549
"V4",0.666947082150728
"V5",0.888026004657149
"V6",0.112631736788899
"V7",0.635957596590742
"V8",0.00857506203465164
"V9",4.65930629801005
"V10",4.97226926870644
"V11",2.51286400388926
"V12",3.61962525639683
"V13",2.95104262512177
