"names","vals"
"Intercept",-8.43729237763537
"y",0.512949321884662
"V1",0.906556049128994
"V2",0.628752748249099
"V3",0.201130476081744
"V4",0.57721417513676
"V5",0.391242057783529
"V6",0.00529888737946749
"V7",0.534891217015684
"V8",3.05917056649923
"V9",3.21264546923339
"V10",3.83936554100364
"V11",1.87787448521703
