"names","vals"
"Intercept",-3.30820147993974
"y",0.933824506122619
"V1",0.363487146096304
"V2",0.792360403575003
"V3",0.764423928689212
"V4",0.435192104196176
"V5",0.618133814074099
"V6",2.54835909139365
"V7",3.29827676247805
