"names","vals"
"Intercept",-9.1007800401866
"y",0.932690230431035
"V1",0.20751829771325
"V2",0.470494301756844
"V3",0.699371438240632
"V4",0.624548407271504
"V5",0.491505479905754
"V6",0.312548879534006
"V7",0.0404093202669173
"V8",0.109772034920752
"V9",3.8624918628484
"V10",4.50702723488212
"V11",1.68121670372784
"V12",4.94232684932649
"V13",2.69617407303303
