"names","vals"
"Intercept",-10.6156035008747
"y",0.548336170148104
"V1",0.49574513360858
"V2",0.510380649240687
"V3",0.465577299008146
"V4",0.42043128865771
"V5",0.838733717100695
"V6",0.378782368032262
"V7",0.896529982564971
"V8",1.59840893931687
"V9",3.69708164874464
"V10",3.47997719049454
"V11",4.08950712252408
