"names","vals"
"Intercept",-3.92985304718325
"y",0.159782825270668
"V1",0.867645958205685
"V2",0.891141269588843
"V3",0.0817416657228023
"V4",0.447170437080786
"V5",0.321649910183623
"V6",4.0289617748931
"V7",1.17854643892497
