"names","vals"
"Intercept",-1.98642221426219
"y",0.555476772366092
"V1",0.64353474159725
"V2",0.298735588090494
"V3",0.829421034548432
"V4",0.351970007643104
"V5",3.39234722033143
