"names","vals"
"Intercept",-4.99779549696716
"y",0.0119308568537235
"V1",0.346883344464004
"V2",0.708235023776069
"V3",0.23147460189648
"V4",0.518640770809725
"V5",0.507461289875209
"V6",4.94447344448417
"V7",1.38326557260007
