"names","vals"
"Intercept",-7.63801320581022
"y",0.235155617585406
"V1",0.857906312448904
"V2",0.000605020672082901
"V3",0.147595014655963
"V4",0.350268555339426
"V5",0.38171768351458
"V6",0.440068984869868
"V7",0.29464911785908
"V8",0.803614772856236
"V9",3.42421967536211
"V10",4.63860348332673
"V11",1.4715496795252
"V12",3.50049601122737
"V13",3.24531913548708
