"names","vals"
"Intercept",-5.36837445952045
"y",0.565823579207063
"V1",0.235261695692316
"V2",0.97309969458729
"V3",0.86457413691096
"V4",0.545787875540555
"V5",0.772316018352285
"V6",0.384948715567589
"V7",2.99066151678562
"V8",2.98823361378163
"V9",1.03626725450158
