"names","vals"
"Intercept",-2.11315766905434
"y",0.345971887931228
"V1",0.692903081187978
"V2",0.698813935276121
"V3",0.500407848739997
"V4",0.372762850485742
"V5",2.0853240583092
