"names","vals"
"Intercept",-2.12558498546155
"y",0.356778347399086
"V1",0.531002670293674
"V2",0.93474978976883
"V3",0.744219687534496
"V4",0.012154333293438
"V5",3.35197488125414
