"names","vals"
"Intercept",-7.22006468426855
"y",0.00980260781943798
"V1",0.724703601328656
"V2",0.284164815442637
"V3",0.0135867414064705
"V4",0.618241699179634
"V5",0.813680479070172
"V6",2.24516268353909
"V7",3.71126362401992
