"names","vals"
"Intercept",-2.81196293965005
"y",0.360768620390445
"V1",0.649569500237703
"V2",0.105151664698496
"V3",0.818253848003224
"V4",0.976146768545732
"V5",3.39960676431656
