"names","vals"
"Intercept",-7.80734687019885
"y",0.621132389642298
"V1",0.372883738251403
"V2",0.708798812236637
"V3",0.417699644109234
"V4",0.541259423363954
"V5",0.65992017951794
"V6",0.341239992994815
"V7",3.72067386936396
"V8",3.02276450488716
"V9",3.76461603306234
