"names","vals"
"Intercept",-9.72940533145913
"y",0.602462390437722
"V1",0.272967028664425
"V2",0.7877282416448
"V3",0.734704519622028
"V4",0.0602938367519528
"V5",0.0712274846155196
"V6",0.487037986284122
"V7",0.816842947388068
"V8",2.70664700493217
"V9",3.55331195052713
"V10",1.37785014975816
"V11",3.96097892988473
