"names","vals"
"Intercept",-13.652642377689
"y",0.688488480634987
"V1",0.414460929809138
"V2",0.28999492386356
"V3",0.4205705774948
"V4",0.670703338459134
"V5",0.927079195622355
"V6",0.809381729690358
"V7",0.099184786202386
"V8",0.463821897050366
"V9",2.44612005259842
"V10",4.68075478728861
"V11",2.96779565885663
"V12",4.36343479063362
"V13",3.5869724759832
