"names","vals"
"Intercept",-3.4658016514522
"y",0.631801260635257
"V1",0.293190110474825
"V2",0.642162071773782
"V3",0.620120842475444
"V4",0.465453687822446
"V5",0.905588757013902
"V6",1.03280728124082
"V7",1.5012379931286
