"names","vals"
"Intercept",-5.72022140184767
"y",0.27332051564008
"V1",0.879051157506183
"V2",0.236278167460114
"V3",0.854501120047644
"V4",0.263285648310557
"V5",0.21516909589991
"V6",0.790428856853396
"V7",3.27311479113996
"V8",2.63502914085984
"V9",1.94246022962034
