"names","vals"
"Intercept",-3.74813395458879
"y",0.228965603047982
"V1",0.892570216441527
"V2",0.0904724043793976
"V3",0.616730126552284
"V4",0.334249721141532
"V5",2.41588028054684
