"names","vals"
"Intercept",-3.97998676117067
"y",0.158473680727184
"V1",0.724194819340482
"V2",0.134815074270591
"V3",0.6799431797117
"V4",0.0235685873776674
"V5",0.673656629165635
"V6",1.99779222626239
"V7",2.20242056809366
