"names","vals"
"Intercept",-2.32852643301524
"y",0.855092995800078
"V1",0.16140553727746
"V2",0.121434532105923
"V3",0.0621534541714936
"V4",0.146848659962416
"V5",0.881980549544096
"V6",4.98246236983687
"V7",4.07982959318906
