"names","vals"
"Intercept",-0.988922714403364
"y",0.201091283932328
"V1",0.0387139264494181
"V2",0.00698231440037489
"V3",0.91275680763647
"V4",0.539273398229852
"V5",4.64337133150548
