"names","vals"
"Intercept",-5.28138058103714
"y",0.426679179770872
"V1",0.0115927555598319
"V2",0.468652753857896
"V3",0.204140375833958
"V4",0.161849447293207
"V5",0.715945031028241
"V6",0.0660240103024989
"V7",0.200068157166243
"V8",2.94494557753205
"V9",1.39088862203062
"V10",3.20814854837954
"V11",2.41854985430837
