"names","vals"
"Intercept",-3.6827890252471
"y",0.264451880473644
"V1",0.147447904804721
"V2",0.202030816115439
"V3",0.266649334225804
"V4",0.345914368750528
"V5",0.598143868613988
"V6",3.39160749036819
"V7",2.39027568139136
