"names","vals"
"Intercept",-2.32104865875374
"y",0.13821218861267
"V1",0.365471086697653
"V2",0.370899943169206
"V3",0.25763548607938
"V4",0.758859452558681
"V5",4.16581346653402
