"names","vals"
"Intercept",-4.5586406592587
"y",0.29350612568669
"V1",0.127860469743609
"V2",0.143099999288097
"V3",0.815666088601574
"V4",0.504195287823677
"V5",0.660601338371634
"V6",0.202687161974609
"V7",4.66571013629436
"V8",4.90487268101424
"V9",1.04655718710274
