"names","vals"
"Intercept",-8.78921188342199
"y",0.518000336596742
"V1",0.431683827191591
"V2",0.540893882745877
"V3",0.395282912766561
"V4",0.205331062665209
"V5",0.0843519638292491
"V6",0.343315630452707
"V7",0.826014595106244
"V8",0.188041513320059
"V9",2.08977016992867
"V10",1.49469688814133
"V11",1.37510141637176
"V12",3.62622792087495
"V13",3.60244092904031
