"names","vals"
"Intercept",-15.5141891769124
"y",0.552327385172248
"V1",0.510735618881881
"V2",0.455560009926558
"V3",0.96401794301346
"V4",0.661611015209928
"V5",0.551428687293082
"V6",0.189728223951533
"V7",0.656652932055295
"V8",0.907454966101795
"V9",4.91778335161507
"V10",3.05369285494089
"V11",4.45361883658916
"V12",2.57989477086812
"V13",1.97493550460786
