"names","vals"
"Intercept",-2.61586037310865
"y",0.770917446585372
"V1",0.666195083642378
"V2",0.703982767183334
"V3",0.887614796170965
"V4",0.66791605995968
"V5",1.1927118934691
