"names","vals"
"Intercept",-2.72208804637753
"y",0.181111690821126
"V1",0.375038183992729
"V2",0.118905421579257
"V3",0.151923696510494
"V4",0.998681312659755
"V5",3.97022659890354
