"names","vals"
"Intercept",-5.56974626650708
"y",0.966942368075252
"V1",0.279871455160901
"V2",0.0961815353948623
"V3",0.858791483333334
"V4",0.941318893106654
"V5",0.579623017460108
"V6",0.410936934640631
"V7",3.73510878067464
"V8",4.9750790214166
"V9",2.8532872479409
