"names","vals"
"Intercept",-8.32578145840974
"y",0.726633681217209
"V1",0.303515840088949
"V2",0.169721452519298
"V3",0.895142104709521
"V4",0.811751369386911
"V5",0.748081510653719
"V6",0.636428953614086
"V7",3.2976893754676
"V8",3.88726634532213
"V9",2.69759947713464
