"names","vals"
"Intercept",-2.93339561744546
"y",0.614101434592158
"V1",0.592129787895828
"V2",0.253537881653756
"V3",0.0127075540367514
"V4",0.0336779193021357
"V5",3.57234246842563
