"names","vals"
"Intercept",-12.0592655531685
"y",0.300777615280822
"V1",0.0738690197467804
"V2",0.329429371049628
"V3",0.63905841531232
"V4",0.942287540994585
"V5",0.22716153669171
"V6",0.501384762115777
"V7",0.160360355395824
"V8",0.542408596957102
"V9",1.77193089388311
"V10",3.56928610894829
"V11",2.44338406901807
"V12",3.24800882861018
"V13",3.17330293729901
