"names","vals"
"Intercept",-2.30364270234504
"y",0.538881050422788
"V1",0.770538930548355
"V2",0.826461736811325
"V3",0.759121074806899
"V4",0.818850599694997
"V5",1.57788309734315
