"names","vals"
"Intercept",-3.81722720876802
"y",0.837685873731971
"V1",0.681565152015537
"V2",0.11393143935129
"V3",0.0955491024069488
"V4",0.735294389771298
"V5",0.672910057706758
"V6",4.82738825399429
"V7",2.75537039432675
