"names","vals"
"Intercept",-8.27482249068632
"y",0.959313055733219
"V1",0.322490449529141
"V2",0.0521208781283349
"V3",0.827724696602672
"V4",0.180119814584032
"V5",0.387669403338805
"V6",0.540762924123555
"V7",0.211778036085889
"V8",0.00304659316316247
"V9",1.68628312833607
"V10",4.84580737166107
"V11",4.03489795606583
"V12",2.40186018869281
"V13",3.07663786411285
