"names","vals"
"Intercept",-0.787806781947613
"y",0.428966240957379
"V1",0.751405060524121
"V2",0.495165881933644
"V3",0.507907279999927
"V4",0.110806194599718
"V5",1.64600584283471
