"names","vals"
"Intercept",-9.55562418754352
"y",0.565690945833921
"V1",0.48670111130923
"V2",0.467492353869602
"V3",0.761316758813336
"V4",0.19656416005455
"V5",0.905899677658454
"V6",0.25864542578347
"V7",0.607082761824131
"V8",4.23422277346253
"V9",4.3071326604113
"V10",3.57756277825683
"V11",1.08440639171749
