"names","vals"
"Intercept",-8.5775072856613
"y",0.166428704047576
"V1",0.246554788202047
"V2",0.335653556510806
"V3",0.233451905427501
"V4",0.00802393071353436
"V5",0.684882001252845
"V6",0.52993585402146
"V7",0.82916054292582
"V8",0.237896988866851
"V9",4.32015769835562
"V10",2.64729685802013
"V11",2.19615658186376
"V12",3.66978472284973
"V13",3.01452499069273
