"names","vals"
"Intercept",-5.16681072275038
"y",0.202396966516972
"V1",0.654548407532275
"V2",0.661986348917708
"V3",0.523835716536269
"V4",0.84101895801723
"V5",0.934758542804047
"V6",2.45662479195744
"V7",3.90775637887418
