"names","vals"
"Intercept",-9.83639987374051
"y",0.26816222211346
"V1",0.337981973774731
"V2",0.30926117952913
"V3",0.198784344829619
"V4",0.171798441791907
"V5",0.960095256799832
"V6",0.16880311188288
"V7",0.188239803537726
"V8",3.9092328613624
"V9",4.60888659767807
"V10",2.91856417246163
"V11",2.5144231421873
