"names","vals"
"Intercept",-2.91505680467049
"y",0.608615213306621
"V1",0.0418576444499195
"V2",0.124587005237117
"V3",0.378370649414137
"V4",0.482514354865998
"V5",0.320960733806714
"V6",0.111723110545427
"V7",2.07871744874865
"V8",1.17169671691954
"V9",1.63592956122011
