"names","vals"
"Intercept",-6.45211775655812
"y",0.519540521549061
"V1",0.452730866381899
"V2",0.862289051758125
"V3",0.817932253004983
"V4",0.436861238908023
"V5",0.592193683143705
"V6",0.0464984581340104
"V7",4.90694001875818
"V8",3.15636595152318
"V9",3.36458400078118
