"names","vals"
"Intercept",-7.41278579237778
"y",0.842564260819927
"V1",0.0321914912201464
"V2",0.0350981045048684
"V3",0.626787019660696
"V4",0.685530565911904
"V5",0.18925300356932
"V6",4.8772679772228
"V7",3.10946871899068
