"names","vals"
"Intercept",-1.79973841147125
"y",0.70418350561522
"V1",0.0740958123933524
"V2",0.122977885650471
"V3",0.865395007887855
"V4",0.113358478993177
"V5",1.08422288112342
