"names","vals"
"Intercept",-12.9470247914884
"y",0.691495634848252
"V1",0.465943103656173
"V2",0.492652048822492
"V3",0.161624844418839
"V4",0.590269428677857
"V5",0.334368411218747
"V6",0.0650325026363134
"V7",0.161247328622267
"V8",0.962096544913948
"V9",4.64996488019824
"V10",4.20154544524848
"V11",2.01815502624959
"V12",3.86622819397599
"V13",2.50214255228639
