"names","vals"
"Intercept",-8.36744345794059
"y",0.340590195264667
"V1",0.926128584658727
"V2",0.37333442363888
"V3",0.365090915933251
"V4",0.165266503347084
"V5",0.891071134945378
"V6",0.489410951267928
"V7",2.89602456707507
"V8",2.24682563263923
"V9",4.91374999284744
