"names","vals"
"Intercept",-5.89048207862396
"y",0.156202998012304
"V1",0.720716280164197
"V2",0.116123384330422
"V3",0.0968917750287801
"V4",0.389934636186808
"V5",0.55765546229668
"V6",1.63275816477835
"V7",4.59703850466758
