"names","vals"
"Intercept",-7.81454801668879
"y",0.947239794535562
"V1",0.459671756252646
"V2",0.532894046977162
"V3",0.0672341482713819
"V4",0.609232633607462
"V5",0.0228335242718458
"V6",0.0402118773199618
"V7",0.692851684289053
"V8",0.734791698399931
"V9",4.86279644072056
"V10",1.37499728053808
"V11",1.97230480890721
"V12",1.8482614569366
"V13",2.75796772446483
