"names","vals"
"Intercept",-8.65635170861823
"y",0.987549021840096
"V1",0.769765505800024
"V2",0.740086089586839
"V3",0.921878112712875
"V4",0.81105798878707
"V5",0.733968780608848
"V6",0.103224492631853
"V7",0.596759496955201
"V8",0.0185834362637252
"V9",2.47973659262061
"V10",1.37965068873018
"V11",1.91125800274312
"V12",1.87732831761241
"V13",2.83182170521468
