"names","vals"
"Intercept",-9.45467760442337
"y",0.85422677337192
"V1",0.805016800528392
"V2",0.56011974834837
"V3",0.896990384440869
"V4",0.0787313475739211
"V5",0.2326441379264
"V6",0.077133446931839
"V7",4.4011064292863
"V8",3.11258513387293
"V9",4.55599493160844
