"names","vals"
"Intercept",-5.09307778408192
"y",0.501591935288161
"V1",0.281979172723368
"V2",0.073106118477881
"V3",0.347361663589254
"V4",0.524895665235817
"V5",0.477210577111691
"V6",4.77708905376494
"V7",2.28240161016583
