"names","vals"
"Intercept",-4.587490205999
"y",0.0901875402778387
"V1",0.52734787389636
"V2",0.485229296144098
"V3",0.0499771700706333
"V4",0.691624364582822
"V5",4.48164885211736
