"names","vals"
"Intercept",-3.24151771493698
"y",0.524704240262508
"V1",0.842338015791029
"V2",0.313911926932633
"V3",0.89862204878591
"V4",0.412322572199628
"V5",0.0856581872794777
"V6",2.95417324826121
"V7",3.19444162584841
