"names","vals"
"Intercept",-12.3775058718736
"y",0.032449779799208
"V1",0.81437144218944
"V2",0.740036507835612
"V3",0.736973273102194
"V4",0.606370491441339
"V5",0.544048423878849
"V6",0.621126183308661
"V7",0.00936139887198806
"V8",3.81470351666212
"V9",3.01995785534382
"V10",1.91882362030447
"V11",4.47609266638756
