"names","vals"
"Intercept",-7.78335801947373
"y",0.910643940092996
"V1",0.846356427529827
"V2",0.61403879406862
"V3",0.561723036225885
"V4",0.244250958785415
"V5",0.0955942738801241
"V6",0.173194468021393
"V7",2.52215646672994
"V8",4.4601280875504
"V9",1.58398260176182
