"names","vals"
"Intercept",-3.2259922780362
"y",0.0198304790537804
"V1",0.161523665068671
"V2",0.841179544106126
"V3",0.88479716796428
"V4",0.477425722172484
"V5",0.195004042936489
"V6",0.0330499778501689
"V7",1.0014169504866
"V8",3.55375735647976
"V9",2.36900991760194
