"names","vals"
"Intercept",-2.91120781793492
"y",0.746433860622346
"V1",0.284179708687589
"V2",0.469099872978404
"V3",0.694162248168141
"V4",0.32728944090195
"V5",4.0298577407375
