"names","vals"
"Intercept",-8.56769791154377
"y",0.49729306390509
"V1",0.30318176979199
"V2",0.318328527966514
"V3",0.0700262282043695
"V4",0.176102553261444
"V5",0.516229752451181
"V6",0.0970136635005474
"V7",0.138955181697384
"V8",1.19664520025253
"V9",4.47117515932769
"V10",3.85280696675181
"V11",3.47730676736683
