"names","vals"
"Intercept",-4.34442464964371
"y",0.0999367048498243
"V1",0.535401297267526
"V2",0.155695640016347
"V3",0.95867012348026
"V4",0.795054694404826
"V5",0.591501198941842
"V6",1.41647981293499
"V7",3.98935063090175
