"names","vals"
"Intercept",-2.88313076522225
"y",0.433090284466743
"V1",0.218301047105342
"V2",0.246982972603291
"V3",0.0524176403414458
"V4",0.108630567323416
"V5",0.950754192424938
"V6",0.588040000060573
"V7",1.0260263858363
"V8",1.56408337969333
"V9",4.07227227650583
