"names","vals"
"Intercept",-4.6524440800671
"y",0.654987707966939
"V1",0.408542580436915
"V2",0.428958822740242
"V3",0.220784415490925
"V4",0.488258126657456
"V5",0.374117909697816
"V6",2.03349007572979
"V7",4.26342479884624
