"names","vals"
"Intercept",-4.8146230106065
"y",0.664014167618006
"V1",0.731199763948098
"V2",0.0145424790680408
"V3",0.766817148309201
"V4",0.973316687624902
"V5",4.80668972153217
