"names","vals"
"Intercept",-6.23668290869403
"y",0.58203437179327
"V1",0.140722480602562
"V2",0.0589728588238358
"V3",0.326652023708448
"V4",0.350295827491209
"V5",0.573283958714455
"V6",0.140044313389808
"V7",1.000384173356
"V8",4.76007802970707
"V9",2.01404012180865
