"names","vals"
"Intercept",-8.41128020887403
"y",0.95101534225978
"V1",0.777096652658656
"V2",0.505668575176969
"V3",0.954130389960483
"V4",0.562410220969468
"V5",0.373611331451684
"V6",0.0286265132017434
"V7",0.212551901349798
"V8",0.758086844347417
"V9",3.58837741240859
"V10",1.35229021497071
"V11",2.00280359666795
"V12",4.527877477929
"V13",3.23954438045621
