"names","vals"
"Intercept",-7.71646097839158
"y",0.0939683835022151
"V1",0.394734854344279
"V2",0.17844848614186
"V3",0.683247577399015
"V4",0.882436113897711
"V5",0.763654116541147
"V6",0.644490241538733
"V7",0.751512950053439
"V8",0.694718504557386
"V9",1.65001851972193
"V10",3.57697756122798
"V11",1.63068057596684
"V12",1.47641111630946
"V13",4.21721591055393
