"names","vals"
"Intercept",-8.13876927621244
"y",0.268956943647936
"V1",0.53139766654931
"V2",0.238613565219566
"V3",0.827954802662134
"V4",0.798019046429545
"V5",0.678474395070225
"V6",0.922430515754968
"V7",0.104225303744897
"V8",0.0867134861182421
"V9",2.9199093664065
"V10",3.7296036388725
"V11",4.27259297017008
"V12",1.68119531497359
"V13",3.1524599827826
