"names","vals"
"Intercept",-1.81839571151766
"y",0.441245522117242
"V1",0.103545050835237
"V2",0.214385067345574
"V3",0.738880100660026
"V4",0.881689166417345
"V5",3.76879094541073
