"names","vals"
"Intercept",-10.4288297080048
"y",0.742535999976099
"V1",0.659199965884909
"V2",0.846890432061628
"V3",0.797660044394433
"V4",0.889804556267336
"V5",0.0472644965630025
"V6",0.228976735379547
"V7",0.44650992564857
"V8",0.553818615619093
"V9",3.39383471943438
"V10",2.92592734564096
"V11",4.25170973967761
"V12",1.67286477889866
"V13",4.64443122595549
