"names","vals"
"Intercept",-3.95452757635154
"y",0.758163515012711
"V1",0.199579920386896
"V2",0.066595965763554
"V3",0.766901946160942
"V4",0.854753298219293
"V5",0.789389235898852
"V6",3.30804709997028
"V7",1.0833145333454
