"names","vals"
"Intercept",-1.59357080860343
"y",0.290763722034171
"V1",0.695488865720108
"V2",0.882987906923518
"V3",0.383515696274117
"V4",0.998137030052021
"V5",1.65578985959291
