"names","vals"
"Intercept",-3.24846486399113
"y",0.328626214293763
"V1",0.268438069382682
"V2",0.26405714219436
"V3",0.077423874521628
"V4",0.00206569582223892
"V5",0.944568545557559
"V6",0.581561292055994
"V7",1.84731683973223
"V8",1.01718370988965
"V9",2.49035442154855
