"names","vals"
"Intercept",-6.09384936292423
"y",0.828922308515757
"V1",0.332156173884869
"V2",0.895378148416057
"V3",0.927752194693312
"V4",0.375375177012756
"V5",3.52930235210806
