"names","vals"
"Intercept",-2.31342406671145
"y",0.267595797311515
"V1",0.966825993498787
"V2",0.116671192459762
"V3",0.0811938543338329
"V4",0.408643820090219
"V5",0.878941662609577
"V6",3.77444135956466
"V7",2.13282717671245
