"names","vals"
"Intercept",-6.00244452567375
"y",0.396935648750514
"V1",0.544880421133712
"V2",0.654232622589916
"V3",0.0914294011890888
"V4",0.940209228778258
"V5",4.97894910443574
