"names","vals"
"Intercept",-5.26193571651983
"y",0.0993819828145206
"V1",0.807824756484479
"V2",0.606682528741658
"V3",0.727340599754825
"V4",0.737880367320031
"V5",3.76732342131436
