"names","vals"
"Intercept",-6.79975886331242
"y",0.187499905005097
"V1",0.904429622460157
"V2",0.158281073439866
"V3",0.851764641236514
"V4",0.305004019523039
"V5",0.124762563733384
"V6",0.82953014341183
"V7",0.42244858155027
"V8",0.312442438211292
"V9",4.05361678265035
"V10",2.01465294975787
"V11",4.2994580231607
"V12",3.07984804455191
"V13",4.71477246843278
