"names","vals"
"Intercept",-5.49571889248141
"y",0.301398202078417
"V1",0.0407853769138455
"V2",0.23525522579439
"V3",0.787859862670302
"V4",0.883250546408817
"V5",0.106934439390898
"V6",3.96283635403961
"V7",2.20972465630621
