"names","vals"
"Intercept",-2.35508857730124
"y",0.0538353589363396
"V1",0.958193645812571
"V2",0.89082621014677
"V3",0.354431555140764
"V4",0.500776634318754
"V5",3.67202556971461
