"names","vals"
"Intercept",-2.57770558561408
"y",0.31694821617566
"V1",0.708106797654182
"V2",0.507115834159777
"V3",0.718210655264556
"V4",0.052070947131142
"V5",0.522607432212681
"V6",3.17798493243754
"V7",2.06642812024802
