"names","vals"
"Intercept",-3.72263155413163
"y",0.00695066386833787
"V1",0.460829610703513
"V2",0.246166496537626
"V3",0.179647573269904
"V4",0.764835646608844
"V5",0.434378351084888
"V6",0.910737214842811
"V7",1.41298561543226
"V8",2.60709559544921
"V9",1.67660058103502
