"names","vals"
"Intercept",-18.232286094035
"y",0.70258237910457
"V1",0.0493419766426086
"V2",0.903363624121994
"V3",0.856251063523814
"V4",0.536915502510965
"V5",0.815804329700768
"V6",0.34695981326513
"V7",0.0510205414611846
"V8",0.356654057279229
"V9",1.12643421627581
"V10",4.39142681006342
"V11",4.73346984945238
"V12",4.93387113697827
"V13",3.63554258644581
