"names","vals"
"Intercept",-5.62755975762708
"y",0.376096107997
"V1",0.913747533457354
"V2",0.258909996598959
"V3",0.457487975480035
"V4",0.0757883656769991
"V5",0.947617513127625
"V6",3.87439523637295
"V7",4.27970592211932
