"names","vals"
"Intercept",-14.6334044727941
"y",0.769896713551134
"V1",0.421529667917639
"V2",0.599706345470622
"V3",0.277519734343514
"V4",0.0731206177733839
"V5",0.781074618455023
"V6",0.917305625043809
"V7",0.682109277462587
"V8",0.895237388089299
"V9",1.47610908001661
"V10",4.64213698543608
"V11",4.11730711534619
"V12",4.90140608604997
"V13",2.92654958926141
