"names","vals"
"Intercept",-6.72868632835755
"y",0.408296198351309
"V1",0.24346232553944
"V2",0.960455196443945
"V3",0.163864284288138
"V4",0.404901082161814
"V5",0.0730209681205451
"V6",0.0123903793282807
"V7",2.93651620764285
"V8",2.86969447787851
"V9",3.94649470597506
