"names","vals"
"Intercept",-3.87607313507609
"y",0.453083271859214
"V1",0.0988888051360846
"V2",0.0120423000771552
"V3",0.0239078244194388
"V4",0.260545009514317
"V5",0.7247466777917
"V6",1.63740135170519
"V7",2.34017564263195
