"names","vals"
"Intercept",-6.02391370390914
"y",0.999279242940247
"V1",0.750225225929171
"V2",0.0149187012575567
"V3",0.457506215432659
"V4",0.944302677642554
"V5",0.901292603230104
"V6",3.15247001219541
"V7",4.45493894442916
