"names","vals"
"Intercept",-5.16978081269376
"y",0.433854242553934
"V1",0.740923904115334
"V2",0.334640148794279
"V3",0.843404599232599
"V4",0.0854891557246447
"V5",0.377796391723678
"V6",2.18108588736504
"V7",4.39521724637598
