"names","vals"
"Intercept",-11.5575677169072
"y",0.550926168914884
"V1",0.359521550126374
"V2",0.076658143196255
"V3",0.757391514955088
"V4",0.927619375288486
"V5",0.628752314252779
"V6",0.861876777373254
"V7",0.723160666180775
"V8",0.0100220248568803
"V9",1.62947301194072
"V10",4.5342116355896
"V11",1.58885468635708
"V12",3.6240360410884
"V13",3.59095500782132
