"names","vals"
"Intercept",-10.9457159143591
"y",0.831899077398703
"V1",0.0533354175277054
"V2",0.575947511475533
"V3",0.374987051589414
"V4",0.907840019557625
"V5",0.252187475794926
"V6",0.0677573499269783
"V7",0.579504318069667
"V8",4.3198396936059
"V9",4.25014169234782
"V10",1.33443247620016
"V11",3.95288601145148
