"names","vals"
"Intercept",-5.75307762436266
"y",0.341080776881427
"V1",0.44168697251007
"V2",0.113258539000526
"V3",0.271041589323431
"V4",0.591471962165087
"V5",0.823588533326983
"V6",0.472395282471552
"V7",3.37011483684182
"V8",2.12606137897819
"V9",3.42805334832519
