"names","vals"
"Intercept",-7.28388757490786
"y",0.929938019253314
"V1",0.468806175980717
"V2",0.835564181441441
"V3",0.209258775226772
"V4",0.681053649866953
"V5",0.764437788398936
"V6",0.94363032002002
"V7",0.148296583211049
"V8",1.92851052619517
"V9",1.7336715310812
"V10",2.02050617337227
"V11",3.34225498419255
