"names","vals"
"Intercept",-5.23770110631129
"y",0.289383481489494
"V1",0.833087544655427
"V2",0.980978677980602
"V3",0.836376046994701
"V4",0.731841050786898
"V5",0.721361568663269
"V6",0.646642482839525
"V7",4.47465748060495
"V8",3.03593658283353
"V9",1.90366157516837
