"names","vals"
"Intercept",-8.70854644447518
"y",0.383508096914738
"V1",0.126669992459938
"V2",0.993538413429633
"V3",0.806545180268586
"V4",0.996561742154881
"V5",0.671799655770883
"V6",4.07669237442315
"V7",4.0646920632571
