"names","vals"
"Intercept",-1.72220174857625
"y",0.0775185246020555
"V1",0.376397135667503
"V2",0.177687835413963
"V3",0.673960749292746
"V4",0.112656060373411
"V5",0.821664849761873
"V6",4.27260448597372
"V7",4.64381616469473
