"names","vals"
"Intercept",-9.50623769372213
"y",0.820902190171182
"V1",0.732659791363403
"V2",0.179531357483938
"V3",0.169168252497911
"V4",0.194236435927451
"V5",0.367101721465588
"V6",0.565577396657318
"V7",4.49169529415667
"V8",3.36943743936718
"V9",4.12147301342338
