"names","vals"
"Intercept",-2.63378882707981
"y",0.0328408144414425
"V1",0.639137155143544
"V2",0.670966013334692
"V3",0.161454938584939
"V4",0.14297431637533
"V5",0.121233143145218
"V6",1.00116967596114
"V7",1.10719227790833
