"names","vals"
"Intercept",-6.82806469024601
"y",0.412271805340424
"V1",0.358021845575422
"V2",0.532741964794695
"V3",0.138397178146988
"V4",0.637366288574412
"V5",0.827716493513435
"V6",0.313141911523417
"V7",3.42844146583229
"V8",2.96297289058566
"V9",1.98174441140145
