"names","vals"
"Intercept",-4.52821189314546
"y",0.450106599600986
"V1",0.853111573960632
"V2",0.291552108246833
"V3",0.0252568167634308
"V4",0.186799776507542
"V5",0.406782697886229
"V6",2.81572575308383
"V7",4.07206321321428
