"names","vals"
"Intercept",-1.30505394881405
"y",0.0468375810887665
"V1",0.571729008806869
"V2",0.305883933091536
"V3",0.786290732678026
"V4",0.0345747787505388
"V5",2.25873729586601
