"names","vals"
"Intercept",-4.82377242952352
"y",0.107957302127033
"V1",0.189373215660453
"V2",0.648516806541011
"V3",0.410854095825925
"V4",0.0334559495095164
"V5",0.830369692761451
"V6",3.15493079368025
"V7",2.67533802986145
