"names","vals"
"Intercept",-6.22241450016503
"y",0.231814964441583
"V1",0.269659073324874
"V2",0.770485424203798
"V3",0.414416119456291
"V4",0.496548314346001
"V5",0.74490699567832
"V6",0.953614073107019
"V7",0.397755613317713
"V8",3.93798995483667
"V9",1.98604416567832
"V10",1.66115163452923
"V11",3.94702444691211
