"names","vals"
"Intercept",-6.98876334828837
"y",0.326645046006888
"V1",0.434357272926718
"V2",0.320587046444416
"V3",0.826486197998747
"V4",0.811268936144188
"V5",0.875733437947929
"V6",0.511267050169408
"V7",0.0907526982482523
"V8",2.0801956653595
"V9",1.0654919128865
"V10",1.98948311712593
"V11",3.02994299121201
