"names","vals"
"Intercept",-2.75716888224706
"y",0.526749156648293
"V1",0.703636040445417
"V2",0.528258088510484
"V3",0.74780934327282
"V4",0.519677873468027
"V5",0.286250078584999
"V6",1.70716747827828
"V7",2.96889601368457
