"names","vals"
"Intercept",-12.6909698158256
"y",0.877520138863474
"V1",0.894012600881979
"V2",0.295352037064731
"V3",0.0773910977877676
"V4",0.675758135737851
"V5",0.546594286570325
"V6",0.00445396243594587
"V7",0.457779980730265
"V8",2.78565385472029
"V9",4.70783606451005
"V10",1.33060674369335
"V11",4.97902193851769
