"names","vals"
"Intercept",-4.36929226493137
"y",0.250466211000457
"V1",0.130300344666466
"V2",0.922100024530664
"V3",0.106156065128744
"V4",0.471281149424613
"V5",0.426025102147833
"V6",4.46249746065587
"V7",2.56312301475555
