"names","vals"
"Intercept",-6.66385634919722
"y",0.525167438667268
"V1",0.81896147527732
"V2",0.071296906331554
"V3",0.763655685121194
"V4",0.560913679655641
"V5",0.772081782575697
"V6",0.513768979813904
"V7",0.663746741833165
"V8",0.842685427051038
"V9",2.85947869066149
"V10",1.9434545468539
"V11",1.25572004634887
"V12",4.70076987240463
"V13",2.11833497602493
