"names","vals"
"Intercept",-7.36751603630348
"y",0.679296021349728
"V1",0.886724840151146
"V2",0.137076844228432
"V3",0.0691967126913369
"V4",0.61166915204376
"V5",0.653116090921685
"V6",0.079442362068221
"V7",0.729701358359307
"V8",0.378359989495948
"V9",3.75265565514565
"V10",2.71840822231025
"V11",2.93088035937399
"V12",3.35190164018422
"V13",2.14693794865161
