"names","vals"
"Intercept",-10.750918548489
"y",0.438612620579079
"V1",0.00717293564230204
"V2",0.470049290452152
"V3",0.801017514197156
"V4",0.973824922228232
"V5",0.961850757943466
"V6",0.347625939175487
"V7",0.753615777473897
"V8",0.630656649824232
"V9",2.5781178008765
"V10",2.2528361864388
"V11",2.10414785612375
"V12",4.98557495698333
"V13",1.12237687408924
