"names","vals"
"Intercept",-2.31229387645749
"y",0.529634399339557
"V1",0.0864116891752928
"V2",0.397570565342903
"V3",0.207665448309854
"V4",0.140537260565907
"V5",0.532677279086784
"V6",1.37133395206183
"V7",4.35727516189218
