"names","vals"
"Intercept",-4.19116955154436
"y",0.914851871086285
"V1",0.612092698924243
"V2",0.907063226681203
"V3",0.216496294597164
"V4",0.847759239375591
"V5",0.122632498387247
"V6",0.0241872833576053
"V7",4.58014406915754
"V8",1.26563849579543
"V9",2.96822754386812
