"names","vals"
"Intercept",-5.15024820069014
"y",0.158424402819946
"V1",0.187821304658428
"V2",0.232349621364847
"V3",0.207550903549418
"V4",0.775363195920363
"V5",0.248682404402643
"V6",0.909318683668971
"V7",3.60434470418841
"V8",2.43489368166775
"V9",2.25400034431368
