"names","vals"
"Intercept",-4.96378934643697
"y",0.0621043900027871
"V1",0.424200492911041
"V2",0.972635592101142
"V3",0.786698612850159
"V4",0.396947637433186
"V5",0.172069047112018
"V6",0.561343362089247
"V7",3.69551750458777
"V8",3.56407739687711
"V9",2.50259034708142
