"names","vals"
"Intercept",-7.72565041369992
"y",0.442742009880021
"V1",0.693375762784854
"V2",0.399241792038083
"V3",0.876254167407751
"V4",0.11204014532268
"V5",0.868275779532269
"V6",0.00918830139562488
"V7",0.775692804018036
"V8",2.89685015659779
"V9",2.74126397445798
"V10",3.80159183871001
"V11",2.38377831690013
