"names","vals"
"Intercept",-5.20856946977205
"y",0.582704678643495
"V1",0.543155829887837
"V2",0.997764652594924
"V3",0.810034345369786
"V4",0.796024336246774
"V5",0.571985755814239
"V6",0.593274917453527
"V7",2.23667223937809
"V8",2.63717704638839
"V9",2.23440565448254
