"names","vals"
"Intercept",-9.50143915877771
"y",0.904680866980925
"V1",0.638927559601143
"V2",0.498829063726589
"V3",0.0130102091934532
"V4",0.134831399191171
"V5",0.548939536791295
"V6",0.011913196882233
"V7",0.359798253048211
"V8",3.6195816770196
"V9",4.12139252014458
"V10",3.35902509372681
"V11",2.29253561794758
