"names","vals"
"Intercept",-6.46923885303293
"y",0.248579729814082
"V1",0.209209346212447
"V2",0.638909304747358
"V3",0.119298281613737
"V4",0.57010420691222
"V5",0.258986834669486
"V6",0.558288138825446
"V7",2.37307670805603
"V8",2.55445599742234
"V9",3.36403625644743
