"names","vals"
"Intercept",-4.69602132649394
"y",0.273368932772428
"V1",0.597699462901801
"V2",0.933414680883288
"V3",0.663955816999078
"V4",0.580311282305047
"V5",0.99897426716052
"V6",4.08393836859614
"V7",4.42306763678789
