"names","vals"
"Intercept",-9.24929655201081
"y",0.149173947051167
"V1",0.875122355530038
"V2",0.989649054128677
"V3",0.00776895275339484
"V4",0.404676121426746
"V5",0.643865923862904
"V6",0.328337088227272
"V7",0.87140408414416
"V8",3.78491923119873
"V9",4.94464609958231
"V10",1.40380120556802
"V11",3.57739300280809
