"names","vals"
"Intercept",-6.44831680960813
"y",0.822518143104389
"V1",0.315637255553156
"V2",0.901317343814299
"V3",0.056711453711614
"V4",0.474166458938271
"V5",0.543182326247916
"V6",0.498360299970955
"V7",0.373919055098668
"V8",4.15728857927024
"V9",3.94170838966966
"V10",3.48643588554114
"V11",1.66632665321231
