"names","vals"
"Intercept",-4.14936441721814
"y",0.412852828856558
"V1",0.125053988303989
"V2",0.565013737417758
"V3",0.523322243476287
"V4",0.882939072558656
"V5",0.351034282939509
"V6",3.38660764601082
"V7",4.15870472323149
