"names","vals"
"Intercept",-4.37800993837556
"y",0.933050549123436
"V1",0.653410186525434
"V2",0.523834258317947
"V3",0.84057990135625
"V4",0.844207434449345
"V5",0.360642314888537
"V6",0.304950633551925
"V7",1.98242962546647
"V8",4.09541204292327
"V9",1.79582355264574
