"names","vals"
"Intercept",-5.5461792927417
"y",0.287250764202327
"V1",0.204639601754025
"V2",0.611746940528974
"V3",0.734049703925848
"V4",0.510656176833436
"V5",0.239127032458782
"V6",0.833059094846249
"V7",0.146533950930461
"V8",3.43296015542001
"V9",3.53720460645854
"V10",1.18076031189412
"V11",2.74934527650476
