"names","vals"
"Intercept",-11.7342480462706
"y",0.325366754317656
"V1",0.423393519828096
"V2",0.189914107788354
"V3",0.275142548140138
"V4",0.52820766880177
"V5",0.702115949476138
"V6",0.257576948730275
"V7",0.449822667054832
"V8",0.290387922665104
"V9",3.38654335774481
"V10",4.20259587280452
"V11",1.47425209730864
"V12",3.83196059893817
"V13",3.49321082420647
