"names","vals"
"Intercept",-1.28361097119632
"y",0.777306407922879
"V1",0.864920685766265
"V2",0.379342404194176
"V3",0.00485308445058763
"V4",0.776290924521163
"V5",4.58954191487283
