"names","vals"
"Intercept",-11.3459814221589
"y",0.757386164506897
"V1",0.897844622842968
"V2",0.384015744552016
"V3",0.696700384374708
"V4",0.645131128374487
"V5",0.0145886670798063
"V6",0.852215098682791
"V7",0.848497073398903
"V8",0.501016017748043
"V9",1.4906623121351
"V10",4.20257433503866
"V11",3.47233761381358
"V12",2.08405502792448
"V13",4.65713041368872
