"names","vals"
"Intercept",-4.5404881028696
"y",0.0423413196112961
"V1",0.460088147083297
"V2",0.870172940427437
"V3",0.23972183233127
"V4",0.935461011482403
"V5",4.31006668694317
