"names","vals"
"Intercept",-6.38236863201437
"y",0.941136799287051
"V1",0.224937896244228
"V2",0.00872429623268545
"V3",0.227837098296732
"V4",0.0258919910993427
"V5",0.285590410232544
"V6",0.355839346768335
"V7",1.57880539353937
"V8",2.01668872032315
"V9",4.89899538084865
