"names","vals"
"Intercept",-10.8049255768475
"y",0.174428159138188
"V1",0.457570933038369
"V2",0.0884712191764265
"V3",0.480132020777091
"V4",0.715176886180416
"V5",0.07024713489227
"V6",0.150355704827234
"V7",0.0495396826881915
"V8",0.145553703652695
"V9",3.1558402935043
"V10",1.97581269964576
"V11",4.94740133918822
"V12",2.61923887487501
"V13",4.94632522109896
