"names","vals"
"Intercept",-2.14273208581982
"y",0.903130089165643
"V1",0.667634737445042
"V2",0.809216166846454
"V3",0.71013834932819
"V4",0.398747797124088
"V5",4.50335985980928
