"names","vals"
"Intercept",-8.46480902785808
"y",0.474103580927476
"V1",0.849145772168413
"V2",0.742037207586691
"V3",0.0997373850550503
"V4",0.836478949757293
"V5",0.77869802666828
"V6",0.429712215205655
"V7",0.604130679741502
"V8",0.200176306068897
"V9",2.90607256814837
"V10",1.19704193156213
"V11",4.00921087525785
"V12",1.7921855468303
"V13",2.13553894869983
