"names","vals"
"Intercept",-3.07160856150743
"y",0.337871094001457
"V1",0.0503201293759048
"V2",0.557430004002526
"V3",0.519954451126978
"V4",0.0149177918210626
"V5",2.34973378945142
