"names","vals"
"Intercept",-9.88372571443557
"y",0.609493947587907
"V1",0.696642012568191
"V2",0.370021576294675
"V3",0.351118296850473
"V4",0.588013592874631
"V5",0.0942527498118579
"V6",0.837977320654318
"V7",4.36939386278391
"V8",3.8338623251766
"V9",3.2334666159004
