"names","vals"
"Intercept",-7.49323965288047
"y",0.328569296514615
"V1",0.597034305334091
"V2",0.951706349849701
"V3",0.886944150086492
"V4",0.241658400045708
"V5",0.151520377956331
"V6",0.153679151553661
"V7",0.335479601752013
"V8",0.730248517356813
"V9",1.3801181036979
"V10",2.0743604535237
"V11",4.5442248089239
"V12",2.42509823478758
"V13",4.07848257943988
