"names","vals"
"Intercept",-5.14314435899956
"y",0.678922469960526
"V1",0.344015265349299
"V2",0.770031925989315
"V3",0.939138879999518
"V4",0.352718086447567
"V5",0.718256729422137
"V6",4.24573973100632
"V7",1.63750858325511
