"names","vals"
"Intercept",-3.41068392046681
"y",0.962023733416572
"V1",0.899554990697652
"V2",0.820485561154783
"V3",0.00905948714353144
"V4",0.151803233427927
"V5",4.50438681337982
