"names","vals"
"Intercept",-2.07907162638009
"y",0.106502560898662
"V1",0.460259283427149
"V2",0.94975932710804
"V3",0.33179244841449
"V4",0.323243454098701
"V5",0.678069673711434
"V6",1.10095299873501
"V7",1.96101266331971
