"names","vals"
"Intercept",-11.2020593422172
"y",0.191875942982733
"V1",0.526289034401998
"V2",0.737748777493834
"V3",0.993842309108004
"V4",0.409778876462951
"V5",0.067730201408267
"V6",0.982873801374808
"V7",0.590125292306766
"V8",2.06373542919755
"V9",4.77473399974406
"V10",1.86692954972386
"V11",4.55454932339489
