"names","vals"
"Intercept",-6.53702892310685
"y",0.1631315338891
"V1",0.314757195534185
"V2",0.0694564215373248
"V3",0.852810956304893
"V4",0.308703289134428
"V5",0.8765600011684
"V6",0.253093014936894
"V7",0.0455171403009444
"V8",4.55050069838762
"V9",2.1183264888823
"V10",1.38527020439506
"V11",2.50003898516297
