"names","vals"
"Intercept",-3.8774419040056
"y",0.314362227218226
"V1",0.648404858307913
"V2",0.441391953034326
"V3",0.666784249478951
"V4",0.205451979069039
"V5",0.65908842952922
"V6",0.856873608427122
"V7",2.67845183610916
"V8",2.64499014895409
"V9",1.51886445656419
