"names","vals"
"Intercept",-7.5720335487253
"y",0.585590233793482
"V1",0.558045128826052
"V2",0.539634729968384
"V3",0.542923239059746
"V4",0.279448361834511
"V5",0.184419397963211
"V6",0.356604263419285
"V7",0.766690327553079
"V8",0.606462244177237
"V9",2.26509496197104
"V10",2.95746366120875
"V11",3.53026781324297
"V12",2.09767308179289
"V13",1.21544531639665
