"names","vals"
"Intercept",-9.03203748737648
"y",0.332003705203533
"V1",0.182729592546821
"V2",0.585024550324306
"V3",0.0974185809027404
"V4",0.552656444953755
"V5",0.550652732374147
"V6",0.494301717495546
"V7",0.814625425031409
"V8",0.430270655313507
"V9",3.24674006737769
"V10",3.09836120251566
"V11",1.32211561594158
"V12",1.23272043466568
"V13",4.35012471210212
