"names","vals"
"Intercept",-5.56782817683811
"y",0.475802021799609
"V1",0.401373825035989
"V2",0.891424399800599
"V3",0.978811524575576
"V4",0.924211803590879
"V5",0.884877274744213
"V6",0.244504696922377
"V7",1.02633637562394
"V8",2.88491499237716
"V9",2.58179496228695
