"names","vals"
"Intercept",-4.63818976000021
"y",0.547704850556329
"V1",0.746517800725996
"V2",0.682145837461576
"V3",0.590481891296804
"V4",0.104237783700228
"V5",0.254736107308418
"V6",4.22781597264111
"V7",3.61151567939669
