"names","vals"
"Intercept",-4.54256662261579
"y",0.0986302259843796
"V1",0.59501795261167
"V2",0.837068693013862
"V3",0.872666292125359
"V4",0.0550360719207674
"V5",0.920151794329286
"V6",0.938486450584605
"V7",2.51129399891943
"V8",4.81129200197756
"V9",3.84205803088844
