"names","vals"
"Intercept",-2.46268089494272
"y",0.313277557259426
"V1",0.765207485761493
"V2",0.292404770851135
"V3",0.550646666903049
"V4",0.675249851774424
"V5",0.759247329318896
"V6",2.08476562891155
"V7",2.04949108976871
