"names","vals"
"Intercept",-2.64010401094146
"y",0.483972566435114
"V1",0.835667974548414
"V2",0.799930586246774
"V3",0.166556593030691
"V4",0.95844187727198
"V5",0.273268030257896
"V6",3.59827715624124
"V7",1.16502992901951
