"names","vals"
"Intercept",-8.65568218526198
"y",0.982558529125527
"V1",0.460032485425472
"V2",0.78674787376076
"V3",0.741360736778006
"V4",0.165716429706663
"V5",0.259652858832851
"V6",0.612892671022564
"V7",0.3330250561703
"V8",0.904855421045795
"V9",2.5555526651442
"V10",3.6548081682995
"V11",4.98882874939591
"V12",3.78516168985516
"V13",2.05070481542498
