"names","vals"
"Intercept",-5.87225389165198
"y",0.714131476124749
"V1",0.267681194702163
"V2",0.948697243817151
"V3",0.842907413374633
"V4",0.18821580032818
"V5",0.011305314488709
"V6",0.231065064435825
"V7",1.75450930930674
"V8",4.19345018267632
"V9",1.32717551197857
