"names","vals"
"Intercept",-1.66406265144516
"y",0.324746276717633
"V1",0.214025159133598
"V2",0.459979802835733
"V3",0.313603739487007
"V4",0.421483846846968
"V5",1.86539731454104
