"names","vals"
"Intercept",-3.79953746347409
"y",0.873774493578821
"V1",0.663464694982395
"V2",0.205009336117655
"V3",0.285822005942464
"V4",0.781316973501816
"V5",0.894080238882452
"V6",0.73328250949271
"V7",0.790776348905638
"V8",1.07633527461439
"V9",2.03052511345595
"V10",3.24315628502518
"V11",2.39513988047838
