"names","vals"
"Intercept",-12.2594793048785
"y",0.983888573478907
"V1",0.0141064969357103
"V2",0.428751247003675
"V3",0.00969012570567429
"V4",0.721460413420573
"V5",0.866174603113905
"V6",0.608942886115983
"V7",0.0481956102885306
"V8",0.449498184025288
"V9",3.99356194306165
"V10",3.15709109976888
"V11",2.87821330036968
"V12",3.21873272024095
"V13",3.44130306877196
