"names","vals"
"Intercept",-8.59308153068275
"y",0.0885185117367655
"V1",0.33700957079418
"V2",0.842707947362214
"V3",0.798315977444872
"V4",0.452613506931812
"V5",0.583876783493906
"V6",0.948030557483435
"V7",0.176806985167786
"V8",4.655981275253
"V9",4.37224009260535
"V10",4.76460815034807
"V11",3.71457842551172
