"names","vals"
"Intercept",-10.5367188919424
"y",0.57987328292802
"V1",0.132302303565666
"V2",0.352598109515384
"V3",0.200110898353159
"V4",0.127151435008273
"V5",0.525680976454169
"V6",0.686937269521877
"V7",0.660719181178138
"V8",0.437459187349305
"V9",4.19282289128751
"V10",1.00570109207183
"V11",1.28356784954667
"V12",1.37579819187522
"V13",3.42833888623863
