"names","vals"
"Intercept",-3.40013696008595
"y",0.753020453033969
"V1",0.397260445170105
"V2",0.390972493216395
"V3",0.33897685771808
"V4",0.089001510059461
"V5",4.69783367495984
