"names","vals"
"Intercept",-16.8317114140107
"y",0.928403465077281
"V1",0.799291296396405
"V2",0.0586442123167217
"V3",0.904379731044173
"V4",0.737722638528794
"V5",0.312301355646923
"V6",0.300406969618052
"V7",0.908304998418316
"V8",0.150065914262086
"V9",2.40519009530544
"V10",4.10416106600314
"V11",3.47815395891666
"V12",3.27856170199811
"V13",4.3171272855252
