"names","vals"
"Intercept",-8.31525472994661
"y",0.360438828123733
"V1",0.532028834801167
"V2",0.985746518941596
"V3",0.681713791796938
"V4",0.42192402551882
"V5",0.654980444582179
"V6",0.574112485162914
"V7",0.76078831939958
"V8",0.9424963388592
"V9",3.55144184455276
"V10",1.20838707871735
"V11",1.6894342796877
"V12",1.73184642381966
"V13",3.35327016189694
