"names","vals"
"Intercept",-4.5601132384201
"y",0.863487343303859
"V1",0.876931444043294
"V2",0.0802556581329554
"V3",0.153306091437116
"V4",0.346046067774296
"V5",4.50657270010561
