"names","vals"
"Intercept",-6.81134478616249
"y",0.727081887423992
"V1",0.601679989136755
"V2",0.520619191927835
"V3",0.881520567461848
"V4",0.914052750682458
"V5",0.687929204199463
"V6",0.940955325961113
"V7",0.73269964940846
"V8",1.6847545420751
"V9",1.29148064926267
"V10",2.18810867331922
"V11",1.70453923381865
