"names","vals"
"Intercept",-7.67116898010997
"y",0.327504191780463
"V1",0.488216919125989
"V2",0.852870236849412
"V3",0.951349582988769
"V4",0.575914003886282
"V5",0.112433983478695
"V6",0.355341481277719
"V7",0.135145318461582
"V8",0.612085358938202
"V9",3.62001899909228
"V10",1.83008697349578
"V11",3.61377978697419
"V12",4.36225510947406
"V13",1.42266131192446
