"names","vals"
"Intercept",-8.49000917882705
"y",0.879541694186628
"V1",0.788481998723
"V2",0.827604460297152
"V3",0.357552150497213
"V4",0.0892388194333762
"V5",0.670092839514837
"V6",0.970228800550103
"V7",0.321402723202482
"V8",4.92280127760023
"V9",1.09521521534771
"V10",2.76559772714972
"V11",3.76497682090849
