"names","vals"
"Intercept",-5.02413197110058
"y",0.777501794975251
"V1",0.365437787026167
"V2",0.134791379095986
"V3",0.427242201985791
"V4",0.333483340684325
"V5",0.333713161293417
"V6",0.862848152173683
"V7",0.569680232089013
"V8",2.10125431139022
"V9",1.39192434307188
"V10",1.09506379533559
"V11",3.51995013002306
