"names","vals"
"Intercept",-3.78324001505366
"y",0.270323382224888
"V1",0.0999071444384754
"V2",0.957347077084705
"V3",0.338288593571633
"V4",0.775396551005542
"V5",0.39417358324863
"V6",3.37222906481475
"V7",2.06991942971945
