"names","vals"
"Intercept",-7.91960466543399
"y",0.547171247657388
"V1",0.200378681765869
"V2",0.226185359992087
"V3",0.579701932379976
"V4",0.787211370654404
"V5",0.810155143495649
"V6",0.556238473160192
"V7",4.47630292829126
"V8",3.37921921908855
"V9",1.86414741072804
