"names","vals"
"Intercept",-9.38283513096813
"y",0.490955275483429
"V1",0.290173041634262
"V2",0.148103861603886
"V3",0.0241715526208282
"V4",0.329803164349869
"V5",0.263528152136132
"V6",0.32446339353919
"V7",0.861352544743568
"V8",0.791640222771093
"V9",4.84022363647819
"V10",4.14387363195419
"V11",2.37512354645878
"V12",4.08592475764453
"V13",3.91275387536734
