"names","vals"
"Intercept",-3.05292116132379
"y",0.52754917438142
"V1",0.625132074579597
"V2",0.979767081094906
"V3",0.580202320823446
"V4",0.897879442432895
"V5",2.60423953086138
