"names","vals"
"Intercept",-11.3167138088353
"y",0.000337754376232624
"V1",0.178483949042857
"V2",0.912562273209915
"V3",0.00614566425792873
"V4",0.400704268133268
"V5",0.571222138591111
"V6",0.755075141321868
"V7",0.842677211156115
"V8",0.619196246378124
"V9",3.20873152092099
"V10",2.1965295271948
"V11",1.9557541757822
"V12",4.02865744568408
"V13",2.28305353969336
