"names","vals"
"Intercept",-3.19516469178232
"y",0.912943030009046
"V1",0.493731103371829
"V2",0.73027500254102
"V3",0.6051149466075
"V4",0.480503814062104
"V5",2.0547387348488
