"names","vals"
"Intercept",-3.9600473770909
"y",0.487118260469288
"V1",0.243874531239271
"V2",0.334783874452114
"V3",0.240178480744362
"V4",0.0862620947882533
"V5",0.317294325679541
"V6",3.26319030765444
"V7",3.4103148765862
