"names","vals"
"Intercept",-10.0100577517988
"y",0.105917230714113
"V1",0.620724277570844
"V2",0.0325629541184753
"V3",0.187095617875457
"V4",0.920255899894983
"V5",0.879127688938752
"V6",0.905401715543121
"V7",0.68172542587854
"V8",1.73218334745616
"V9",1.15867127571255
"V10",4.35773156490177
"V11",2.19806227087975
