"names","vals"
"Intercept",-3.11345289301709
"y",0.555776423308998
"V1",0.0614918295759708
"V2",0.443182167131454
"V3",0.897423173766583
"V4",0.568220486631617
"V5",0.776967311045155
"V6",1.65326692536473
"V7",2.15975564159453
