"names","vals"
"Intercept",-9.11474341282365
"y",0.820066796382889
"V1",0.59929884574376
"V2",0.632868952350691
"V3",0.272702381247655
"V4",0.916148464428261
"V5",0.852553980657831
"V6",0.837579367216676
"V7",0.236835703486577
"V8",0.482440190156922
"V9",2.89294578600675
"V10",4.51537355128676
"V11",3.77025929186493
"V12",3.6659639030695
"V13",1.04620158206671
