"names","vals"
"Intercept",-1.57382597988285
"y",0.33721615280956
"V1",0.578127885004506
"V2",0.754024089081213
"V3",0.817439772188663
"V4",0.437602736521512
"V5",1.62550557404757
