"names","vals"
"Intercept",-4.76619892795337
"y",0.353103287052363
"V1",0.475673470646143
"V2",0.959118215367198
"V3",0.298993637086824
"V4",0.782674914924428
"V5",0.0459880798589438
"V6",0.0285878966096789
"V7",1.72257834952325
"V8",3.58371696155518
"V9",2.39947337657213
