"names","vals"
"Intercept",-3.43132002667664
"y",0.708136554108933
"V1",0.163415645249188
"V2",0.691792990081012
"V3",0.286393566755578
"V4",0.849923474015668
"V5",0.778375946683809
"V6",2.35405961796641
"V7",2.23442708328366
