"names","vals"
"Intercept",-7.38840176740428
"y",0.196373488986865
"V1",0.380241227336228
"V2",0.499405608512461
"V3",0.00321386149153113
"V4",0.58077093702741
"V5",0.234552739420906
"V6",0.183696898631752
"V7",0.635491417488083
"V8",0.371691283071414
"V9",4.14046022482216
"V10",4.64728123694658
"V11",2.56194831803441
"V12",3.03661187924445
"V13",1.28002142440528
