"names","vals"
"Intercept",-9.82447278819373
"y",0.212379707954824
"V1",0.0105183995328844
"V2",0.29390107630752
"V3",0.425812851171941
"V4",0.956145467236638
"V5",0.152675590477884
"V6",0.439203960588202
"V7",3.78084925748408
"V8",2.39596920832992
"V9",4.78824645560235
