"names","vals"
"Intercept",-9.39418943014555
"y",0.518358978210017
"V1",0.345633635064587
"V2",0.42196098016575
"V3",0.408935764804482
"V4",0.060037141200155
"V5",0.556961157824844
"V6",0.711559820454568
"V7",0.543031647568569
"V8",0.600218318402767
"V9",1.44945856928825
"V10",1.23945636767894
"V11",2.74785983376205
"V12",4.21915902197361
"V13",1.2226200606674
