"names","vals"
"Intercept",-5.58307759188768
"y",0.33390119462274
"V1",0.463991173543036
"V2",0.0953627976123244
"V3",0.588751707226038
"V4",0.432409699773416
"V5",0.198314066743478
"V6",0.584069187752903
"V7",3.6291042631492
"V8",3.31301859021187
"V9",1.92551000509411
