"names","vals"
"Intercept",-8.00958386543207
"y",0.381034708349034
"V1",0.248701945645735
"V2",0.766713975695893
"V3",0.622976185986772
"V4",0.979215558851138
"V5",0.415305570466444
"V6",0.0483852284960449
"V7",0.020947695011273
"V8",0.394716600654647
"V9",1.38650163635612
"V10",4.85169062297791
"V11",1.63140849862248
"V12",4.5696886992082
"V13",2.01042918395251
