"names","vals"
"Intercept",-5.84273865053058
"y",0.713937799213454
"V1",0.716962575213984
"V2",0.374074021587148
"V3",0.00845230254344642
"V4",0.84869027719833
"V5",0.536627994617447
"V6",0.412427160190418
"V7",0.269914366537705
"V8",1.00582797080278
"V9",3.77945810183883
"V10",3.21961440239102
"V11",1.7025602478534
