"names","vals"
"Intercept",-7.51583432805026
"y",0.256715832045302
"V1",0.482698346022516
"V2",0.49320170097053
"V3",0.0918944866862148
"V4",0.493860825663432
"V5",0.271139407297596
"V6",0.823992087272927
"V7",0.234343491960317
"V8",4.40013143140823
"V9",1.5083810146898
"V10",1.86540609039366
"V11",2.65319622401148
