"names","vals"
"Intercept",-2.55352984950761
"y",0.31522534461692
"V1",0.144340777071193
"V2",0.684744981816038
"V3",0.857721567619592
"V4",0.180686830775812
"V5",0.507283401442692
"V6",1.71504636202008
"V7",3.83219094667584
