"names","vals"
"Intercept",-6.02891503087431
"y",0.412088483804837
"V1",0.745084572350606
"V2",0.697654793038964
"V3",0.230075382394716
"V4",0.862723259953782
"V5",0.109033913351595
"V6",0.0482057891786098
"V7",4.29883508291095
"V8",2.10088918916881
"V9",4.70345466677099
