"names","vals"
"Intercept",-4.82538796164444
"y",0.0527022965252399
"V1",0.0501355635933578
"V2",0.0076448954641819
"V3",0.00350851682014763
"V4",0.151728140888736
"V5",0.599294585874304
"V6",0.254008086165413
"V7",4.01419334113598
"V8",2.73193738982081
"V9",2.31705379113555
