"names","vals"
"Intercept",-4.31047447609855
"y",0.110345314489678
"V1",0.985854778438807
"V2",0.785442765103653
"V3",0.432845110539347
"V4",0.969640908995643
"V5",0.772047515492886
"V6",0.79979215352796
"V7",2.23966100718826
"V8",1.63922061678022
"V9",3.35384209267795
