"names","vals"
"Intercept",-2.60915113387303
"y",0.440614639082924
"V1",0.868403255008161
"V2",0.492206369992346
"V3",0.653719615889713
"V4",0.906956955324858
"V5",2.48896317929029
