"names","vals"
"Intercept",-3.8766591263432
"y",0.672139711678028
"V1",0.993123632390052
"V2",0.0218629315495491
"V3",0.916020093485713
"V4",0.0419331211596727
"V5",0.997399518731982
"V6",3.20085243601352
"V7",3.46473032142967
