"names","vals"
"Intercept",-1.14420989977242
"y",0.709616583772004
"V1",0.212949047330767
"V2",0.209985830355436
"V3",0.588961061090231
"V4",0.104451884282753
"V5",2.50210000108927
