"names","vals"
"Intercept",-8.67862587648258
"y",0.38815551251173
"V1",0.354461467592046
"V2",0.95668760035187
"V3",0.640619517536834
"V4",0.345603119581938
"V5",0.846833676565439
"V6",0.136119102593511
"V7",0.895656841574237
"V8",0.473888775566593
"V9",2.39668110571802
"V10",2.18368333484977
"V11",1.27280204556882
"V12",1.53705898113549
"V13",3.35545731522143
