"names","vals"
"Intercept",-9.37575486917165
"y",0.516538996249437
"V1",0.271119053009897
"V2",0.601992262061685
"V3",0.314861702732742
"V4",0.900954849552363
"V5",0.0460525176022202
"V6",0.535131730372086
"V7",4.63971833139658
"V8",2.71269357390702
"V9",3.9947246555239
