"names","vals"
"Intercept",-4.69125632253475
"y",0.439307566732168
"V1",0.918357344577089
"V2",0.402334627695382
"V3",0.708008811576292
"V4",0.192549454513937
"V5",0.187902337405831
"V6",0.659643015125766
"V7",4.66117703914642
"V8",4.58155681658536
"V9",3.74067397043109
