"names","vals"
"Intercept",-9.18364940176951
"y",0.760454215342179
"V1",0.0938213022891432
"V2",0.954988886602223
"V3",0.563924608984962
"V4",0.115986814023927
"V5",0.528511923039332
"V6",0.0169056565500796
"V7",0.534662645542994
"V8",1.79736417345703
"V9",2.34024298936129
"V10",1.46892219688743
"V11",3.31677168048918
