"names","vals"
"Intercept",-3.90137814412825
"y",0.779452138114721
"V1",0.310845287516713
"V2",0.124197639059275
"V3",0.592370320810005
"V4",0.216551457764581
"V5",0.00623016455210745
"V6",0.968470246298239
"V7",0.338651787256822
"V8",0.716054096119478
"V9",2.00385896582156
"V10",1.38057620543987
"V11",4.90027930121869
"V12",1.42730398941785
"V13",2.90950962714851
