"names","vals"
"Intercept",-11.8827573433695
"y",0.390383486170322
"V1",0.446200947044417
"V2",0.992669151863083
"V3",0.243691305629909
"V4",0.138213095255196
"V5",0.803868765477091
"V6",0.1636603763327
"V7",0.196438356302679
"V8",4.17147405445576
"V9",4.99435769766569
"V10",4.98362158238888
"V11",1.93112724460661
