"names","vals"
"Intercept",-8.60740362601168
"y",0.806719453306869
"V1",0.132142173824832
"V2",0.62080495711416
"V3",0.474984065862373
"V4",0.229648434789851
"V5",0.521331805037335
"V6",0.648771910462528
"V7",0.0516511092428118
"V8",3.70090963877738
"V9",2.7990751536563
"V10",2.6139897191897
"V11",3.81225729454309
