"names","vals"
"Intercept",-3.09805614806386
"y",0.36075466312468
"V1",0.11373373772949
"V2",0.76128063024953
"V3",0.493578297784552
"V4",0.649609850952402
"V5",4.1128246197477
