"names","vals"
"Intercept",-2.39873293924006
"y",0.0393977633211762
"V1",0.792474113404751
"V2",0.841184196062386
"V3",0.320308194262907
"V4",0.329383205855265
"V5",3.78166229277849
