"names","vals"
"Intercept",-6.36426401788741
"y",0.0766537948511541
"V1",0.154388106893748
"V2",0.366483160294592
"V3",0.44539716700092
"V4",0.663458850933239
"V5",0.674481480615214
"V6",0.57131893094629
"V7",0.0356696490198374
"V8",0.0933847711421549
"V9",3.50928388070315
"V10",2.47190716397017
"V11",1.89106713142246
"V12",2.30925614386797
"V13",1.73466613609344
