"names","vals"
"Intercept",-1.38657967316685
"y",0.711563130607828
"V1",0.444479814032093
"V2",0.498784516006708
"V3",0.854974535526708
"V4",0.289442413719371
"V5",2.00085007492453
