"names","vals"
"Intercept",-2.23706009291997
"y",0.515779352979735
"V1",0.125642857747152
"V2",0.427170054288581
"V3",0.855117447208613
"V4",0.145746344933286
"V5",0.149286352097988
"V6",3.18856561835855
"V7",1.44196191243827
