"names","vals"
"Intercept",-4.47152907081787
"y",0.106297196354717
"V1",0.420659827068448
"V2",0.584093426121399
"V3",0.982293070526794
"V4",0.33602900383994
"V5",0.254998841555789
"V6",3.7110512079671
"V7",4.11432436760515
