"names","vals"
"Intercept",-8.17363785916148
"y",0.416020420147106
"V1",0.335821814835072
"V2",0.542652623727918
"V3",0.953306070296094
"V4",0.9459108277224
"V5",0.544065721565858
"V6",0.208828066475689
"V7",0.711895361775532
"V8",0.798694896977395
"V9",3.09698023833334
"V10",2.04678456392139
"V11",3.42201292328537
"V12",3.67905062437057
"V13",3.98290469963104
