"names","vals"
"Intercept",-11.8005602369523
"y",0.940168282482773
"V1",0.214760561473668
"V2",0.492072726367041
"V3",0.735983252292499
"V4",0.576577032916248
"V5",0.762762476690114
"V6",0.777484321268275
"V7",0.341989771230146
"V8",0.562307582935318
"V9",1.05016477871686
"V10",4.05421619769186
"V11",4.45148764550686
"V12",3.63447163533419
"V13",4.13958531804383
