"names","vals"
"Intercept",-1.87889564107731
"y",0.857932096114382
"V1",0.547634372487664
"V2",0.844115824671462
"V3",0.00686468300409615
"V4",0.0593813208397478
"V5",4.840994162485
