"names","vals"
"Intercept",-4.33497323923046
"y",0.0381880169734359
"V1",0.770198481855914
"V2",0.806216009659693
"V3",0.0499008798506111
"V4",0.654837237903848
"V5",0.237062790663913
"V6",2.12120202928782
"V7",4.64471559878439
