"names","vals"
"Intercept",-4.6368416508683
"y",0.223932264605537
"V1",0.889859338989481
"V2",0.664140048669651
"V3",0.688950692303479
"V4",0.84914578218013
"V5",0.37850047647953
"V6",0.588022209238261
"V7",0.91237553069368
"V8",2.38697438128293
"V9",1.64507173653692
"V10",1.15555286593735
"V11",1.78498641122133
