"names","vals"
"Intercept",-4.78922373368219
"y",0.728900055168197
"V1",0.527561600320041
"V2",0.238553143339232
"V3",0.28543488890864
"V4",0.904075882164761
"V5",0.432454012334347
"V6",3.17125761229545
"V7",1.01005031820387
