"names","vals"
"Intercept",-6.29720130168227
"y",0.250069811241701
"V1",0.702327453764156
"V2",0.0181745670270175
"V3",0.00733444630168378
"V4",0.399494290351868
"V5",0.380315906135365
"V6",0.63685091258958
"V7",3.29568933136761
"V8",2.09261945169419
"V9",1.37165565602481
