"names","vals"
"Intercept",-8.61684186588833
"y",0.735966251697391
"V1",0.413656965363771
"V2",0.0396185531280935
"V3",0.338106376351789
"V4",0.663002987392247
"V5",0.992861323757097
"V6",0.914683306356892
"V7",0.988021161407232
"V8",0.412377267610282
"V9",2.55761259887367
"V10",2.13204819243401
"V11",4.09727830160409
"V12",1.63648223597556
"V13",1.17622768227011
