"names","vals"
"Intercept",-4.72760482081259
"y",0.342663463205099
"V1",0.956876662792638
"V2",0.223218544619158
"V3",0.0430367309600115
"V4",0.0813161164987832
"V5",0.361837799428031
"V6",0.792573697865009
"V7",3.76810261514038
"V8",2.95266920886934
"V9",1.20181679166853
