"names","vals"
"Intercept",-5.23932986680511
"y",0.460143144009635
"V1",0.597098294645548
"V2",0.582226384896785
"V3",0.371042483486235
"V4",0.523068889044225
"V5",0.168718831380829
"V6",0.622686272487044
"V7",0.195483864052221
"V8",3.95489755086601
"V9",4.39511834643781
"V10",1.51725533604622
"V11",1.62870183493942
