"names","vals"
"Intercept",-7.44026299986173
"y",0.507006617961451
"V1",0.505457897437736
"V2",0.555372887058184
"V3",0.674694806337357
"V4",0.172416760819033
"V5",0.513517374405637
"V6",0.61655821884051
"V7",2.93862916715443
"V8",2.08210580144078
"V9",3.76221781410277
