"names","vals"
"Intercept",-10.3411011670069
"y",0.682278053369373
"V1",0.65382888680324
"V2",0.401196856517345
"V3",0.634433516999707
"V4",0.35121698025614
"V5",0.522237232187763
"V6",0.841471200110391
"V7",3.55786288063973
"V8",4.67479182127863
"V9",3.15321903303266
