"names","vals"
"Intercept",-8.49342742147529
"y",0.295095595763996
"V1",0.817467684857547
"V2",0.933054105378687
"V3",0.729619501391426
"V4",0.284614612115547
"V5",0.14562902925536
"V6",0.480939534492791
"V7",4.18151992000639
"V8",4.6325714904815
"V9",4.35810587368906
