"names","vals"
"Intercept",-6.66535884645628
"y",0.863457791507244
"V1",0.700710100587457
"V2",0.458588487934321
"V3",0.782284966437146
"V4",0.571306676603854
"V5",0.932373357005417
"V6",4.42079491913319
"V7",4.51785351429135
