"names","vals"
"Intercept",-6.46760536529636
"y",0.581809336319566
"V1",0.677618756424636
"V2",0.253095311345533
"V3",0.147856128867716
"V4",0.718619362916797
"V5",0.574985761428252
"V6",0.881253683008254
"V7",3.01862088032067
"V8",2.25335820019245
"V9",2.47313681896776
