"names","vals"
"Intercept",-1.97992211227119
"y",0.661847832147032
"V1",0.947000437648967
"V2",0.237956701777875
"V3",0.189450112869963
"V4",0.824232186889276
"V5",1.52045334037393
