"names","vals"
"Intercept",-5.70788901434745
"y",0.602362104225904
"V1",0.418541506165639
"V2",0.475540727842599
"V3",0.755343910772353
"V4",0.564979783724993
"V5",0.678325338754803
"V6",0.0442950949072838
"V7",3.15611713007092
"V8",3.15505918860435
"V9",3.13383874669671
