"names","vals"
"Intercept",-6.20662997601833
"y",0.573209177237004
"V1",0.413930847076699
"V2",0.524211218347773
"V3",0.493956009624526
"V4",0.0253618787974119
"V5",0.676211054902524
"V6",0.292732603382319
"V7",1.81399958021939
"V8",3.73876956570894
"V9",3.85388351045549
