"names","vals"
"Intercept",-8.18537436454068
"y",0.359196687117219
"V1",0.899681311566383
"V2",0.670284168096259
"V3",0.682570239994675
"V4",0.993218664079905
"V5",0.631469544023275
"V6",0.367005435284227
"V7",3.60344653669745
"V8",2.15212758909911
"V9",3.54596636351198
