"names","vals"
"Intercept",-11.3201192860217
"y",0.128763727843761
"V1",0.10136003815569
"V2",0.515536318998784
"V3",0.632782612927258
"V4",0.619080138392746
"V5",0.945539294276386
"V6",0.0367558591533452
"V7",0.425726618152112
"V8",0.478058451553807
"V9",4.81484663300216
"V10",1.46409208048135
"V11",3.57911786623299
"V12",4.41292926669121
"V13",4.13850742392242
