"names","vals"
"Intercept",-8.38586015893007
"y",0.327631036750972
"V1",0.255801368504763
"V2",0.599717776058242
"V3",0.88682195241563
"V4",0.0248122166376561
"V5",0.328254053369164
"V6",0.372462521772832
"V7",0.00241991621442139
"V8",4.28817858174443
"V9",3.51140252687037
"V10",3.34196012094617
"V11",1.40845212433487
