"names","vals"
"Intercept",-6.39121654621349
"y",0.867585770552978
"V1",0.439265588531271
"V2",0.448232697322965
"V3",0.590735913952813
"V4",0.0453310979064554
"V5",0.885200457414612
"V6",0.0925235671456903
"V7",3.28615949489176
"V8",3.00072095263749
"V9",1.43713389430195
