"names","vals"
"Intercept",-7.97044420579262
"y",0.798503062222153
"V1",0.33027188712731
"V2",0.444977473234758
"V3",0.307687824824825
"V4",0.848070980748162
"V5",0.917062156135216
"V6",0.445541636552662
"V7",0.927803342463449
"V8",0.172460490837693
"V9",2.87528531905264
"V10",3.846300303936
"V11",3.62507841270417
"V12",4.68542083352804
"V13",3.98463144525886
