"names","vals"
"Intercept",-2.97109276799159
"y",0.804369121557102
"V1",0.504504621494561
"V2",0.340557313291356
"V3",0.379024658817798
"V4",0.0656125177629292
"V5",3.75765987113118
