"names","vals"
"Intercept",-2.44962975528208
"y",0.0634040858130902
"V1",0.54172093514353
"V2",0.976144533138722
"V3",0.327988366829231
"V4",0.344195645535365
"V5",2.53937552589923
