"names","vals"
"Intercept",-1.92282394323638
"y",0.141675357939675
"V1",0.248896249104291
"V2",0.694589791120961
"V3",0.0527008115313947
"V4",0.439887000015005
"V5",3.78723317291588
