"names","vals"
"Intercept",-11.5246578787686
"y",0.165910168550909
"V1",0.770352707011625
"V2",0.871774578234181
"V3",0.614043607143685
"V4",0.454047209350392
"V5",0.801844225265086
"V6",0.163519479334354
"V7",0.536129271844402
"V8",0.192973674973473
"V9",2.70781593862921
"V10",3.39948754478246
"V11",4.01755742076784
"V12",3.12474235706031
"V13",1.31962468475103
