"names","vals"
"Intercept",-2.84879298934527
"y",0.22985135926865
"V1",0.718054349068552
"V2",0.558000444434583
"V3",0.201564234914258
"V4",0.684472628403455
"V5",0.0834018809255213
"V6",0.32278870837763
"V7",1.0121398922056
"V8",1.29284845013171
"V9",3.30299285706133
