"names","vals"
"Intercept",-9.7103849310854
"y",0.798954711062834
"V1",0.547712310682982
"V2",0.36654490721412
"V3",0.952186185866594
"V4",0.870317601133138
"V5",0.971529587171972
"V6",0.671847180696204
"V7",0.116498949471861
"V8",1.58594032097608
"V9",2.97229792643338
"V10",1.98581812344491
"V11",4.46010444965214
