"names","vals"
"Intercept",-9.83330226352298
"y",0.615128949051723
"V1",0.655029298970476
"V2",0.986409918870777
"V3",0.331930403364822
"V4",0.243662571068853
"V5",0.947317809332162
"V6",0.21506960503757
"V7",0.0225954647175968
"V8",1.62687274906784
"V9",3.90939272008836
"V10",4.57088015414774
"V11",2.19871114846319
