"names","vals"
"Intercept",-6.20885920655169
"y",0.247935175197199
"V1",0.104069727472961
"V2",0.555233708582819
"V3",0.507864142535254
"V4",0.902750933310017
"V5",0.254837101325393
"V6",0.060981408925727
"V7",0.288261147448793
"V8",3.22077865246683
"V9",4.99290679767728
"V10",3.84989946056157
"V11",4.47626028489321
