"names","vals"
"Intercept",-2.32975345660048
"y",0.268298827344552
"V1",0.62712833378464
"V2",0.635864618234336
"V3",0.746299255872145
"V4",0.0919906212948263
"V5",0.706516378326342
"V6",1.1226452300325
"V7",4.35732559207827
