"names","vals"
"Intercept",-8.96684644369292
"y",0.056407866999507
"V1",0.231242217822
"V2",0.69678827514872
"V3",0.345260726520792
"V4",0.614254686748609
"V5",0.616562343668193
"V6",0.123873110394925
"V7",0.747003941331059
"V8",0.499537841184065
"V9",3.19385518226773
"V10",3.51954729389399
"V11",1.73383139632642
"V12",4.98175152204931
"V13",3.38203122932464
