"names","vals"
"Intercept",-4.89857771170628
"y",0.742962007410824
"V1",0.214351605158299
"V2",0.637935809092596
"V3",0.800544567871839
"V4",0.37102852249518
"V5",0.698998173698783
"V6",0.604980046860874
"V7",2.82114372123033
"V8",1.05197698902339
"V9",2.52042950689793
