"names","vals"
"Intercept",-8.01680085451272
"y",0.520793274044991
"V1",0.501616924768314
"V2",0.306100220885128
"V3",0.374349850229919
"V4",0.978983896085992
"V5",0.400423407088965
"V6",0.563397313468158
"V7",4.56415536347777
"V8",2.52992147393525
"V9",4.93320619408041
