"names","vals"
"Intercept",-2.20815307524591
"y",0.783244582358748
"V1",0.396032064221799
"V2",0.0447100643068552
"V3",0.633155321935192
"V4",0.862200950505212
"V5",1.75356777943671
