"names","vals"
"Intercept",-10.2784710987406
"y",0.0195694162975997
"V1",0.305875157006085
"V2",0.843280844623223
"V3",0.462969089858234
"V4",0.947892795084044
"V5",0.691462003625929
"V6",0.581632293993607
"V7",0.501349758123979
"V8",0.688118033111095
"V9",1.69068462587893
"V10",3.77464678138494
"V11",1.50762518215925
"V12",4.89130548294634
"V13",4.33156431186944
