"names","vals"
"Intercept",-2.38422358610504
"y",0.723429215606302
"V1",0.308039229130372
"V2",0.233787027886137
"V3",0.966354726348072
"V4",0.794631767086685
"V5",2.10879797954112
