"names","vals"
"Intercept",-5.04695595256798
"y",0.92515128152445
"V1",0.914268885506317
"V2",0.446771586313844
"V3",0.446589959785342
"V4",0.864649087656289
"V5",0.494607391534373
"V6",0.00240661832503974
"V7",0.374851706437767
"V8",1.15456762164831
"V9",4.38113552890718
"V10",1.78390472382307
"V11",1.22942617442459
