"names","vals"
"Intercept",-2.65199462671089
"y",0.318068518070504
"V1",0.56332121649757
"V2",0.0270835594274104
"V3",0.0116919458378106
"V4",0.982104393420741
"V5",2.78160021454096
