"names","vals"
"Intercept",-7.45116177627374
"y",0.86428847280331
"V1",0.788319004932418
"V2",0.537739916238934
"V3",0.767076608492061
"V4",0.0805023389402777
"V5",0.389991573756561
"V6",0.4148826203309
"V7",0.265853036660701
"V8",3.57488503307104
"V9",2.68309717718512
"V10",2.53983815852553
"V11",3.49768031202257
