"names","vals"
"Intercept",-3.45858979314147
"y",0.574323593871668
"V1",0.132420610636473
"V2",0.144600208383054
"V3",0.613294404000044
"V4",0.106426271609962
"V5",0.0796450665220618
"V6",1.40793667733669
"V7",2.65212893392891
