"names","vals"
"Intercept",-6.74469231225667
"y",0.426723314449191
"V1",0.087019335012883
"V2",0.563093352364376
"V3",0.792012630729005
"V4",0.181420924374834
"V5",0.638789719669148
"V6",0.746140618575737
"V7",2.02219025138766
"V8",4.42523903865367
"V9",3.35310185328126
