"names","vals"
"Intercept",-8.1346591529455
"y",0.838917027693242
"V1",0.0031453890260309
"V2",0.182830353267491
"V3",0.229656640673056
"V4",0.929034384666011
"V5",0.904536824440584
"V6",0.0482554619666189
"V7",4.06537536717951
"V8",4.54800694715232
"V9",4.81399382092059
