"names","vals"
"Intercept",-12.3926364376163
"y",0.897709765238687
"V1",0.613062200136483
"V2",0.860867377836257
"V3",0.659974847920239
"V4",0.311331219505519
"V5",0.897998578147963
"V6",0.376288806088269
"V7",0.173847641795874
"V8",0.0241985442116857
"V9",2.69290522485971
"V10",4.12033928371966
"V11",1.95070748124272
"V12",2.987065942958
"V13",4.936583224684
