"names","vals"
"Intercept",-10.1328911285924
"y",0.528258090140298
"V1",0.323423818219453
"V2",0.574134602909908
"V3",0.644596198108047
"V4",0.00743418652564287
"V5",0.415842147311196
"V6",0.52033087098971
"V7",0.711177628021687
"V8",2.77999019622803
"V9",2.63597685564309
"V10",3.28583884052932
"V11",4.10703878756613
