"names","vals"
"Intercept",-8.07679998074053
"y",0.71403550542891
"V1",0.655525248032063
"V2",0.207479475066066
"V3",0.54168826318346
"V4",0.953815562883392
"V5",0.742662569042295
"V6",0.313746857456863
"V7",0.71317535196431
"V8",0.223734461935237
"V9",1.92598380055279
"V10",1.77875695936382
"V11",2.37157742027193
"V12",4.3537267986685
"V13",1.0819775974378
