"names","vals"
"Intercept",-5.62100845816662
"y",0.963195520220324
"V1",0.0101239278446883
"V2",0.661693673115224
"V3",0.0829965833108872
"V4",0.669668587855995
"V5",0.0581950230989605
"V6",3.33933032583445
"V7",4.31600375380367
