"names","vals"
"Intercept",-8.0670129060545
"y",0.975794707657769
"V1",0.530697439797223
"V2",0.195134718669578
"V3",0.983247426338494
"V4",0.268148228758946
"V5",0.0470386713277549
"V6",0.0945730537641793
"V7",0.657337544253096
"V8",4.41728373803198
"V9",2.03426013235003
"V10",3.89142857678235
"V11",4.81803496927023
