"names","vals"
"Intercept",-9.86675510782981
"y",0.818294625729322
"V1",0.00627027940936387
"V2",0.615501838736236
"V3",0.947862992994487
"V4",0.288467003032565
"V5",0.394080974860117
"V6",0.456921165576205
"V7",0.953529738588259
"V8",4.42531164549291
"V9",1.03635648451746
"V10",2.74424989894032
"V11",3.69342852663249
