"names","vals"
"Intercept",-4.37186000844091
"y",0.360365484142676
"V1",0.279119910672307
"V2",0.74483867152594
"V3",0.970729168271646
"V4",0.13216448854655
"V5",0.185466738883406
"V6",0.320037485798821
"V7",3.25235018134117
"V8",2.08524178434163
"V9",3.96249211579561
