"names","vals"
"Intercept",-2.40906337338965
"y",0.19726897822693
"V1",0.878102793591097
"V2",0.537988582858816
"V3",0.298670433694497
"V4",0.463584851007909
"V5",3.26077890582383
