"names","vals"
"Intercept",-9.28945444468921
"y",0.492365484125912
"V1",0.645364930154756
"V2",0.159315264550969
"V3",0.530872532865033
"V4",0.156445243861526
"V5",0.95571960741654
"V6",0.74920511781238
"V7",0.00555124110542238
"V8",0.4248702514451
"V9",1.73384459782392
"V10",3.36536504887044
"V11",3.14950774144381
"V12",3.79128285776824
"V13",4.02039035968482
