"names","vals"
"Intercept",-5.1594216715442
"y",0.552710878662765
"V1",0.158760721795261
"V2",0.181258533615619
"V3",0.683359566843137
"V4",0.911860519321635
"V5",0.81307434849441
"V6",0.0606328814756125
"V7",0.71922952751629
"V8",1.79684322606772
"V9",2.47128324769437
"V10",3.73831297364086
"V11",2.13487824890763
