"names","vals"
"Intercept",-1.52037994646281
"y",0.887954281177372
"V1",0.584333099192008
"V2",0.32361293467693
"V3",0.519230574369431
"V4",0.778707293560728
"V5",1.95597080700099
