"names","vals"
"Intercept",-8.92956732539623
"y",0.18968353769742
"V1",0.361784656764939
"V2",0.58235126058571
"V3",0.972507875878364
"V4",0.42068152083084
"V5",0.159440422430634
"V6",0.356915222480893
"V7",0.398028799332678
"V8",0.615419658599421
"V9",4.96836990397424
"V10",1.46791891939938
"V11",4.67913639266044
"V12",1.64203176833689
"V13",4.86095167417079
