"names","vals"
"Intercept",-5.89432681613509
"y",0.222101643681526
"V1",0.515242537483573
"V2",0.86919604963623
"V3",0.834079906810075
"V4",0.227872686693445
"V5",0.73779103346169
"V6",4.41684852540493
"V7",2.68431828077883
