"names","vals"
"Intercept",-2.6516195346918
"y",0.852218947373331
"V1",0.556389346253127
"V2",0.12128118169494
"V3",0.606298391940072
"V4",0.388713642256334
"V5",2.91858777124435
