"names","vals"
"Intercept",-2.65339994192775
"y",0.291541391750798
"V1",0.274168944917619
"V2",0.893358107190579
"V3",0.0214872562792152
"V4",0.69718458945863
"V5",0.787081778049469
"V6",1.08605072740465
"V7",3.04723485838622
