"names","vals"
"Intercept",-5.60593744956749
"y",0.716447432059795
"V1",0.616823363816366
"V2",0.215184590080753
"V3",0.877979877637699
"V4",0.193165161646903
"V5",0.408517167670652
"V6",0.371317293029279
"V7",0.873539773747325
"V8",0.23844026424922
"V9",3.97322973236442
"V10",1.67286513000727
"V11",3.77026038523763
"V12",1.68086038995534
"V13",4.50532412808388
