"names","vals"
"Intercept",-7.76400178918126
"y",0.549840252380818
"V1",0.772974475985393
"V2",0.406237249495462
"V3",0.526067611761391
"V4",0.324744653422385
"V5",0.239998758537695
"V6",0.641042885370553
"V7",0.964724102756009
"V8",2.78651522379369
"V9",3.92189455311745
"V10",1.32324734237045
"V11",1.40414993092418
