"names","vals"
"Intercept",-7.82234630309441
"y",0.690160237951204
"V1",0.766216352116317
"V2",0.189869801048189
"V3",0.886048613581806
"V4",0.877799432259053
"V5",0.672727658879012
"V6",0.186239739647135
"V7",2.86485309433192
"V8",1.50035533029586
"V9",2.94519457314163
