"names","vals"
"Intercept",-2.71015495358268
"y",0.981057570781559
"V1",0.515328706940636
"V2",0.0892073158174753
"V3",0.465503196930513
"V4",0.678276420803741
"V5",0.299534741090611
"V6",1.2387757981196
"V7",4.95930759236217
