"names","vals"
"Intercept",-6.58568927142397
"y",0.139424432767555
"V1",0.969921208452433
"V2",0.982776085846126
"V3",0.944288694532588
"V4",0.977503742557019
"V5",0.221517718397081
"V6",0.372582935262471
"V7",0.899226139532402
"V8",0.0526275590527803
"V9",1.0184989515692
"V10",4.22345129400492
"V11",2.75052349362522
"V12",1.74476900789887
"V13",4.05173907242715
