"names","vals"
"Intercept",-5.83510169597506
"y",0.591801428003237
"V1",0.903634246438742
"V2",0.00311144557781518
"V3",0.908177118981257
"V4",0.238075306639075
"V5",0.184679750818759
"V6",0.45853763166815
"V7",1.12381914258003
"V8",2.45618213433772
"V9",4.23005601391196
