"names","vals"
"Intercept",-7.82101099338848
"y",0.13931575557217
"V1",0.0939822397194803
"V2",0.657816115533933
"V3",0.221325845690444
"V4",0.869402719661593
"V5",0.252187584526837
"V6",0.701668911147863
"V7",0.786863440880552
"V8",3.70392013434321
"V9",3.79044544324279
"V10",2.40609508007765
"V11",4.10461834445596
