"names","vals"
"Intercept",-7.35785524612898
"y",0.0608461601659656
"V1",0.356224384857342
"V2",0.516103314235806
"V3",0.0465983322355896
"V4",0.489981214981526
"V5",0.869280334329233
"V6",0.919516398804262
"V7",0.763609153218567
"V8",1.56651139818132
"V9",1.12466975487769
"V10",4.83480645250529
"V11",4.89900174736977
