"names","vals"
"Intercept",-9.62842903328315
"y",0.102073837304488
"V1",0.0618682981003076
"V2",0.646678204415366
"V3",0.39409177750349
"V4",0.724330718163401
"V5",0.106350387912244
"V6",0.819580745184794
"V7",0.948110020952299
"V8",3.63688585348427
"V9",2.25299283023924
"V10",3.50728481728584
"V11",3.88741582725197
