"names","vals"
"Intercept",-3.00436174323433
"y",0.856312263989821
"V1",0.918303716694936
"V2",0.663036003243178
"V3",0.740181906381622
"V4",0.409835422411561
"V5",2.79904007632285
