"names","vals"
"Intercept",-2.18072982933745
"y",0.596895434195176
"V1",0.789722642162815
"V2",0.188062512082979
"V3",0.952306255698204
"V4",0.925128020346165
"V5",4.13934694137424
