"names","vals"
"Intercept",-7.2569215696198
"y",0.139594977954403
"V1",0.908479748526588
"V2",0.980623355135322
"V3",0.746942334109917
"V4",0.148784830234945
"V5",0.380364511394873
"V6",3.96461826842278
"V7",4.8896565604955
