"names","vals"
"Intercept",-7.69510570318601
"y",0.95832470129244
"V1",0.805604484165087
"V2",0.263033509021625
"V3",0.837459336267784
"V4",0.430756433401257
"V5",0.8768768357113
"V6",4.04759291373193
"V7",3.79201097413898
