"names","vals"
"Intercept",-2.34165243122005
"y",0.365516413468868
"V1",0.937945427373052
"V2",0.929398250998929
"V3",0.367784346453846
"V4",0.718842664733529
"V5",3.96190280560404
