"names","vals"
"Intercept",-6.81576582307415
"y",0.128397691296414
"V1",0.0615625537466258
"V2",0.728185886749998
"V3",0.226528282975778
"V4",0.517288743052632
"V5",0.481416035676375
"V6",0.784833730198443
"V7",1.99234193377197
"V8",4.89003786910325
"V9",3.18634134996682
