"names","vals"
"Intercept",-5.90887988344487
"y",0.63897883775644
"V1",0.900733367539942
"V2",0.474286476615816
"V3",0.248050591908395
"V4",0.7049376280047
"V5",0.98193315952085
"V6",0.803362882230431
"V7",0.801924088504165
"V8",0.880174944875762
"V9",1.38105301186442
"V10",1.21132535394281
"V11",1.79726005997509
"V12",3.76521014701575
"V13",2.0238385470584
