"names","vals"
"Intercept",-4.51504760902561
"y",0.355850661173463
"V1",0.0819995256606489
"V2",0.190436988137662
"V3",0.432926044566557
"V4",0.140246757306159
"V5",0.227921300334856
"V6",0.693781203590333
"V7",0.71572859142907
"V8",4.01350226905197
"V9",4.10991372447461
"V10",1.09866506885737
"V11",4.18421417940408
