"names","vals"
"Intercept",-2.3555884189785
"y",0.541315275477245
"V1",0.630708989454433
"V2",0.921705870423466
"V3",0.0102447429671884
"V4",0.0192660086322576
"V5",0.409446384990588
"V6",1.1658644201234
"V7",2.61265722103417
