"names","vals"
"Intercept",-4.04778976461012
"y",0.332478848053142
"V1",0.809186631115153
"V2",0.374221997568384
"V3",0.978399521438405
"V4",0.80729647516273
"V5",0.438658110797405
"V6",0.807093441020697
"V7",2.23565071541816
"V8",1.9874734710902
"V9",1.52962580323219
