"names","vals"
"Intercept",-4.77757955830917
"y",0.533975868020207
"V1",0.675342432456091
"V2",0.183840794255957
"V3",0.633332248777151
"V4",0.413664346560836
"V5",2.86641892418265
