"names","vals"
"Intercept",-5.04377877653576
"y",0.954353140667081
"V1",0.387152323033661
"V2",0.741290755104274
"V3",0.429541673976928
"V4",0.552133539691567
"V5",4.82381834834814
