"names","vals"
"Intercept",-8.37529272275278
"y",0.729951656423509
"V1",0.557391868671402
"V2",0.814618326956406
"V3",0.692072538193315
"V4",0.0133986792061478
"V5",0.156133292010054
"V6",0.0734597221016884
"V7",0.417960859136656
"V8",0.902969974093139
"V9",2.31602546107024
"V10",2.98064224608243
"V11",4.61378161329776
"V12",1.88904822897166
"V13",4.90204093977809
