"names","vals"
"Intercept",-8.08407519501588
"y",0.550021632108837
"V1",0.154140971601009
"V2",0.265902119455859
"V3",0.409741871524602
"V4",0.820963990176097
"V5",0.317727835383266
"V6",0.770744878565893
"V7",2.69049456808716
"V8",4.9849147265777
"V9",2.67892120312899
