"names","vals"
"Intercept",-4.71936338532856
"y",0.783795785158873
"V1",0.487510635051876
"V2",0.731914944015443
"V3",0.668688234873116
"V4",0.250395391369238
"V5",4.040517648682
