"names","vals"
"Intercept",-2.61233344441163
"y",0.681970166042447
"V1",0.81321108690463
"V2",0.815594452666119
"V3",0.850176105741411
"V4",0.978587554069236
"V5",0.279701217310503
"V6",1.76937567815185
"V7",1.30147112999111
