"names","vals"
"Intercept",-8.55819975919044
"y",0.82646407559514
"V1",0.462021345738322
"V2",0.328549971338362
"V3",0.765640265541151
"V4",0.927591967163607
"V5",0.0592371642123908
"V6",0.815402302658185
"V7",0.954644991783425
"V8",0.492878281278536
"V9",3.12871944159269
"V10",2.44269360415637
"V11",2.20252348482609
"V12",4.83247044123709
"V13",1.8544732471928
