"names","vals"
"Intercept",-7.99754279503739
"y",0.725372727960348
"V1",0.321209290297702
"V2",0.94394972268492
"V3",0.347616329556331
"V4",0.526843398576602
"V5",0.203059610910714
"V6",0.328680977458134
"V7",3.8959361128509
"V8",1.93225134816021
"V9",4.40023418236524
