"names","vals"
"Intercept",-6.30455648141098
"y",0.410483319079503
"V1",0.469494852935895
"V2",0.298551870277151
"V3",0.465978112537414
"V4",0.886743922717869
"V5",0.795861564576626
"V6",0.12251614429988
"V7",4.0522539280355
"V8",3.05422216746956
"V9",4.74636864941567
