"names","vals"
"Intercept",-2.57097664320283
"y",0.934489093255252
"V1",0.265507634961978
"V2",0.129800538299605
"V3",0.990617248695344
"V4",0.38685213541612
"V5",4.61380309890956
