"names","vals"
"Intercept",-2.16311153956433
"y",0.994884342420846
"V1",0.685974171152338
"V2",0.0367392878979445
"V3",0.0950197940692306
"V4",0.473814332857728
"V5",4.17359601054341
