"names","vals"
"Intercept",-6.60830890106596
"y",0.313929801573977
"V1",0.468393499031663
"V2",0.14351292187348
"V3",0.766539662377909
"V4",0.137424913933501
"V5",0.24943464784883
"V6",3.87827286310494
"V7",4.05737902224064
