"names","vals"
"Intercept",-5.48944925219496
"y",0.901478976476938
"V1",0.18265150859952
"V2",0.622302745701745
"V3",0.854451335035264
"V4",0.884558129124343
"V5",0.0270744690205902
"V6",0.90571727999486
"V7",1.68410490825772
"V8",2.35912911500782
"V9",4.45736324414611
