"names","vals"
"Intercept",-1.78970416341117
"y",0.367047784617171
"V1",0.518402913818136
"V2",0.223944372497499
"V3",0.403691328363493
"V4",0.177027627360076
"V5",3.58199120126665
