"names","vals"
"Intercept",-11.8028153152028
"y",0.240138790104538
"V1",0.959265386452898
"V2",0.227724910480902
"V3",0.464080115547404
"V4",0.792973658302799
"V5",0.893024903722107
"V6",0.87797609041445
"V7",0.130400788038969
"V8",0.464095313102007
"V9",3.66114878281951
"V10",2.81393896881491
"V11",1.73775793984532
"V12",1.03802460711449
"V13",2.19213208928704
