"names","vals"
"Intercept",-3.60407094946364
"y",0.504306104267016
"V1",0.202299293363467
"V2",0.17931615607813
"V3",0.621936497744173
"V4",0.471561261219904
"V5",4.15860703587532
