"names","vals"
"Intercept",-4.86258014341327
"y",0.461573609849438
"V1",0.166572056012228
"V2",0.526127084856853
"V3",0.831902076024562
"V4",0.81515702442266
"V5",0.963737421436235
"V6",0.122397437691689
"V7",4.83845796901733
"V8",3.73051373008639
"V9",1.70896393992007
