"names","vals"
"Intercept",-11.3899270859356
"y",0.0933838237542659
"V1",0.799300575861707
"V2",0.257626255042851
"V3",0.376431193435565
"V4",0.435037763323635
"V5",0.523855255451053
"V6",0.525140966987237
"V7",0.025026744697243
"V8",0.996276835678145
"V9",3.36953843198717
"V10",4.87349773570895
"V11",4.34559661056846
"V12",3.75287177599967
"V13",1.81102015823126
