"names","vals"
"Intercept",-7.09701421257947
"y",0.716576794860885
"V1",0.328340148087591
"V2",0.744016497163102
"V3",0.814337049145252
"V4",0.25576481455937
"V5",0.468505007913336
"V6",0.120093391509727
"V7",2.92727856058627
"V8",3.95599273592234
"V9",4.3302057236433
