"names","vals"
"Intercept",-6.77346986055002
"y",0.791522930841893
"V1",0.473440768895671
"V2",0.0846400440204889
"V3",0.345870251534507
"V4",0.646991121117026
"V5",0.84669461636804
"V6",3.09611353743821
"V7",4.02402882929891
