"names","vals"
"Intercept",-1.79859561673552
"y",0.328586178598925
"V1",0.685196290491149
"V2",0.00244906940497458
"V3",0.152836035238579
"V4",0.056443041888997
"V5",2.14542264956981
