"names","vals"
"Intercept",-4.09352929474809
"y",0.935533165000379
"V1",0.269632092677057
"V2",0.0706131285987794
"V3",0.130286366445944
"V4",0.25829970673658
"V5",0.239271646365523
"V6",0.349554451648146
"V7",4.71054311748594
"V8",3.63871306926012
"V9",1.3216813672334
