"names","vals"
"Intercept",-9.89066796701262
"y",0.0842239868361503
"V1",0.629287895280868
"V2",0.146914203418419
"V3",0.963038573274389
"V4",0.565190900117159
"V5",0.548794019734487
"V6",0.216933814808726
"V7",0.0922879234421998
"V8",1.2970556486398
"V9",3.58600791264325
"V10",1.80176501441747
"V11",4.58290421683341
