"names","vals"
"Intercept",-4.97036318862904
"y",0.594753652112558
"V1",0.676995238056406
"V2",0.0807562998961657
"V3",0.463365903822705
"V4",0.593432246008888
"V5",3.8213605908677
