"names","vals"
"Intercept",-7.05633999726782
"y",0.164314742665738
"V1",0.525490717496723
"V2",0.820322437211871
"V3",0.828589365351945
"V4",0.634778229752555
"V5",0.0728247149381787
"V6",0.380582140525803
"V7",0.991467946209013
"V8",1.41194947995245
"V9",1.5152944047004
"V10",3.46518279239535
"V11",4.2631574049592
