"names","vals"
"Intercept",-14.7317417856674
"y",0.6711924537085
"V1",0.904245684389025
"V2",0.856577865546569
"V3",0.630376757355407
"V4",0.953315603081137
"V5",0.0147041487507522
"V6",0.251620249357074
"V7",0.256533309817314
"V8",0.643632490420714
"V9",2.53904925379902
"V10",4.43719832599163
"V11",1.43647629301995
"V12",4.77808488719165
"V13",3.59416741225868
