"names","vals"
"Intercept",-3.82289924514061
"y",0.870590217411518
"V1",0.129476821050048
"V2",0.361212927149609
"V3",0.089615861652419
"V4",0.647059946553782
"V5",4.90734471101314
