"names","vals"
"Intercept",-6.56705552629987
"y",0.71813216432929
"V1",0.42993863997981
"V2",0.246101315831766
"V3",0.0241370620205998
"V4",0.78974481462501
"V5",0.47650263318792
"V6",2.94767392240465
"V7",4.17314184363931
