"names","vals"
"Intercept",-6.76426084502274
"y",0.17864620895125
"V1",0.107230814406648
"V2",0.107286732643843
"V3",0.564549021888524
"V4",0.21549398987554
"V5",0.542266186093912
"V6",0.0504794958978891
"V7",0.522183623863384
"V8",2.4214139226824
"V9",3.73238638695329
"V10",2.1405653078109
"V11",1.29896273836493
