"names","vals"
"Intercept",-3.24666480824188
"y",0.406823319150135
"V1",0.886816901620477
"V2",0.0458470999728888
"V3",0.830474896123633
"V4",0.689474265091121
"V5",3.7489766785875
