"names","vals"
"Intercept",-4.1541399015917
"y",0.59400081448257
"V1",0.22925570118241
"V2",0.606471617473289
"V3",0.853761804988608
"V4",0.536242855479941
"V5",4.19379532244056
