"names","vals"
"Intercept",-4.61156017454341
"y",0.0356495443265885
"V1",0.0268342623021454
"V2",0.619346122257411
"V3",0.812255783006549
"V4",0.687384191667661
"V5",0.108101183082908
"V6",0.682897758437321
"V7",2.89826564397663
"V8",1.92007205542177
"V9",2.07588913291693
