"names","vals"
"Intercept",-4.16597465924313
"y",0.71959494962357
"V1",0.322617363650352
"V2",0.956782226217911
"V3",0.519031805451959
"V4",0.046699695289135
"V5",4.44635335449129
