"names","vals"
"Intercept",-5.38505299071153
"y",0.990211101481691
"V1",0.552671399665996
"V2",0.299430804559961
"V3",0.893900067312643
"V4",0.219396008178592
"V5",0.735727859195322
"V6",1.31677354779094
"V7",4.13812939822674
