"names","vals"
"Intercept",-7.55148163998686
"y",0.25510051753372
"V1",0.115758102620021
"V2",0.399444192415103
"V3",0.930669584544376
"V4",0.775534433778375
"V5",0.797797937644646
"V6",0.301806971663609
"V7",2.19951702002436
"V8",3.28363024815917
"V9",4.02718845568597
