"names","vals"
"Intercept",-3.05812330571818
"y",0.408123170025647
"V1",0.437288006301969
"V2",0.944546711165458
"V3",0.967664942378178
"V4",0.877503652824089
"V5",1.5343728447333
