"names","vals"
"Intercept",-10.7852715235315
"y",0.0134064028970897
"V1",0.438722690800205
"V2",0.503760976716876
"V3",0.709961235988885
"V4",0.119577535428107
"V5",0.972531446721405
"V6",0.385989820817485
"V7",0.526047434657812
"V8",0.6032346021384
"V9",3.90360664390028
"V10",4.9832889540121
"V11",2.76482316013426
"V12",1.50661688111722
"V13",3.48518216051161
