"names","vals"
"Intercept",-1.33925528112566
"y",0.0593415615148842
"V1",0.159385492326692
"V2",0.165388497523963
"V3",0.913767945021391
"V4",0.158950877375901
"V5",3.90732793696225
