"names","vals"
"Intercept",-9.22021504185069
"y",0.527658274397254
"V1",0.205003894399852
"V2",0.577651064377278
"V3",0.4355972209014
"V4",0.613524375250563
"V5",0.841611153213307
"V6",0.145204841624945
"V7",0.0709520850796252
"V8",4.07665411755443
"V9",2.236706180498
"V10",3.45570886321366
"V11",3.00232271291316
