"names","vals"
"Intercept",-5.86487207688717
"y",0.788103305501863
"V1",0.20401713391766
"V2",0.873337085125968
"V3",0.179452719166875
"V4",0.976316781016067
"V5",0.114185075974092
"V6",0.207490514498204
"V7",4.797531994991
"V8",2.39992577303201
"V9",3.91754531953484
