"names","vals"
"Intercept",-7.74650968547817
"y",0.283168488182127
"V1",0.0264093901496381
"V2",0.608246276620775
"V3",0.777294384082779
"V4",0.724880112102255
"V5",0.806018242612481
"V6",0.473234747769311
"V7",3.05640580412
"V8",2.56620727665722
"V9",4.07135164830834
