"names","vals"
"Intercept",-5.82986780904303
"y",0.982861511409283
"V1",0.710975412977859
"V2",0.369802240282297
"V3",0.256118003977463
"V4",0.569459513993934
"V5",0.978808552958071
"V6",0.397985250456259
"V7",2.54307370074093
"V8",2.98708762042224
"V9",1.19574776943773
