"names","vals"
"Intercept",-11.9335648221853
"y",0.75037532649003
"V1",0.620720761828125
"V2",0.114269213518128
"V3",0.0365771017968655
"V4",0.420842494582757
"V5",0.902520328294486
"V6",0.199109327280894
"V7",0.465507610235363
"V8",0.406106234295294
"V9",3.26533737778664
"V10",1.00242038350552
"V11",3.38253245130181
"V12",1.01974199060351
"V13",4.85627911426127
