"names","vals"
"Intercept",-7.0682000633995
"y",0.761160646798089
"V1",0.534255607053638
"V2",0.840020639821887
"V3",0.242465747753158
"V4",0.149145936826244
"V5",0.370384111767635
"V6",4.69236150383949
"V7",4.68315950408578
