"names","vals"
"Intercept",-3.22822523726523
"y",0.509427363518625
"V1",0.711244011297822
"V2",0.682272106176242
"V3",0.611792841926217
"V4",0.46515419636853
"V5",0.346973264124244
"V6",1.25744308531284
"V7",4.1272041760385
