"names","vals"
"Intercept",-3.66570134322485
"y",0.512370252981782
"V1",0.531860422575846
"V2",0.173189763445407
"V3",0.76042055292055
"V4",0.89172425121069
"V5",0.581656837370247
"V6",4.65620642434806
"V7",1.29406285472214
