"names","vals"
"Intercept",-6.43057072356925
"y",0.474089612718672
"V1",0.0792436962947249
"V2",0.614468585932627
"V3",0.940828590188175
"V4",0.479866294655949
"V5",0.434040140360594
"V6",0.763879166916013
"V7",0.464212094433606
"V8",3.62030588649213
"V9",3.71073785983026
"V10",2.00135523453355
"V11",2.42659323196858
