"names","vals"
"Intercept",-9.23634792592493
"y",0.985849565593526
"V1",0.557786351535469
"V2",0.507448156131431
"V3",0.250934947747737
"V4",0.727276651887223
"V5",0.51671513565816
"V6",0.487231242936105
"V7",0.178770229918882
"V8",1.16863732319325
"V9",1.28768719360232
"V10",2.33304340206087
"V11",4.55081671383232
