"names","vals"
"Intercept",-4.53750354306865
"y",0.112340749008581
"V1",0.423587955301628
"V2",0.918115971144289
"V3",0.684669113950804
"V4",0.450387947726995
"V5",0.915054387412965
"V6",0.15281593776308
"V7",1.20825290679932
"V8",3.33208362478763
"V9",2.07221313286573
