"names","vals"
"Intercept",-7.87010280002886
"y",0.944863541284576
"V1",0.0620190070476383
"V2",0.88126479764469
"V3",0.708514326950535
"V4",0.283842522883788
"V5",0.539024103898555
"V6",0.153107246849686
"V7",0.10615665698424
"V8",4.50848999619484
"V9",2.55424769595265
"V10",3.35041705798358
"V11",2.98556373175234
