"names","vals"
"Intercept",-12.1410748971105
"y",0.0561505372170359
"V1",0.0783033247571439
"V2",0.981892285170034
"V3",0.556275562383235
"V4",0.669305939693004
"V5",0.133502546930686
"V6",0.38792353332974
"V7",0.915514906402677
"V8",0.303840670967475
"V9",3.5430613104254
"V10",2.33536566328257
"V11",4.66714807506651
"V12",2.64847919810563
"V13",2.21246634516865
