"names","vals"
"Intercept",-9.86512525460939
"y",0.288488345919177
"V1",0.658426344627514
"V2",0.357325676595792
"V3",0.528632433153689
"V4",0.0442180372774601
"V5",0.17479841155
"V6",0.0458687944337726
"V7",0.75571227259934
"V8",0.671369032002985
"V9",4.78013733122498
"V10",3.98386659193784
"V11",2.12289546336979
"V12",1.1913265157491
"V13",1.44078448414803
