"names","vals"
"Intercept",-6.18717961346637
"y",0.0647189149167389
"V1",0.431728664785624
"V2",0.811506524449214
"V3",0.918329055188224
"V4",0.271010506199673
"V5",0.354414804605767
"V6",0.1415607011877
"V7",4.04929057508707
"V8",4.42650283779949
"V9",2.9131514262408
