"names","vals"
"Intercept",-8.38295759129431
"y",0.975143652874976
"V1",0.834449775516987
"V2",0.119060285855085
"V3",0.506855773041025
"V4",0.411543309455737
"V5",0.366615527775139
"V6",0.844940214417875
"V7",0.188756830990314
"V8",3.02282470092177
"V9",1.17185610812157
"V10",3.28829717822373
"V11",2.80148965958506
