"names","vals"
"Intercept",-1.29886075048801
"y",0.193902659462765
"V1",0.627065438777208
"V2",0.154489777749404
"V3",0.591453315457329
"V4",0.573046038160101
"V5",1.4703770391643
