"names","vals"
"Intercept",-9.53771928501502
"y",0.507208889583126
"V1",0.557939744787291
"V2",0.33926426130347
"V3",0.141884344164282
"V4",0.580478641670197
"V5",0.456949140876532
"V6",0.87831502314657
"V7",0.174386646598577
"V8",0.0813486205879599
"V9",1.86476544104517
"V10",2.95746030751616
"V11",2.11953279003501
"V12",4.10804220661521
"V13",3.39710872713476
