"names","vals"
"Intercept",-8.87788521369081
"y",0.826880671083927
"V1",0.30317639769055
"V2",0.867448944598436
"V3",0.605189034715295
"V4",0.30879107885994
"V5",0.198846778366715
"V6",4.59542073030025
"V7",3.65642437618226
