"names","vals"
"Intercept",-5.84525947329868
"y",0.986604971811175
"V1",0.767454259563237
"V2",0.097140459343791
"V3",0.295952175743878
"V4",0.872917183907703
"V5",0.292266415897757
"V6",4.06368321832269
"V7",4.28589748125523
