"names","vals"
"Intercept",-6.44797396133677
"y",0.811354285804555
"V1",0.377564589260146
"V2",0.680896068923175
"V3",0.971729237353429
"V4",0.866921511245891
"V5",0.902475842274725
"V6",0.987257783766836
"V7",0.611403457354754
"V8",0.152935795253143
"V9",3.48718866705894
"V10",4.76110573485494
"V11",3.71603554580361
"V12",1.42599890008569
"V13",3.94602455385029
