"names","vals"
"Intercept",-3.49607835090323
"y",0.126278322888538
"V1",0.529479425400496
"V2",0.391419270541519
"V3",0.334965939400718
"V4",0.577181404689327
"V5",0.669253422645852
"V6",4.36923799663782
"V7",3.79764184448868
