"names","vals"
"Intercept",-2.75409984276607
"y",0.977485042298213
"V1",0.626134840538725
"V2",0.520795686868951
"V3",0.850706420140341
"V4",0.438833449035883
"V5",3.88450989965349
