"names","vals"
"Intercept",-4.12171830947604
"y",0.157485974254087
"V1",0.483475559158251
"V2",0.674788584001362
"V3",0.928504498442635
"V4",0.44710995350033
"V5",0.78703627618961
"V6",1.55748869478703
"V7",3.27441242523491
