"names","vals"
"Intercept",-3.08352607134473
"y",0.176931471796706
"V1",0.389878918649629
"V2",0.844643183751032
"V3",0.169238043949008
"V4",0.479004813358188
"V5",0.474364090478048
"V6",2.49047400057316
"V7",2.26981390081346
