"names","vals"
"Intercept",-8.17679250311572
"y",0.375589602161199
"V1",0.720268268836662
"V2",0.423141065752134
"V3",0.784641840029508
"V4",0.796048569958657
"V5",0.674752915278077
"V6",0.347454652190208
"V7",0.185464184032753
"V8",0.644934290787205
"V9",3.26313146203756
"V10",1.72044724412262
"V11",3.0938129723072
"V12",1.2603501835838
"V13",1.35237327963114
