"names","vals"
"Intercept",-9.19562940902589
"y",0.62054049782455
"V1",0.963984235655516
"V2",0.41250988887623
"V3",0.853113196091726
"V4",0.489911400247365
"V5",0.866244887933135
"V6",0.727013509487733
"V7",0.883311389479786
"V8",0.414237516233698
"V9",1.52249623276293
"V10",3.32770065031946
"V11",2.09717574156821
"V12",4.52409433014691
"V13",2.83092216588557
