"names","vals"
"Intercept",-1.45188660427695
"y",0.321632924722508
"V1",0.0179707696661353
"V2",0.163178373593837
"V3",0.410792428534478
"V4",0.0331897037103772
"V5",0.963794530369341
"V6",2.17830945923924
"V7",4.78054456505924
