"names","vals"
"Intercept",-3.07088873391273
"y",0.399288333021104
"V1",0.716779894661158
"V2",0.725782748078927
"V3",0.853649311698973
"V4",0.972622027620673
"V5",1.54561030678451
