"names","vals"
"Intercept",-1.62931088137371
"y",0.315437354845926
"V1",0.501970865763724
"V2",0.387280489550903
"V3",0.843321072403342
"V4",0.069064045092091
"V5",4.5413686959073
