"names","vals"
"Intercept",-7.89483654235955
"y",0.0605835427995771
"V1",0.218262060312554
"V2",0.449028718518093
"V3",0.556127829477191
"V4",0.380158248357475
"V5",0.269329726463184
"V6",0.456010773545131
"V7",0.187071335501969
"V8",3.57150109298527
"V9",2.83285009581596
"V10",2.37510278169066
"V11",2.84523275308311
