"names","vals"
"Intercept",-5.13245859474596
"y",0.593377391574904
"V1",0.144994343398139
"V2",0.541894753929228
"V3",0.538680856814608
"V4",0.916954771382734
"V5",0.391741575906053
"V6",0.00552933779545128
"V7",0.156304622301832
"V8",3.42134595382959
"V9",1.82860779482871
"V10",1.85329099558294
"V11",1.48616240359843
