"names","vals"
"Intercept",-14.8999510668716
"y",0.168952134205028
"V1",0.915481865173206
"V2",0.537885491969064
"V3",0.192540264921263
"V4",0.557877542451024
"V5",0.134252174990252
"V6",0.787010027095675
"V7",0.291558838682249
"V8",0.511166949057952
"V9",2.58940101694316
"V10",3.65593490283936
"V11",4.63615774270147
"V12",4.36391847580671
"V13",3.94648642838001
