"names","vals"
"Intercept",-1.50948009784729
"y",0.0249046771787107
"V1",0.359838991425931
"V2",0.235543283633888
"V3",0.351885355077684
"V4",0.0497714516241103
"V5",1.51598814781755
