"names","vals"
"Intercept",-2.04404992723861
"y",0.652475296985358
"V1",0.127141768112779
"V2",0.845234452979639
"V3",0.536285444162786
"V4",0.346356054302305
"V5",2.87418732140213
