"names","vals"
"Intercept",-8.33866195434192
"y",0.735371597344056
"V1",0.188754303380847
"V2",0.188609326723963
"V3",0.421941064530984
"V4",0.653382768388838
"V5",0.449504795717075
"V6",0.973537377081811
"V7",0.0924411499872804
"V8",0.0707146336790174
"V9",1.76715249940753
"V10",3.91365120653063
"V11",1.94248073268682
"V12",4.01432099100202
"V13",3.5285593373701
