"names","vals"
"Intercept",-8.19420307875355
"y",0.209142598090693
"V1",0.502837817650288
"V2",0.745371087454259
"V3",0.459144800668582
"V4",0.439709553262219
"V5",0.914065740304068
"V6",0.428887395188212
"V7",2.56408908683807
"V8",1.40655175969005
"V9",4.72135040629655
