"names","vals"
"Intercept",-2.20569391574245
"y",0.715811149217188
"V1",0.796567971585318
"V2",0.913128052838147
"V3",0.64889677381143
"V4",0.616700410144404
"V5",2.01263153739274
