"names","vals"
"Intercept",-6.75769560711132
"y",0.682259140536189
"V1",0.516302798641846
"V2",0.56814070022665
"V3",0.017113195033744
"V4",0.813948591705412
"V5",0.56296720658429
"V6",0.782055062940344
"V7",3.79034353047609
"V8",1.11203814391047
"V9",3.57967452704906
