"names","vals"
"Intercept",-5.59783591425745
"y",0.794552200241014
"V1",0.324681574245915
"V2",0.81684325565584
"V3",0.043702332302928
"V4",0.770694131730124
"V5",0.961757158162072
"V6",0.718782529234886
"V7",2.17648365348577
"V8",2.96238468680531
"V9",2.06486960779876
