"names","vals"
"Intercept",-10.9255443324128
"y",0.650854960083961
"V1",0.207204710459337
"V2",0.251346411183476
"V3",0.588200853206217
"V4",0.57679996220395
"V5",0.676178643479943
"V6",0.500024643493816
"V7",0.361620722804219
"V8",0.443915072595701
"V9",2.52262324560434
"V10",4.53893738612533
"V11",3.70614501740783
"V12",3.97690889984369
"V13",1.55508869793266
