"names","vals"
"Intercept",-4.09070493933232
"y",0.272848415188491
"V1",0.855903231073171
"V2",0.404038234846666
"V3",0.986990401986986
"V4",0.848834001924843
"V5",0.546775466995314
"V6",0.327820609556511
"V7",0.603682573884726
"V8",1.20890972297639
"V9",3.426977484487
"V10",1.19545201212168
"V11",1.26604118477553
