"names","vals"
"Intercept",-13.6444463864006
"y",0.0521354582160711
"V1",0.136226793751121
"V2",0.362255099695176
"V3",0.503711410332471
"V4",0.812765932176262
"V5",0.423141411971301
"V6",0.0781297928187996
"V7",0.848205584101379
"V8",0.792238289490342
"V9",2.60618367698044
"V10",2.06614755745977
"V11",2.89897979516536
"V12",4.69108594488353
"V13",3.13128505926579
