"names","vals"
"Intercept",-7.01795485996036
"y",0.504141459008679
"V1",0.0453746642451733
"V2",0.69107404910028
"V3",0.485335131874308
"V4",0.156768438173458
"V5",0.481811352306977
"V6",0.682219542795792
"V7",0.0872060477267951
"V8",4.72299233544618
"V9",3.21979685872793
"V10",3.29564836714417
"V11",1.14856174308807
