"names","vals"
"Intercept",-8.64005242087506
"y",0.680932506918907
"V1",0.10740783601068
"V2",0.904560850001872
"V3",0.786409496795386
"V4",0.327964795054868
"V5",0.409182449337095
"V6",0.0488461120985448
"V7",0.632364654447883
"V8",2.04391204658896
"V9",3.17453623283654
"V10",2.41627906262875
"V11",4.84189759753644
