"names","vals"
"Intercept",-6.98262248217547
"y",0.54902965715155
"V1",0.844664523610845
"V2",0.317894699284807
"V3",0.95342415291816
"V4",0.240511894226074
"V5",0.788949513575062
"V6",0.430201060138643
"V7",4.27073236275464
"V8",1.85358295124024
"V9",4.72090832516551
