"names","vals"
"Intercept",-6.99257054049848
"y",0.391998154344037
"V1",0.449764005374163
"V2",0.801689031766728
"V3",0.575473191216588
"V4",0.798222552752122
"V5",0.989989060210064
"V6",0.984203727915883
"V7",0.020961674163118
"V8",3.5142355794087
"V9",3.72853655088693
"V10",3.72043662704527
"V11",1.04011871293187
