"names","vals"
"Intercept",-5.55674220622214
"y",0.446622302988544
"V1",0.444981739390641
"V2",0.648433761904016
"V3",0.722761077107862
"V4",0.554901199415326
"V5",0.791190644493327
"V6",2.44232636876404
"V7",3.30850797425956
