"names","vals"
"Intercept",-1.12032440336747
"y",0.343295218423009
"V1",0.413749030092731
"V2",0.657730828272179
"V3",0.568023097002879
"V4",0.470011736731976
"V5",1.744415438734
