"names","vals"
"Intercept",-4.5724283864093
"y",0.0465729967691004
"V1",0.305021479027346
"V2",0.338905285811052
"V3",0.0794916716404259
"V4",0.861100856913254
"V5",0.709508271655068
"V6",0.14974394463934
"V7",0.549429531674832
"V8",0.190467923879623
"V9",4.09518406633288
"V10",1.77283328119665
"V11",4.3450022013858
"V12",4.33807882387191
"V13",2.3429161682725
