"names","vals"
"Intercept",-1.46824820374022
"y",0.00806726096197963
"V1",0.0267044734209776
"V2",0.97988914209418
"V3",0.477685948368162
"V4",0.250185328535736
"V5",4.35172951407731
