"names","vals"
"Intercept",-5.03408141533937
"y",0.807980707380921
"V1",0.521945655345917
"V2",0.00265005277469754
"V3",0.556935508269817
"V4",0.698771009454504
"V5",0.661789046833292
"V6",0.353756177937612
"V7",1.94684910960495
"V8",2.243168274872
"V9",2.97441645152867
