"names","vals"
"Intercept",-11.9484597686264
"y",0.266262605320662
"V1",0.840990297030658
"V2",0.853641495341435
"V3",0.95007893582806
"V4",0.726120252627879
"V5",0.927933314116672
"V6",0.171817369759083
"V7",0.969332000939175
"V8",0.676975778536871
"V9",2.03682436048985
"V10",1.33674506470561
"V11",2.27489096485078
"V12",2.79428785201162
"V13",4.5356488795951
