"names","vals"
"Intercept",-1.87925836962718
"y",0.643971485085785
"V1",0.706005260115489
"V2",0.348437730921432
"V3",0.716560984263197
"V4",0.270578418392688
"V5",1.97761120181531
