"names","vals"
"Intercept",-4.82987776098354
"y",0.36713024508208
"V1",0.429483082145452
"V2",0.61040830751881
"V3",0.508412169292569
"V4",0.166359787574038
"V5",0.388867542380467
"V6",0.81674895924516
"V7",1.15342659596354
"V8",2.46320646069944
"V9",2.19004693534225
