"names","vals"
"Intercept",-5.38169390592817
"y",0.52383643342182
"V1",0.853547546314076
"V2",0.355595047818497
"V3",0.457087242743
"V4",0.0692404401488602
"V5",0.324653463438153
"V6",3.09940638300031
"V7",3.8333009891212
