"names","vals"
"Intercept",-5.18245333143394
"y",0.796344727044925
"V1",0.669844375457615
"V2",0.824224832234904
"V3",0.111831983318552
"V4",0.414403347764164
"V5",0.773508717073128
"V6",3.76296798419207
"V7",3.95305088814348
