"names","vals"
"Intercept",-10.0704163588481
"y",0.0194987724535167
"V1",0.210236440878361
"V2",0.798706832807511
"V3",0.676843961002305
"V4",0.31183834397234
"V5",0.201988731510937
"V6",0.706203454174101
"V7",0.635283015202731
"V8",3.72432928066701
"V9",2.25081984233111
"V10",2.52555184438825
"V11",4.34560866747051
