"names","vals"
"Intercept",-5.40288395716948
"y",0.359798360848799
"V1",0.952198748709634
"V2",0.633642074652016
"V3",0.923246825579554
"V4",0.427560368785635
"V5",0.507257484598085
"V6",1.91207522246987
"V7",4.76398833282292
