"names","vals"
"Intercept",-7.38101016912726
"y",0.619348545791581
"V1",0.760902251116931
"V2",0.192506812047213
"V3",0.949280143016949
"V4",0.478461667196825
"V5",0.0865761020686477
"V6",0.522976364009082
"V7",4.93289660755545
"V8",4.25959866028279
"V9",2.84231270104647
