"names","vals"
"Intercept",-4.71655814597802
"y",0.916636194568127
"V1",0.327737368876114
"V2",0.653550727758557
"V3",0.525967825204134
"V4",0.828181718243286
"V5",0.31961463787593
"V6",0.00771422660909593
"V7",1.73220359906554
"V8",1.52168675418943
"V9",3.25429318845272
