"names","vals"
"Intercept",-1.28080192325264
"y",0.0385689199902117
"V1",0.2322921033483
"V2",0.887153811287135
"V3",0.522801137296483
"V4",0.234270699089393
"V5",1.18140147719532
