"names","vals"
"Intercept",-5.39319258544571
"y",0.945869638351724
"V1",0.0781565755605698
"V2",0.50448862160556
"V3",0.475542049156502
"V4",0.0205991473048925
"V5",0.910106330644339
"V6",3.57744754757732
"V7",3.41335317492485
