"names","vals"
"Intercept",-6.63607835691003
"y",0.359253525035456
"V1",0.962878916179761
"V2",0.360263036796823
"V3",0.0605729278177023
"V4",0.902008556062356
"V5",0.441241597291082
"V6",0.175259705865756
"V7",1.17106331512332
"V8",3.55737633723766
"V9",1.80266486480832
