"names","vals"
"Intercept",-3.84258438344137
"y",0.00813633459620178
"V1",0.00499258353374898
"V2",0.938622475834563
"V3",0.471375553868711
"V4",0.98005086905323
"V5",2.23028106335551
