"names","vals"
"Intercept",-4.12803188105929
"y",0.925786856096238
"V1",0.939117236062884
"V2",0.92907340102829
"V3",0.909649129491299
"V4",0.209201736841351
"V5",0.218666458968073
"V6",0.375345422653481
"V7",3.331347996369
"V8",1.8782806545496
"V9",2.66409222781658
