"names","vals"
"Intercept",-4.84241876610136
"y",0.637338579632342
"V1",0.576685505919158
"V2",0.965903528733179
"V3",0.00490382895804942
"V4",0.99936894304119
"V5",0.139570443890989
"V6",0.144566572504118
"V7",4.55254161730409
"V8",1.01696156896651
"V9",2.75180274900049
