"names","vals"
"Intercept",-0.308836587943602
"y",0.127512861043215
"V1",0.0533368508331478
"V2",0.914294877322391
"V3",0.0822768080979586
"V4",0.0263793584890664
"V5",4.81302922591567
