"names","vals"
"Intercept",-8.6451523159584
"y",0.225264668697491
"V1",0.909319733269513
"V2",0.139550429070368
"V3",0.259878197684884
"V4",0.516898366622627
"V5",0.074292596662417
"V6",0.944502664497122
"V7",0.00442233984358609
"V8",2.98271550145
"V9",3.58296818938106
"V10",3.49410287477076
"V11",3.76329801417887
