"names","vals"
"Intercept",-6.81868602673477
"y",0.230534266680479
"V1",0.861765731358901
"V2",0.694217937299982
"V3",0.0840955430176109
"V4",0.96138364681974
"V5",0.379181098425761
"V6",0.319888367550448
"V7",0.542323622619733
"V8",0.865219892235473
"V9",1.59425170440227
"V10",2.59165157750249
"V11",3.32725523691624
"V12",3.6259046588093
"V13",2.00393958482891
