"names","vals"
"Intercept",-1.59843192691216
"y",0.993232119129971
"V1",0.408738624537364
"V2",0.62549728481099
"V3",0.74980579665862
"V4",0.292491342639551
"V5",1.30039028264582
