"names","vals"
"Intercept",-7.75396370349545
"y",0.958430551923811
"V1",0.499775645788759
"V2",0.801983766490594
"V3",0.433968130964786
"V4",0.835387515835464
"V5",0.102872883901
"V6",0.700764897745103
"V7",4.03182542230934
"V8",3.0516214966774
"V9",4.10070103779435
