"names","vals"
"Intercept",-8.93441106683365
"y",0.93977008596994
"V1",0.95342741208151
"V2",0.981056965887547
"V3",0.68538761138916
"V4",0.275265495060012
"V5",0.443127585342154
"V6",0.411040297476575
"V7",0.697498638415709
"V8",0.625663456507027
"V9",3.25263421423733
"V10",2.44125538971275
"V11",2.81521525327116
"V12",3.42501780111343
"V13",3.04812384583056
