"names","vals"
"Intercept",-4.63255667695799
"y",0.183408793061972
"V1",0.320733455941081
"V2",0.664169660303742
"V3",0.561272363411263
"V4",0.120933508034796
"V5",0.00485415640287101
"V6",0.150319332489744
"V7",0.559023603331298
"V8",0.0856810733675957
"V9",3.23928097356111
"V10",1.8850159663707
"V11",1.83063874673098
"V12",1.00069337524474
"V13",4.29101255349815
