"names","vals"
"Intercept",-6.79383059616061
"y",0.646483189193532
"V1",0.136595566757023
"V2",0.570498790824786
"V3",0.945755258435383
"V4",0.648694281699136
"V5",0.0373374163173139
"V6",0.328504652017727
"V7",4.36790134105831
"V8",1.83982523810118
"V9",4.07590671814978
