"names","vals"
"Intercept",-3.33076851991704
"y",0.998449050821364
"V1",0.499967512441799
"V2",0.441192639293149
"V3",0.405610263580456
"V4",0.815712677780539
"V5",0.70005002617836
"V6",3.96404432039708
"V7",1.50391412898898
