"names","vals"
"Intercept",-7.69051184726576
"y",0.698386918287724
"V1",0.108211144804955
"V2",0.846634428482503
"V3",0.601866612909362
"V4",0.387159224366769
"V5",0.622767633059993
"V6",0.410996927879751
"V7",2.51060851104558
"V8",2.66817119345069
"V9",2.92368097230792
