"names","vals"
"Intercept",-8.3639813610469
"y",0.462108369916677
"V1",0.744767686352134
"V2",0.910185674671084
"V3",0.686289600096643
"V4",0.2244967315346
"V5",0.677858936833218
"V6",0.574041427345946
"V7",0.174776578089222
"V8",4.53750531654805
"V9",2.17937810812145
"V10",3.66766872629523
"V11",2.83853444177657
