"names","vals"
"Intercept",-7.82423538877117
"y",0.00330142164602876
"V1",0.579404765274376
"V2",0.438323299167678
"V3",0.961225747596473
"V4",0.62439927761443
"V5",0.0120485185179859
"V6",0.699676506686956
"V7",0.831424608360976
"V8",0.932832388672978
"V9",2.09730428364128
"V10",1.81935847178102
"V11",2.49325736518949
"V12",1.84472190868109
"V13",1.83302845153958
