"names","vals"
"Intercept",-9.20935327974707
"y",0.619807845214382
"V1",0.484689959557727
"V2",0.779185137012973
"V3",0.00729993171989918
"V4",0.634504670277238
"V5",0.922062978614122
"V6",0.449677471071482
"V7",0.434287060750648
"V8",0.439159594476223
"V9",4.65974027570337
"V10",2.34759517107159
"V11",3.45612037554383
"V12",3.11342592071742
"V13",4.63029024191201
