"names","vals"
"Intercept",-8.85075211813021
"y",0.255403043935075
"V1",0.547613500151783
"V2",0.604927311185747
"V3",0.994875182164833
"V4",0.558845372172073
"V5",0.123980903532356
"V6",0.156229057349265
"V7",3.40280821267515
"V8",2.55757629033178
"V9",2.9614177858457
