"names","vals"
"Intercept",-2.60926443932811
"y",0.209585814969614
"V1",0.450219650287181
"V2",0.307578130392358
"V3",0.233504053903744
"V4",0.401225111447275
"V5",2.11233662255108
