"names","vals"
"Intercept",-3.50905076777469
"y",0.19665478495881
"V1",0.703092140611261
"V2",0.959492147201672
"V3",0.426733734784648
"V4",0.110896103084087
"V5",0.479860569350421
"V6",2.22778313234448
"V7",3.16050956118852
