"names","vals"
"Intercept",-8.00760626039608
"y",0.049576367251575
"V1",0.642460405128077
"V2",0.804189232876524
"V3",0.627217672066763
"V4",0.803951165173203
"V5",0.246959539363161
"V6",0.307514044223353
"V7",1.75143401883543
"V8",3.19809376262128
"V9",4.00186035037041
