"names","vals"
"Intercept",-10.6830204008915
"y",0.204927449114621
"V1",0.536648682551458
"V2",0.953061378793791
"V3",0.549101570388302
"V4",0.0316340753342956
"V5",0.875365821877494
"V6",0.740425302181393
"V7",0.907209934201092
"V8",0.578408546745777
"V9",1.29943885654211
"V10",2.61140744201839
"V11",3.9162201937288
"V12",2.00759376119822
"V13",1.60429229773581
