"names","vals"
"Intercept",-3.2937616955596
"y",0.16103931888938
"V1",0.590107097290456
"V2",0.709867988480255
"V3",0.498645214131102
"V4",0.171326055657119
"V5",0.210998556576669
"V6",2.4270734032616
"V7",2.14886905252934
