"names","vals"
"Intercept",-4.35917182000307
"y",0.221902830526233
"V1",0.701467646053061
"V2",0.41176906786859
"V3",0.900231689680368
"V4",0.450669153127819
"V5",0.4683034918271
"V6",0.69934592815116
"V7",4.72526998724788
"V8",1.30265797395259
"V9",1.2459792746231
