"names","vals"
"Intercept",-1.99898606475117
"y",0.927319298731163
"V1",0.82394160469994
"V2",0.219347892561927
"V3",0.679731306154281
"V4",0.887267578626052
"V5",1.44895670283586
