"names","vals"
"Intercept",-9.58995559253823
"y",0.271413751877844
"V1",0.0239008688367903
"V2",0.341923493891954
"V3",0.918277668301016
"V4",0.800440671155229
"V5",0.0799623560160398
"V6",0.566957693779841
"V7",0.24406123207882
"V8",1.2100538071245
"V9",3.08628681302071
"V10",4.87885373365134
"V11",4.33893359173089
