"names","vals"
"Intercept",-10.8538481943407
"y",0.991645314265043
"V1",0.824270313372836
"V2",0.141701289219782
"V3",0.342196586774662
"V4",0.594979350920767
"V5",0.719568642554805
"V6",0.288293019402772
"V7",0.488207252928987
"V8",0.874106055591255
"V9",2.56726940628141
"V10",2.9623408364132
"V11",4.1021731402725
"V12",4.05547625478357
"V13",2.93492724280804
