"names","vals"
"Intercept",-5.90064240625408
"y",0.392990029184148
"V1",0.230976548511535
"V2",0.796008109347895
"V3",0.531919349217787
"V4",0.520502784987912
"V5",0.956593913026154
"V6",0.427451499272138
"V7",0.235963110346347
"V8",0.41542381956242
"V9",1.0860001873225
"V10",2.39977621752769
"V11",1.91259746905416
"V12",4.72444469016045
"V13",2.83374025207013
