"names","vals"
"Intercept",-5.46514025311032
"y",0.156228660605848
"V1",0.769618068356067
"V2",0.805860443273559
"V3",0.633552016457543
"V4",0.718310468830168
"V5",0.756830805679783
"V6",0.875617892481387
"V7",3.70068425964564
"V8",2.7799602439627
"V9",2.21843046601862
