"names","vals"
"Intercept",-4.10301053064223
"y",0.914540514815599
"V1",0.817204095190391
"V2",0.570506402058527
"V3",0.97486857464537
"V4",0.159533229190856
"V5",3.55790199991316
