"names","vals"
"Intercept",-4.05267015854362
"y",0.852160986047238
"V1",0.740960750496015
"V2",0.600897124269977
"V3",0.544765015365556
"V4",0.443054152419791
"V5",0.666828106390312
"V6",0.471869027009234
"V7",3.98165993671864
"V8",3.33006426971406
"V9",4.50742215197533
