"names","vals"
"Intercept",-4.99765736025013
"y",0.386653527151793
"V1",0.22162859281525
"V2",0.140070225577801
"V3",0.900645783171058
"V4",0.706703027011827
"V5",0.794328573159873
"V6",1.39551746100187
"V7",3.0247361836955
