"names","vals"
"Intercept",-3.89300622027996
"y",0.801775388652459
"V1",0.602427158970386
"V2",0.998244863701984
"V3",0.0337165086530149
"V4",0.633167609106749
"V5",2.99868015479296
