"names","vals"
"Intercept",-4.31062531674234
"y",0.314700738759711
"V1",0.599191814428195
"V2",0.815382244996727
"V3",0.540225338190794
"V4",0.726673969533294
"V5",0.752759876893833
"V6",4.98596067447215
"V7",1.72421532683074
