"names","vals"
"Intercept",-2.52306960299611
"y",0.87427140516229
"V1",0.862429660046473
"V2",0.248227627016604
"V3",0.802912211278453
"V4",0.392164460383356
"V5",2.23315091524273
