"names","vals"
"Intercept",-4.49154336973536
"y",0.768980732187629
"V1",0.0125064707826823
"V2",0.0625115744769573
"V3",0.690021306043491
"V4",0.187063540332019
"V5",0.357367786113173
"V6",4.77523284871131
"V7",4.01642476208508
