"names","vals"
"Intercept",-6.04639352052799
"y",0.512755670351908
"V1",0.576653405325487
"V2",0.056203264510259
"V3",0.598772780038416
"V4",0.709487739019096
"V5",0.000967506784945726
"V6",1.54320879187435
"V7",3.83243881259114
