"names","vals"
"Intercept",-8.61059847511607
"y",0.36197761585936
"V1",0.0745228314772248
"V2",0.163489124272019
"V3",0.113960850052536
"V4",0.881435417337343
"V5",0.74744747322984
"V6",0.512450140202418
"V7",0.68959674355574
"V8",0.370106579968706
"V9",4.10019113589078
"V10",3.66122584417462
"V11",2.19218085333705
"V12",1.58982396870852
"V13",1.53338775411248
