"names","vals"
"Intercept",-8.65897402632702
"y",0.734089867211878
"V1",0.0750263642985374
"V2",0.205788847757503
"V3",0.0920577922370285
"V4",0.59607347054407
"V5",0.630829622270539
"V6",0.243851219536737
"V7",0.107645232696086
"V8",3.44994781538844
"V9",2.87883380334824
"V10",1.33774287998676
"V11",3.27317080274224
