"names","vals"
"Intercept",-1.95409895426594
"y",0.755729236872867
"V1",0.230337850516662
"V2",0.44450073200278
"V3",0.0258702770806849
"V4",0.596955172950402
"V5",2.36748320516199
