"names","vals"
"Intercept",-5.80424186702538
"y",0.748074672650546
"V1",0.121215636841953
"V2",0.199472054839134
"V3",0.768507889937609
"V4",0.929971873527393
"V5",0.250165969831869
"V6",0.951128304703161
"V7",1.37380152288824
"V8",3.46227136719972
"V9",4.21333930734545
