"names","vals"
"Intercept",-10.308130854754
"y",0.861900563118979
"V1",0.631549274316058
"V2",0.301007159519941
"V3",0.965432409895584
"V4",0.184513301355764
"V5",0.348978218156844
"V6",0.45715916971676
"V7",4.80415853112936
"V8",3.85261509101838
"V9",3.5857165120542
