"names","vals"
"Intercept",-2.22824313251278
"y",0.466570219956338
"V1",0.0709193523507565
"V2",0.150323211215436
"V3",0.455950539326295
"V4",0.275356604717672
"V5",0.808858314994723
"V6",1.19875237904489
"V7",3.81082390528172
