"names","vals"
"Intercept",-6.25180587987578
"y",0.0369712878018618
"V1",0.0996672678738832
"V2",0.497706365538761
"V3",0.541120592271909
"V4",0.101082923123613
"V5",0.586781844031066
"V6",0.406729410635307
"V7",0.0471915693487972
"V8",0.978271520230919
"V9",1.6850278750062
"V10",3.079963398166
"V11",2.99210610240698
"V12",2.91491774097085
"V13",3.30627644155174
