"names","vals"
"Intercept",-4.47685534351598
"y",0.898137299576774
"V1",0.65854779840447
"V2",0.497086345218122
"V3",0.438520634779707
"V4",0.937606151681393
"V5",2.42755893897265
