"names","vals"
"Intercept",-4.63650667560333
"y",0.63380115525797
"V1",0.0651831165887415
"V2",0.648754268186167
"V3",0.585468248464167
"V4",0.728450851514935
"V5",0.822926700115204
"V6",1.78916903212667
"V7",3.02480413019657
