"names","vals"
"Intercept",-9.06476364662266
"y",0.702349511208013
"V1",0.480087151983753
"V2",0.453710323665291
"V3",0.509025541832671
"V4",0.847345553338528
"V5",0.532232228200883
"V6",0.873435982968658
"V7",0.0287430866155773
"V8",3.9734066054225
"V9",2.50480646174401
"V10",1.10143685340881
"V11",2.50185460876673
