"names","vals"
"Intercept",-5.33070112749701
"y",0.067556364228949
"V1",0.667453801259398
"V2",0.448139908025041
"V3",0.650787597056478
"V4",0.665938190883026
"V5",0.58317260351032
"V6",0.627620016224682
"V7",1.9267759276554
"V8",1.37090240418911
"V9",2.88335208408535
