"names","vals"
"Intercept",-6.31754918237845
"y",0.697280976222828
"V1",0.659953381633386
"V2",0.906619634944946
"V3",0.283036848530173
"V4",0.681536223739386
"V5",0.164846896659583
"V6",0.122280566720292
"V7",0.721185170346871
"V8",2.84247635118663
"V9",4.91579104680568
"V10",1.85422975569963
"V11",3.0228437948972
