"names","vals"
"Intercept",-9.98511144255451
"y",0.592836977215484
"V1",0.372551753651351
"V2",0.450459850253537
"V3",0.277443796163425
"V4",0.348324485821649
"V5",0.869354262715206
"V6",0.226889333454892
"V7",0.443625838961452
"V8",0.502280205488205
"V9",2.29887957125902
"V10",4.93423536513001
"V11",1.66976460628211
"V12",1.99931619409472
"V13",3.10893510468304
