"names","vals"
"Intercept",-7.21054803284653
"y",0.817770341644064
"V1",0.518323150696233
"V2",0.555223293136805
"V3",0.936340992571786
"V4",0.440416689729318
"V5",0.881027143448591
"V6",0.0453568203374743
"V7",4.07867511827499
"V8",4.0258673466742
"V9",4.3581882910803
