"names","vals"
"Intercept",-11.6142585756867
"y",0.37269189930521
"V1",0.168564359191805
"V2",0.986395901301876
"V3",0.868529538623989
"V4",0.730777484364808
"V5",0.00821808609180152
"V6",0.0350003037601709
"V7",4.55876299366355
"V8",4.36708454601467
"V9",3.67930319160223
