"names","vals"
"Intercept",-0.915806463108398
"y",0.232485303189605
"V1",0.265329320449382
"V2",0.120424973079935
"V3",0.400028489530087
"V4",0.261786385672167
"V5",3.35328182950616
