"names","vals"
"Intercept",-14.3953552409709
"y",0.203953368589282
"V1",0.742082739248872
"V2",0.579338112613186
"V3",0.875856782309711
"V4",0.18032434838824
"V5",0.178667166503146
"V6",0.481032182229683
"V7",0.893778050551191
"V8",0.929665005067363
"V9",4.58837267290801
"V10",4.67746553011239
"V11",4.06297235749662
"V12",2.21587436273694
"V13",2.77259634621441
