"names","vals"
"Intercept",-11.1424863964925
"y",0.706271647242829
"V1",0.930154900765046
"V2",0.47477390896529
"V3",0.37125315470621
"V4",0.648172130342573
"V5",0.116349550895393
"V6",0.248081020545214
"V7",0.72897648322396
"V8",0.874682231107727
"V9",1.60133120417595
"V10",1.6458118762821
"V11",3.12940567638725
"V12",4.99464283324778
"V13",4.07835593353957
