"names","vals"
"Intercept",-8.7810223441415
"y",0.278493841644377
"V1",0.222002296941355
"V2",0.00296492199413478
"V3",0.622881101910025
"V4",0.898055313387886
"V5",0.277034329483286
"V6",0.967607675120234
"V7",0.553998885676265
"V8",1.46597662381828
"V9",4.28648993838578
"V10",3.79884730372578
"V11",2.52028404921293
