"names","vals"
"Intercept",-3.55080718329968
"y",0.0897295982576907
"V1",0.124405160313472
"V2",0.160901919007301
"V3",0.143171423347667
"V4",0.690853714710101
"V5",4.27730274666101
