"names","vals"
"Intercept",-2.7719920675573
"y",0.790145644219592
"V1",0.0587678635492921
"V2",0.288039330393076
"V3",0.330695601645857
"V4",0.842077716253698
"V5",1.79578887950629
