"names","vals"
"Intercept",-7.01089331784914
"y",0.398785188328475
"V1",0.779816552996635
"V2",0.427233068039641
"V3",0.888809162890539
"V4",0.914611560758203
"V5",0.613939922070131
"V6",0.171466328436509
"V7",3.59015097189695
"V8",2.31893532350659
"V9",3.60653549525887
