"names","vals"
"Intercept",-12.9154335834719
"y",0.927133657271042
"V1",0.633168121334165
"V2",0.491401828359812
"V3",0.803871439304203
"V4",0.312140611698851
"V5",0.779669703682885
"V6",0.461123637156561
"V7",0.252262741560116
"V8",0.217844794271514
"V9",1.06811303365976
"V10",4.05377412959933
"V11",2.56367132160813
"V12",4.98357046768069
"V13",4.18362774327397
