"names","vals"
"Intercept",-5.24946299203928
"y",0.320799421984702
"V1",0.285097500076517
"V2",0.177543038036674
"V3",0.931362617528066
"V4",0.480402509216219
"V5",3.60681915469468
