"names","vals"
"Intercept",-8.5279644080475
"y",0.172131950734183
"V1",0.521239516558126
"V2",0.844993251375854
"V3",0.677090161945671
"V4",0.510312748840079
"V5",0.727450798731297
"V6",0.58783747209236
"V7",0.352564473403618
"V8",1.6283795973286
"V9",4.54522061534226
"V10",3.42449376173317
"V11",3.92502170335501
