"names","vals"
"Intercept",-4.97938407819951
"y",0.786004667403176
"V1",0.627108691493049
"V2",0.514031095895916
"V3",0.580994591349736
"V4",0.662884449819103
"V5",0.0431502780411392
"V6",0.0959228936117142
"V7",3.27319060172886
"V8",4.94093480054289
"V9",1.19420489948243
