"names","vals"
"Intercept",-2.09361492163548
"y",0.788161665434018
"V1",0.719256463693455
"V2",0.37885400117375
"V3",0.31301017315127
"V4",0.127915694145486
"V5",3.90836300142109
