"names","vals"
"Intercept",-8.30521484959684
"y",0.753875790163875
"V1",0.133481533266604
"V2",0.112599049927667
"V3",0.143546974752098
"V4",0.0640278419014066
"V5",0.667460951022804
"V6",0.96223077760078
"V7",4.01763755828142
"V8",4.21798640023917
"V9",1.84709757566452
