"names","vals"
"Intercept",-6.35562218243978
"y",0.0953223325777799
"V1",0.106519832275808
"V2",0.365626638988033
"V3",0.258715228876099
"V4",0.321352366823703
"V5",0.346717505715787
"V6",0.508598889457062
"V7",4.82673479150981
"V8",4.19404532108456
"V9",4.33402544260025
