"names","vals"
"Intercept",-9.15592222908
"y",0.106272825505584
"V1",0.298051204998046
"V2",0.983871673466638
"V3",0.0321486650500447
"V4",0.868127510184422
"V5",0.505818088771775
"V6",0.358695549424738
"V7",0.0352737796492875
"V8",1.92891476396471
"V9",1.91095120180398
"V10",4.87362933624536
"V11",3.26579111348838
