"names","vals"
"Intercept",-11.2339503732936
"y",0.635616837069392
"V1",0.799076882191002
"V2",0.428873850498348
"V3",0.588847131002694
"V4",0.194224348524585
"V5",0.417618331499398
"V6",0.850550945848227
"V7",0.140908786328509
"V8",0.0770355684217066
"V9",4.373340357095
"V10",3.64374245796353
"V11",1.27694835606962
"V12",3.49661079328507
"V13",1.68604824505746
