"names","vals"
"Intercept",-8.75175411609933
"y",0.691762204514816
"V1",0.84973784419708
"V2",0.716537333326414
"V3",0.915804251097143
"V4",0.742287125904113
"V5",0.446436261292547
"V6",0.348463336005807
"V7",0.243578879861161
"V8",0.542435799492523
"V9",4.16317285690457
"V10",1.26273009832948
"V11",2.55071553401649
"V12",2.72621478419751
"V13",1.8168769357726
