"names","vals"
"Intercept",-7.14705924981972
"y",0.731176980538294
"V1",0.460319025209174
"V2",0.144113167189062
"V3",0.411144311772659
"V4",0.350433818530291
"V5",0.538765207631513
"V6",0.609528046799824
"V7",3.60238278098404
"V8",4.03103441093117
"V9",2.24204134941101
