"names","vals"
"Intercept",-4.94838052882627
"y",0.147283562459052
"V1",0.62446570280008
"V2",0.985167014645413
"V3",0.452759681269526
"V4",0.409227270400152
"V5",0.271798205096275
"V6",0.741257893154398
"V7",0.12089081434533
"V8",3.5372498864308
"V9",2.70166576839983
"V10",3.84170858096331
"V11",2.44990687351674
