"names","vals"
"Intercept",-4.48725297164801
"y",0.295666745165363
"V1",0.469884048914537
"V2",0.71912531950511
"V3",0.6851030215621
"V4",0.888178735272959
"V5",0.860942722996697
"V6",3.29959670547396
"V7",2.98474652227014
