"names","vals"
"Intercept",-2.92424559965543
"y",0.394709537737072
"V1",0.502990021370351
"V2",0.456941658165306
"V3",0.954066808568314
"V4",0.359071437269449
"V5",3.28889676742256
