"names","vals"
"Intercept",-7.20062672036327
"y",0.711457452503964
"V1",0.965549271553755
"V2",0.733674477552995
"V3",0.391296879854053
"V4",0.332875340478495
"V5",0.672443137038499
"V6",3.13335029222071
"V7",4.77745447214693
