"names","vals"
"Intercept",-2.06400447358657
"y",0.174956118222326
"V1",0.985846743453294
"V2",0.33686584350653
"V3",0.725051942747086
"V4",0.602292772382498
"V5",1.68128074239939
