"names","vals"
"Intercept",-5.96043834488909
"y",0.873304206412286
"V1",0.36458218167536
"V2",0.0129745057784021
"V3",0.774378976318985
"V4",0.556411674479023
"V5",0.691548820119351
"V6",0.806471984367818
"V7",0.163491212297231
"V8",0.395881157601252
"V9",3.96872718539089
"V10",2.48766322154552
"V11",1.36160748824477
"V12",4.16463113296777
"V13",1.09587871097028
