"names","vals"
"Intercept",-8.78728244958492
"y",0.376884722616524
"V1",0.350334358867258
"V2",0.856736439978704
"V3",0.479181948583573
"V4",0.393553859554231
"V5",0.746820484288037
"V6",0.952975986059755
"V7",2.22596726380289
"V8",4.37813121266663
"V9",4.03966606967151
