"names","vals"
"Intercept",-8.4997556771168
"y",0.224048449192196
"V1",0.707151750102639
"V2",0.176390287699178
"V3",0.401001680409536
"V4",0.209920647321269
"V5",0.0223138795699924
"V6",0.890263373730704
"V7",4.07871486991644
"V8",4.60274040605873
"V9",1.62502974644303
