"names","vals"
"Intercept",-6.89583521890477
"y",0.0428212534170598
"V1",0.10317277116701
"V2",0.59388098702766
"V3",0.78432052093558
"V4",0.791071547893807
"V5",0.945692978100851
"V6",0.654215370537713
"V7",0.0322683092672378
"V8",3.12846098467708
"V9",1.92396581545472
"V10",3.19954285863787
"V11",3.43518058117479
