"names","vals"
"Intercept",-9.4977913538306
"y",0.0248329220339656
"V1",0.980901626870036
"V2",0.629559869412333
"V3",0.433743946952745
"V4",0.85952055407688
"V5",0.891794131370261
"V6",4.71332252491266
"V7",2.95283922553062
