"names","vals"
"Intercept",-4.22491882588645
"y",0.715983972186223
"V1",0.226136716781184
"V2",0.991474624723196
"V3",0.114819922251627
"V4",0.914491188246757
"V5",0.126917045563459
"V6",3.18278607726097
"V7",1.72417299542576
