"names","vals"
"Intercept",-4.5953676551478
"y",0.47973051131703
"V1",0.56738507677801
"V2",0.244719359092414
"V3",0.494198212400079
"V4",0.0649094944819808
"V5",0.829000072088093
"V6",2.33099559508264
"V7",2.60677004419267
