"names","vals"
"Intercept",-7.34991838996438
"y",0.982820794684812
"V1",0.152814093278721
"V2",0.460707497550175
"V3",0.0121205023024231
"V4",0.95260844565928
"V5",0.32660399004817
"V6",0.102637227624655
"V7",0.540044714463875
"V8",0.557295702863485
"V9",3.25846209563315
"V10",4.63545674644411
"V11",3.12272308953106
"V12",2.36915773618966
"V13",3.35468313097954
