"names","vals"
"Intercept",-7.32426163884485
"y",0.239226052770391
"V1",0.34461128548719
"V2",0.618458753218874
"V3",0.830322892172262
"V4",0.414642463205382
"V5",0.420704477233812
"V6",0.272193623939529
"V7",4.0294935842976
"V8",3.98392923735082
"V9",2.79060686379671
