"names","vals"
"Intercept",-3.68605718665011
"y",0.10678072553128
"V1",0.586011250503361
"V2",0.477731256745756
"V3",0.206893533933908
"V4",0.79141175863333
"V5",4.80236601829529
