"names","vals"
"Intercept",-3.43187359967572
"y",0.0255905862431973
"V1",0.0467194200027734
"V2",0.703820547554642
"V3",0.845988266402856
"V4",0.0405379773583263
"V5",0.293947621248662
"V6",0.573849831474945
"V7",0.10866442671977
"V8",0.262815387221053
"V9",4.92103278823197
"V10",1.4770447704941
"V11",3.30968408472836
"V12",2.65797091647983
"V13",4.49520599469543
