"names","vals"
"Intercept",-6.9909418909268
"y",0.425934457918629
"V1",0.470240719383582
"V2",0.0558738901745528
"V3",0.148533004336059
"V4",0.899337787879631
"V5",0.225930949207395
"V6",0.857546016573906
"V7",2.82259874138981
"V8",3.61184778995812
"V9",3.68827468063682
