"names","vals"
"Intercept",-7.38092843240965
"y",0.514827934326604
"V1",0.364003406604752
"V2",0.154878226108849
"V3",0.481445380253717
"V4",0.426329322624952
"V5",0.771015564445406
"V6",0.887769714929163
"V7",4.14419949613512
"V8",2.27510647941381
"V9",4.03015877958387
