"names","vals"
"Intercept",-4.74285023902263
"y",0.50182617129758
"V1",0.739301442168653
"V2",0.0812295507639647
"V3",0.634389249840751
"V4",0.564922199584544
"V5",0.420300083467737
"V6",0.814575529657304
"V7",3.80505362804979
"V8",3.90443269722164
"V9",4.63792505208403
