"names","vals"
"Intercept",-4.82067494933284
"y",0.506261336384341
"V1",0.738653164356947
"V2",0.89460734790191
"V3",0.51675029983744
"V4",0.577187279006466
"V5",0.620603912044317
"V6",0.674498338950798
"V7",1.91589663177729
"V8",2.88174305390567
"V9",2.88375102728605
