"names","vals"
"Intercept",-4.8482491419781
"y",0.726473811315373
"V1",0.00697435345500708
"V2",0.728392817312852
"V3",0.57862560194917
"V4",0.582676399964839
"V5",0.930061432532966
"V6",0.416077344445512
"V7",3.51689238380641
"V8",3.45563326682895
"V9",1.08390452992171
