"names","vals"
"Intercept",-5.43930513629597
"y",0.452305779093876
"V1",0.0399980689398944
"V2",0.531639161985368
"V3",0.35270377038978
"V4",0.380740862572566
"V5",0.611033877590671
"V6",0.571581861004233
"V7",0.0520750659052283
"V8",3.87869381997734
"V9",1.70676951669157
"V10",1.0108814239502
"V11",4.19353923108429
