"names","vals"
"Intercept",-6.00244069223711
"y",0.16273568966426
"V1",0.810618982417509
"V2",0.456954368622974
"V3",0.752082620514557
"V4",0.711195575073361
"V5",0.439457699889317
"V6",0.785064487950876
"V7",3.55895528849214
"V8",1.60463209077716
"V9",3.91076084319502
