"names","vals"
"Intercept",-3.80707953477232
"y",0.139136200770736
"V1",0.269635683624074
"V2",0.373037021607161
"V3",0.456025111256167
"V4",0.872128534829244
"V5",0.635477710748091
"V6",2.49567674752325
"V7",3.53160448465496
