"names","vals"
"Intercept",-6.95044087823247
"y",0.96768378210254
"V1",0.661295754136518
"V2",0.654875337146223
"V3",0.188985574990511
"V4",0.814132423372939
"V5",0.880276013398543
"V6",4.70273677259684
"V7",2.87892569880933
