"names","vals"
"Intercept",-7.78436468789307
"y",0.354755979031324
"V1",0.572562110843137
"V2",0.683186327107251
"V3",0.151878701755777
"V4",0.493222299963236
"V5",0.8771420288831
"V6",0.213765764143318
"V7",0.306804807158187
"V8",0.650988416746259
"V9",2.31930213607848
"V10",1.84040812402964
"V11",2.2658100835979
"V12",4.99332004971802
"V13",4.31618157867342
