"names","vals"
"Intercept",-11.5806421072138
"y",0.51932756206952
"V1",0.906704656081274
"V2",0.986715560778975
"V3",0.217056192457676
"V4",0.600904705701396
"V5",0.452216228470206
"V6",0.57783263316378
"V7",0.344044457189739
"V8",4.31625197641551
"V9",4.97021473571658
"V10",4.21131153218448
"V11",2.83909122645855
