"names","vals"
"Intercept",-7.83051491411868
"y",0.210641364566982
"V1",0.63924598088488
"V2",0.336669802200049
"V3",0.509766893461347
"V4",0.565326422452927
"V5",0.570077823475003
"V6",0.801590853836387
"V7",2.57815375365317
"V8",2.0088236797601
"V9",2.92516221385449
