"names","vals"
"Intercept",-10.9694291917803
"y",0.617492115823552
"V1",0.921570467296988
"V2",0.587112882407382
"V3",0.0960404516663402
"V4",0.469607649836689
"V5",0.764961669454351
"V6",0.227070369524881
"V7",0.0626330773811787
"V8",3.42907139658928
"V9",1.65453221555799
"V10",1.97220479976386
"V11",4.80120893847197
