"names","vals"
"Intercept",-2.29382784715109
"y",0.596569321583956
"V1",0.988318949239329
"V2",0.723877026466653
"V3",0.377337496727705
"V4",0.337528615025803
"V5",2.22856998443604
