"names","vals"
"Intercept",-6.23622987219458
"y",0.362126291031018
"V1",0.465390578843653
"V2",0.654178178869188
"V3",0.0910075646825135
"V4",0.746412426931784
"V5",0.348724572686478
"V6",0.683783694636077
"V7",3.32979159243405
"V8",3.84615396894515
"V9",4.4941450804472
