"names","vals"
"Intercept",-1.85086084291153
"y",0.180591729702428
"V1",0.806907259160653
"V2",0.893610085127875
"V3",0.0721882563084364
"V4",0.37857204861939
"V5",2.3769823089242
