"names","vals"
"Intercept",-2.91349723148206
"y",0.991477055940777
"V1",0.474953503580764
"V2",0.589402826502919
"V3",0.263640192802995
"V4",0.165389066096395
"V5",4.2492055054754
