"names","vals"
"Intercept",-7.71491702219472
"y",0.0567367279436439
"V1",0.404270414728671
"V2",0.17194538214244
"V3",0.411870411364362
"V4",0.361428287345916
"V5",0.0831887719687074
"V6",0.493516384623945
"V7",4.76106582116336
"V8",4.85859138611704
"V9",2.66130164079368
