"names","vals"
"Intercept",-2.2099019185619
"y",0.891724673565477
"V1",0.327119134599343
"V2",0.741897787200287
"V3",0.713695198763162
"V4",0.129539897898212
"V5",0.23971767234616
"V6",1.65153178479522
"V7",3.69367876183242
