"names","vals"
"Intercept",-3.54811559821619
"y",0.374719533836469
"V1",0.797340495046228
"V2",0.690143612213433
"V3",0.585329791298136
"V4",0.233433302724734
"V5",0.195441641146317
"V6",0.807156947441399
"V7",0.451537506654859
"V8",1.34902235306799
"V9",2.54839944094419
"V10",3.91720796283334
"V11",2.76869970466942
