"names","vals"
"Intercept",-2.87835919749108
"y",0.79005318810232
"V1",0.722433290677145
"V2",0.720629395451397
"V3",0.302633342100307
"V4",0.903863075887784
"V5",0.63724567508325
"V6",2.43166410829872
"V7",1.24232277832925
