"names","vals"
"Intercept",-8.22550551838381
"y",0.225033983588219
"V1",0.406135223340243
"V2",0.0204992857761681
"V3",0.741185112390667
"V4",0.638311073416844
"V5",0.0503936228342354
"V6",0.36523505137302
"V7",0.614178523886949
"V8",3.62410619109869
"V9",3.38794803526253
"V10",1.38289265334606
"V11",2.50956106279045
