"names","vals"
"Intercept",-3.44900457451609
"y",0.106619243742898
"V1",0.00126204825937748
"V2",0.319513969356194
"V3",0.205257668625563
"V4",0.061207898426801
"V5",0.250693695386872
"V6",0.645339560462162
"V7",4.04336820263416
"V8",3.0482660420239
"V9",4.39897019602358
