"names","vals"
"Intercept",-8.1465649171886
"y",0.545972967287526
"V1",0.477855671430007
"V2",0.146662127459422
"V3",0.278834264492616
"V4",0.029480571160093
"V5",0.64454762195237
"V6",0.00363767519593239
"V7",0.703829432372004
"V8",0.06137689598836
"V9",4.73299239203334
"V10",2.53389857150614
"V11",3.70336943212897
"V12",1.55093612056226
"V13",1.75108305923641
