"names","vals"
"Intercept",-4.97202915420337
"y",0.324379879282787
"V1",0.760343617061153
"V2",0.335409187944606
"V3",0.837645053630695
"V4",0.416291366331279
"V5",0.325981974136084
"V6",0.209897435968742
"V7",1.73782784678042
"V8",2.12324086111039
"V9",1.30478155426681
