"names","vals"
"Intercept",-5.75021178210853
"y",0.498835952254012
"V1",0.744037024443969
"V2",0.736477961298078
"V3",0.566509473603219
"V4",0.250415294663981
"V5",0.180698714451864
"V6",0.558392172213644
"V7",4.4476983062923
"V8",4.72670295089483
"V9",3.19849387928843
