"names","vals"
"Intercept",-6.24874439784046
"y",0.122656167717651
"V1",0.669242290779948
"V2",0.686324261827394
"V3",0.01149942423217
"V4",0.381510557606816
"V5",0.562216051621363
"V6",0.0536888053175062
"V7",0.00225421180948615
"V8",0.940155307063833
"V9",3.02256315108389
"V10",1.2110483404249
"V11",3.13721640501171
"V12",3.44603299256414
"V13",3.18844658602029
