"names","vals"
"Intercept",-3.46109320795559
"y",0.43172831996344
"V1",0.359741968102753
"V2",0.611423091031611
"V3",0.377569696865976
"V4",0.0115951921325177
"V5",0.0506532252766192
"V6",1.44143202248961
"V7",4.5321282884106
