"names","vals"
"Intercept",-7.25889534139214
"y",0.45854319143109
"V1",0.859679716639221
"V2",0.271902453154325
"V3",0.136093439534307
"V4",0.66828146437183
"V5",0.982365631265566
"V6",0.501951216952875
"V7",1.489612121135
"V8",4.33412532694638
"V9",3.96520853973925
