"names","vals"
"Intercept",-1.34793024708563
"y",0.30944778653793
"V1",0.823699068976566
"V2",0.108981961384416
"V3",0.823096123756841
"V4",0.573223797837272
"V5",4.75939803849906
