"names","vals"
"Intercept",-8.79903871555813
"y",0.766104398528114
"V1",0.106957336654887
"V2",0.270731766009703
"V3",0.992808190407231
"V4",0.672329713590443
"V5",0.200886754784733
"V6",4.02547696139663
"V7",4.00141386594623
