"names","vals"
"Intercept",-5.59026628695242
"y",0.249561889562756
"V1",0.664551909547299
"V2",0.941802585264668
"V3",0.700693146325648
"V4",0.58475960069336
"V5",0.30597115191631
"V6",0.830825376557186
"V7",2.22741385176778
"V8",4.38050638046116
"V9",1.04008132219315
