"names","vals"
"Intercept",-8.85582982632145
"y",0.139163984218612
"V1",0.465437553590164
"V2",0.374816121766344
"V3",0.876956611173227
"V4",0.787497703684494
"V5",0.317691469565034
"V6",0.879352914169431
"V7",0.713870671810582
"V8",4.84360724966973
"V9",4.87831652816385
"V10",4.2587821315974
"V11",2.09890019893646
