"names","vals"
"Intercept",-2.15217882390716
"y",0.47554571996443
"V1",0.846068516839296
"V2",0.731120392214507
"V3",0.237133288988844
"V4",0.457086892332882
"V5",0.213495295029134
"V6",4.89368975069374
"V7",4.06564673222601
