"names","vals"
"Intercept",-2.81250050404598
"y",0.0056801768951118
"V1",0.706716707674786
"V2",0.805894881952554
"V3",0.201083446154371
"V4",0.484208788024262
"V5",4.85352698527277
