"names","vals"
"Intercept",-2.45142235155567
"y",0.278231031494215
"V1",0.738055252935737
"V2",0.453221430070698
"V3",0.765277016209438
"V4",0.72765412251465
"V5",3.65137664508075
