"names","vals"
"Intercept",-1.35940313583892
"y",0.294782932847738
"V1",0.411103807156906
"V2",0.0367814868222922
"V3",0.0232230420224369
"V4",0.639088708441705
"V5",0.87758835288696
"V6",2.57151523604989
"V7",1.08445151802152
