"names","vals"
"Intercept",-9.37848363765096
"y",0.192747944500297
"V1",0.018340450245887
"V2",0.101869808975607
"V3",0.165046701906249
"V4",0.47149835084565
"V5",0.685245408909395
"V6",0.153688489459455
"V7",0.26775966398418
"V8",0.686648366507143
"V9",4.39816742390394
"V10",2.52885625418276
"V11",3.0960544962436
"V12",1.17427737358958
"V13",3.06038515921682
