"names","vals"
"Intercept",-8.4838519249435
"y",0.677472530398518
"V1",0.132224187022075
"V2",0.0601519541814923
"V3",0.289808368077502
"V4",0.992291475413367
"V5",0.0332559756934643
"V6",0.155479010660201
"V7",0.600986762205139
"V8",0.752755749039352
"V9",1.66484101861715
"V10",2.98057972546667
"V11",3.84383084997535
"V12",1.67070772405714
"V13",1.06101988442242
