"names","vals"
"Intercept",-7.09095861213934
"y",0.545762550784275
"V1",0.0755950880702585
"V2",0.669975351076573
"V3",0.0171647930983454
"V4",0.20876777311787
"V5",0.69610151508823
"V6",0.727406204678118
"V7",0.562608225736767
"V8",0.942280802410096
"V9",3.88552997820079
"V10",1.83939647208899
"V11",4.63632934447378
"V12",4.73090078867972
"V13",2.70120021048933
