"names","vals"
"Intercept",-5.8868328611285
"y",0.0608491385355592
"V1",0.19418128230609
"V2",0.778503829380497
"V3",0.07918396522291
"V4",0.947855751728639
"V5",0.59530537109822
"V6",3.33947630599141
"V7",3.92828414030373
