"names","vals"
"Intercept",-8.6784120259101
"y",0.805850015254691
"V1",0.414842272643
"V2",0.254086289554834
"V3",0.768054412677884
"V4",0.803643947001547
"V5",0.506109120091423
"V6",0.0881771536078304
"V7",0.29107268108055
"V8",2.38179887644947
"V9",1.692730974406
"V10",2.67901740688831
"V11",1.47574441693723
