"names","vals"
"Intercept",-5.59410884063412
"y",0.203477460891008
"V1",0.128431837772951
"V2",0.616585570853204
"V3",0.641301715280861
"V4",0.386928941588849
"V5",0.865869902539998
"V6",1.80881529580802
"V7",4.50217867083848
