"names","vals"
"Intercept",-6.99459781984729
"y",0.86834452743642
"V1",0.298037419328466
"V2",0.427693772362545
"V3",0.738829457433894
"V4",0.19713532156311
"V5",0.649287223117426
"V6",0.656716578174382
"V7",0.524738837964833
"V8",0.57116547646001
"V9",2.98154402896762
"V10",1.84084584098309
"V11",4.32696875091642
"V12",2.15698564238846
"V13",1.03897085320204
