"names","vals"
"Intercept",-8.90144271123083
"y",0.575932214269415
"V1",0.753857566742226
"V2",0.998846065020189
"V3",0.168458275264129
"V4",0.231663917191327
"V5",0.006297955987975
"V6",0.636503991205245
"V7",0.014383090659976
"V8",3.79937401134521
"V9",4.90201603062451
"V10",1.48255430813879
"V11",2.90368244424462
