"names","vals"
"Intercept",-3.54292681935942
"y",0.307064770488068
"V1",0.944841248216107
"V2",0.83562849694863
"V3",0.690556107088923
"V4",0.602812758414075
"V5",0.822751821018755
"V6",2.79144805576652
"V7",1.83433019556105
