"names","vals"
"Intercept",-9.7885496762502
"y",0.89051347412169
"V1",0.242950177984312
"V2",0.0759468269534409
"V3",0.891160643193871
"V4",0.569251635111868
"V5",0.905857281060889
"V6",0.327865596394986
"V7",0.0724982433021069
"V8",4.15663050301373
"V9",1.35278870724142
"V10",4.57924369443208
"V11",1.89828718733042
