"names","vals"
"Intercept",-6.67513942265697
"y",0.174709349870682
"V1",0.916950337588787
"V2",0.105890438193455
"V3",0.648588182870299
"V4",0.90835751593113
"V5",0.602753239450976
"V6",0.157382052624598
"V7",0.143905811011791
"V8",1.436448847875
"V9",2.90577299147844
"V10",2.36588754784316
"V11",3.76565887127072
