"names","vals"
"Intercept",-9.54745389337628
"y",0.605141103034839
"V1",0.187236714642495
"V2",0.00650899019092321
"V3",0.462204042123631
"V4",0.0304124937392771
"V5",0.199241960421205
"V6",0.0733604647684842
"V7",0.626047484343871
"V8",4.13339979574084
"V9",2.66948931571096
"V10",1.71503834892064
"V11",1.5636859824881
