"names","vals"
"Intercept",-8.13123354020273
"y",0.0733383337501436
"V1",0.809122408973053
"V2",0.613397465785965
"V3",0.910610408522189
"V4",0.0237767603248358
"V5",0.656954391859472
"V6",0.99764974694699
"V7",3.52900544647127
"V8",4.42605155520141
"V9",2.47981608659029
