"names","vals"
"Intercept",-6.66274091831013
"y",0.34547782340087
"V1",0.551673348294571
"V2",0.30433805193752
"V3",0.625638105906546
"V4",0.822476424975321
"V5",0.870281045790762
"V6",0.239192970562726
"V7",3.79181971587241
"V8",1.16233745124191
"V9",2.7859052605927
