"names","vals"
"Intercept",-12.1087984328924
"y",0.684415908530354
"V1",0.11594469146803
"V2",0.651444705901667
"V3",0.943863813066855
"V4",0.112443913938478
"V5",0.598487907322124
"V6",0.139981085900217
"V7",4.42739296518266
"V8",4.06629277206957
"V9",4.43668949324638
