"names","vals"
"Intercept",-3.20504587850347
"y",0.491445854539052
"V1",0.234383864793926
"V2",0.861176411388442
"V3",0.0246448891703039
"V4",0.798055032268167
"V5",3.13510634377599
