"names","vals"
"Intercept",-6.16306294258661
"y",0.0441562787164003
"V1",0.75748514290899
"V2",0.647022398654372
"V3",0.123785958625376
"V4",0.245327656390145
"V5",0.782332662027329
"V6",0.200091432547197
"V7",3.14397026412189
"V8",3.17561349086463
"V9",3.90646469872445
