"names","vals"
"Intercept",-4.5942452170956
"y",0.189988514175639
"V1",0.962049358058721
"V2",0.918332409346476
"V3",0.651679473696277
"V4",0.210396458860487
"V5",0.90159668517299
"V6",0.491999654099345
"V7",1.39448249246925
"V8",2.61245649680495
"V9",1.7961143841967
