"names","vals"
"Intercept",-5.59730577789573
"y",0.632605060003698
"V1",0.140274691861123
"V2",0.180397254647687
"V3",0.620095757534727
"V4",0.831269790185615
"V5",0.230767648434266
"V6",0.00381325883790851
"V7",4.67756203189492
"V8",4.02527587953955
"V9",3.93817203957587
