"names","vals"
"Intercept",-7.25906735248538
"y",0.753469015238807
"V1",0.772152099292725
"V2",0.908840531250462
"V3",0.912408428732306
"V4",0.88448599120602
"V5",0.534178921952844
"V6",0.603431552648544
"V7",0.431904078926891
"V8",0.920394300017506
"V9",3.35755571071059
"V10",2.64166100416332
"V11",1.59167323354632
"V12",4.75023766513914
"V13",1.19081973843277
