"names","vals"
"Intercept",-11.9684056524788
"y",0.61626489716582
"V1",0.798269871622324
"V2",0.797247711569071
"V3",0.640181038761511
"V4",0.130239688558504
"V5",0.244312887545675
"V6",0.97391658439301
"V7",0.223974064225331
"V8",0.353186242515221
"V9",2.83745583053678
"V10",2.37248363252729
"V11",4.61323601007462
"V12",2.83708696160465
"V13",2.55247822776437
