"names","vals"
"Intercept",-7.17160433506547
"y",0.522923515178263
"V1",0.353185002459213
"V2",0.347728859633207
"V3",0.431099198292941
"V4",0.140368144260719
"V5",0.0707977525889874
"V6",4.55152186565101
"V7",3.78071720246226
