"names","vals"
"Intercept",-15.0144377325645
"y",0.681512546958402
"V1",0.115696297725663
"V2",0.894335962831974
"V3",0.966797791421413
"V4",0.557035925565287
"V5",0.667333164718002
"V6",0.485684214159846
"V7",0.909499729285017
"V8",0.242357693845406
"V9",3.40492205135524
"V10",3.03732081595808
"V11",2.31809096690267
"V12",4.47370278928429
"V13",3.40106166899204
