"names","vals"
"Intercept",-7.77147910629958
"y",0.737253164872527
"V1",0.705202571582049
"V2",0.740807422436774
"V3",0.0183116283733398
"V4",0.621793093858287
"V5",0.721000861842185
"V6",0.401354531990364
"V7",1.51563957799226
"V8",1.90117091406137
"V9",4.48100153263658
