"names","vals"
"Intercept",-4.43128016639268
"y",0.909506041323766
"V1",0.329627777216956
"V2",0.994615868199617
"V3",0.474638767074794
"V4",0.0203751744702458
"V5",0.00660317833535373
"V6",4.67979579605162
"V7",3.42983412649482
