"names","vals"
"Intercept",-9.00386272407882
"y",0.211193134775385
"V1",0.750019441591576
"V2",0.186796706402674
"V3",0.247864433797076
"V4",0.629629014059901
"V5",0.793301343219355
"V6",0.483316122554243
"V7",0.682914365082979
"V8",0.23761935881339
"V9",1.23774725291878
"V10",1.34392121620476
"V11",4.41986439190805
"V12",3.53853381983936
"V13",1.10046884510666
