"names","vals"
"Intercept",-9.04508420500532
"y",0.543680474627763
"V1",0.365637375973165
"V2",0.70408133440651
"V3",0.723669414408505
"V4",0.780595695134252
"V5",0.92946278094314
"V6",0.96481408784166
"V7",0.905594293726608
"V8",4.3528679003939
"V9",2.24772969726473
"V10",3.79168891534209
"V11",1.19546069949865
