"names","vals"
"Intercept",-8.7712317400137
"y",0.0486939244437963
"V1",0.481895064702258
"V2",0.194441558560356
"V3",0.995895485859364
"V4",0.0900707978289574
"V5",0.746022657956928
"V6",0.387883478077129
"V7",0.323517646640539
"V8",0.149314931128174
"V9",3.32026249542832
"V10",2.92744134366512
"V11",3.86573065258563
"V12",1.457374564372
"V13",2.35803210828453
