"names","vals"
"Intercept",-8.74792624145467
"y",0.325400147819892
"V1",0.133680734084919
"V2",0.974924573209137
"V3",0.516020375071093
"V4",0.214865383459255
"V5",0.605516388779506
"V6",0.434264995390549
"V7",0.98889597132802
"V8",0.0108528651762754
"V9",2.17537591140717
"V10",2.94097181037068
"V11",1.6516729965806
"V12",2.454092040658
"V13",1.21980837639421
