"names","vals"
"Intercept",-4.50052141899941
"y",0.421879653586075
"V1",0.985483146039769
"V2",0.123276393162087
"V3",0.773446345468983
"V4",0.696915238862857
"V5",4.87579192314297
