"names","vals"
"Intercept",-4.60670593001181
"y",0.348687346791849
"V1",0.229660211130977
"V2",0.363824602914974
"V3",0.0236028358340263
"V4",0.184354044264182
"V5",0.0680644866079092
"V6",0.412551568355411
"V7",0.791053252993152
"V8",1.83804232534021
"V9",4.62909471057355
"V10",4.21444095764309
"V11",2.80750899016857
