"names","vals"
"Intercept",-4.4392365040367
"y",0.490291725378484
"V1",0.802097778301686
"V2",0.733205243712291
"V3",0.533899726811796
"V4",0.591933034360409
"V5",0.235618230421096
"V6",2.8924055993557
"V7",3.08327564317733
