"names","vals"
"Intercept",-9.77245058691502
"y",0.635298105888069
"V1",0.754556941101328
"V2",0.587142575765029
"V3",0.942234443733469
"V4",0.327602701727301
"V5",0.761469440534711
"V6",0.719636561814696
"V7",0.716587867354974
"V8",2.71730669867247
"V9",4.49846923723817
"V10",3.26076131407171
"V11",3.84643567632884
