"names","vals"
"Intercept",-6.05153905494185
"y",0.231769721023738
"V1",0.0829842656385154
"V2",0.750205209478736
"V3",0.757211448159069
"V4",0.668524973094463
"V5",0.250166268087924
"V6",0.688102047191933
"V7",0.991593424696475
"V8",0.793354272143915
"V9",1.16097966488451
"V10",1.86271364241838
"V11",1.7368595842272
"V12",4.79522996302694
"V13",2.92625981383026
