"names","vals"
"Intercept",-11.24141223565
"y",0.926569469738752
"V1",0.0731419071089476
"V2",0.013265322195366
"V3",0.504407073836774
"V4",0.183041302952915
"V5",0.583698816597462
"V6",0.125011467840523
"V7",0.0656231504399329
"V8",0.00516451243311167
"V9",2.5127833224833
"V10",3.20042644441128
"V11",3.53455586265773
"V12",4.20919071231037
"V13",4.22703899350017
