"names","vals"
"Intercept",-4.52722598600783
"y",0.100003091618419
"V1",0.625346991466358
"V2",0.562748437514529
"V3",0.696962005225942
"V4",0.852295163786039
"V5",4.44804610870779
