"names","vals"
"Intercept",-5.12342954267259
"y",0.616990767419338
"V1",0.871306091547012
"V2",0.339173624292016
"V3",0.916717782150954
"V4",0.431557562900707
"V5",0.275620985310525
"V6",4.14269144181162
"V7",3.45379738882184
