"names","vals"
"Intercept",-3.03362098201504
"y",0.330205900827423
"V1",0.913188416743651
"V2",0.215645206626505
"V3",0.52985714119859
"V4",0.867418630048633
"V5",3.18280505668372
