"names","vals"
"Intercept",-7.73757045550318
"y",0.022489877184853
"V1",0.404292886843905
"V2",0.47817702870816
"V3",0.905147199286148
"V4",0.29371916456148
"V5",0.714465672615916
"V6",0.667557074222714
"V7",3.58061485737562
"V8",4.30902185477316
"V9",1.51614644285291
