"names","vals"
"Intercept",-4.3429766245652
"y",0.904898644424975
"V1",0.197862952947617
"V2",0.566698060836643
"V3",2.38091701176018
"V4",4.66856059059501
