"names","vals"
"Intercept",-7.00565971611533
"y",0.423181812977418
"V1",0.440748666645959
"V2",0.620618427870795
"V3",4.56811345554888
"V4",4.4022246543318
