"names","vals"
"Intercept",-1.31886023042258
"y",0.536201547831297
"V1",0.655612123431638
"V2",0.482295391848311
"V3",1.26529957074672
"V4",1.74248773418367
