"names","vals"
"Intercept",-1.24210446233861
"y",0.0520205995999277
"V1",0.449723126366735
"V2",0.50653290329501
"V3",1.51276008225977
"V4",2.37291459925473
