"names","vals"
"Intercept",-4.09641441138927
"y",0.275316953426227
"V1",0.812398434150964
"V2",0.602405689191073
"V3",3.35679721646011
"V4",1.09655356500298
