"names","vals"
"Intercept",-3.2992515419051
"y",0.153772349236533
"V1",0.379167237784714
"V2",0.0488590074237436
"V3",2.91602455452085
"V4",1.96173482574522
