"names","vals"
"Intercept",-1.81513788050972
"y",0.816860782215372
"V1",0.35793563676998
"V2",0.440736256306991
"V3",1.45486822817475
"V4",4.32668819278479
