"names","vals"
"Intercept",-4.45909616274759
"y",0.190162101062015
"V1",0.821397446095943
"V2",0.888146184151992
"V3",4.81284741871059
"V4",1.78482467122376
