"names","vals"
"Intercept",-4.44287607233971
"y",0.359164718771353
"V1",0.702775983139873
"V2",0.186619859421626
"V3",4.45316182076931
"V4",4.47250071540475
