"names","vals"
"Intercept",-11.2137481018174
"y",4.52332761697471
"V1",2.55291503015906
"V2",2.84172430634499
"V3",3.19874370843172
"V4",3.56082068756223
"V5",4.93471253104508
"V6",2.97214141581208
"V7",4.4449173361063
"V8",2.23566837888211
"V9",3.07473347149789
