"names","vals"
"Intercept",-20.3511623983849
"y",3.36271907575428
"V1",2.68187550734729
"V2",3.0426964815706
"V3",3.05530416127294
"V4",2.09228457603604
"V5",4.30297165270895
"V6",2.51585316192359
"V7",2.1961078401655
"V8",2.27134085074067
"V9",4.4695071708411
